parameter,Estimate,l-95% CI,u-95% CI
intercept,0.09464577654003889,0.027305924817972345,0.20945600251081245
beta,0.23314079379080474,0.07127010119260764,0.45655375364182255
effect,0.13849501725076585,0.0104996454666781,0.305036712252949
