Estimate,Est.Error,l-95% CI,u-95% CI,Rhat,Bulk_ESS,Tail_ESS,parameter
-0.6593504750680319,0.2821733755182147,-1.227619547598232,-0.09609129762867005,1.0005979540150238,6712.403852824414,8227.844150516356,Intercept
1.2037419947826644,0.5582718955643255,0.1367322741995525,2.3516604623686552,1.0001915320450234,7966.314323013833,7702.7648132634695,iv
-0.2501384003414791,0.13020482258726623,-0.5086290495213894,0.004633206716544596,1.0000966441959862,19344.970049173455,12151.490770393077,year_scaled
