Estimate,Est.Error,l-95% CI,u-95% CI,Rhat,Bulk_ESS,Tail_ESS,parameter
-2.379049773194721,0.5673066292830937,-3.5729659189398486,-1.3282076081662186,1.000142181192241,5350.346042079187,7160.323828227225,Intercept
1.1015934007051145,0.49548243718702567,0.1290896597752467,2.092905835242861,1.001273277732947,9546.70048538344,7350.376734374974,violent_external
0.08661037495052572,0.16735004881516347,-0.23130375766687333,0.4216849420459156,1.000313523972291,18899.59518616908,11773.536453434897,year_scaled
