parameter,Estimate,l-95% CI,u-95% CI
intercept,0.3435541943530277,0.22659833213770622,0.47599564318025933
beta,0.6238535808337771,0.3409610538825493,0.8551537832920607
effect,0.28029938648074937,0.03032281262268782,0.5033105533182282
