Estimate,Est.Error,l-95% CI,u-95% CI,Rhat,Bulk_ESS,Tail_ESS,parameter
-1.2604526920132504,0.2436230713473737,-1.749618434075792,-0.7693706530552016,1.000498897169295,9982.964838382406,9676.154896642214,Intercept
1.0105122992622142,0.3767969369534472,0.3270974467511045,1.8281867372778153,1.0005577230868876,9440.250436607956,8146.8827157251835,violent_external
0.17835013576030234,0.1496965154100979,-0.10846298114334477,0.48368707440403924,1.0006248202610384,16747.64746978819,11866.379482619717,year_scaled
