parameter,Estimate,l-95% CI,u-95% CI
intercept,0.22368703886219726,0.14809533115735446,0.31661526245858945
beta,0.43933967490128273,0.2860329704414587,0.6311353585270253
effect,0.2156526360390855,0.06590405325842462,0.4010061941536907
