parameter,Estimate,l-95% CI,u-95% CI
intercept,0.30468480680778665,0.1819682730456078,0.4379476436007097
beta,0.5354517772709071,0.3528630306264616,0.7182697274521248
effect,0.2307669704631204,0.07203641526502905,0.4001019830002544
