Estimate,Est.Error,l-95% CI,u-95% CI,Rhat,Bulk_ESS,Tail_ESS,parameter
-0.8432089022254136,0.30785864923174033,-1.5030687742008415,-0.24949563833819935,1.0003462577817608,7758.918298441936,8647.580670096588,Intercept
0.9907733540715321,0.36136748504808214,0.3140906397032301,1.7441893548119074,1.0003633927834408,11839.052046784973,8068.915203957502,iv
-0.2920899755907843,0.133486011715165,-0.5536324992922198,-0.02833246739144284,1.0001257824364909,18396.44578730374,11441.927646840852,year_scaled
