parameter,Estimate,l-95% CI,u-95% CI
intercept,0.293722688753982,0.16324034924652708,0.45054239866540685
beta,0.5732240408698162,0.4042131956660094,0.7412227211087192
effect,0.27950135211583416,0.14076657267726436,0.42470437487801815
