Estimate,Est.Error,l-95% CI,u-95% CI,Rhat,Bulk_ESS,Tail_ESS,parameter
-0.902898402341689,0.3583521263369785,-1.6343132291808031,-0.19847942501191035,1.00062168430623,6976.058649034675,8213.98455525055,Intercept
1.2071797499877928,0.3289949223959349,0.6043185005371815,1.895973618365431,1.0003056741873106,11083.261008437601,8387.14552430567,iv
-0.21503933167732955,0.12973743618771152,-0.4721859483959678,0.03741959420839829,1.0000733468619796,19598.247975138253,10998.874405153183,year_scaled
