Estimate,Est.Error,l-95% CI,u-95% CI,Rhat,Bulk_ESS,Tail_ESS,parameter
-0.7338294673612078,0.20537887056316415,-1.1208311761915055,-0.30654149187936985,1.0001703422834884,12106.959466523998,9189.357872170141,Intercept
1.3019872014982212,0.3724279876065436,0.6418877254676041,2.1187683310581127,1.0001681150870054,8114.17078602071,8028.056216163316,violent_external
0.1089254181042666,0.1263802187246668,-0.13570289833911872,0.3623808444337114,1.0002442252128378,19059.00963448752,10739.783320027675,year_scaled
