parameter,Estimate,l-95% CI,u-95% CI
intercept,0.3286195136845527,0.245303174506929,0.43716508353244315
beta,0.6379476807762393,0.48581377830972683,0.8148352448578874
effect,0.30932816709168665,0.15683272840208395,0.485894723889192
