Estimate,Est.Error,l-95% CI,u-95% CI,Rhat,Bulk_ESS,Tail_ESS,parameter
-1.4503819451451667,0.2386319139535635,-1.9251834016121983,-0.9857503035432692,1.0001893580124914,12202.268940808455,9625.26751511324,Intercept
1.4710288722637244,0.4948445494501933,0.5374447785226405,2.480465597615424,1.000859023475752,6756.947848206547,6719.093962677082,violent_external
-0.033769733848007875,0.1404529462416812,-0.3072416511806152,0.24346143603228404,1.0001909336838548,18180.05432291952,11544.85342398905,year_scaled
