Estimate,Est.Error,l-95% CI,u-95% CI,Rhat,Bulk_ESS,Tail_ESS,parameter
-0.9212752419630823,0.34348114962328224,-1.632155663091206,-0.2646509056313183,1.000351808025244,5770.041227165136,7784.9327086182775,Intercept
1.4369772887112748,0.4821995298478386,0.5433841320385083,2.4757953123967984,1.000649268820006,7649.093854482493,6506.300825742063,iv
-0.22670583588784793,0.13938563848082444,-0.5010382135256968,0.04489950567582214,1.0003105439994027,14569.49873900178,12059.385279049871,year_scaled
