parameter,Estimate,l-95% CI,u-95% CI
intercept,0.18882623725212277,0.12569918611865427,0.2634473140999318
beta,0.4844221704700712,0.2924785108360373,0.6950106846071428
effect,0.2955959332179484,0.09460798464014601,0.5156504944863174
