parameter,Estimate,l-95% CI,u-95% CI
intercept,0.19260945149928677,0.12728466383686643,0.2717522890003717
beta,0.5047690185240913,0.3013215360606341,0.7229065344865199
effect,0.31215956702480446,0.10309393843242429,0.5326503546646209
