Estimate,Est.Error,l-95% CI,u-95% CI,Rhat,Bulk_ESS,Tail_ESS,parameter
-1.6696370187744924,0.31169480680752415,-2.300752836301098,-1.0620300504971325,0.9999589203702944,8580.437105898847,8143.071400713134,Intercept
1.1304567888541934,0.4541823120521857,0.25128486158408253,2.075630590153275,1.0006321459449052,9244.290506039219,8785.012732275381,violent_external
-0.06373245926396019,0.15055565803238463,-0.3583389351014013,0.23409019732662853,1.0003535881240948,16868.149724552088,11858.347909879682,year_scaled
