parameter,Estimate,l-95% CI,u-95% CI
intercept,0.31617706473759477,0.18097465026707404,0.4688232993291579
beta,0.5801568015356219,0.36538884641885594,0.7835293313330947
effect,0.2639797367980271,0.06880073374728586,0.4531208481628569
