parameter,Estimate,l-95% CI,u-95% CI
intercept,0.16277619815417377,0.09106063062776808,0.25692170623603827
beta,0.3739349327505235,0.1934217516314884,0.6099581376234149
effect,0.21115873459634973,0.039389676045718226,0.4296387812780657
