Estimate,Est.Error,l-95% CI,u-95% CI,Rhat,Bulk_ESS,Tail_ESS,parameter
-1.683375137411668,0.29708607997185066,-2.283597496102809,-1.100724613610698,1.0002800882892675,9667.682157215202,9108.212903142461,Intercept
1.1028377199427963,0.44396029051706515,0.2577460913062664,1.9994073744794691,1.000103305830095,8964.639693437828,8449.123033948978,violent_external
0.04262709727901158,0.16285883355485,-0.26790167596113135,0.3778149405399599,0.9999384485080166,16810.38337250314,11276.866031613812,year_scaled
