Estimate,Est.Error,l-95% CI,u-95% CI,Rhat,Bulk_ESS,Tail_ESS,parameter
-1.6728844223846076,0.4840436246929997,-2.6401107866114124,-0.6859723779990445,1.000050403889246,4901.577046324416,7176.069240437733,Intercept
0.924724078410439,0.44774486951335396,0.03590796428149736,1.8028315067080383,1.0003109695294534,10241.471834448594,8794.01080754029,violent_external
-0.06322407191346356,0.1668795280673633,-0.38564772259065916,0.27241222382877733,1.0000114001642688,18587.545942939298,12035.828997179053,year_scaled
