parameter,Estimate,l-95% CI,u-95% CI
intercept,0.3329363056051323,0.2070342233029717,0.4710989538462542
beta,0.5432186026299244,0.3270330347314444,0.7532653675543621
effect,0.21028229702479206,0.009905010208489605,0.4053017166468604
