parameter,Estimate,l-95% CI,u-95% CI
intercept,0.16945810329551778,0.06452110360972103,0.3451091829515086
beta,0.33778917979829604,0.12754339210863244,0.6297339859209024
effect,0.16833107650277823,0.00243193793207353,0.3889442322280107
