Estimate,Est.Error,l-95% CI,u-95% CI,Rhat,Bulk_ESS,Tail_ESS,parameter
-1.6687637991121822,0.5036428004457276,-2.6740662291802884,-0.640607691108225,1.0000871947023484,5462.209023643653,6736.787577088885,Intercept
0.9434341168259003,0.4681015947510094,0.016545617123526663,1.8903259266172159,0.9999646537175487,10481.777717364663,8254.382272594012,violent_external
-0.11497252184982595,0.15788625300014492,-0.4222191060842021,0.19589634039499151,1.0006459931217981,19082.867927486812,12049.542444659362,year_scaled
