parameter,Estimate,l-95% CI,u-95% CI
intercept,0.054328690183206615,0.02192344358421524,0.10638867623414491
beta,0.18297955847515673,0.07903006220889668,0.33222656693691954
effect,0.1286508682919501,0.03355925879325,0.26141770924176605
