Estimate,Est.Error,l-95% CI,u-95% CI,Rhat,Bulk_ESS,Tail_ESS,parameter
-0.5168653352940932,0.2680576575617548,-1.0680412755618442,-0.002154629075401703,1.0001088045793034,6878.4498761798195,8402.21968416591,Intercept
1.293077630329658,0.5022954159243002,0.3026138166970096,2.2926686276363712,1.0000367173855438,15422.873362208393,9824.158402726629,iv
-0.25093537914261715,0.1255781682402889,-0.5011540997320866,-0.0025544570994994764,1.0002793929055631,19373.636568754755,10610.642892017933,year_scaled
