parameter,Estimate,l-95% CI,u-95% CI
intercept,0.05369733115739603,0.020339223650978663,0.10863321991735196
beta,0.16857910469486997,0.06111010884390468,0.33179725319688214
effect,0.11488177353747393,0.012341386867496551,0.26145840257804037
