Estimate,Est.Error,l-95% CI,u-95% CI,Rhat,Bulk_ESS,Tail_ESS,parameter
-2.954246127346206,0.44379466222629405,-3.874655144349233,-2.1047787395417834,1.0002003730977587,9326.849390061025,9436.856245797411,Intercept
1.2781876138474573,0.528411354605666,0.20926691578893009,2.3035760355504387,1.0005839491151738,12127.816451194061,9554.615859944804,violent_external
-0.20733797353541616,0.1829149561403813,-0.5603675740573139,0.15548756221961318,1.0001893002101587,17545.81568116027,11449.248711519309,year_scaled
