parameter,Estimate,l-95% CI,u-95% CI
intercept,0.35700267143510783,0.2223334323302823,0.5119629479442753
beta,0.6533833387392874,0.40501094527995013,0.8588885120875778
effect,0.2963806673041796,0.06796834071044139,0.5022608323881302
