Estimate,Est.Error,l-95% CI,u-95% CI,Rhat,Bulk_ESS,Tail_ESS,parameter
-0.602349103966034,0.324844282596677,-1.2521196577055984,0.04786092580994501,1.000686994702909,5213.456638394575,7271.1377971855445,Intercept
1.2822715830755473,0.5258881828873954,0.28802300859123786,2.339663135540885,1.0003953593947703,12226.10361772936,9981.168781381593,iv
-0.16872545497361124,0.13262293026909958,-0.42803989515950647,0.09045082648929227,1.0009274800494778,15494.923786002984,12126.824453630765,year_scaled
