parameter,Estimate,l-95% CI,u-95% CI
intercept,0.0714046127829601,0.008817767028214487,0.22708552444640015
beta,0.18284573929412154,0.02053803426502816,0.527797975855759
effect,0.11144112651116142,-0.007098155452643129,0.35531939865140366
