Estimate,Est.Error,l-95% CI,u-95% CI,Rhat,Bulk_ESS,Tail_ESS,parameter
-2.890296688590882,0.8464708049419505,-4.709417490989283,-1.2768784296760818,1.0006621060968286,5157.010382055106,7407.49755836527,Intercept
1.211927784098043,0.629830151876528,-0.07501011020639142,2.4240543382520743,1.0000169425796772,10406.918233469842,8300.865942362316,violent_external
-0.09688579796733994,0.2210257295915649,-0.5078716282064493,0.3561582878382333,1.0001192471993985,17121.764995316087,11532.609770327192,year_scaled
