"","Aus.PAMA_NYUNGAN.DHUWAL","Aus.PAMA_NYUNGAN.THAWA","Aus.PAMA_NYUNGAN.OMEO","Aus.PAMA_NYUNGAN.CAMBERRA_LANGUAGE","Aus.PAMA_NYUNGAN.BIGAMBAL","Aus.PAMA_NYUNGAN.DJADJALA","Aus.PAMA_NYUNGAN.COLAC","Aus.PAMA_NYUNGAN.BARRANBIYA","Aus.PAMA_NYUNGAN.YITHA_YITHA","Aus.PAMA_NYUNGAN.ALYAWARRA","Fur.FUR.FUR","AuA.MUNDA.PAHARPUR_SANTALI","AuA.ASLIAN.BATEK_DEQ","AuA.VIET_MUONG.VIETNAMESE","TK.KAM_TAI.TAI_CHIENGMAI","TK.KAM_TAI.NORTHERN_SHAN","TK.KAM_TAI.THAI_3","An.NORTHWEST_FORMOSAN.AURAN_KULON_PAZEH","An.NORTHWEST_FORMOSAN.PAZEH","An.CELEBIC.WOLIO","An.SOUTH_SULAWESI.SOPPENG_BUGINESE","An.SOUTH_SULAWESI.MANDAR","An.GREATER_CENTRAL_PHILIPPINE.TAUSUG","An.NORTHWEST_SUMATRA_BARRIER_ISLANDS.BATAK_MANDAILING","An.NORTHWEST_SUMATRA_BARRIER_ISLANDS.MENTAWAI","An.MALAYO_SUMBAWAN.ACEH","An.MALAYO_SUMBAWAN.CHAM_EASTERN","An.MALAYO_SUMBAWAN.CHRU","An.MALAYO_SUMBAWAN.IBAN","An.BARITO.SAMIHIM","An.OCEANIC.MEKEO","An.OCEANIC.BILEKI_NAKANAI","An.OCEANIC.HALIA_2","An.OCEANIC.SOWA","An.OCEANIC.TAPE","An.OCEANIC.NATI","An.OCEANIC.MOORIORI","An.OCEANIC.UA_POU","TAP.GREATER_ALOR.SAR_INDONESIA","Oto.OTOMACO.OTOMACO","Oto.OTOMACO.TAPARITA","Sep.MIDDLE_SEPIK.KWOMA","Chi.KUNA.CUNA","Tup.TUPI_GUARANI.GUARANI_ANTIGO","Car.CARIBAN.TIRIYO","Arw.NORTHERN_ARAWAKAN.CARIB_1665","Arw.NORTHERN_ARAWAKAN.GUINAU","Gmo.GUAMO.GUAMO","Sch.SECHURA.SECHURA","Hur.HUARPE.ALLENTIAC","Pan.PANOAN.SHARANAHUA","MZ.MIXE_ZOQUE.ULTERIOR_MIXE_C","Iro.NORTHERN_IROQUOIAN.WYANDOT","Iro.NORTHERN_IROQUOIAN.SENECA","OM.POPOLOCAN.SAN_JUAN_CHIQUIHUITLAN","OM.ZAPOTECAN.ZAPOTEC_1578","Sio.SIOUAN.HIDATSA","Sio.SIOUAN.LAKHOTA","Nam.NAMBIKUARAN.NAMBIKWARA","NDe.EYAK.EYAK","NDe.ATHAPASKAN.JICARILLA_APACHE","EA.ESKIMO.INUKTITUT_EASTERN_CANADIAN","Tot.TOTONACAN.TOTONAC_TEJERIA","Tot.TOTONACAN.TOTONAC_OZELONACAXTLA","UA.AZTECAN.NAHUATL_AMILCINGO_ZACUALPAN","UA.AZTECAN.NAHUATL_ACAXOCHITLAN","UA.AZTECAN.NAHUATL_COYOTEPEC","UA.AZTECAN.CLASSICAL_NAHUATL","UA.AZTECAN.NAHUATL_QUETZALAPA_AZOYU","UA.AZTECAN.NAHUATL_SANTA_ANA_TLACOTENCO","UA.AZTECAN.NAHUATL_JALATLACO","UA.AZTECAN.NAHUATL_AYOTOXCO","UA.AZTECAN.NAHUATL_CHILOCOYO_HUEHUETLA","UA.AZTECAN.NAHUATL_IXTACAMAXTITLAN","UA.AZTECAN.NAHUATL_CHIGNAUTLA","UA.AZTECAN.NAHUATL_CUATLAMAYAN_ANTONIO_SANTOS","UA.AZTECAN.NAHUATL_CHINANCAHUATL_ZACUALTIPAN","UA.AZTECAN.NAHUATL_ZAHUASTIPAN_SAN_AUGUSTIN_METZQUITITLAN","UA.AZTECAN.NAHUATL_XOCHIATIPAN","UA.AZTECAN.NAHUATL_TLALNEPANTLA_TAMAZUNCHALE","UA.AZTECAN.NAHUATL_HUEYATI_YAHUALICA","UA.AZTECAN.NAHUATL_IXHUATLAN_DE_MADERO","UA.AZTECAN.NAHUATL_LA_REFORMA_TEPEHUACAN_DE_GUERRERO","Jap.JAPANESE.EI_JAPANESE","Jap.JAPANESE.JAPANESE_KYOTO","Jap.JAPANESE.TOKYO_JAPANESE","Jap.JAPANESE.JAPANESE","Mas.MASCOIAN.SANAPANA_ENLHET","Pay.PAYAGUA.PAYAGUA","Mus.MUSKOGEAN.MIKASUKI","May.MAYAN.CHOL_TILA","May.MAYAN.CHONTAL_TABASCO","May.MAYAN.TZOTZIL_ZINACANTAN_1600","May.MAYAN.KICHEE_SAMAYAC_1","TC.TIMOTE_CUICA.CUICA","TC.TIMOTE_CUICA.MIRRIPU_TIMOTE","ESu.NILOTIC.MAASAI","ESu.NILOTIC.SHILLUK","Krd.HEIBAN.UTORO","HM.HMONG_MIEN.HMONG_DAW","ST.CHINESE.OLD_CHINESE","ST.CHINESE.SUZHOU_WU","ST.CHINESE.XIANG","ST.CHINESE.MIDDLE_CHINESE","ST.CHINESE.KUNMING_MANDARIN","ST.CHINESE.MANDARIN_2","ST.CHINESE.MANDARIN","ST.CHINESE.CANTONESE","ST.CHINESE.HAKKA","ST.BODO_GARO.GARO","ST.BODIC.RANG_PAS","ST.BODIC.KYIRONG","ST.BODIC.MAQU_TIBETAN","ST.BODIC.LHASA_TIBETAN","ST.BODIC.TIBETAN_LHASA","ST.BODIC.TIBETAN_WRITTEN","Tar.TARASCAN.TARASCAN","Kor.KOREAN.KOREAN","Cmu.CHIMUAN.MOCHICA","Ura.SAAMI.LULE_SAAMI","Alt.TURKIC.UYGHUR","Alt.TURKIC.TURKMEN_2","Dra.SOUTHERN_DRAVIDIAN.TODA","Dra.SOUTHERN_DRAVIDIAN.TAMIL","Alt.MONGOLIC.MONGOLIAN","IE.CELTIC.OLD_IRISH","IE.ROMANCE.LATIN","IE.ROMANCE.ROMANIAN","IE.ROMANCE.CORSICAN","IE.ROMANCE.SARDINIAN","IE.ROMANCE.PORTUGUESE","IE.ROMANCE.SPANISH","IE.ROMANCE.FRENCH","IE.SLAVIC.CROATIAN","IE.SLAVIC.BULGARIAN","IE.SLAVIC.NINILCHIK_RUSSIAN","IE.SLAVIC.RUSSIAN","IE.SLAVIC.POLISH","IE.GREEK.GREEK_ANCIENT","IE.GREEK.GREEK","IE.TOCHARIAN.COMMON_TOCHARIAN","IE.GERMANIC.GOTHIC","IE.GERMANIC.DANISH","IE.GERMANIC.ENGLISH","IE.ARMENIAN.ARMENIAN_CLASSICAL","IE.IRANIAN.PERSIAN","IE.IRANIAN.EASTERN_FARSI","IE.IRANIAN.KURDISH_CENTRAL","IE.INDIC.SANSKRIT","IE.INDIC.ORIYA","IE.INDIC.ASSAMESE","IE.INDIC.NEPALI","IE.INDIC.SADRI","IE.INDIC.KONKANI","IE.INDIC.MARATHI","IE.INDIC.HINDI","IE.INDIC.URDU","IE.INDIC.GUJARATI","IE.INDIC.PUNJABI_MAJHI","AA.WEST_CHADIC.DYARIM","AA.WEST_CHADIC.KANO","AA.WEST_CHADIC.HAUSA_2","AA.EGYPTIAN_COPTIC.LATE_EGYPTIAN","AA.EGYPTIAN_COPTIC.MIDDLE_EGYPTIAN","AA.SEMITIC.AKKADIAN","AA.SEMITIC.AKKADIAN_2","AA.SEMITIC.AMHARIC","AA.SEMITIC.UGARITIC","AA.SEMITIC.PHOENICIAN","AA.SEMITIC.BIBLICAL_HEBREW","AA.SEMITIC.HEBREW","AA.SEMITIC.ARAMAIC_ANCIENT","AA.SEMITIC.CLASSICAL_SYRIAC","AA.SEMITIC.SYRIAC_2","AA.SEMITIC.ACHAEMENID_ARAMAIC","AA.SEMITIC.AMEDYA_ARAMAIC","AA.SEMITIC.SABEAN","AA.SEMITIC.ARABIC_QURANIC","AA.SEMITIC.STANDARD_ARABIC","AA.SEMITIC.IRAQ_MUSLIM_BAGHDAD_ARABIC","AA.SEMITIC.OGADEN_ARABIC","AA.SEMITIC.ARABIC_GULF_SPOKEN","AA.SEMITIC.CAIRO_ARABIC","AA.SEMITIC.SYRIAN_ARABIC","AA.SEMITIC.TUNISIAN_ARABIC_MAGHRIB","AA.SEMITIC.MOROCCAN_ARABIC_2","Man.WESTERN_MANDE.MENDE","Man.WESTERN_MANDE.BAMBARA","NC.KWA.FONGBE","NC.KWA.TWI_FANTE","NC.DEFOID.OKA","NC.DEFOID.YORUBA","NC.PLATOID.GWARA","NC.BANTOID.TIV_1","NC.BANTOID.CUNG","NC.BANTOID.NGONI_2","NC.BANTOID.J15_GANDA","NC.BANTOID.GIKUYU","NC.BANTOID.LUGURU","NC.BANTOID.SWAHILI_CHIRAZI"
"Aus.PAMA_NYUNGAN.DHUWAL",1,0.37795305462476,0.367044565206179,0.379944373746742,0.40927606394867,0.392589809965914,0.37466520309702,0.390066030729605,0.360318256279556,0.323644406809083,0.00663976687882555,0.0059460830504617,0.00537110152742539,0.00531401807197739,0.00590690377844483,0.00568656239490561,0.00576514425056579,0.00716194286252229,0.00750335089431863,0.00750686356979915,0.00774953172464602,0.00808574452105847,0.00680721183557472,0.00700774011663911,0.00682865666455557,0.00686301705682903,0.00686023392766597,0.00667606635931049,0.00724922881398816,0.00724687003014385,0.00653139960346867,0.00708324085764214,0.00699195687083857,0.00702310998368582,0.0064916493948286,0.00656677123913374,0.00659870437484975,0.00610148844166985,0,0,0,0,0,0,0,0,0,0,0,0,0,0,0,0,0,0,0,0,0,0,0,0,0,0,0,0,0,0,0,0,0,0,0,0,0,0,0,0,0,0,0,0,0,0,0,0,0,0,0,0,0,0,0,0,0,0,0,0,0,0,0,0,0,0,0,0,0,0,0,0,0,0,0,0,0,0,0,0,0,0,0,0,0,0,0,0,0,0,0,0,0,0,0,0,0,0,0,0,0,0,0,0,0,0,0,0,0,0,0,0,0,0,0,0,0,0,0,0,0,0,0,0,0,0,0,0,0,0,0,0,0,0,0,0,0,0,0,0,0,0,0,0,0,0,0,0,0,0,0,0,0,0,0,0,0,0,0,0,0,0
"Aus.PAMA_NYUNGAN.THAWA",0.37795305462476,1,0.711296726931178,0.73629530329693,0.500077160505258,0.479688930539743,0.457787609412657,0.476605231136316,0.367284014306909,0.329901177276437,0.00632993536750398,0.00566862091487932,0.00512046976066702,0.0050660499910977,0.0056312698656424,0.00542121027438814,0.00549612526409565,0.00682774504781128,0.00715322195304863,0.00715657071651647,0.00738791524471529,0.00770843933989181,0.00648956683848482,0.00668073786627229,0.00651001098718661,0.00654276802011599,0.00654011476013818,0.00636454100495135,0.00691095797401085,0.00690870925812175,0.00622662483545065,0.00675271551540812,0.00666569111423563,0.00669539052905222,0.00618872949121216,0.00626034592411068,0.00629078896358074,0.00581677462269191,0,0,0,0,0,0,0,0,0,0,0,0,0,0,0,0,0,0,0,0,0,0,0,0,0,0,0,0,0,0,0,0,0,0,0,0,0,0,0,0,0,0,0,0,0,0,0,0,0,0,0,0,0,0,0,0,0,0,0,0,0,0,0,0,0,0,0,0,0,0,0,0,0,0,0,0,0,0,0,0,0,0,0,0,0,0,0,0,0,0,0,0,0,0,0,0,0,0,0,0,0,0,0,0,0,0,0,0,0,0,0,0,0,0,0,0,0,0,0,0,0,0,0,0,0,0,0,0,0,0,0,0,0,0,0,0,0,0,0,0,0,0,0,0,0,0,0,0,0,0,0,0,0,0,0,0,0,0,0,0,0,0
"Aus.PAMA_NYUNGAN.OMEO",0.367044565206179,0.711296726931178,1,0.844673928944425,0.485643922442764,0.465844138021269,0.44457493330876,0.4628494404182,0.356683454965859,0.320379562204241,0.00614724063298127,0.00550501305270897,0.00497268264922839,0.00491983354425152,0.00546874003028091,0.00526474318359355,0.00533749597521186,0.00663068251928968,0.00694676550289224,0.00695001761427483,0.00717468507158609,0.00748595819324129,0.00630226481691743,0.00648791826227438,0.0063221189061474,0.00635393050486816,0.00635135382333849,0.00618084748175555,0.00671149375217356,0.00670930993877216,0.0060469118517881,0.00655781849090953,0.00647330578992767,0.00650214801957721,0.00601011024381284,0.00607965968164171,0.00610922407343353,0.00564889074493122,0,0,0,0,0,0,0,0,0,0,0,0,0,0,0,0,0,0,0,0,0,0,0,0,0,0,0,0,0,0,0,0,0,0,0,0,0,0,0,0,0,0,0,0,0,0,0,0,0,0,0,0,0,0,0,0,0,0,0,0,0,0,0,0,0,0,0,0,0,0,0,0,0,0,0,0,0,0,0,0,0,0,0,0,0,0,0,0,0,0,0,0,0,0,0,0,0,0,0,0,0,0,0,0,0,0,0,0,0,0,0,0,0,0,0,0,0,0,0,0,0,0,0,0,0,0,0,0,0,0,0,0,0,0,0,0,0,0,0,0,0,0,0,0,0,0,0,0,0,0,0,0,0,0,0,0,0,0,0,0,0,0
"Aus.PAMA_NYUNGAN.CAMBERRA_LANGUAGE",0.379944373746742,0.73629530329693,0.844673928944425,1,0.50271191421341,0.48221626489595,0.46019955240207,0.479116318422911,0.36921912151649,0.331639325743915,0.00636328586218574,0.00569848714584356,0.00514744795074426,0.0050927414600427,0.00566093930534471,0.00544977297430967,0.00552508266819988,0.00686371834954109,0.00719091009310884,0.00719427650018782,0.00742683991199437,0.00774905275065892,0.00652375838259519,0.00671593663209589,0.00654431024526765,0.00657723986499122,0.00657457262579757,0.00639807382615946,0.00694736969921445,0.00694510913552865,0.00625943101851628,0.00678829350946477,0.00670081060332185,0.00673066649527736,0.00622133601529186,0.00629332977328548,0.00632393320782547,0.00584742143025885,0,0,0,0,0,0,0,0,0,0,0,0,0,0,0,0,0,0,0,0,0,0,0,0,0,0,0,0,0,0,0,0,0,0,0,0,0,0,0,0,0,0,0,0,0,0,0,0,0,0,0,0,0,0,0,0,0,0,0,0,0,0,0,0,0,0,0,0,0,0,0,0,0,0,0,0,0,0,0,0,0,0,0,0,0,0,0,0,0,0,0,0,0,0,0,0,0,0,0,0,0,0,0,0,0,0,0,0,0,0,0,0,0,0,0,0,0,0,0,0,0,0,0,0,0,0,0,0,0,0,0,0,0,0,0,0,0,0,0,0,0,0,0,0,0,0,0,0,0,0,0,0,0,0,0,0,0,0,0,0,0,0
"Aus.PAMA_NYUNGAN.BIGAMBAL",0.40927606394867,0.500077160505258,0.485643922442764,0.50271191421341,1,0.54099457656767,0.516294202648078,0.537516771375997,0.39772282268241,0.357241868204462,0.00685453127196869,0.00613841012176048,0.00554483072320881,0.00548590089364985,0.00609796358950208,0.00587049522629871,0.0059516188254946,0.00739359712699663,0.0077460480598618,0.00774967435343037,0.00800019165117065,0.00834727930787657,0.00702739226442776,0.00723440666697454,0.00704953073006275,0.00708500251508982,0.00708212936513889,0.00689200486534645,0.00748370635746289,0.00748127127835248,0.00674265883859145,0.00731234949233374,0.00721811290939428,0.00725027367499461,0.00670162290266733,0.00677917457585026,0.00681214059429218,0.00629884212687587,0,0,0,0,0,0,0,0,0,0,0,0,0,0,0,0,0,0,0,0,0,0,0,0,0,0,0,0,0,0,0,0,0,0,0,0,0,0,0,0,0,0,0,0,0,0,0,0,0,0,0,0,0,0,0,0,0,0,0,0,0,0,0,0,0,0,0,0,0,0,0,0,0,0,0,0,0,0,0,0,0,0,0,0,0,0,0,0,0,0,0,0,0,0,0,0,0,0,0,0,0,0,0,0,0,0,0,0,0,0,0,0,0,0,0,0,0,0,0,0,0,0,0,0,0,0,0,0,0,0,0,0,0,0,0,0,0,0,0,0,0,0,0,0,0,0,0,0,0,0,0,0,0,0,0,0,0,0,0,0,0,0
"Aus.PAMA_NYUNGAN.DJADJALA",0.392589809965914,0.479688930539743,0.465844138021269,0.48221626489595,0.54099457656767,1,0.52289568857718,0.544389615162921,0.381507596289768,0.342677057136299,0.00657507087882154,0.00588814610838573,0.0053187670417753,0.00526223979128167,0.00584934858805213,0.00563115414828526,0.00570897032469391,0.00709215892824892,0.00743024037728572,0.00743371882625543,0.00767402249162044,0.00800695932616931,0.00674088429953636,0.00693945869006373,0.0067621201762029,0.00679614577058672,0.00679338975944266,0.00661101666749283,0.00717859439022932,0.00717625858970392,0.00646775950337423,0.00701422377332013,0.00692382923172124,0.00695467879749739,0.00642839660946151,0.00650278648788168,0.0065344084762056,0.0060420372736619,0,0,0,0,0,0,0,0,0,0,0,0,0,0,0,0,0,0,0,0,0,0,0,0,0,0,0,0,0,0,0,0,0,0,0,0,0,0,0,0,0,0,0,0,0,0,0,0,0,0,0,0,0,0,0,0,0,0,0,0,0,0,0,0,0,0,0,0,0,0,0,0,0,0,0,0,0,0,0,0,0,0,0,0,0,0,0,0,0,0,0,0,0,0,0,0,0,0,0,0,0,0,0,0,0,0,0,0,0,0,0,0,0,0,0,0,0,0,0,0,0,0,0,0,0,0,0,0,0,0,0,0,0,0,0,0,0,0,0,0,0,0,0,0,0,0,0,0,0,0,0,0,0,0,0,0,0,0,0,0,0,0
"Aus.PAMA_NYUNGAN.COLAC",0.37466520309702,0.457787609412657,0.44457493330876,0.46019955240207,0.516294202648078,0.52289568857718,1,0.519545678881735,0.36408897383091,0.327031333848955,0.006274870624902,0.00561930901302508,0.00507592628067829,0.00502197991414231,0.00558228288431148,0.00537405062250877,0.00544831391920746,0.00676834980887413,0.00709099535787018,0.00709431499010875,0.00732364702905484,0.0076413828529815,0.00643311344570706,0.00662262145755094,0.00645337974870892,0.00648585182492359,0.00648322164592042,0.00630917522443855,0.00685083885748312,0.00684860970339906,0.00617245880152819,0.00669397296589818,0.00660770559871931,0.00663714665534781,0.00613489311268982,0.00620588654705602,0.00623606475947255,0.00576617391687483,0,0,0,0,0,0,0,0,0,0,0,0,0,0,0,0,0,0,0,0,0,0,0,0,0,0,0,0,0,0,0,0,0,0,0,0,0,0,0,0,0,0,0,0,0,0,0,0,0,0,0,0,0,0,0,0,0,0,0,0,0,0,0,0,0,0,0,0,0,0,0,0,0,0,0,0,0,0,0,0,0,0,0,0,0,0,0,0,0,0,0,0,0,0,0,0,0,0,0,0,0,0,0,0,0,0,0,0,0,0,0,0,0,0,0,0,0,0,0,0,0,0,0,0,0,0,0,0,0,0,0,0,0,0,0,0,0,0,0,0,0,0,0,0,0,0,0,0,0,0,0,0,0,0,0,0,0,0,0,0,0,0
"Aus.PAMA_NYUNGAN.BARRANBIYA",0.390066030729605,0.476605231136316,0.4628494404182,0.479116318422911,0.537516771375997,0.544389615162921,0.519545678881736,1,0.379055059505653,0.340474144020354,0.00653280277368995,0.00585029392651175,0.00528457513591824,0.00522841127310676,0.00581174581758353,0.00559495404946677,0.00567226998148475,0.00704656670198795,0.00738247478095859,0.00738593086858049,0.00762468973225768,0.00795548626909962,0.00669755025622279,0.00689484810336835,0.00671864961721002,0.00675245647670458,0.00674971818268797,0.00656851748342649,0.00713244651015694,0.00713012572541829,0.00642618125369558,0.00696913255630798,0.00687931911962158,0.00690997036773492,0.00638707140571482,0.00646098306583746,0.00649240177094945,0.00600319579630007,0,0,0,0,0,0,0,0,0,0,0,0,0,0,0,0,0,0,0,0,0,0,0,0,0,0,0,0,0,0,0,0,0,0,0,0,0,0,0,0,0,0,0,0,0,0,0,0,0,0,0,0,0,0,0,0,0,0,0,0,0,0,0,0,0,0,0,0,0,0,0,0,0,0,0,0,0,0,0,0,0,0,0,0,0,0,0,0,0,0,0,0,0,0,0,0,0,0,0,0,0,0,0,0,0,0,0,0,0,0,0,0,0,0,0,0,0,0,0,0,0,0,0,0,0,0,0,0,0,0,0,0,0,0,0,0,0,0,0,0,0,0,0,0,0,0,0,0,0,0,0,0,0,0,0,0,0,0,0,0,0,0
"Aus.PAMA_NYUNGAN.YITHA_YITHA",0.360318256279556,0.367284014306909,0.356683454965859,0.36921912151649,0.39772282268241,0.381507596289768,0.36408897383091,0.379055059505653,1,0.406813011755092,0.00603458880956986,0.00540413042986775,0.00488155529613985,0.00482967468229531,0.00536852213204723,0.00516826364832978,0.00523968320197622,0.00650917133714195,0.00681946191296709,0.00682265442748353,0.00704320472064937,0.0073487735780945,0.00618677208357001,0.00636902331964466,0.00620626233486237,0.00623749096720594,0.00623496150489055,0.00606757979294703,0.00658850165634764,0.00658635786261951,0.00593609861268091,0.00643764258521317,0.00635467862950344,0.00638299230822172,0.00589997141595622,0.00596824631916762,0.00599726892597944,0.00554537147821272,0,0,0,0,0,0,0,0,0,0,0,0,0,0,0,0,0,0,0,0,0,0,0,0,0,0,0,0,0,0,0,0,0,0,0,0,0,0,0,0,0,0,0,0,0,0,0,0,0,0,0,0,0,0,0,0,0,0,0,0,0,0,0,0,0,0,0,0,0,0,0,0,0,0,0,0,0,0,0,0,0,0,0,0,0,0,0,0,0,0,0,0,0,0,0,0,0,0,0,0,0,0,0,0,0,0,0,0,0,0,0,0,0,0,0,0,0,0,0,0,0,0,0,0,0,0,0,0,0,0,0,0,0,0,0,0,0,0,0,0,0,0,0,0,0,0,0,0,0,0,0,0,0,0,0,0,0,0,0,0,0,0
"Aus.PAMA_NYUNGAN.ALYAWARRA",0.323644406809083,0.329901177276437,0.320379562204241,0.331639325743915,0.357241868204462,0.342677057136299,0.327031333848955,0.340474144020354,0.406813011755092,1,0.00542037735133428,0.00485408817569453,0.00438470169243701,0.00433810158211792,0.00482210415538814,0.00464222834548487,0.00470637868666697,0.00584665600344581,0.00612536463838508,0.00612823221294978,0.00632633449491644,0.00660080199658649,0.00555707113407126,0.00572077250684832,0.00557457763203006,0.00560262775720176,0.00560035574817545,0.00545001045223625,0.00591791193803653,0.00591598634354508,0.00533191166636521,0.00578240757838176,0.0057078878454394,0.0057333197062837,0.00529946156163178,0.00536078732063706,0.0053868559535802,0.00498095345246595,0,0,0,0,0,0,0,0,0,0,0,0,0,0,0,0,0,0,0,0,0,0,0,0,0,0,0,0,0,0,0,0,0,0,0,0,0,0,0,0,0,0,0,0,0,0,0,0,0,0,0,0,0,0,0,0,0,0,0,0,0,0,0,0,0,0,0,0,0,0,0,0,0,0,0,0,0,0,0,0,0,0,0,0,0,0,0,0,0,0,0,0,0,0,0,0,0,0,0,0,0,0,0,0,0,0,0,0,0,0,0,0,0,0,0,0,0,0,0,0,0,0,0,0,0,0,0,0,0,0,0,0,0,0,0,0,0,0,0,0,0,0,0,0,0,0,0,0,0,0,0,0,0,0,0,0,0,0,0,0,0,0
"Fur.FUR.FUR",0.00663976687882555,0.00632993536750398,0.00614724063298127,0.00636328586218574,0.00685453127196869,0.00657507087882154,0.006274870624902,0.00653280277368995,0.00603458880956986,0.00542037735133428,1,0.138415658933698,0.125030974308482,0.1237021593503,0.0859231912790296,0.0827180544502203,0.0838611243339028,0.104179280649803,0.109145481001209,0.109196577192807,0.112726484411259,0.117617113664781,0.099019280923339,0.101936211771887,0.0993312223755075,0.0998310366044963,0.0997905525627037,0.0971116084327948,0.105448962328238,0.105414650911794,0.0950072522759747,0.103034463047722,0.101706625020724,0.102159785419896,0.0944290365290338,0.0955217762856925,0.095986283078283,0.08875366488506,0,0,0,0,0,0,0,0,0,0,0,0,0,0,0,0,0,0,0,0,0,0,0,0,0,0,0,0,0,0,0,0,0,0,0,0,0,0,0,0,0,0,0,0,0,0,0,0,0,0,0,0,0,0,0,0,0,0,0,0,0,0,0,0,0,0,0,0,0,0,0,0,0,0,0,0,0,0,0,0,0,0,0,0,0,0,0,0,0,0,0,0,0,0,0,0,0,0,0,0,0,0,0,0,0,0,0,0,0,0,0,0,0,0,0,0,0,0,0,0,0,0,0,0,0,0,0,0,0,0,0,0,0,0,0,0,0,0,0,0,0,0,0,0,0,0,0,0,0,0,0,0,0,0,0,0,0,0,0,0,0,0
"AuA.MUNDA.PAHARPUR_SANTALI",0.0059460830504617,0.00566862091487932,0.00550501305270898,0.00569848714584356,0.00613841012176048,0.00588814610838573,0.00561930901302508,0.00585029392651175,0.00540413042986776,0.00485408817569453,0.138415658933698,1,0.337769212671673,0.334179439939804,0.0769464411371302,0.0740761581708757,0.0750998068297665,0.0932952415628566,0.0977426024828405,0.0977883604445805,0.100949483698512,0.105329168744865,0.0886743282877599,0.0912865153410783,0.0889536799299675,0.0894012765052099,0.0893650219982203,0.0869659582095828,0.0944322743601532,0.0944015475988855,0.0850814528188731,0.0922700277769163,0.0910809144646299,0.0914867313280579,0.0845636456555885,0.0855422223833882,0.0859582002357213,0.0794812034926081,0,0,0,0,0,0,0,0,0,0,0,0,0,0,0,0,0,0,0,0,0,0,0,0,0,0,0,0,0,0,0,0,0,0,0,0,0,0,0,0,0,0,0,0,0,0,0,0,0,0,0,0,0,0,0,0,0,0,0,0,0,0,0,0,0,0,0,0,0,0,0,0,0,0,0,0,0,0,0,0,0,0,0,0,0,0,0,0,0,0,0,0,0,0,0,0,0,0,0,0,0,0,0,0,0,0,0,0,0,0,0,0,0,0,0,0,0,0,0,0,0,0,0,0,0,0,0,0,0,0,0,0,0,0,0,0,0,0,0,0,0,0,0,0,0,0,0,0,0,0,0,0,0,0,0,0,0,0,0,0,0,0
"AuA.ASLIAN.BATEK_DEQ",0.00537110152742539,0.00512046976066702,0.00497268264922839,0.00514744795074426,0.0055448307232088,0.0053187670417753,0.00507592628067829,0.00528457513591824,0.00488155529613985,0.00438470169243701,0.125030974308482,0.337769212671673,1,0.410543585257502,0.0695057812032237,0.0669130523271957,0.0678377149712684,0.0842736655723083,0.0882909702126265,0.0883323034156961,0.0911877485538624,0.0951439215239459,0.0800995909522027,0.0824591815857223,0.0803519295117917,0.0807562438526026,0.0807234951277337,0.0785564189079454,0.0853007481983772,0.0852729926905956,0.0768541436964183,0.0833475891477326,0.0822734621512374,0.0826400368452865,0.076386408075838,0.0772703572088693,0.0776461103322415,0.0717954340458813,0,0,0,0,0,0,0,0,0,0,0,0,0,0,0,0,0,0,0,0,0,0,0,0,0,0,0,0,0,0,0,0,0,0,0,0,0,0,0,0,0,0,0,0,0,0,0,0,0,0,0,0,0,0,0,0,0,0,0,0,0,0,0,0,0,0,0,0,0,0,0,0,0,0,0,0,0,0,0,0,0,0,0,0,0,0,0,0,0,0,0,0,0,0,0,0,0,0,0,0,0,0,0,0,0,0,0,0,0,0,0,0,0,0,0,0,0,0,0,0,0,0,0,0,0,0,0,0,0,0,0,0,0,0,0,0,0,0,0,0,0,0,0,0,0,0,0,0,0,0,0,0,0,0,0,0,0,0,0,0,0,0
"AuA.VIET_MUONG.VIETNAMESE",0.00531401807197738,0.0050660499910977,0.00491983354425152,0.0050927414600427,0.00548590089364985,0.00526223979128167,0.00502197991414231,0.00522841127310676,0.00482967468229531,0.00433810158211792,0.1237021593503,0.334179439939804,0.410543585257502,1,0.0687670816749362,0.0662019080261792,0.0671167434609582,0.083378014650505,0.0873526238345401,0.087393517753034,0.0902186155454097,0.0941327427596405,0.0792483016201771,0.0815828147931206,0.0794979583542875,0.079897975688322,0.079865575013172,0.0777215302326914,0.0843941815593739,0.0843667210339685,0.0760373466082813,0.0824617804607213,0.0813990691636383,0.0817617479435794,0.0755745820286173,0.0764491366509145,0.076820896312877,0.0710324003478956,0,0,0,0,0,0,0,0,0,0,0,0,0,0,0,0,0,0,0,0,0,0,0,0,0,0,0,0,0,0,0,0,0,0,0,0,0,0,0,0,0,0,0,0,0,0,0,0,0,0,0,0,0,0,0,0,0,0,0,0,0,0,0,0,0,0,0,0,0,0,0,0,0,0,0,0,0,0,0,0,0,0,0,0,0,0,0,0,0,0,0,0,0,0,0,0,0,0,0,0,0,0,0,0,0,0,0,0,0,0,0,0,0,0,0,0,0,0,0,0,0,0,0,0,0,0,0,0,0,0,0,0,0,0,0,0,0,0,0,0,0,0,0,0,0,0,0,0,0,0,0,0,0,0,0,0,0,0,0,0,0,0
"TK.KAM_TAI.TAI_CHIENGMAI",0.00590690377844483,0.0056312698656424,0.00546874003028091,0.00566093930534471,0.00609796358950209,0.00584934858805213,0.00558228288431148,0.00581174581758353,0.00536852213204723,0.00482210415538815,0.0859231912790296,0.0769464411371302,0.0695057812032237,0.0687670816749362,1,0.86575769656939,0.838055440605063,0.140577693631016,0.147278997260257,0.147347945564789,0.152111140438149,0.158710469753693,0.133614880525008,0.137550935838621,0.134035808847994,0.134710249400059,0.134655620944299,0.131040700733678,0.142290979813132,0.142244680589727,0.128201119453611,0.139032896842971,0.137241135504376,0.137852622196962,0.127420885268665,0.12889540912573,0.129522206442538,0.119762638338639,0,0,0,0,0,0,0,0,0,0,0,0,0,0,0,0,0,0,0,0,0,0,0,0,0,0,0,0,0,0,0,0,0,0,0,0,0,0,0,0,0,0,0,0,0,0,0,0,0,0,0,0,0,0,0,0,0,0,0,0,0,0,0,0,0,0,0,0,0,0,0,0,0,0,0,0,0,0,0,0,0,0,0,0,0,0,0,0,0,0,0,0,0,0,0,0,0,0,0,0,0,0,0,0,0,0,0,0,0,0,0,0,0,0,0,0,0,0,0,0,0,0,0,0,0,0,0,0,0,0,0,0,0,0,0,0,0,0,0,0,0,0,0,0,0,0,0,0,0,0,0,0,0,0,0,0,0,0,0,0,0,0
"TK.KAM_TAI.NORTHERN_SHAN",0.00568656239490561,0.00542121027438814,0.00526474318359355,0.00544977297430967,0.00587049522629871,0.00563115414828526,0.00537405062250877,0.00559495404946677,0.00516826364832978,0.00464222834548487,0.0827180544502203,0.0740761581708757,0.0669130523271957,0.0662019080261792,0.86575769656939,1,0.806794004463283,0.135333815506161,0.141785144771747,0.141851521142593,0.14643703766062,0.152790196493902,0.128630731681456,0.132419962887886,0.129035958389427,0.129685240724949,0.129632650038887,0.126152574841908,0.136983192089962,0.136938619936325,0.12341891661246,0.133846643266328,0.132121718833687,0.132710395636538,0.122667786995024,0.124087307649241,0.124690723954074,0.115295210661191,0,0,0,0,0,0,0,0,0,0,0,0,0,0,0,0,0,0,0,0,0,0,0,0,0,0,0,0,0,0,0,0,0,0,0,0,0,0,0,0,0,0,0,0,0,0,0,0,0,0,0,0,0,0,0,0,0,0,0,0,0,0,0,0,0,0,0,0,0,0,0,0,0,0,0,0,0,0,0,0,0,0,0,0,0,0,0,0,0,0,0,0,0,0,0,0,0,0,0,0,0,0,0,0,0,0,0,0,0,0,0,0,0,0,0,0,0,0,0,0,0,0,0,0,0,0,0,0,0,0,0,0,0,0,0,0,0,0,0,0,0,0,0,0,0,0,0,0,0,0,0,0,0,0,0,0,0,0,0,0,0,0
"TK.KAM_TAI.THAI_3",0.00576514425056579,0.00549612526409565,0.00533749597521186,0.00552508266819988,0.0059516188254946,0.00570897032469391,0.00544831391920746,0.00567226998148475,0.00523968320197622,0.00470637868666697,0.0838611243339028,0.0750998068297665,0.0678377149712684,0.0671167434609582,0.838055440605063,0.806794004463283,1,0.137203975651695,0.143744454985453,0.143811748602611,0.148460631768558,0.154901584065756,0.130408262795774,0.134249856888434,0.130819089278172,0.131477343960646,0.13142402653083,0.127895860633737,0.13887614475295,0.138830956662601,0.125124426341794,0.135696252374842,0.13394749143899,0.134544303088931,0.124362916963251,0.12580205378615,0.126413808621306,0.116888459969526,0,0,0,0,0,0,0,0,0,0,0,0,0,0,0,0,0,0,0,0,0,0,0,0,0,0,0,0,0,0,0,0,0,0,0,0,0,0,0,0,0,0,0,0,0,0,0,0,0,0,0,0,0,0,0,0,0,0,0,0,0,0,0,0,0,0,0,0,0,0,0,0,0,0,0,0,0,0,0,0,0,0,0,0,0,0,0,0,0,0,0,0,0,0,0,0,0,0,0,0,0,0,0,0,0,0,0,0,0,0,0,0,0,0,0,0,0,0,0,0,0,0,0,0,0,0,0,0,0,0,0,0,0,0,0,0,0,0,0,0,0,0,0,0,0,0,0,0,0,0,0,0,0,0,0,0,0,0,0,0,0,0
"An.NORTHWEST_FORMOSAN.AURAN_KULON_PAZEH",0.00716194286252229,0.00682774504781128,0.00663068251928968,0.00686371834954109,0.00739359712699663,0.00709215892824892,0.00676834980887413,0.00704656670198795,0.00650917133714195,0.00584665600344581,0.104179280649803,0.0932952415628566,0.0842736655723083,0.083378014650505,0.140577693631016,0.135333815506161,0.137203975651695,1,0.893770754289244,0.24503447185434,0.252955498073331,0.263929951549618,0.222196865764445,0.228742387870395,0.222896854820389,0.224018425832723,0.223927580624438,0.217916094945354,0.236624914955578,0.236547920968923,0.213193970747547,0.231206837107319,0.228227200766896,0.229244081716199,0.211896468629698,0.214348550151212,0.215390892132264,0.199161072254565,0,0,0,0,0,0,0,0,0,0,0,0,0,0,0,0,0,0,0,0,0,0,0,0,0,0,0,0,0,0,0,0,0,0,0,0,0,0,0,0,0,0,0,0,0,0,0,0,0,0,0,0,0,0,0,0,0,0,0,0,0,0,0,0,0,0,0,0,0,0,0,0,0,0,0,0,0,0,0,0,0,0,0,0,0,0,0,0,0,0,0,0,0,0,0,0,0,0,0,0,0,0,0,0,0,0,0,0,0,0,0,0,0,0,0,0,0,0,0,0,0,0,0,0,0,0,0,0,0,0,0,0,0,0,0,0,0,0,0,0,0,0,0,0,0,0,0,0,0,0,0,0,0,0,0,0,0,0,0,0,0,0
"An.NORTHWEST_FORMOSAN.PAZEH",0.00750335089431863,0.00715322195304863,0.00694676550289224,0.00719091009310884,0.0077460480598618,0.00743024037728572,0.00709099535787018,0.00738247478095859,0.00681946191296709,0.00612536463838508,0.109145481001209,0.0977426024828405,0.0882909702126265,0.0873526238345401,0.147278997260257,0.141785144771747,0.143744454985453,0.893770754289244,1,0.256715204075175,0.265013823640433,0.276511426579555,0.232788934993162,0.239646480507029,0.233522292352995,0.234697328376038,0.234602152599308,0.228304100895716,0.247904765694363,0.247824101423549,0.223356874213958,0.242228409425039,0.23910673456267,0.240172089973462,0.221997520493435,0.224566492130123,0.225658522293702,0.208655030946234,0,0,0,0,0,0,0,0,0,0,0,0,0,0,0,0,0,0,0,0,0,0,0,0,0,0,0,0,0,0,0,0,0,0,0,0,0,0,0,0,0,0,0,0,0,0,0,0,0,0,0,0,0,0,0,0,0,0,0,0,0,0,0,0,0,0,0,0,0,0,0,0,0,0,0,0,0,0,0,0,0,0,0,0,0,0,0,0,0,0,0,0,0,0,0,0,0,0,0,0,0,0,0,0,0,0,0,0,0,0,0,0,0,0,0,0,0,0,0,0,0,0,0,0,0,0,0,0,0,0,0,0,0,0,0,0,0,0,0,0,0,0,0,0,0,0,0,0,0,0,0,0,0,0,0,0,0,0,0,0,0,0
"An.CELEBIC.WOLIO",0.00750686356979916,0.00715657071651647,0.00695001761427483,0.00719427650018782,0.00774967435343037,0.00743371882625543,0.00709431499010875,0.00738593086858049,0.00682265442748353,0.00612823221294978,0.109196577192807,0.0977883604445805,0.0883323034156961,0.087393517753034,0.147347945564789,0.141851521142593,0.143811748602611,0.24503447185434,0.256715204075175,1,0.562311857318316,0.586707710993398,0.401270355281414,0.413091061986347,0.402534481380608,0.404559951888684,0.404395892468318,0.393539614248929,0.427326296282316,0.427187251096989,0.240502150554758,0.260822298830952,0.257460998578275,0.258608132591062,0.239038450391954,0.241804620922912,0.242980477290601,0.22467176729277,0,0,0,0,0,0,0,0,0,0,0,0,0,0,0,0,0,0,0,0,0,0,0,0,0,0,0,0,0,0,0,0,0,0,0,0,0,0,0,0,0,0,0,0,0,0,0,0,0,0,0,0,0,0,0,0,0,0,0,0,0,0,0,0,0,0,0,0,0,0,0,0,0,0,0,0,0,0,0,0,0,0,0,0,0,0,0,0,0,0,0,0,0,0,0,0,0,0,0,0,0,0,0,0,0,0,0,0,0,0,0,0,0,0,0,0,0,0,0,0,0,0,0,0,0,0,0,0,0,0,0,0,0,0,0,0,0,0,0,0,0,0,0,0,0,0,0,0,0,0,0,0,0,0,0,0,0,0,0,0,0,0
"An.SOUTH_SULAWESI.SOPPENG_BUGINESE",0.00774953172464602,0.00738791524471529,0.00717468507158609,0.00742683991199437,0.00800019165117065,0.00767402249162044,0.00732364702905484,0.00762468973225768,0.00704320472064937,0.00632633449491644,0.112726484411259,0.100949483698512,0.0911877485538624,0.0902186155454097,0.152111140438149,0.14643703766062,0.148460631768558,0.252955498073331,0.265013823640433,0.562311857318317,1,0.745565828276182,0.414241889372248,0.426444714262546,0.415546879827792,0.417637826041709,0.417468463208479,0.406261243083791,0.441140119175483,0.440996579191729,0.248276664180745,0.269253685043279,0.265783726824113,0.266967943287068,0.246765648196299,0.249621238428641,0.250835105730251,0.231934545243665,0,0,0,0,0,0,0,0,0,0,0,0,0,0,0,0,0,0,0,0,0,0,0,0,0,0,0,0,0,0,0,0,0,0,0,0,0,0,0,0,0,0,0,0,0,0,0,0,0,0,0,0,0,0,0,0,0,0,0,0,0,0,0,0,0,0,0,0,0,0,0,0,0,0,0,0,0,0,0,0,0,0,0,0,0,0,0,0,0,0,0,0,0,0,0,0,0,0,0,0,0,0,0,0,0,0,0,0,0,0,0,0,0,0,0,0,0,0,0,0,0,0,0,0,0,0,0,0,0,0,0,0,0,0,0,0,0,0,0,0,0,0,0,0,0,0,0,0,0,0,0,0,0,0,0,0,0,0,0,0,0,0
"An.SOUTH_SULAWESI.MANDAR",0.00808574452105847,0.00770843933989181,0.00748595819324129,0.00774905275065892,0.00834727930787657,0.00800695932616931,0.0076413828529815,0.00795548626909962,0.0073487735780945,0.0066008019965865,0.117617113664781,0.105329168744865,0.0951439215239459,0.0941327427596405,0.158710469753693,0.152790196493902,0.154901584065756,0.263929951549618,0.276511426579555,0.586707710993398,0.745565828276182,1,0.432213739667935,0.444945983112318,0.433575347027047,0.435757008770458,0.435580298144639,0.423886853696726,0.460278946958588,0.460129179504446,0.259048126833474,0.2809352340206,0.277314731949528,0.278550325546317,0.257471555544836,0.260451035324513,0.261717566159153,0.24199700641058,0,0,0,0,0,0,0,0,0,0,0,0,0,0,0,0,0,0,0,0,0,0,0,0,0,0,0,0,0,0,0,0,0,0,0,0,0,0,0,0,0,0,0,0,0,0,0,0,0,0,0,0,0,0,0,0,0,0,0,0,0,0,0,0,0,0,0,0,0,0,0,0,0,0,0,0,0,0,0,0,0,0,0,0,0,0,0,0,0,0,0,0,0,0,0,0,0,0,0,0,0,0,0,0,0,0,0,0,0,0,0,0,0,0,0,0,0,0,0,0,0,0,0,0,0,0,0,0,0,0,0,0,0,0,0,0,0,0,0,0,0,0,0,0,0,0,0,0,0,0,0,0,0,0,0,0,0,0,0,0,0,0
"An.GREATER_CENTRAL_PHILIPPINE.TAUSUG",0.00680721183557472,0.00648956683848482,0.00630226481691743,0.00652375838259519,0.00702739226442776,0.00674088429953636,0.00643311344570706,0.00669755025622279,0.00618677208357002,0.00555707113407126,0.099019280923339,0.0886743282877599,0.0800995909522027,0.0792483016201771,0.133614880525008,0.128630731681456,0.130408262795774,0.222196865764445,0.232788934993162,0.401270355281414,0.414241889372247,0.432213739667935,1,0.428099966646648,0.417159832082882,0.419258894339958,0.419088874122021,0.407838152982524,0.442852412022754,0.442708314886121,0.218086964084965,0.236513241925265,0.233465220251473,0.234505439532965,0.216759683126769,0.219268042124168,0.220334306790982,0.203731997952875,0,0,0,0,0,0,0,0,0,0,0,0,0,0,0,0,0,0,0,0,0,0,0,0,0,0,0,0,0,0,0,0,0,0,0,0,0,0,0,0,0,0,0,0,0,0,0,0,0,0,0,0,0,0,0,0,0,0,0,0,0,0,0,0,0,0,0,0,0,0,0,0,0,0,0,0,0,0,0,0,0,0,0,0,0,0,0,0,0,0,0,0,0,0,0,0,0,0,0,0,0,0,0,0,0,0,0,0,0,0,0,0,0,0,0,0,0,0,0,0,0,0,0,0,0,0,0,0,0,0,0,0,0,0,0,0,0,0,0,0,0,0,0,0,0,0,0,0,0,0,0,0,0,0,0,0,0,0,0,0,0,0
"An.NORTHWEST_SUMATRA_BARRIER_ISLANDS.BATAK_MANDAILING",0.00700774011663912,0.00668073786627229,0.00648791826227438,0.00671593663209589,0.00723440666697454,0.00693945869006373,0.00662262145755094,0.00689484810336835,0.00636902331964466,0.00572077250684832,0.101936211771887,0.0912865153410783,0.0824591815857223,0.0815828147931206,0.137550935838621,0.132419962887886,0.134249856888434,0.228742387870395,0.239646480507029,0.413091061986347,0.426444714262545,0.444945983112318,0.428099966646648,1,0.572524334704745,0.503224982996734,0.503020912379663,0.489516979533974,0.53154363692404,0.485693377502031,0.224511415840964,0.24348049885774,0.240342687919026,0.241413550199367,0.223145035560539,0.225727286325991,0.226824961242105,0.20973357809084,0,0,0,0,0,0,0,0,0,0,0,0,0,0,0,0,0,0,0,0,0,0,0,0,0,0,0,0,0,0,0,0,0,0,0,0,0,0,0,0,0,0,0,0,0,0,0,0,0,0,0,0,0,0,0,0,0,0,0,0,0,0,0,0,0,0,0,0,0,0,0,0,0,0,0,0,0,0,0,0,0,0,0,0,0,0,0,0,0,0,0,0,0,0,0,0,0,0,0,0,0,0,0,0,0,0,0,0,0,0,0,0,0,0,0,0,0,0,0,0,0,0,0,0,0,0,0,0,0,0,0,0,0,0,0,0,0,0,0,0,0,0,0,0,0,0,0,0,0,0,0,0,0,0,0,0,0,0,0,0,0,0
"An.NORTHWEST_SUMATRA_BARRIER_ISLANDS.MENTAWAI",0.00682865666455557,0.00651001098718661,0.0063221189061474,0.00654431024526765,0.00704953073006276,0.0067621201762029,0.00645337974870892,0.00671864961721002,0.00620626233486237,0.00557457763203006,0.0993312223755075,0.0889536799299675,0.0803519295117917,0.0794979583542875,0.134035808847994,0.129035958389427,0.130819089278172,0.222896854820389,0.233522292352995,0.402534481380608,0.415546879827792,0.433575347027047,0.417159832082882,0.572524334704745,1,0.490365021635473,0.490166166062049,0.47700732747934,0.517959989721231,0.473281437953837,0.218774005675667,0.23725833200727,0.234200708119664,0.235244204414584,0.21744254337071,0.219958804477081,0.221028428208366,0.204373816947135,0,0,0,0,0,0,0,0,0,0,0,0,0,0,0,0,0,0,0,0,0,0,0,0,0,0,0,0,0,0,0,0,0,0,0,0,0,0,0,0,0,0,0,0,0,0,0,0,0,0,0,0,0,0,0,0,0,0,0,0,0,0,0,0,0,0,0,0,0,0,0,0,0,0,0,0,0,0,0,0,0,0,0,0,0,0,0,0,0,0,0,0,0,0,0,0,0,0,0,0,0,0,0,0,0,0,0,0,0,0,0,0,0,0,0,0,0,0,0,0,0,0,0,0,0,0,0,0,0,0,0,0,0,0,0,0,0,0,0,0,0,0,0,0,0,0,0,0,0,0,0,0,0,0,0,0,0,0,0,0,0,0
"An.MALAYO_SUMBAWAN.ACEH",0.00686301705682903,0.00654276802011599,0.00635393050486816,0.00657723986499122,0.00708500251508982,0.00679614577058672,0.00648585182492359,0.00675245647670458,0.00623749096720594,0.00560262775720176,0.0998310366044963,0.0894012765052099,0.0807562438526026,0.079897975688322,0.134710249400059,0.129685240724949,0.131477343960646,0.224018425832723,0.234697328376038,0.404559951888684,0.417637826041709,0.435757008770458,0.419258894339958,0.503224982996734,0.490365021635473,1,0.603727249496049,0.587519787671572,0.625392571492668,0.475662892559433,0.219874831361232,0.238452167011485,0.235379157790956,0.236427904744064,0.218536669412503,0.221065591825911,0.222140597683257,0.205402183852324,0,0,0,0,0,0,0,0,0,0,0,0,0,0,0,0,0,0,0,0,0,0,0,0,0,0,0,0,0,0,0,0,0,0,0,0,0,0,0,0,0,0,0,0,0,0,0,0,0,0,0,0,0,0,0,0,0,0,0,0,0,0,0,0,0,0,0,0,0,0,0,0,0,0,0,0,0,0,0,0,0,0,0,0,0,0,0,0,0,0,0,0,0,0,0,0,0,0,0,0,0,0,0,0,0,0,0,0,0,0,0,0,0,0,0,0,0,0,0,0,0,0,0,0,0,0,0,0,0,0,0,0,0,0,0,0,0,0,0,0,0,0,0,0,0,0,0,0,0,0,0,0,0,0,0,0,0,0,0,0,0,0
"An.MALAYO_SUMBAWAN.CHAM_EASTERN",0.00686023392766597,0.00654011476013818,0.00635135382333849,0.00657457262579757,0.00708212936513888,0.00679338975944266,0.00648322164592042,0.00674971818268797,0.00623496150489055,0.00560035574817545,0.0997905525627037,0.0893650219982203,0.0807234951277337,0.079865575013172,0.134655620944299,0.129632650038887,0.13142402653083,0.223927580624438,0.234602152599308,0.404395892468318,0.417468463208479,0.435580298144639,0.419088874122021,0.503020912379663,0.490166166062049,0.603727249496049,1,0.77058842660896,0.625138958790023,0.475469999075838,0.219785666486613,0.238355468551535,0.235283705514938,0.236332027174301,0.218448047196821,0.220975944067431,0.222050513982372,0.205318888006882,0,0,0,0,0,0,0,0,0,0,0,0,0,0,0,0,0,0,0,0,0,0,0,0,0,0,0,0,0,0,0,0,0,0,0,0,0,0,0,0,0,0,0,0,0,0,0,0,0,0,0,0,0,0,0,0,0,0,0,0,0,0,0,0,0,0,0,0,0,0,0,0,0,0,0,0,0,0,0,0,0,0,0,0,0,0,0,0,0,0,0,0,0,0,0,0,0,0,0,0,0,0,0,0,0,0,0,0,0,0,0,0,0,0,0,0,0,0,0,0,0,0,0,0,0,0,0,0,0,0,0,0,0,0,0,0,0,0,0,0,0,0,0,0,0,0,0,0,0,0,0,0,0,0,0,0,0,0,0,0,0,0
"An.MALAYO_SUMBAWAN.CHRU",0.00667606635931049,0.00636454100495135,0.00618084748175555,0.00639807382615946,0.00689200486534645,0.00661101666749283,0.00630917522443855,0.00656851748342649,0.00606757979294703,0.00545001045223625,0.0971116084327948,0.0869659582095828,0.0785564189079453,0.0777215302326914,0.131040700733678,0.126152574841908,0.127895860633737,0.217916094945354,0.228304100895716,0.393539614248929,0.406261243083791,0.423886853696726,0.407838152982524,0.489516979533974,0.47700732747934,0.587519787671572,0.77058842660896,1,0.608356685308016,0.462705688925619,0.213885373262939,0.231956656570746,0.22896735706746,0.229987535830691,0.212583663257667,0.215043697045965,0.216089419412798,0.199806965127811,0,0,0,0,0,0,0,0,0,0,0,0,0,0,0,0,0,0,0,0,0,0,0,0,0,0,0,0,0,0,0,0,0,0,0,0,0,0,0,0,0,0,0,0,0,0,0,0,0,0,0,0,0,0,0,0,0,0,0,0,0,0,0,0,0,0,0,0,0,0,0,0,0,0,0,0,0,0,0,0,0,0,0,0,0,0,0,0,0,0,0,0,0,0,0,0,0,0,0,0,0,0,0,0,0,0,0,0,0,0,0,0,0,0,0,0,0,0,0,0,0,0,0,0,0,0,0,0,0,0,0,0,0,0,0,0,0,0,0,0,0,0,0,0,0,0,0,0,0,0,0,0,0,0,0,0,0,0,0,0,0,0
"An.MALAYO_SUMBAWAN.IBAN",0.00724922881398816,0.00691095797401085,0.00671149375217356,0.00694736969921445,0.00748370635746289,0.00717859439022932,0.00685083885748312,0.00713244651015694,0.00658850165634764,0.00591791193803653,0.105448962328238,0.0944322743601532,0.0853007481983772,0.0843941815593739,0.142290979813132,0.136983192089962,0.13887614475295,0.236624914955578,0.247904765694363,0.427326296282316,0.441140119175483,0.460278946958588,0.442852412022754,0.53154363692404,0.517959989721231,0.625392571492668,0.625138958790023,0.608356685308016,1,0.50243050803082,0.232248142438842,0.251870905396853,0.248624964609785,0.249732729105793,0.230834676309269,0.233505912163095,0.234641413265853,0.216961056239359,0,0,0,0,0,0,0,0,0,0,0,0,0,0,0,0,0,0,0,0,0,0,0,0,0,0,0,0,0,0,0,0,0,0,0,0,0,0,0,0,0,0,0,0,0,0,0,0,0,0,0,0,0,0,0,0,0,0,0,0,0,0,0,0,0,0,0,0,0,0,0,0,0,0,0,0,0,0,0,0,0,0,0,0,0,0,0,0,0,0,0,0,0,0,0,0,0,0,0,0,0,0,0,0,0,0,0,0,0,0,0,0,0,0,0,0,0,0,0,0,0,0,0,0,0,0,0,0,0,0,0,0,0,0,0,0,0,0,0,0,0,0,0,0,0,0,0,0,0,0,0,0,0,0,0,0,0,0,0,0,0,0
"An.BARITO.SAMIHIM",0.00724687003014385,0.00690870925812175,0.00670930993877216,0.00694510913552865,0.00748127127835248,0.00717625858970392,0.00684860970339906,0.00713012572541829,0.00658635786261951,0.00591598634354508,0.105414650911794,0.0944015475988855,0.0852729926905956,0.0843667210339685,0.142244680589727,0.136938619936325,0.138830956662601,0.236547920968923,0.247824101423549,0.427187251096989,0.440996579191729,0.460129179504446,0.442708314886122,0.485693377502031,0.473281437953837,0.475662892559433,0.475469999075838,0.462705688925619,0.50243050803082,1,0.232172572584405,0.251788950607213,0.248544065997689,0.249651470044736,0.230759566374246,0.233429933050379,0.234565064679125,0.216890460559814,0,0,0,0,0,0,0,0,0,0,0,0,0,0,0,0,0,0,0,0,0,0,0,0,0,0,0,0,0,0,0,0,0,0,0,0,0,0,0,0,0,0,0,0,0,0,0,0,0,0,0,0,0,0,0,0,0,0,0,0,0,0,0,0,0,0,0,0,0,0,0,0,0,0,0,0,0,0,0,0,0,0,0,0,0,0,0,0,0,0,0,0,0,0,0,0,0,0,0,0,0,0,0,0,0,0,0,0,0,0,0,0,0,0,0,0,0,0,0,0,0,0,0,0,0,0,0,0,0,0,0,0,0,0,0,0,0,0,0,0,0,0,0,0,0,0,0,0,0,0,0,0,0,0,0,0,0,0,0,0,0,0
"An.OCEANIC.MEKEO",0.00653139960346867,0.00622662483545065,0.0060469118517881,0.00625943101851628,0.00674265883859145,0.00646775950337423,0.00617245880152819,0.00642618125369558,0.00593609861268091,0.00533191166636521,0.0950072522759747,0.0850814528188731,0.0768541436964183,0.0760373466082813,0.128201119453611,0.12341891661246,0.125124426341794,0.213193970747547,0.223356874213958,0.240502150554758,0.248276664180745,0.259048126833474,0.218086964084965,0.224511415840964,0.218774005675667,0.219874831361232,0.219785666486613,0.213885373262939,0.232248142438842,0.232172572584405,1,0.366800042474365,0.362072973197785,0.302089633890038,0.279229571170273,0.282460836307228,0.283834397208285,0.262447322313043,0,0,0,0,0,0,0,0,0,0,0,0,0,0,0,0,0,0,0,0,0,0,0,0,0,0,0,0,0,0,0,0,0,0,0,0,0,0,0,0,0,0,0,0,0,0,0,0,0,0,0,0,0,0,0,0,0,0,0,0,0,0,0,0,0,0,0,0,0,0,0,0,0,0,0,0,0,0,0,0,0,0,0,0,0,0,0,0,0,0,0,0,0,0,0,0,0,0,0,0,0,0,0,0,0,0,0,0,0,0,0,0,0,0,0,0,0,0,0,0,0,0,0,0,0,0,0,0,0,0,0,0,0,0,0,0,0,0,0,0,0,0,0,0,0,0,0,0,0,0,0,0,0,0,0,0,0,0,0,0,0,0
"An.OCEANIC.BILEKI_NAKANAI",0.00708324085764214,0.00675271551540812,0.00655781849090953,0.00678829350946477,0.00731234949233374,0.00701422377332013,0.00669397296589818,0.00696913255630798,0.00643764258521317,0.00578240757838176,0.103034463047722,0.0922700277769163,0.0833475891477326,0.0824617804607213,0.139032896842971,0.133846643266328,0.135696252374842,0.231206837107319,0.242228409425039,0.260822298830952,0.269253685043279,0.2809352340206,0.236513241925265,0.24348049885774,0.23725833200727,0.238452167011485,0.238355468551535,0.231956656570746,0.251870905396853,0.251788950607213,0.366800042474365,1,0.421753323352007,0.327613339766211,0.302821818791303,0.30632609515311,0.307815708909043,0.28462162924456,0,0,0,0,0,0,0,0,0,0,0,0,0,0,0,0,0,0,0,0,0,0,0,0,0,0,0,0,0,0,0,0,0,0,0,0,0,0,0,0,0,0,0,0,0,0,0,0,0,0,0,0,0,0,0,0,0,0,0,0,0,0,0,0,0,0,0,0,0,0,0,0,0,0,0,0,0,0,0,0,0,0,0,0,0,0,0,0,0,0,0,0,0,0,0,0,0,0,0,0,0,0,0,0,0,0,0,0,0,0,0,0,0,0,0,0,0,0,0,0,0,0,0,0,0,0,0,0,0,0,0,0,0,0,0,0,0,0,0,0,0,0,0,0,0,0,0,0,0,0,0,0,0,0,0,0,0,0,0,0,0,0
"An.OCEANIC.HALIA_2",0.00699195687083857,0.00666569111423563,0.00647330578992767,0.00670081060332185,0.00721811290939428,0.00692382923172124,0.00660770559871931,0.00687931911962158,0.00635467862950344,0.0057078878454394,0.101706625020724,0.0910809144646299,0.0822734621512374,0.0813990691636383,0.137241135504376,0.132121718833687,0.13394749143899,0.228227200766896,0.23910673456267,0.257460998578275,0.265783726824113,0.277314731949528,0.233465220251473,0.240342687919026,0.234200708119664,0.235379157790956,0.235283705514938,0.22896735706746,0.248624964609785,0.248544065997689,0.362072973197785,0.421753323352007,1,0.323391282040808,0.29891925731331,0.302378372946632,0.303848789574418,0.28095361942107,0,0,0,0,0,0,0,0,0,0,0,0,0,0,0,0,0,0,0,0,0,0,0,0,0,0,0,0,0,0,0,0,0,0,0,0,0,0,0,0,0,0,0,0,0,0,0,0,0,0,0,0,0,0,0,0,0,0,0,0,0,0,0,0,0,0,0,0,0,0,0,0,0,0,0,0,0,0,0,0,0,0,0,0,0,0,0,0,0,0,0,0,0,0,0,0,0,0,0,0,0,0,0,0,0,0,0,0,0,0,0,0,0,0,0,0,0,0,0,0,0,0,0,0,0,0,0,0,0,0,0,0,0,0,0,0,0,0,0,0,0,0,0,0,0,0,0,0,0,0,0,0,0,0,0,0,0,0,0,0,0,0
"An.OCEANIC.SOWA",0.00702310998368582,0.00669539052905222,0.00650214801957721,0.00673066649527737,0.00725027367499461,0.00695467879749739,0.00663714665534781,0.00690997036773492,0.00638299230822172,0.0057333197062837,0.102159785419896,0.0914867313280579,0.0826400368452865,0.0817617479435794,0.137852622196962,0.132710395636538,0.134544303088931,0.229244081716199,0.240172089973462,0.258608132591062,0.266967943287068,0.278550325546317,0.234505439532965,0.241413550199367,0.235244204414584,0.236427904744064,0.236332027174301,0.229987535830691,0.249732729105793,0.249651470044736,0.302089633890038,0.327613339766211,0.323391282040808,1,0.534871896960419,0.541061473895776,0.388382866689676,0.35911800823834,0,0,0,0,0,0,0,0,0,0,0,0,0,0,0,0,0,0,0,0,0,0,0,0,0,0,0,0,0,0,0,0,0,0,0,0,0,0,0,0,0,0,0,0,0,0,0,0,0,0,0,0,0,0,0,0,0,0,0,0,0,0,0,0,0,0,0,0,0,0,0,0,0,0,0,0,0,0,0,0,0,0,0,0,0,0,0,0,0,0,0,0,0,0,0,0,0,0,0,0,0,0,0,0,0,0,0,0,0,0,0,0,0,0,0,0,0,0,0,0,0,0,0,0,0,0,0,0,0,0,0,0,0,0,0,0,0,0,0,0,0,0,0,0,0,0,0,0,0,0,0,0,0,0,0,0,0,0,0,0,0,0
"An.OCEANIC.TAPE",0.0064916493948286,0.00618872949121216,0.00601011024381284,0.00622133601529186,0.00670162290266732,0.00642839660946151,0.00613489311268982,0.00638707140571482,0.00589997141595622,0.00529946156163178,0.0944290365290338,0.0845636456555885,0.076386408075838,0.0755745820286173,0.127420885268665,0.122667786995024,0.124362916963251,0.211896468629698,0.221997520493435,0.239038450391954,0.246765648196299,0.257471555544836,0.216759683126769,0.223145035560539,0.21744254337071,0.218536669412503,0.218448047196821,0.212583663257667,0.230834676309269,0.230759566374246,0.279229571170273,0.302821818791303,0.29891925731331,0.534871896960419,1,0.662080594272088,0.358992726493605,0.331942430955494,0,0,0,0,0,0,0,0,0,0,0,0,0,0,0,0,0,0,0,0,0,0,0,0,0,0,0,0,0,0,0,0,0,0,0,0,0,0,0,0,0,0,0,0,0,0,0,0,0,0,0,0,0,0,0,0,0,0,0,0,0,0,0,0,0,0,0,0,0,0,0,0,0,0,0,0,0,0,0,0,0,0,0,0,0,0,0,0,0,0,0,0,0,0,0,0,0,0,0,0,0,0,0,0,0,0,0,0,0,0,0,0,0,0,0,0,0,0,0,0,0,0,0,0,0,0,0,0,0,0,0,0,0,0,0,0,0,0,0,0,0,0,0,0,0,0,0,0,0,0,0,0,0,0,0,0,0,0,0,0,0,0
"An.OCEANIC.NATI",0.00656677123913374,0.00626034592411068,0.00607965968164171,0.00629332977328548,0.00677917457585026,0.00650278648788168,0.00620588654705602,0.00646098306583746,0.00596824631916762,0.00536078732063706,0.0955217762856925,0.0855422223833882,0.0772703572088693,0.0764491366509145,0.12889540912573,0.124087307649241,0.12580205378615,0.214348550151212,0.224566492130123,0.241804620922912,0.249621238428641,0.260451035324512,0.219268042124168,0.225727286325991,0.219958804477081,0.221065591825911,0.220975944067431,0.215043697045965,0.233505912163095,0.233429933050379,0.282460836307228,0.30632609515311,0.302378372946632,0.541061473895776,0.662080594272088,1,0.363147016731124,0.335783693183299,0,0,0,0,0,0,0,0,0,0,0,0,0,0,0,0,0,0,0,0,0,0,0,0,0,0,0,0,0,0,0,0,0,0,0,0,0,0,0,0,0,0,0,0,0,0,0,0,0,0,0,0,0,0,0,0,0,0,0,0,0,0,0,0,0,0,0,0,0,0,0,0,0,0,0,0,0,0,0,0,0,0,0,0,0,0,0,0,0,0,0,0,0,0,0,0,0,0,0,0,0,0,0,0,0,0,0,0,0,0,0,0,0,0,0,0,0,0,0,0,0,0,0,0,0,0,0,0,0,0,0,0,0,0,0,0,0,0,0,0,0,0,0,0,0,0,0,0,0,0,0,0,0,0,0,0,0,0,0,0,0,0
"An.OCEANIC.MOORIORI",0.00659870437484975,0.00629078896358074,0.00610922407343353,0.00632393320782547,0.00681214059429218,0.0065344084762056,0.00623606475947255,0.00649240177094945,0.00599726892597944,0.0053868559535802,0.095986283078283,0.0859582002357213,0.0776461103322415,0.076820896312877,0.129522206442538,0.124690723954074,0.126413808621306,0.215390892132264,0.225658522293702,0.242980477290601,0.250835105730251,0.261717566159153,0.220334306790982,0.226824961242105,0.221028428208366,0.222140597683257,0.222050513982372,0.216089419412798,0.234641413265853,0.234565064679125,0.283834397208285,0.307815708909043,0.303848789574418,0.388382866689676,0.358992726493605,0.363147016731124,1,0.854755728616159,0,0,0,0,0,0,0,0,0,0,0,0,0,0,0,0,0,0,0,0,0,0,0,0,0,0,0,0,0,0,0,0,0,0,0,0,0,0,0,0,0,0,0,0,0,0,0,0,0,0,0,0,0,0,0,0,0,0,0,0,0,0,0,0,0,0,0,0,0,0,0,0,0,0,0,0,0,0,0,0,0,0,0,0,0,0,0,0,0,0,0,0,0,0,0,0,0,0,0,0,0,0,0,0,0,0,0,0,0,0,0,0,0,0,0,0,0,0,0,0,0,0,0,0,0,0,0,0,0,0,0,0,0,0,0,0,0,0,0,0,0,0,0,0,0,0,0,0,0,0,0,0,0,0,0,0,0,0,0,0,0,0
"An.OCEANIC.UA_POU",0.00610148844166985,0.00581677462269192,0.00564889074493122,0.00584742143025885,0.00629884212687588,0.0060420372736619,0.00576617391687483,0.00600319579630007,0.00554537147821273,0.00498095345246595,0.08875366488506,0.0794812034926081,0.0717954340458813,0.0710324003478955,0.119762638338639,0.115295210661191,0.116888459969526,0.199161072254565,0.208655030946234,0.22467176729277,0.231934545243665,0.24199700641058,0.203731997952875,0.20973357809084,0.204373816947135,0.205402183852324,0.205318888006882,0.199806965127811,0.216961056239359,0.216890460559814,0.262447322313043,0.28462162924456,0.28095361942107,0.35911800823834,0.331942430955494,0.335783693183299,0.854755728616159,1,0,0,0,0,0,0,0,0,0,0,0,0,0,0,0,0,0,0,0,0,0,0,0,0,0,0,0,0,0,0,0,0,0,0,0,0,0,0,0,0,0,0,0,0,0,0,0,0,0,0,0,0,0,0,0,0,0,0,0,0,0,0,0,0,0,0,0,0,0,0,0,0,0,0,0,0,0,0,0,0,0,0,0,0,0,0,0,0,0,0,0,0,0,0,0,0,0,0,0,0,0,0,0,0,0,0,0,0,0,0,0,0,0,0,0,0,0,0,0,0,0,0,0,0,0,0,0,0,0,0,0,0,0,0,0,0,0,0,0,0,0,0,0,0,0,0,0,0,0,0,0,0,0,0,0,0,0,0,0,0,0,0
"TAP.GREATER_ALOR.SAR_INDONESIA",0,0,0,0,0,0,0,0,0,0,0,0,0,0,0,0,0,0,0,0,0,0,0,0,0,0,0,0,0,0,0,0,0,0,0,0,0,0,1,0.031016085912004,0.0326721371616824,0.032977004018984,0.0349686155102245,0.0130554696193095,0.0141418043881226,0.0176894187972228,0.0142525379708246,0.0155052038779391,0.0129931479748641,0.0139289095193099,0.0119902029179702,0.0115169305751387,0.0134434932641339,0.0133119736894463,0.0136315441347816,0.0117817107689639,0.0137895527541383,0.0128878485023744,0.0153092787620248,0.0113498306070345,0.0109775332263884,0.0137114294962287,0.0135105320618916,0.0128262210438456,0.0124613865720103,0.0125428186702662,0.0122990114960189,0.0123311109517754,0.0118941314528457,0.0121107619912207,0.0122029281850172,0.0120600382501436,0.0119273103413266,0.0120503790476226,0.0121167441768569,0.0120853680963228,0.0119175701737526,0.0120507381130122,0.0120113856163526,0.0120746356528947,0.0117981863879276,0.0116960132906642,0.0116872949332018,0.0128812286475791,0.0132268475660293,0.0130781152645523,0.012449776219223,0.0149724208450235,0.0137764375315359,0.0142262945133254,0.0118443642997731,0.0112806704312398,0.0120795333722258,0.0101737516775719,0.0142266498625922,0.0140210309670666,0.0143517921996195,0.013391994504257,0.012306136999683,0.0113156271159851,0.0125509897451442,0.0118159804594635,0.0118231782165031,0.011609141598371,0.0120531735926821,0.0113448922292877,0.0117248760935539,0.0124662934521186,0.0131888089766616,0.0123828314453857,0.0124810730571706,0.012652479352445,0.012138376041912,0.0125545642450639,0.0125106535491315,0.012573331144406,0.0147428693461998,0.0132117998223017,0.0134603624984821,0.0138204118550976,0.011671447911172,0.0111431073291197,0.0120749873859573,0.013779802147868,0.0116603838706757,0.0131498497728566,0.0151215108162203,0.0143603600066793,0.0140952323701812,0.0145407557644838,0.0129479160663019,0.0133790099534735,0.0120853878420658,0.0129800090689551,0.012593678467495,0.0120150659853341,0.0122337173119351,0.0122019537909542,0.0151782694595875,0.0143282763216889,0.0122909908629554,0.0137458817030652,0.0120498934567798,0.0118512307185928,0.0137798926538646,0.0124226803265284,0.0127266813133983,0.0124138734942938,0.0131944652655596,0.0130856578908367,0.0125702002434023,0.0130335507879222,0.0127482728591435,0.0125121469657556,0.0126783897654935,0.0133746224121839,0.0129305846154456,0.0131345663921602,0.0137391499224984,0.0118451744978654,0.0123731613167293,0.0122136415335734,0.0133282676534791,0.0112558655296495,0.0132849748312938,0.013263097403986,0.0101521928499585,0.012141477124703,0.0115995509954937,0.0115540440520738,0.012028583802308,0.0126379442778993,0.0123594564297605,0.0121646849779255,0.0114668998028048,0.0113094687718759,0.0117918354482321,0.0126405565783473,0.0116330442525323,0.0119635577171513,0.011665542166592,0.0118214743858838,0.0119353736523312,0.0110218474346372,0.0110962024510304,0.0105752717492025,0.0116656665685142,0.0124788473132531,0.012280990424539,0.0131323808469364,0.0132270614398413,0.013183287317874,0.0131167182698018,0.0124692548128133,0.0114320579605472,0.0101613324472828,0.0113358418313608,0.0110190841259775,0.0116887344706877,0.01156260599898
"Oto.OTOMACO.OTOMACO",0,0,0,0,0,0,0,0,0,0,0,0,0,0,0,0,0,0,0,0,0,0,0,0,0,0,0,0,0,0,0,0,0,0,0,0,0,0,0.031016085912004,1,0.6170102772865,0.0832397407185836,0.065280144612982,0.0134991676955752,0.0146224222122916,0.0182906044549932,0.0147369191431575,0.0160321576630847,0.0134347280121349,0.0144022919818646,0.0123976972574209,0.0119083404661408,0.0139003785599922,0.0137643892125594,0.0140948204538646,0.0121821193759111,0.014258199092262,0.0133258498730221,0.0158295739129307,0.0117355615039786,0.0113506113703938,0.0141774207679124,0.0139696957120694,0.013262127967829,0.0128848943745505,0.0129690939921984,0.0127170008828336,0.0127501912581192,0.0122983607451167,0.0125223536041083,0.0126176521220629,0.012469905985837,0.0123326672383043,0.0124599185094429,0.0125285390979621,0.0124960966822459,0.0123225960452107,0.0124602897778881,0.0124195998626926,0.0124849994901996,0.0121991549288069,0.0120935094166841,0.0120844947605402,0.013319005038435,0.0136763700260584,0.0135225829668462,0.0128728894368615,0.0154812676747195,0.0142446381408419,0.0147097837857922,0.012246902225075,0.0116640508775414,0.0124900636615014,0.0105195128167245,0.0147101512118199,0.014497544233058,0.0148395465872915,0.0138471295834357,0.0127243685510739,0.011700195586481,0.0129775427660263,0.0122175537426875,0.0122249961198782,0.0120036853370868,0.012462808028816,0.0117304552924602,0.0121233531394863,0.012889968017964,0.0136370386720933,0.0128036695041648,0.0129052499168837,0.0130824815593644,0.0125509061351091,0.0129812387475001,0.0129358357198568,0.0130006434513317,0.0152439147285788,0.0136608108756071,0.0139178211055307,0.0142901069585382,0.0120681091678274,0.0115218126097203,0.0124853631771243,0.0142481171057066,0.012056669109185,0.0135967554160492,0.0156354245592744,0.0148484055764857,0.014574267415992,0.0150349321938486,0.013387958869647,0.0138337037447958,0.0124961170990601,0.0134211425725166,0.0130216822905724,0.0124234053112526,0.0126494876361872,0.012616644612625,0.015694112179661,0.0148152315079454,0.0127087076636768,0.0142130438539545,0.0124594164154999,0.012254002003315,0.0142482106876046,0.012844872673772,0.0131592053190955,0.012835766535987,0.01364288719341,0.0135303819338728,0.0129974061447529,0.0134765039393706,0.0131815306666563,0.0129373798911532,0.0131092725535609,0.0138291670902466,0.0133700383988912,0.0135809526203634,0.0142060832897303,0.0122477399582423,0.012793670730304,0.0126287295702864,0.013781236936871,0.0116384029662825,0.01373647278179,0.0137138518368078,0.010497221299241,0.0125541126100851,0.011993768791737,0.0119467152671646,0.0124373825394588,0.0130674525014689,0.0127795000744152,0.0125781091963159,0.0118566093675769,0.0116938279473013,0.0121925881485627,0.0130701535825366,0.0120284003374891,0.0123701465032447,0.0120620027129256,0.012223234383539,0.0123410045858381,0.011396431623965,0.0114733136408183,0.0109346787922221,0.0120621313427228,0.0129029485297053,0.0126983673542777,0.0135786927980558,0.0136765911685019,0.0136313293563731,0.0135624979187102,0.0128930300223032,0.0118205834041169,0.0105066715113397,0.0117210973112547,0.0113935744025797,0.0120859832215832,0.0119555681970443
"Oto.OTOMACO.TAPARITA",0,0,0,0,0,0,0,0,0,0,0,0,0,0,0,0,0,0,0,0,0,0,0,0,0,0,0,0,0,0,0,0,0,0,0,0,0,0,0.0326721371616824,0.6170102772865,1,0.0876841853538934,0.0687656671051567,0.014219932836454,0.0154031616210839,0.0192672002269743,0.0155237719211862,0.0168881675028923,0.014152052505519,0.0151712779107296,0.0130596512542771,0.0125441660879326,0.0146425656738203,0.0144993154060575,0.0148473894625021,0.0128325629577816,0.0150194914259206,0.0140373610030162,0.0166747671373355,0.0123621618864214,0.0119566579940034,0.0149344000800838,0.0147155838975495,0.0139702367748793,0.0135728614343364,0.0136615567476186,0.0133960035546706,0.0134309660736956,0.012955010837547,0.0131909634149604,0.013291350235488,0.0131357154451545,0.0129911490676945,0.0131251947044146,0.0131974791727571,0.0131633045493329,0.0129805401403441,0.0131255857961081,0.0130827233119721,0.0131516148415576,0.0128505080951021,0.0127392218202194,0.0127297258418153,0.0140301507001071,0.0144065965845279,0.0142445983263813,0.0135602155133809,0.0163078636788723,0.0150052064105225,0.0154951877174834,0.0129008047771915,0.0122868330714929,0.0131569494056883,0.0110811843440593,0.0154955747616001,0.0152716159941609,0.0156318789834638,0.0145864735585642,0.0134037646070482,0.0123249076658015,0.0136704566293811,0.0128698892824133,0.0128777290326989,0.0126446017363909,0.0131282385047689,0.0123567830374081,0.0127706589979334,0.0135782059763262,0.0143651651996927,0.0134872996998961,0.0135943038262938,0.0137809984514295,0.0132210404598789,0.0136743499515108,0.0136265227062896,0.0136947907365592,0.0160578376751387,0.0143902066796539,0.0146609395344648,0.0150531029585449,0.0127124653681983,0.0121370002328466,0.0131519979469282,0.0150088711288097,0.012700414487047,0.0143227310875831,0.016470251508558,0.0156412109833457,0.0153524356811908,0.0158376968727669,0.0141027862040702,0.0145723308700638,0.0131633260562682,0.0141377416944169,0.0137169529089025,0.0130867319459973,0.0133248855528402,0.0132902889317942,0.0165320726547982,0.0156062656417369,0.0133872675331567,0.0149719252003259,0.0131246658020179,0.012908283636037,0.0150089697073543,0.0135307028427917,0.0138618187460536,0.0135211104982396,0.0143713259928758,0.0142528137060115,0.0136913805794918,0.0141960589874643,0.0138853361176446,0.0136281493259908,0.0138092199052767,0.014567551988547,0.014083908900203,0.0143060845284508,0.0149645929885924,0.012901687239699,0.0134767670584803,0.0133030191452527,0.0145170626860054,0.0122598157335561,0.0144699084248623,0.0144460796729275,0.0110577026088453,0.0132244181391424,0.012634155713938,0.0125845898463062,0.0131014554645737,0.0137651669425034,0.0134618397844787,0.0132496959823549,0.0124896728951874,0.0123182000373385,0.0128435906927756,0.0137680122432089,0.0126706363522797,0.0130306294743559,0.0127060328695043,0.0128758732314388,0.0129999315737451,0.0120049247422226,0.0120859117438393,0.0115185174019702,0.012706168367271,0.0135918795604542,0.0133763751204926,0.0143037040467677,0.0144068295344968,0.0143591510447526,0.0142866444693343,0.0135814314711885,0.0124517233865716,0.0110676573989749,0.0123469254026836,0.0120019149643523,0.0127312937767087,0.0125939154633468
"Sep.MIDDLE_SEPIK.KWOMA",0,0,0,0,0,0,0,0,0,0,0,0,0,0,0,0,0,0,0,0,0,0,0,0,0,0,0,0,0,0,0,0,0,0,0,0,0,0,0.032977004018984,0.0832397407185836,0.0876841853538934,1,0.0694073261651946,0.0143526203987471,0.0155468900050794,0.0194469843272041,0.0156686257315034,0.017045752619737,0.0142841066699091,0.0153128425654997,0.013181512117423,0.0126612169093641,0.014779196863807,0.0146346099140045,0.01498593188298,0.0129523048381705,0.0151596397463879,0.0141683449699548,0.0168303609948245,0.0124775144091265,0.0120682267208492,0.0150737544050111,0.0148528964276115,0.0141005943991828,0.0136995111110808,0.0137890340488702,0.0135210029535132,0.0135562917111691,0.0130758952908904,0.0133140495645195,0.0134153731041341,0.0132582860705884,0.0131123707303426,0.0132476671598039,0.0133206261214795,0.0132861326113541,0.0131016628100697,0.0132480619008116,0.0132047994627096,0.0132743338257901,0.012970417423295,0.0128580927254674,0.0128485081391747,0.0141610673870151,0.014541025924225,0.0143775160447355,0.0136867471898194,0.0164600339248674,0.0151452214361359,0.015639774805844,0.0130211834285671,0.0124014826937737,0.0132797181672522,0.011184583941993,0.0156401654615066,0.0154141169132473,0.0157777415511869,0.0147225813476233,0.0135288364250177,0.0124399125657874,0.0137980169762862,0.0129899794583309,0.0129978923620811,0.0127625897325274,0.0132507393621524,0.0124720853695552,0.0128898232465133,0.0137049055235064,0.0144992079391491,0.0136131509918591,0.0137211535840619,0.0139095902747184,0.0133444072612398,0.0138019466273796,0.0137536731015287,0.0138225781473611,0.0162076749044223,0.0145244830835707,0.0147977421727141,0.0151935649114591,0.0128310866064166,0.0122502517504852,0.0132747205059538,0.0151489203502623,0.0128189232773331,0.0144563778702541,0.0166239370110255,0.0157871606288582,0.0154956907365576,0.0159854799470299,0.0142343806598585,0.0147083066923349,0.0132861543189726,0.0142696623232508,0.0138449471170682,0.0132088455016848,0.013449221342761,0.0134143018973133,0.016686335016333,0.0157518892089026,0.0135121854153415,0.0151116296757629,0.013247133322168,0.0130287320733645,0.0151490198486527,0.0136569591336597,0.0139911647112925,0.0136472772820171,0.0145054262192866,0.014385808082864,0.0138191361697898,0.014328523780574,0.0140149015257418,0.013755314899375,0.0139380750656684,0.0147034832186147,0.0142153272100515,0.014439575980476,0.0151042290464557,0.0130220741254173,0.0136025200693523,0.0134271508976191,0.0146525227955303,0.0123742132544556,0.0146049285334367,0.0145808774331235,0.011160883096447,0.0133478164579537,0.0127520462372333,0.0127020178657188,0.0132237064068305,0.0138936110404583,0.0135874535075199,0.0133733301711547,0.0126062152353912,0.0124331423477974,0.0129634354740214,0.0138964828909387,0.0127888672799235,0.0131522195324794,0.012824594085458,0.0129960192441608,0.0131212351868027,0.0121169438507429,0.0121986865498685,0.0116259977967706,0.0128247308475675,0.0137187066971643,0.0135011913645262,0.0144371732862892,0.0145412610478724,0.0144931376655503,0.0144199545242964,0.0137081611157718,0.0125679116162569,0.0111709307756817,0.012462135752292,0.0121139059883455,0.0128500907046195,0.0127114305009898
"Chi.KUNA.CUNA",0,0,0,0,0,0,0,0,0,0,0,0,0,0,0,0,0,0,0,0,0,0,0,0,0,0,0,0,0,0,0,0,0,0,0,0,0,0,0.0349686155102245,0.065280144612982,0.0687656671051567,0.0694073261651946,1,0.0152194318197937,0.0164858280835459,0.0206214645023509,0.0166149159111949,0.0180752129301632,0.0151467802763264,0.016237645594891,0.0139775956849258,0.0134258777947272,0.0156717709220301,0.0155184517953888,0.0158909914853596,0.0137345456729929,0.0160751902525707,0.0150240272701958,0.0178468129544908,0.0132310807751017,0.0127970745871473,0.0159841179562869,0.0157499214935152,0.0149521849749237,0.0145268786832683,0.0146218082647762,0.014337589713178,0.0143750096982559,0.0138656002411826,0.014118137591812,0.0142255804600871,0.0140590063202854,0.0139042785764563,0.0140477460915469,0.0141251113330162,0.0140885346236074,0.013892923962595,0.0140481646725229,0.0140022894449506,0.0140760232627925,0.0137537521486554,0.0136346437187819,0.0136244802814756,0.0150163101652849,0.015419215898925,0.0152458310121506,0.0145133438984002,0.0174541203704434,0.016059901163628,0.0165843225642093,0.0138075841134491,0.0131504572042272,0.0140817327858971,0.0118600651315757,0.0165847368131099,0.016345036300408,0.0167306216661021,0.0156117361712625,0.0143458962789592,0.0131912080079624,0.0146313337066503,0.0137744956122331,0.013782886407487,0.0135333729229791,0.0140510038363266,0.0132253238543926,0.0136682905712902,0.0145325988855616,0.0153748723606009,0.0144353029354308,0.0145498282306539,0.0147496453571519,0.0141503287097127,0.0146355006848905,0.0145843117301926,0.0146573782238328,0.0171865203922463,0.0154016739707997,0.0156914362553732,0.0161111642923231,0.0136060065935607,0.0129900928270975,0.0140764332960982,0.0160638234697847,0.0135931086730037,0.0153294556147193,0.0176279222111898,0.0167406095990677,0.0164315366890241,0.0169509062039807,0.0150940511161724,0.015596599413174,0.0140885576422347,0.0151314635785361,0.0146810981439503,0.0140065798401964,0.0142614729275035,0.0142244445588564,0.017694088678433,0.0167032079987823,0.0143282396490577,0.0160242806642,0.0140471800133482,0.0138155886507136,0.0160639289772758,0.0144817568239029,0.0148361463960691,0.0144714902470082,0.0153814661872304,0.015254623839205,0.0146537283716444,0.0151938799116973,0.0148613167704743,0.0145860526826938,0.0147798504571072,0.015591484630829,0.0150738469532939,0.0153116389924707,0.0160164330816656,0.0138085286029992,0.0144240299695348,0.0142380695610284,0.0155374465065636,0.0131215408557879,0.0154869778390436,0.0154614741978102,0.0118349328983781,0.0141539438012783,0.0135221926643704,0.0134691428819496,0.0140223382540861,0.0147327010738366,0.0144080534785389,0.0141809983883673,0.0133675543524742,0.013184028909774,0.0137463485318951,0.0147357463667077,0.0135612374752264,0.0139465340051078,0.013599121963624,0.0137809001645789,0.0139136783924457,0.0128487339368879,0.0129354134003966,0.0123281377120842,0.0135992669853372,0.0145472335665944,0.0143165816241007,0.0153090911900943,0.0154194652226179,0.0153684354792093,0.0152908325190718,0.0145360510958995,0.0133269374265283,0.0118455873966377,0.0132147733404543,0.0128455126059845,0.0136261584242968,0.0134791239834329
"Tup.TUPI_GUARANI.GUARANI_ANTIGO",0,0,0,0,0,0,0,0,0,0,0,0,0,0,0,0,0,0,0,0,0,0,0,0,0,0,0,0,0,0,0,0,0,0,0,0,0,0,0.0130554696193095,0.0134991676955752,0.014219932836454,0.0143526203987471,0.0152194318197938,1,0.13868608718777,0.173476892359865,0.139772031165195,0.152056696434441,0.127421423987382,0.136598266176556,0.11758572538857,0.0665033923072927,0.0776281406484358,0.0768686936921073,0.0787140220595305,0.0680323397113145,0.0796264274207033,0.0744196241662273,0.0884019370274248,0.0655384898394979,0.063388694926821,0.0791753122876229,0.0780152496474877,0.0740637624177602,0.07195706134412,0.0724272830530544,0.0710194423049905,0.0712047974814501,0.0686815019854867,0.0699324139003673,0.0704646185970555,0.069639514604836,0.068873090240931,0.0695837384819847,0.0699669574478537,0.0697857793310621,0.0688168465932785,0.0695858118700553,0.0693585747163234,0.0697238058832705,0.0681274765660779,0.0675374879813392,0.0674871446765139,0.0743813984603769,0.0763771411951758,0.0755183010268373,0.0718900184943606,0.0864567838409922,0.0795506948469736,0.0821483501117109,0.0683941264140867,0.0651391311498791,0.0697520872858511,0.0587473367696663,0.0366741989813414,0.0361441438832218,0.0369967974155094,0.0345225809273318,0.0317234008974048,0.0291700129305556,0.0323545950573021,0.0304598498392403,0.0304784045922172,0.0299266498503429,0.0310712986517635,0.0292454540638397,0.0302249962598165,0.03213626054191,0.0339987986917996,0.0319211078340085,0.0321743601775781,0.032616220252878,0.0312909379629812,0.0323638095893657,0.0322506143103936,0.0324121878799248,0.0380049364524062,0.0340580656911212,0.0346988235036503,0.0356269774875579,0.0300872663085763,0.0287252824386387,0.0311275313841945,0.0355222916691889,0.0300587448487375,0.0338983676271216,0.0389810181545808,0.0370188839547847,0.0363354241247969,0.037483917534792,0.0333778124010666,0.0344891086760487,0.0311543422216374,0.0334605434148035,0.0324646402691315,0.0309730628767863,0.0315367136544991,0.0314548319957775,0.0391273335416089,0.0369361769606042,0.0316843563972934,0.0354348497799003,0.0310628429465955,0.0305507197931604,0.0355225249802608,0.0320238323552643,0.0328075019324785,0.0320011296444444,0.0340133797679169,0.0337328904503496,0.0324041168802509,0.0335985660465663,0.0328631617436513,0.0322544641175486,0.0326830134651245,0.0344777982435963,0.0333331344843768,0.0338589693323592,0.0354174962453443,0.0305351077519436,0.0318961796727093,0.0314849612674331,0.0343583025323156,0.0290159564007413,0.0342467000404696,0.0341903032689151,0.0261708514845315,0.0312989320957133,0.0299019266947391,0.0297846165258567,0.0310079098094289,0.0325787509806848,0.0318608505012905,0.0313587585084831,0.0295599715413636,0.0291541376303663,0.0303976075717451,0.0325854851048358,0.0299882673571601,0.0308402821803633,0.0300720421726097,0.0304740123689063,0.0307676278301613,0.0284126923670716,0.0286043686009568,0.0272614863061897,0.0300723628623638,0.0321686225389844,0.0316585767462914,0.0338533353200518,0.0340974078836843,0.0339845646721926,0.0338129595129613,0.032143894491745,0.0294701544257267,0.026194412014531,0.0292221234766925,0.0284055689660874,0.0301318285020306,0.0298066879585226
"Car.CARIBAN.TIRIYO",0,0,0,0,0,0,0,0,0,0,0,0,0,0,0,0,0,0,0,0,0,0,0,0,0,0,0,0,0,0,0,0,0,0,0,0,0,0,0.0141418043881226,0.0146224222122916,0.0154031616210839,0.0155468900050794,0.0164858280835459,0.13868608718777,1,0.305757279349855,0.246351634485243,0.179629943154221,0.150527426178509,0.16136835380242,0.138908168220026,0.072037084270436,0.0840875136686134,0.0832648737626795,0.0852637503687998,0.0736932541163238,0.08625207622123,0.0806120191984375,0.0957577886837518,0.0709918930708037,0.0686632155114233,0.0857634241731175,0.0845068336855186,0.0802265464898499,0.0779445485720115,0.0784538970382638,0.076928911032452,0.0771296894589852,0.0743964326434229,0.0757514318983596,0.0763279209052255,0.0754341606960509,0.0746039627982591,0.0753737434884061,0.0757888497857025,0.0755925959884981,0.0745430391634631,0.0753759894013736,0.0751298440330724,0.075525465781659,0.073796307229647,0.0731572261854645,0.0731026938561151,0.0805706127633954,0.0827324195913015,0.0818021160468513,0.077871927142483,0.0936507809184564,0.0861700420030268,0.0889838460018779,0.0740851447897364,0.0705593040767675,0.0755561004562268,0.0636356538022206,0.0397258285767164,0.0391516680347281,0.0400752701582871,0.0373951761739293,0.0343630787017849,0.0315972254458622,0.0350467940027642,0.0329943886109636,0.0330144872895037,0.0324168214944514,0.033656715570636,0.0316789439731025,0.0327399930605232,0.0348102920539348,0.0368278104542072,0.0345772366681509,0.0348515619285995,0.0353301888132708,0.0338946308862665,0.0350567752683772,0.0349341611043861,0.0351091790762575,0.0411672956059766,0.0368920090112501,0.0375860837484427,0.0385914686534073,0.0325908027145901,0.0311154892995943,0.0337176273819639,0.0384780720151588,0.0325599080077993,0.0367190226041657,0.0422245962547839,0.0400991945001261,0.0393588645461172,0.0406029231375582,0.0361551524106954,0.0373589187244558,0.0337466691268919,0.0362447674032782,0.0351659959851456,0.0335503056785255,0.0341608573686644,0.0340721624052215,0.0423830864234763,0.0400096055257471,0.0343207853412925,0.0383833541589878,0.0336475562732735,0.0330928197781731,0.038478324739851,0.0346885088113847,0.0355373868823423,0.0346639170268792,0.0368436048095412,0.0365397762091416,0.0351004364954134,0.0363942747834368,0.0355976781001106,0.0349383312507925,0.0354025398331566,0.0373466671603259,0.0361067568817164,0.0366763460100636,0.0383645566512543,0.0330759086719911,0.0345502342552827,0.034104798708513,0.0372172283102939,0.0314303500003306,0.0370963394679209,0.0370352499679105,0.0283485062703113,0.0339032902041346,0.0323900411456321,0.0322629696951636,0.0335880521954511,0.0352896017541015,0.0345119653728933,0.0339680947229534,0.0320196321883476,0.0315800291751475,0.0329269672161569,0.0352968962191225,0.0324835661427638,0.0334064764107866,0.0325743117909316,0.0330097295929442,0.0333277765525308,0.0307768888681527,0.0309845143220428,0.0295298919084008,0.0325746591650134,0.0348453468658703,0.0342928605869714,0.0366702431962779,0.0369346248349356,0.0368123920336671,0.0366265077518599,0.0348185612183865,0.0319223414652194,0.0283740272524168,0.0316536720672028,0.0307691727348972,0.0326390728910994,0.0322868776733849
"Arw.NORTHERN_ARAWAKAN.CARIB_1665",0,0,0,0,0,0,0,0,0,0,0,0,0,0,0,0,0,0,0,0,0,0,0,0,0,0,0,0,0,0,0,0,0,0,0,0,0,0,0.0176894187972228,0.0182906044549932,0.0192672002269743,0.0194469843272041,0.0206214645023509,0.173476892359865,0.305757279349855,1,0.371382160317544,0.224691927972437,0.188288750788837,0.201849234559266,0.173754684661235,0.0901083141597423,0.105181715435873,0.104152708004007,0.10665302298781,0.0921799509324759,0.107889280358648,0.100834358088602,0.11977959676387,0.0888009261952335,0.0858880763593122,0.107278045010743,0.105706226112554,0.10035218565926,0.0974977255242481,0.0981348491957386,0.0962273050538209,0.096478450775747,0.0930595288925216,0.0947544433908887,0.0954755504854693,0.0943575815042506,0.0933191200819623,0.0942820080300845,0.0948012479330496,0.094555761889401,0.0932429131382811,0.094284817352995,0.0939769239339251,0.094471791392417,0.0923088559597199,0.0915094549833209,0.0914412426685855,0.100782564431283,0.103486682327981,0.102323002746884,0.0974068862759226,0.1171440248279,0.107786667028576,0.111306342169237,0.0926701513379166,0.0882598178845428,0.0945101110843936,0.0795993000361394,0.0496914537546865,0.0489732592439067,0.0501285562850227,0.0467761336659515,0.0429834039302885,0.0395237084605384,0.0438386361174378,0.0412713641116299,0.0412965047466018,0.0405489084527135,0.0420998424761147,0.0396259269053828,0.0409531508689357,0.043542805266976,0.0460664385272052,0.0432512855846968,0.0435944281063688,0.0441931233773678,0.0423974412507093,0.0438511212843025,0.0436977481193384,0.0439166711164685,0.0514945273415612,0.0461467419404432,0.0470149323329707,0.0482725281919024,0.0407665346184713,0.0389211239382798,0.0421760346302914,0.0481306848620753,0.0407278896625633,0.045930360146638,0.0528170625328297,0.0501584822895567,0.0492324330920731,0.0507885763414286,0.0452250374221953,0.0467307806692156,0.0422123617901456,0.0453371332404374,0.0439877411205854,0.0419667385882338,0.0427304533340898,0.042619508343586,0.0530153115604854,0.0500464190164475,0.0429305008533148,0.0480122060753943,0.0420883854765349,0.0413944877309135,0.0481310009853081,0.0433904714684855,0.0444522991739768,0.0433597105865535,0.0460861950560376,0.0457061479837165,0.0439057353709528,0.0455241460563637,0.0445277150524339,0.0437029643890735,0.0442836243810615,0.0467154556765295,0.0451645013861615,0.0458769776980344,0.0479886930230627,0.0413733343030081,0.0432175093439392,0.0426603317930605,0.0465535457841278,0.0393149706246891,0.0464023307551289,0.0463259163372697,0.0354600152801156,0.0424082728458907,0.0405154099830133,0.0403564613762573,0.0420139542000263,0.0441423546446312,0.0431696403260325,0.042489334232534,0.040052080199075,0.0395021983316982,0.0411870293792367,0.044151478999849,0.0406323966699216,0.041786828296555,0.0407459067801176,0.0412905535338257,0.0416883857842871,0.0384975821700368,0.0387572925652612,0.0369377634330133,0.0407463412964949,0.0435866539324055,0.0428955708924387,0.0458693439317954,0.0462000483737576,0.0460471522402054,0.0458146370095838,0.0435531488348174,0.0399303831157844,0.0354919384582469,0.0395943152867382,0.0384879303668507,0.0408269138561028,0.0403863669121949
"Arw.NORTHERN_ARAWAKAN.GUINAU",0,0,0,0,0,0,0,0,0,0,0,0,0,0,0,0,0,0,0,0,0,0,0,0,0,0,0,0,0,0,0,0,0,0,0,0,0,0,0.0142525379708246,0.0147369191431575,0.0155237719211862,0.0156686257315034,0.0166149159111949,0.139772031165195,0.246351634485243,0.371382160317544,1,0.181036486945954,0.151706090565187,0.162631905147131,0.13999585114304,0.0726011512176048,0.084745938251041,0.0839168568853359,0.085931385155268,0.0742702892545073,0.0869274498265584,0.0812432298593752,0.0965075942051371,0.0715477759303576,0.069200864289807,0.0864349715204596,0.0851685416401734,0.0808547388107736,0.0785548723241002,0.0790682091060557,0.0775312821088852,0.0777336326767017,0.0749789738312905,0.0763445830422088,0.0769255860906614,0.0760248275333748,0.0751881289949964,0.0759639372450908,0.0763822939202202,0.0761845034106215,0.0751267283141201,0.0759662007440737,0.0757181280008952,0.0761168475588146,0.0743741492974226,0.0737300641015974,0.0736751047715602,0.0812014992024183,0.0833802334752665,0.0824426454399799,0.0784816822520666,0.0943840880841703,0.0868447732615488,0.0896806099932297,0.0746652485220754,0.0711117996649498,0.076147722109934,0.0641339356154677,0.0400368909562666,0.0394582346051074,0.0403890687458352,0.0376879890088308,0.0346321495157267,0.0318446389923258,0.0353212184648507,0.0332527422665282,0.0332729983223465,0.0326706526665828,0.033920255398711,0.0319269973944397,0.0329963547403858,0.0350828646513376,0.0371161806849599,0.0348479843882518,0.035124457678618,0.035606832321939,0.0341600336460125,0.0353312778860703,0.0352077036249589,0.0353840920278257,0.0414896450040794,0.037180881931478,0.0378803914335847,0.0388936487337166,0.0328459961997121,0.0313591307411745,0.0339816441635388,0.0387793641736955,0.0328148595802576,0.037006541001018,0.0425552245602752,0.0404131804207764,0.0396670535128612,0.0409208533693587,0.0364382555741739,0.0376514476551843,0.0340109133120127,0.0365285722727709,0.0354413538261852,0.033813012292658,0.0344283447430322,0.0343389552776148,0.0427149557434606,0.0403228899441115,0.034589524988489,0.038683904654914,0.0339110243819424,0.0333519441724281,0.0387796188772802,0.0349601278179733,0.0358156527995721,0.034935343474136,0.0371320987137308,0.0368258910654723,0.0353752809905616,0.0366792503301211,0.03587641611145,0.0352119064245714,0.0356797498669601,0.0376391001584879,0.036389481097066,0.0369635302393633,0.0386649599583693,0.0333349006483931,0.034820770540277,0.0343718471306715,0.0375086477724734,0.031676456873654,0.0373868123426455,0.0373252444977919,0.028570481598028,0.0341687607683322,0.0326436626214694,0.0325155961723018,0.0338510543734975,0.0355659274567564,0.034782202003732,0.0342340727214464,0.0322703532768101,0.0318273080708543,0.0331847929466851,0.0355732790391171,0.0327379199408508,0.0336680568086544,0.0328293761483264,0.033268203371928,0.0335887407123979,0.0310178789904353,0.0312271301994086,0.0297611177575268,0.0328297262424272,0.0351181939505174,0.0345613815769154,0.0369573796391413,0.0372238314468697,0.0371006415346389,0.036913301736129,0.0350911985652498,0.032172300744931,0.0285962024152964,0.0319015276037012,0.0310101024380807,0.0328946443428115,0.0325396913554943
"Gmo.GUAMO.GUAMO",0,0,0,0,0,0,0,0,0,0,0,0,0,0,0,0,0,0,0,0,0,0,0,0,0,0,0,0,0,0,0,0,0,0,0,0,0,0,0.0155052038779391,0.0160321576630847,0.0168881675028923,0.017045752619737,0.0180752129301632,0.152056696434441,0.179629943154221,0.224691927972437,0.181036486945954,1,0.187028864084034,0.200498611296165,0.172592048995617,0.0789821190939036,0.0921943202747074,0.0912923703460019,0.0934839569677748,0.0807979588843728,0.0945675664859943,0.0883837563001423,0.104989716707522,0.0778361618880934,0.0752829784800059,0.094031803904119,0.092654066582447,0.0879611204913022,0.0854591170698128,0.0860175713941274,0.0843455627676345,0.0845656980737277,0.081568930262991,0.0830545638586511,0.0836866316867392,0.082706704806059,0.0817964682258452,0.082640462826142,0.0830955891731026,0.0828804147120537,0.0817296709945604,0.0826429252656934,0.0823730492290593,0.0828068125383252,0.0809109472618442,0.0802102529506643,0.0801504632052192,0.0883383579054562,0.0907085827149265,0.0896885893866929,0.085379494269225,0.102679574092288,0.0944776234176772,0.0975627038980288,0.0812276314086391,0.0773618673522761,0.082840400676152,0.0697707137667718,0.0435557623622184,0.0429262474843522,0.0439388933133319,0.0410004137177291,0.037675994273569,0.0346434874270197,0.0384256259927755,0.0361753499200293,0.0361973862952958,0.035542100042649,0.0369015312658978,0.0347330843688732,0.0358964283081215,0.0381663230895894,0.0403783487452399,0.0379107990296989,0.0382115717582268,0.0387363426590692,0.0371623837973918,0.0384365695438275,0.0383021342512137,0.0384940255588356,0.0451362000177398,0.0404487366312763,0.0412097265312452,0.0423120397509339,0.0357328546461739,0.0341153075032803,0.0369683155338238,0.0421877106379819,0.0356989814066358,0.0402590727498971,0.0462954341345547,0.0439651241808845,0.0431534196374746,0.0445174168733999,0.0396408403044114,0.0409606607179879,0.0370001571690014,0.0397390950032023,0.0385563201382151,0.036784862485414,0.0374542769514757,0.0373570309810616,0.0464692042073672,0.0438668980086905,0.0376296234456944,0.0420838611128077,0.0368914889283654,0.036283270753442,0.0421879877276495,0.0380327988268552,0.0389635165200488,0.038005836169049,0.0403956658211132,0.0400625453603959,0.0384844401131112,0.0399030162643791,0.0390296203635112,0.0383067064379346,0.0388156689800476,0.0409472279908447,0.0395877790031088,0.0402122817411822,0.0420632513531331,0.036264729261709,0.0378811933368731,0.0373928137229572,0.0408053100499377,0.0344605236598668,0.0406727664157509,0.0406057873283256,0.0310815619628694,0.0371718779528266,0.0355127378228806,0.0353734155205417,0.0368262481123504,0.038691842635596,0.0378392349836571,0.0372429302209051,0.0351066180489617,0.0346246332782807,0.0361014284851458,0.0386998403538663,0.0356152794864768,0.0366271667587089,0.0357147738464087,0.0361921699132047,0.0365408795131827,0.0337440628884793,0.0339717053380891,0.0323768439986208,0.0357151547105341,0.0382047575065171,0.0375990064892505,0.0402055905602424,0.0404954610107497,0.0403614438477184,0.0401576386183415,0.0381753894772444,0.0349999476088867,0.0311095434014362,0.03470537601974,0.0337356028492939,0.0357857785098804,0.0353996284468739
"Sch.SECHURA.SECHURA",0,0,0,0,0,0,0,0,0,0,0,0,0,0,0,0,0,0,0,0,0,0,0,0,0,0,0,0,0,0,0,0,0,0,0,0,0,0,0.0129931479748641,0.0134347280121349,0.014152052505519,0.0142841066699091,0.0151467802763264,0.127421423987382,0.150527426178509,0.188288750788837,0.151706090565187,0.187028864084034,1,0.168021588501136,0.144635367035403,0.0661859314352873,0.0772575746311635,0.076501752974006,0.078338272474207,0.0677075802495787,0.079246322373327,0.0740643743366704,0.0879799411706417,0.0652256350299534,0.063086102387274,0.0787973606853349,0.0776428357250765,0.0737102113313359,0.0716135668147628,0.0720815438713784,0.0706804235978049,0.0708648939620179,0.0683536436800005,0.069598584236526,0.0701282483986454,0.0693070831262983,0.0685443173689463,0.0692515732565806,0.0696329628867894,0.0694526496426148,0.0684883422062057,0.0692536367471173,0.069027484333614,0.0693909720315331,0.0678022629586538,0.0672150907458938,0.0671649877600792,0.0740263311052094,0.0760125469541322,0.0751578065488178,0.0715468440010317,0.0860440733756054,0.0791709513169283,0.0817562064036161,0.0680676399258315,0.0648281827206476,0.0694191184298919,0.0584669002368543,0.0364991308715084,0.0359716060466249,0.0368201893484403,0.0343577837904515,0.0315719659380371,0.029030766834679,0.0322001470268495,0.0303144465724951,0.0303329127524254,0.0297837918692975,0.0309229765704063,0.0291058478418533,0.0300807140911014,0.0319828547540144,0.0338365018839922,0.0317687290999803,0.0320207725171022,0.0324605233272963,0.0311415674104882,0.0322093175723843,0.0320966626428699,0.032257464924133,0.0378235159286088,0.0338954859661177,0.0345331850544696,0.035456908398633,0.0299436416081333,0.0285881593101006,0.0309789408700303,0.0353527223089249,0.0299152562984546,0.0337365502374651,0.0387949382030825,0.0368421704553192,0.0361619731920378,0.0373049841490816,0.0332184799360171,0.0343244713224473,0.0310056237231473,0.0333008160246403,0.032309666926395,0.0308252097341359,0.0313861698661359,0.0313046790780433,0.0389405551383664,0.0367598582715924,0.031533107820915,0.0352656978326052,0.0309145612294279,0.0304048827492227,0.0353529545062621,0.0318709632550314,0.03265089190387,0.0318483689179669,0.0338510133558236,0.0335718629832371,0.0322494324522169,0.0334381797909902,0.0327062860171351,0.0321004940725693,0.0325269976951851,0.0343132148815226,0.0331740152940175,0.0336973400145676,0.0352484271369545,0.0303893452337112,0.0317439199358563,0.0313346645244815,0.0341942895954697,0.0288774457097605,0.0340832198497461,0.0340270922940565,0.0260459221982927,0.0311495233823949,0.0297591867322528,0.0296424365556838,0.030859890321315,0.0324232329185777,0.0317087594119181,0.0312090642075502,0.0294188639374294,0.0290149673168891,0.0302525014249487,0.0324299348966855,0.0298451152385261,0.0306930628802014,0.0299284901461659,0.0303285414958502,0.0306207553531098,0.0282770614198081,0.0284678226672206,0.0271313507609992,0.029928809305074,0.032015062267724,0.0315074512317629,0.0336917328968049,0.0339346403546256,0.0338223358119608,0.0336515498278362,0.0319904522623946,0.0293294755731519,0.0260693702596476,0.0290826286256946,0.0282699720231207,0.0299879910793143,0.0296644026280664
"Hur.HUARPE.ALLENTIAC",0,0,0,0,0,0,0,0,0,0,0,0,0,0,0,0,0,0,0,0,0,0,0,0,0,0,0,0,0,0,0,0,0,0,0,0,0,0,0.0139289095193099,0.0144022919818646,0.0151712779107296,0.0153128425654997,0.016237645594891,0.136598266176556,0.16136835380242,0.201849234559266,0.162631905147131,0.200498611296165,0.168021588501136,1,0.240934259494698,0.0709526168867487,0.0828216355882814,0.0820113799446416,0.0839801648763791,0.0725838542662839,0.0849536121817072,0.0793984622306722,0.0943162228622966,0.0699231603018249,0.0676295393370561,0.0844723164447714,0.0832346430387319,0.0790187925412379,0.0767711484890036,0.0772728290741336,0.0757708006546905,0.0759685565039341,0.073276446937705,0.074611047636651,0.0751788580090146,0.0742985527280273,0.0734808528727546,0.0742390450587372,0.0746479022241491,0.074454602889138,0.0734208464002161,0.0742412571610725,0.0739988173373012,0.0743884832801113,0.0726853559878299,0.0720558958570279,0.0720021844733503,0.0793576791402413,0.0814869414944441,0.0805706430122629,0.0766996203237636,0.092240934609552,0.0848728129306725,0.0876442570992814,0.0729698453026194,0.0694970836293148,0.0744186567713079,0.0626776640156123,0.0391277843080218,0.0385622673471431,0.0394719652935876,0.0368322182297179,0.0338457668417537,0.0311215515515328,0.0345191892921665,0.0324976814127799,0.0325174775199215,0.0319288091609487,0.0331500375082456,0.031202039864109,0.0322471156075297,0.0342862477130034,0.0362733937998592,0.0340567008113153,0.0343268962988769,0.0347983177941209,0.0333843711769717,0.034529020296881,0.034408252002458,0.0345806352024758,0.0405475510700693,0.0363366258930051,0.0370202518256416,0.0380105013715266,0.0321001712167983,0.0306470676024279,0.03321003233531,0.0378988118395115,0.0320697416079801,0.0361662436740024,0.0415889348049704,0.0394955294713714,0.0387663446615118,0.0399916748302317,0.0356108621477186,0.0367965066105174,0.0332386368772965,0.035699128049933,0.0346365967729621,0.0330452295418441,0.0336465898078615,0.0335592300843984,0.0417450390162033,0.0394072891956749,0.0338041101779081,0.0378055198937131,0.0331410160976306,0.0325946307683439,0.0378990607596121,0.0341662978310864,0.0350023966427221,0.0341420762585137,0.036288950382338,0.0359896957067536,0.0345720242350065,0.0358463847021639,0.0350617802188243,0.034412359370258,0.0348695796205442,0.0367844394850253,0.0355631951792195,0.0361242095458582,0.0377870053691714,0.0325779742469117,0.034030104900686,0.0335913750712132,0.0366569492453857,0.0309571882978764,0.0365378802990833,0.0364777104583139,0.027921739546786,0.0333929001349302,0.0319024319713509,0.0317772734917478,0.0330824078116389,0.0347583417444381,0.0339924121292703,0.0334567290675259,0.0315375992590918,0.0311046141585185,0.0324312749994146,0.0347655263964443,0.0319945490157597,0.0329035655220642,0.0320839285523387,0.0325127914471206,0.0328260504345448,0.0303135645611391,0.0305180643605827,0.0290853402591662,0.0320842706969492,0.034320774799524,0.0337766058110245,0.0361181986056202,0.0363786001655883,0.0362582074927417,0.0360751215674032,0.0342943923910294,0.0314417731790295,0.0279468763285457,0.0311771484088889,0.0303059645888156,0.0321477147199204,0.0318008215522565
"Pan.PANOAN.SHARANAHUA",0,0,0,0,0,0,0,0,0,0,0,0,0,0,0,0,0,0,0,0,0,0,0,0,0,0,0,0,0,0,0,0,0,0,0,0,0,0,0.0119902029179702,0.0123976972574209,0.0130596512542771,0.013181512117423,0.0139775956849258,0.11758572538857,0.138908168220026,0.173754684661235,0.13999585114304,0.172592048995617,0.144635367035403,0.240934259494698,1,0.061077019191899,0.0712940388710971,0.0705965593182862,0.0722913173178732,0.0624812114699011,0.0731292745681988,0.0683473226817054,0.0811887426655825,0.0601908483591165,0.0582164668939801,0.0727149683698985,0.0716495615436128,0.0680204976268215,0.0660856937402504,0.0665175475050679,0.0652245801329477,0.065394811173458,0.0630774050669896,0.0642262482820771,0.0647150275059014,0.0639572482314962,0.0632533605957037,0.0639060231855603,0.0642579732338364,0.0640915784240002,0.0632017061728553,0.0639079273946327,0.0636992317549357,0.0640346617265382,0.0625685855917713,0.0620267373812833,0.0619805018602321,0.0683122160188894,0.0701451152603622,0.0693563525277485,0.066024121280871,0.0794023050963535,0.0730597214266422,0.0754454198843268,0.0628134780298758,0.0598240755148442,0.0640606354958192,0.0539538223670493,0.0336817518222342,0.0331949467995517,0.0339780276973642,0.0317056959757722,0.0291349162534469,0.0267898730842955,0.0297146078523314,0.0279744651914491,0.0279915059613158,0.0274847718867146,0.0285360225731354,0.0268591585656159,0.0277587745916151,0.0295140884363408,0.0312246519787359,0.0293164912068796,0.0295490793157256,0.0299548856266958,0.0287377403195708,0.0297230705206581,0.0296191114595283,0.0297675013636337,0.0349039071926556,0.0312790830615637,0.031867557962699,0.0327199788200625,0.0276322827754334,0.0263814305695961,0.0285876669713945,0.0326238348864102,0.0276060885364702,0.0311324156303033,0.0358003450853441,0.0339983120758958,0.0333706194469217,0.0344254010394143,0.0306543353335074,0.0316749549073382,0.0286122901669374,0.0307303158743259,0.0298156738774122,0.0284458023887892,0.0289634618370293,0.0288882613477356,0.03593472180496,0.0339223535947476,0.0290990576062426,0.0325435278559722,0.028528256814895,0.0280579205720995,0.0326240491603642,0.0294108338763067,0.030130559594755,0.0293899836030146,0.0312380433056285,0.0309804406354817,0.0297600889206758,0.0308570764896362,0.0301816778195142,0.0296226471400001,0.0300162288178434,0.0316645673545232,0.0306133029307916,0.0310962320564758,0.0325275902905887,0.0280435824021514,0.0292935970697046,0.0289159322084135,0.0315548219475895,0.0266483868637938,0.0314523257094299,0.0314005306568907,0.024035429516184,0.0287450821675784,0.0274620660277064,0.0273543278328918,0.0284778059708615,0.029920473676005,0.029261150597338,0.0288000270182717,0.0271480128532612,0.0267752931361049,0.0279173016087436,0.0299266583263776,0.0275413616863604,0.028323855990833,0.0276183008594385,0.0279874721233695,0.0282571299038215,0.0260943464203833,0.0262703827488994,0.0250370735169287,0.0276185953823732,0.0295438098422394,0.0290753814570359,0.0310910577538442,0.0313152151108752,0.0312115793901272,0.0310539764282306,0.0295210994907308,0.0270655244040981,0.0240570676145279,0.0268377316478376,0.0260878042563895,0.0276732088974012,0.0273745983374445
"MZ.MIXE_ZOQUE.ULTERIOR_MIXE_C",0,0,0,0,0,0,0,0,0,0,0,0,0,0,0,0,0,0,0,0,0,0,0,0,0,0,0,0,0,0,0,0,0,0,0,0,0,0,0.0115169305751387,0.0119083404661408,0.0125441660879326,0.0126612169093641,0.0134258777947272,0.0665033923072927,0.072037084270436,0.0901083141597423,0.0726011512176048,0.0789821190939036,0.0661859314352873,0.0709526168867487,0.061077019191899,1,0.260288079497404,0.25774164481416,0.199811441575618,0.172696547778987,0.105171376223114,0.0982941787682673,0.11676215647402,0.0865638883380625,0.0837244178646592,0.104575538874661,0.103043316617302,0.0978241530363113,0.0950416013335353,0.0956626748371516,0.0938031847937949,0.0940480037518945,0.0907152099983089,0.0923674268801086,0.0930703681295931,0.091980562581362,0.0909682616690413,0.0919068929243062,0.0924130523407308,0.0921737504845291,0.0908939745005844,0.0919096314758637,0.091609494386192,0.0920918953391375,0.0899834477215216,0.089204184938764,0.0891376910017183,0.0982436898763049,0.100879686703051,0.0997453220783187,0.094953050471673,0.114192978825235,0.105071347887522,0.108502356762279,0.0903356414892591,0.086036411414202,0.0921292496965698,0.0775940659106116,0.032352279610243,0.0318846895545768,0.0326368610062632,0.0304542218248997,0.0279849148591585,0.0257324342664954,0.0285417251104127,0.0268702686427175,0.0268866367863465,0.0263999043100768,0.0274096604631132,0.0257989849398819,0.0266630916932536,0.0283491205140826,0.0299921653980521,0.0281593227609409,0.0283827302479124,0.0287725187395977,0.0276034160898831,0.0285498537437866,0.0284499981118278,0.0285925308308589,0.0335261945681026,0.030044447999635,0.0306096948622573,0.0314284693152185,0.026541592709854,0.0253401136262268,0.027459266374991,0.0313361203352497,0.0265164323990844,0.0299035697647113,0.0343872486341304,0.0326563447281741,0.0320534281236864,0.0330665758123268,0.029444360056151,0.0304246941552362,0.0274829176539181,0.0295173415244093,0.0286388018990479,0.0273230014126617,0.0278202280207295,0.0277479958141241,0.0345163212913088,0.0325833844488559,0.0279504716096825,0.0312589831507852,0.0274022012316781,0.0269504299070137,0.0313363261514705,0.0282499415754429,0.0289412585772667,0.028229914295536,0.0300050281480145,0.0297575934641856,0.0285854109687913,0.0296390986970092,0.0289903590845479,0.0284533942333787,0.0288314406176124,0.0304147166156204,0.0294049472675067,0.0298688144139818,0.0312436746664072,0.0269366576873943,0.0281373322917031,0.0277745744620053,0.030309303034112,0.0255965327317169,0.0302108524851786,0.0301611018655843,0.0230867129585154,0.0276104681434951,0.0263780946873678,0.0262746090901298,0.027353741762546,0.0287394650832274,0.0281061665331075,0.0276632442337102,0.0260764376902566,0.0257184298120046,0.0268153613973649,0.0287454056156321,0.026454260420498,0.0272058684326148,0.0265281626822789,0.0268827621703873,0.0271417761301809,0.0250643611441107,0.0252334490392942,0.0240488204805067,0.0265284455799257,0.0283776687689096,0.0279277299956694,0.029863844349289,0.0300791538596029,0.0299796088052677,0.0298282266824615,0.0283558548310262,0.025997205191127,0.0231074969667686,0.0257784037765621,0.025058077209715,0.0265809034128202,0.0262940794856896
"Iro.NORTHERN_IROQUOIAN.WYANDOT",0,0,0,0,0,0,0,0,0,0,0,0,0,0,0,0,0,0,0,0,0,0,0,0,0,0,0,0,0,0,0,0,0,0,0,0,0,0,0.0134434932641339,0.0139003785599922,0.0146425656738203,0.014779196863807,0.0156717709220301,0.0776281406484358,0.0840875136686134,0.105181715435873,0.084745938251041,0.0921943202747074,0.0772575746311635,0.0828216355882814,0.0712940388710971,0.260288079497404,1,0.789962251507417,0.233236082426097,0.201585384374691,0.122764540309656,0.114736918969302,0.136294236890919,0.101044374818241,0.0977299151248479,0.122069030744135,0.120280496944996,0.114188266902652,0.110940247403939,0.111665214651759,0.109494667411807,0.10978043990932,0.105890133365857,0.107818734600053,0.108639264505211,0.107367155287283,0.106185515751708,0.107281162102559,0.107871992329493,0.107592659839733,0.106098801757711,0.107284358761528,0.106934014464756,0.107497111890692,0.105035961225567,0.104126342651187,0.104048725547485,0.114677984249276,0.117754933038142,0.116430810860609,0.110836883672846,0.133295284853268,0.122647779142521,0.12665273032253,0.105447070289163,0.100428661071714,0.107540714919229,0.090574072284316,0.0377641985581248,0.0372183896099234,0.0380963849905718,0.0355486319290021,0.0326662570336736,0.0300369794255906,0.0333162110134515,0.0313651517778198,0.0313842579994982,0.0308161044690522,0.0319947735556806,0.0301146627565405,0.0311233180786036,0.0330913873439406,0.0350092822801135,0.032869840048916,0.0331306193448112,0.0335856120121908,0.032220940801057,0.033325699412057,0.033209139838578,0.0333755155613205,0.0391344870847152,0.0350703107631477,0.035730112638366,0.0366858524313097,0.030981494634043,0.0295790310294948,0.0320526775899056,0.036578055229437,0.0309521254834566,0.0349058662881287,0.0401395790631011,0.0381191279673189,0.0374153549213338,0.0385979828827467,0.0343698395591683,0.0355141648437282,0.0320802852764216,0.0344550294342427,0.0334295268961518,0.0318936180999435,0.032474021230161,0.0323897059539145,0.0402902431125231,0.0380339628256899,0.0326260520858966,0.0364880144661454,0.031986066537183,0.0314587224917856,0.0365782954747837,0.0329756176616586,0.0337825788043664,0.0329522402000364,0.0350242967226639,0.034735470938427,0.0333672046822089,0.0345971542581293,0.0338398928894513,0.0332131040664508,0.0336543903958958,0.0355025182521522,0.0343238337631618,0.0348652970305148,0.0364701451644876,0.0314426464426615,0.0328441709938544,0.032420730702343,0.0353794709902354,0.0298783441576727,0.0352645515433567,0.0352064785945759,0.0269486794353672,0.0322291725286525,0.0307906465126922,0.0306698497500194,0.0319295007236956,0.0335470291099261,0.0328077917986323,0.032290777051549,0.030438528056973,0.0300206322931332,0.0313010595982035,0.0335539633800293,0.0308795533193812,0.031756891007773,0.0309658180191615,0.0313797352342346,0.031682077286319,0.0292571504197516,0.0294545234928213,0.0280717291843327,0.0309661482401857,0.0331247111769676,0.0325995062338741,0.0348594955688506,0.0351108222511402,0.0349946252089941,0.0348179197461125,0.033099248183587,0.030346041472861,0.0269729402115464,0.030090638757381,0.029249815303058,0.0310273812673857,0.0306925771711714
"Iro.NORTHERN_IROQUOIAN.SENECA",0,0,0,0,0,0,0,0,0,0,0,0,0,0,0,0,0,0,0,0,0,0,0,0,0,0,0,0,0,0,0,0,0,0,0,0,0,0,0.0133119736894463,0.0137643892125594,0.0144993154060575,0.0146346099140045,0.0155184517953888,0.0768686936921074,0.0832648737626794,0.104152708004007,0.0839168568853359,0.0912923703460019,0.076501752974006,0.0820113799446416,0.0705965593182862,0.25774164481416,0.789962251507417,1,0.230954301213449,0.199613246367458,0.121563517643076,0.113614431644965,0.134960851310545,0.100055843568248,0.0967738096975656,0.120874812344902,0.119103776022048,0.113071147118212,0.109854903448493,0.110572778240341,0.10842346576759,0.108706442512795,0.104854195382309,0.106763928840914,0.107576431387258,0.106316767391715,0.10514668800097,0.106231615490344,0.106816665542539,0.106540065801591,0.105060822342103,0.106234780875951,0.10588786404643,0.106445452611498,0.104008379727524,0.103107660078868,0.103030802314146,0.113556073491546,0.116602920060098,0.115291751955006,0.109752550939238,0.131991238440083,0.121447898766769,0.125413668949287,0.104415466853657,0.0994461534354119,0.106488629065509,0.0896879734682937,0.0373947461222737,0.0368542768993445,0.0377236827283955,0.0352008546913327,0.032346678472708,0.0297431234551717,0.032990273861805,0.0310583021115329,0.0310772214143726,0.0305146262093717,0.0316817642114878,0.0298200467992308,0.0308188343052168,0.0327676496736947,0.0346667815754878,0.0325482698068409,0.0328064978624142,0.0332570392728977,0.0319057188310729,0.03299966943408,0.0328842501792094,0.0330489982249885,0.0387516289245725,0.0347272130083376,0.0353805599495367,0.0363269496064249,0.0306783983392485,0.0292896552322794,0.031739101762448,0.0362202069996538,0.0306493165111695,0.0345643773166154,0.0397468879475708,0.0377462032074206,0.0370493152715676,0.0382203734182424,0.0340335946121082,0.0351667248023744,0.0317664393591058,0.0341179510627209,0.0331024811593776,0.0315815983737208,0.0321563233389454,0.0320728329308381,0.0398960780295268,0.0376618712482825,0.0323068668555578,0.0361310471177417,0.0316731423749698,0.031150957410118,0.0362204448946466,0.032653012582405,0.0334520791113995,0.0326298638257592,0.0346816491296469,0.0343956489684498,0.0330407686523695,0.0342586854595791,0.0335088324847746,0.0328881756244864,0.0333251447880562,0.0351551921510325,0.033988038897238,0.0345242049537223,0.036113352633961,0.0311350386352308,0.0325228518757349,0.0321035541598138,0.0350333486776873,0.0295860401382651,0.034919553503829,0.0348620486908277,0.0266850367356542,0.0319138700265261,0.0304894173117591,0.0303698023207091,0.0316171299527465,0.0332188338325617,0.0324868285832673,0.0319748718637597,0.0301407436801363,0.0297269362489972,0.0309948369546731,0.0332257002637307,0.0305774543307246,0.0314462089018144,0.0306628750908827,0.0310727428959541,0.0313721270934601,0.0289709236255566,0.0291663657702496,0.027797099531866,0.0306632020813085,0.0328006474950029,0.0322805807053181,0.0345184602485689,0.0347673281667774,0.0346522678965449,0.0344772911679191,0.0327754336096476,0.030049161905211,0.026709060165267,0.0297962578302148,0.0289636602693354,0.0307238360572399,0.0303923073963215
"OM.POPOLOCAN.SAN_JUAN_CHIQUIHUITLAN",0,0,0,0,0,0,0,0,0,0,0,0,0,0,0,0,0,0,0,0,0,0,0,0,0,0,0,0,0,0,0,0,0,0,0,0,0,0,0.0136315441347816,0.0140948204538646,0.0148473894625021,0.01498593188298,0.0158909914853596,0.0787140220595306,0.0852637503687998,0.10665302298781,0.085931385155268,0.0934839569677748,0.0783382724742071,0.0839801648763791,0.0722913173178733,0.199811441575618,0.233236082426097,0.230954301213449,1,0.285814726578632,0.124481800714843,0.116341887044466,0.13820075399983,0.102457808238059,0.0990969850721052,0.123776562191471,0.121963009944262,0.115785560298564,0.112492106708978,0.113227214975912,0.111026305590479,0.111316075543558,0.107371350441003,0.109326929420797,0.110158937098883,0.108869033306191,0.107670864707887,0.108781837227775,0.109380932132377,0.109097692271455,0.107582937737341,0.108785078602391,0.108429833603938,0.109000807774342,0.106505229931974,0.105582887390578,0.105504184559852,0.116282127931166,0.119402117831991,0.118059473509696,0.112387297100743,0.135159851887847,0.124363406263955,0.128424379680261,0.106922089689666,0.101833481737107,0.109045020732703,0.0918410445523511,0.0382924534007195,0.037739009543503,0.0386292865382015,0.0360458948838933,0.0331232006238023,0.0304571440376918,0.0337822463187599,0.0318038951895156,0.0318232686736942,0.0312471676727536,0.0324423242707447,0.0305359140220682,0.0315586786613876,0.0335542777607916,0.0354990006802477,0.0333296314080369,0.0335940585484824,0.0340554157645368,0.0326716551988461,0.0337918674434049,0.0336736774061139,0.0338423804331442,0.0396819098582488,0.0355608828446238,0.036229914189791,0.0371990231046321,0.0314148713558094,0.0299927897474652,0.0325010382807576,0.0370897180091438,0.0313850913823639,0.0353941380800823,0.0407010613089685,0.038652347649268,0.0379387300538465,0.0391379009043304,0.0348506132781813,0.0360109456646036,0.0325290321503426,0.0349369948100567,0.0338971472917326,0.0323397538277607,0.0329282757788694,0.0328427810799241,0.0408538328839504,0.0385659911968153,0.0330824332793858,0.0369984177336406,0.0324334954563435,0.031898774793506,0.037089961615101,0.0334368886638887,0.0342551377763588,0.0334131841926176,0.0355142251484915,0.0352213591985682,0.0338339532994236,0.0350811077107287,0.0343132535848789,0.0336776970865754,0.0341251562370891,0.0359991361576571,0.034803963941852,0.0353530013297739,0.0369802984718223,0.0318824738686762,0.0333036032879572,0.032874239810119,0.0358743676805561,0.0302962897408607,0.0357578407123572,0.0356989554249703,0.0273256441521308,0.0326800020738599,0.0312213536042757,0.0310988671069524,0.032376138386427,0.0340162931552019,0.0332667152116578,0.0327424683358847,0.0308643096295067,0.0304405682375487,0.0317389064728206,0.0340233244235707,0.0313115040611139,0.0322011141635958,0.0313989754526061,0.0318186826428843,0.0321252539295145,0.0296664065930547,0.0298665405689272,0.028464403395565,0.0313993102928427,0.0335880677357425,0.0330555160974949,0.0353471187158455,0.0356019610172151,0.0354841385824339,0.0353049613203338,0.0335622485597849,0.0307705293204436,0.0273502442939787,0.0305115539693347,0.0296589688709554,0.0314613998625983,0.0311219124448282
"OM.ZAPOTECAN.ZAPOTEC_1578",0,0,0,0,0,0,0,0,0,0,0,0,0,0,0,0,0,0,0,0,0,0,0,0,0,0,0,0,0,0,0,0,0,0,0,0,0,0,0.0117817107689639,0.0121821193759111,0.0128325629577816,0.0129523048381705,0.0137345456729929,0.0680323397113145,0.0736932541163238,0.0921799509324759,0.0742702892545073,0.0807979588843728,0.0677075802495787,0.0725838542662839,0.0624812114699011,0.172696547778987,0.201585384374691,0.199613246367458,0.285814726578632,1,0.107589320587677,0.100554012804459,0.119446578874671,0.0885540369269489,0.0856492855579629,0.106979784630243,0.105412335790276,0.100073180937691,0.097226656931324,0.097862009236188,0.0959597685544661,0.0962102160271039,0.0928007996204341,0.094491001823353,0.0952101040559286,0.0940952433141795,0.0930596690800285,0.0940198799535847,0.0945376762369256,0.0942928727072134,0.0929836740111258,0.0940226814658597,0.0937156440691783,0.09420913566967,0.0920522137502234,0.0912550353128291,0.0911870126457607,0.100502363146742,0.103198962904639,0.102038518650161,0.0971360702393232,0.116818334502215,0.107486992548886,0.110996882093188,0.0924125046349381,0.0880144330356445,0.0942473488231101,0.0793779936400925,0.0330960752604815,0.0326177350674621,0.0333871993300644,0.0311543801444262,0.0286283025336996,0.0263240362465737,0.0291979141407742,0.0274880300239237,0.0275047744796451,0.0270068517718666,0.0280398227414005,0.0263921169543807,0.0272760899691795,0.0290008814651034,0.0306817008012156,0.0288067201633984,0.0290352639041066,0.0294340138349276,0.0282380329102966,0.0292062296556358,0.0291040782910239,0.0292498879110249,0.0342969791307122,0.0307351854068646,0.0313134275873684,0.0321510260887113,0.027151797661277,0.0259226959517631,0.0280905691188629,0.0320565539579033,0.0271260589019426,0.0305910683084169,0.0351778292753053,0.0334071309928246,0.0327903530235961,0.0338267935018927,0.0301213011310201,0.0311241736183569,0.0281147641529319,0.0301959604810008,0.0292972227750164,0.0279511713545339,0.0284598294596312,0.0283859365972164,0.0353098693796662,0.0333324933189286,0.0285930674160941,0.0319776433496502,0.0280321920183746,0.0275700342371687,0.0320567645059455,0.0288994223513401,0.0296066330887859,0.0288789346339043,0.0306948592724559,0.0304417359372007,0.0292426043596439,0.0303205169140069,0.0296568624421386,0.0291075524911667,0.0294942903574095,0.031113966689942,0.0300809822219691,0.0305555139141885,0.0319619829152943,0.0275559453870934,0.028784224121893,0.0284131263019667,0.0310061295956441,0.0261850102651829,0.0309054156176436,0.0308545212055594,0.0236174884365875,0.0282452470942705,0.0269845407346451,0.0268786759499738,0.0279826184409699,0.0294002002578924,0.0287523418463792,0.0282992365341107,0.0266759484870657,0.026309709822427,0.0274318604325864,0.0294062773662113,0.0270624575573951,0.0278313454266605,0.027138058870418,0.02750081078426,0.0277657796090264,0.0256406037773839,0.025813579090779,0.0246017153083909,0.0271383482720281,0.0290300860590823,0.0285698029606062,0.0305504295851364,0.0307706891725131,0.0306688555258651,0.0305139930497168,0.0290077706074785,0.0265948943917791,0.023638750279946,0.0263710626194657,0.0256341753720845,0.0271920121376473,0.0268985939800033
"Sio.SIOUAN.HIDATSA",0,0,0,0,0,0,0,0,0,0,0,0,0,0,0,0,0,0,0,0,0,0,0,0,0,0,0,0,0,0,0,0,0,0,0,0,0,0,0.0137895527541383,0.014258199092262,0.0150194914259206,0.0151596397463879,0.0160751902525707,0.0796264274207034,0.08625207622123,0.107889280358648,0.0869274498265584,0.0945675664859943,0.079246322373327,0.0849536121817072,0.0731292745681988,0.105171376223115,0.122764540309656,0.121563517643076,0.124481800714843,0.107589320587677,1,0.483117318736208,0.235777330217012,0.174798094707108,0.16906436395336,0.18213698197423,0.179468343201985,0.170378237491789,0.131294571439883,0.132152549192213,0.129583769364077,0.129921972842691,0.125317907660341,0.127600351394221,0.128571424785278,0.127065920349324,0.125667484163628,0.126964149904429,0.127663380375373,0.127332798459518,0.125564860661823,0.126967933057786,0.126553310723895,0.127219720227633,0.124307019657839,0.123230512405587,0.123138654810121,0.135718074800902,0.139359554624773,0.137792494356732,0.131172243456182,0.157751111154864,0.145150096357177,0.149889840148286,0.124793555334323,0.118854413292248,0.127271323149739,0.107191792720953,0.0387363163727939,0.0381764573289408,0.0390770538763904,0.0364637171076829,0.0335071447424944,0.0308101848400661,0.0341738296967556,0.0321725467171322,0.0321921447670282,0.031609365951537,0.0328183760823412,0.030889867878485,0.0319244877872433,0.03394321866507,0.0359104836370256,0.0337159683475927,0.0339834605676043,0.0344501655576173,0.0330503652759309,0.0341835623436615,0.034064002318904,0.0342346608494428,0.040141878569654,0.0359730831020434,0.036649869454135,0.0376302116936917,0.0317790135543102,0.0303404480356089,0.0328777706696657,0.0375196395996113,0.0317488883894145,0.0358044055329884,0.0411728434079145,0.0391003822979159,0.0383784928787093,0.0395915637927946,0.0352545805201439,0.03642836277817,0.0329060890272646,0.0353419633345193,0.0342900625323495,0.0327146167047859,0.0333099604465909,0.0332234747447769,0.0413273858186433,0.0390130248536688,0.0334659048476653,0.0374272810265055,0.0328094449296605,0.0322685261081374,0.0375198860293016,0.0338244688647174,0.0346522026262686,0.0338004896255447,0.035925884578102,0.0356296239031244,0.0342261360334823,0.0354877467048198,0.0347109920781101,0.0340680685930715,0.0345207144195693,0.0364164163825578,0.0352073904529074,0.0357627919503375,0.0374089517371572,0.0322520362328409,0.033689638525279,0.0332552981255554,0.0362902016646926,0.0306474660174623,0.0361723239863188,0.0361127561362766,0.0276423865008199,0.0330588089028741,0.0315832526619819,0.0314593463752247,0.0327514230112618,0.0344105894626445,0.033652322864698,0.0331219992360475,0.0312220700492901,0.0307934169032678,0.0321068046905189,0.0344177022332259,0.03167444808842,0.0325743700134414,0.031762933395406,0.0321875055777214,0.0324976304533841,0.0300102816449707,0.0302127354529108,0.0287943455530253,0.0317632721169082,0.0339774003129846,0.0334386756580733,0.0357568411487045,0.0360146374279797,0.035895449266758,0.0357141950901482,0.033951281856747,0.0311272026955745,0.0276672717926414,0.0308652254587458,0.0300027577092928,0.0318260813914234,0.0314826588407262
"Sio.SIOUAN.LAKHOTA",0,0,0,0,0,0,0,0,0,0,0,0,0,0,0,0,0,0,0,0,0,0,0,0,0,0,0,0,0,0,0,0,0,0,0,0,0,0,0.0128878485023744,0.0133258498730221,0.0140373610030162,0.0141683449699548,0.0150240272701958,0.0744196241662273,0.0806120191984375,0.100834358088602,0.0812432298593753,0.0883837563001423,0.0740643743366704,0.0793984622306722,0.0683473226817054,0.0982941787682673,0.114736918969302,0.113614431644965,0.116341887044466,0.100554012804459,0.483117318736208,1,0.220359758311904,0.163367978878999,0.158009179023395,0.170226973435315,0.167732837996881,0.159237137856903,0.122709168025307,0.123511042276603,0.121110235966839,0.121426324187615,0.117123320629549,0.119256514474332,0.120164088996275,0.118757030084635,0.117450038188464,0.118661914448964,0.119315421965738,0.119006456930749,0.117354125277608,0.118665450220442,0.118277940203246,0.118900772928705,0.116178534989188,0.115172420967501,0.115086569976155,0.126843416770208,0.130246778803137,0.128782189219364,0.122594839116338,0.147435704253351,0.135658674745267,0.14008848483476,0.116633255907358,0.111082476687969,0.118949001515537,0.10018247944053,0.0362033334839517,0.0356800838421025,0.0365217900288248,0.0340793403742717,0.0313160994332325,0.0287954947944023,0.0319391895973969,0.0300687712951045,0.0300870878208472,0.0295424171401981,0.0306723696253477,0.0288699673277514,0.0298369330357302,0.0317236583113334,0.0335622830567939,0.0315112679810607,0.0317612687801105,0.0321974557481602,0.030889188954769,0.0319482858227124,0.031836543874769,0.0319960429772009,0.0375169854186282,0.033620789118293,0.0342533201459302,0.0351695574227405,0.0297009714198266,0.0283564742634414,0.0307278803773603,0.0350662156811695,0.0296728161512543,0.0334631414414982,0.0384805350625997,0.0365435929957362,0.0358689082081959,0.0370026559404185,0.0329492697014427,0.0340462978782032,0.0307543469864721,0.0330309385193849,0.0320478219223783,0.0305753951141017,0.0311318090956152,0.0310509787276929,0.0386249718846038,0.0364619478889597,0.0312775562312674,0.0349798964713078,0.0306640224842364,0.030158474556166,0.0350664459967259,0.031612673606904,0.032386281533816,0.0315902623795662,0.0335766769243055,0.0332997888508198,0.0319880756022926,0.0331671890580424,0.0324412267203916,0.0318403442536771,0.0322633913924167,0.0340351326620759,0.0329051654111728,0.0334242489873042,0.034962765741364,0.0301430629602692,0.0314866598761335,0.0310807211651468,0.0339171711740118,0.028643416219296,0.0338070015631636,0.0337513288781503,0.0258348400284218,0.0308970804496416,0.0295180114088676,0.0294022074026979,0.0306097946417913,0.0321604675495277,0.031451784301203,0.0309561387421964,0.029180446668585,0.0287798233195541,0.0300073281653426,0.0321671152132568,0.0296032435306774,0.0304443192087962,0.0296859427488068,0.030082751989945,0.0303725976786066,0.0280478975823127,0.0282371128565121,0.0269114720273318,0.0296862593211774,0.0317556048079123,0.0312521075690402,0.0334186873109191,0.0336596261905922,0.0335482317898825,0.0333788298948233,0.0317311942477507,0.0290917827282595,0.0258580980612711,0.0288469362854839,0.0280408656397337,0.0297449614726488,0.0294239954569558
"Nam.NAMBIKUARAN.NAMBIKWARA",0,0,0,0,0,0,0,0,0,0,0,0,0,0,0,0,0,0,0,0,0,0,0,0,0,0,0,0,0,0,0,0,0,0,0,0,0,0,0.0153092787620248,0.0158295739129307,0.0166747671373355,0.0168303609948245,0.0178468129544908,0.0884019370274248,0.0957577886837518,0.11977959676387,0.0965075942051371,0.104989716707522,0.0879799411706417,0.0943162228622966,0.0811887426655825,0.11676215647402,0.136294236890919,0.134960851310545,0.13820075399983,0.119446578874671,0.235777330217012,0.220359758311904,1,0.280768812238385,0.27155902779467,0.202210026650833,0.19924728118636,0.189155368506168,0.145764350008417,0.14671688420704,0.143865002991721,0.144240479370447,0.139129007042675,0.141662995490569,0.142741089429302,0.141069665598637,0.139517109850133,0.140956679185052,0.141732970801571,0.141365955946648,0.13940317636551,0.140960879274088,0.140500562032211,0.141240415531762,0.138006710583652,0.136811563075396,0.136709581991565,0.150675361066283,0.154718162941289,0.152978399302245,0.145628540440387,0.17513662544017,0.161146871627139,0.166408975500442,0.138546866630172,0.131953180616527,0.14129770553482,0.119005240055648,0.0430053879294323,0.0423838276567674,0.0433836776042492,0.0404823288945034,0.0371999171059712,0.0342057292818674,0.0379400764130357,0.0357182350260803,0.0357399929477764,0.0350929869496827,0.0364352402807807,0.0342941940689065,0.0354428378921203,0.0376840500840735,0.0398681243895579,0.0374317548486116,0.037728726986566,0.0382468668362861,0.0366927966568115,0.0379508816804169,0.0378181451239496,0.0380076116761808,0.0445658550361437,0.0399376228480937,0.0406889968129524,0.0417773811061309,0.0352813311613095,0.0336842234859625,0.0365011806568406,0.0416546230267531,0.0352478859469966,0.039750355576152,0.0457104409690006,0.0434095770162592,0.0426081292426414,0.0439548908898792,0.0391399351700627,0.040443078217153,0.0365326199383237,0.0392369483138634,0.0380691190957923,0.0363200457372381,0.0369810014234031,0.0368849842615991,0.0458820152679346,0.0433125920385908,0.0371541322239441,0.041552085753286,0.0364253248391059,0.035824792162378,0.0416548966150913,0.0375522130456324,0.0384711701084366,0.0375255910903347,0.0398852226453419,0.0395563115239788,0.0379981473529891,0.039398798251609,0.038536438657936,0.0378226595361182,0.0383251907829162,0.040429815227128,0.0390875443560166,0.0397041558227265,0.041531736420342,0.0358064849625604,0.0374025232559166,0.0369203148496301,0.0402896905737676,0.0340250774609211,0.0401588217725656,0.0400926890387627,0.0306888126202414,0.0367021708432656,0.0350639957534981,0.0349264339399894,0.0363609084117633,0.0382029291190118,0.0373610950921314,0.0367723252886538,0.0346630077446567,0.0341871133758053,0.0356452476689304,0.0382108257774127,0.0351652416916409,0.0361643426675647,0.0352634788321156,0.0357348424803469,0.0360791457552398,0.03331766995067,0.0335424358903238,0.0319677273586007,0.0352638548836086,0.0377219988403384,0.0371239021460467,0.0396975491921359,0.0399837568142106,0.039851433103804,0.0396502031751779,0.037693001908059,0.0345576852016169,0.0307164404828967,0.0342668358449029,0.0333093168132817,0.035333586274433,0.0349523156374858
"NDe.EYAK.EYAK",0,0,0,0,0,0,0,0,0,0,0,0,0,0,0,0,0,0,0,0,0,0,0,0,0,0,0,0,0,0,0,0,0,0,0,0,0,0,0.0113498306070345,0.0117355615039786,0.0123621618864214,0.0124775144091265,0.0132310807751017,0.065538489839498,0.0709918930708037,0.0888009261952335,0.0715477759303576,0.0778361618880934,0.0652256350299534,0.0699231603018249,0.0601908483591166,0.0865638883380625,0.101044374818241,0.100055843568248,0.102457808238059,0.0885540369269489,0.174798094707108,0.163367978878999,0.280768812238385,1,0.326859785326686,0.149912323448172,0.147715834660148,0.140233999545531,0.108065226772395,0.108771406467065,0.106657109039445,0.106935475732073,0.10314598662716,0.105024608088748,0.105823873930941,0.10458473147064,0.103433714167512,0.104500966802492,0.105076485642152,0.104804392064238,0.10334924736989,0.104504080619925,0.104162815508614,0.104711320243844,0.102313950389608,0.101427904614364,0.101352298960787,0.111706100028574,0.114703309575307,0.113413502073179,0.107964541716233,0.129840932596009,0.119469357391181,0.123370520112625,0.102714405546553,0.0978260485903474,0.104753793298278,0.0882268418373516,0.0318828780751986,0.0314220723170392,0.0321633304594228,0.0300123593457974,0.0275788797311479,0.0253590805402467,0.0281276111827065,0.0264804059962548,0.0264965366533191,0.0260168662133038,0.0270119717422121,0.0254246656251609,0.0262762349919446,0.0279378011002179,0.029557006928641,0.0277507571362294,0.0279709231880196,0.0283550562106454,0.0272029161547577,0.0281356218771584,0.028037215057694,0.0281776797593269,0.0330397606171088,0.0296085309582242,0.0301655766137541,0.0309724714097111,0.0261564988459711,0.0249724521081622,0.0270608579183722,0.030881462327687,0.026131703587947,0.0294696967356707,0.0338883215882073,0.0321825314906211,0.0315883626462004,0.0325868105026805,0.0290171497335627,0.0299832600952015,0.0270841660392045,0.0290890723084866,0.0282232794772834,0.0269265700341117,0.0274165823458175,0.0273453981614556,0.034015521520986,0.0321106297972054,0.0275449362212381,0.03080544433214,0.0270046207372985,0.0265594041950433,0.0308816651577055,0.027840061155881,0.0285213477899605,0.0278203244532084,0.0295696830520457,0.0293258384157131,0.0281706631998465,0.0292090628975749,0.0285697358944754,0.0280405619046749,0.0284131231869246,0.0299734273204205,0.0289783087878832,0.0294354456528067,0.030790357959655,0.0265458317975418,0.0277290857282801,0.0273715911778368,0.0298695431920934,0.0252251508105407,0.0297725210692046,0.0297234922849026,0.0227517461916472,0.0272098658896203,0.0259953730279679,0.0258933889106499,0.0269568643700644,0.0283224821321356,0.0276983721559014,0.0272618762477738,0.0256980927937683,0.0253452792773861,0.0264262954040458,0.0283283364729315,0.0260704336670374,0.0268111365448363,0.026143263675625,0.0264927182544396,0.0267479741621951,0.0247007005384998,0.024867335125338,0.0236998944269007,0.0261435424686897,0.0279659351463771,0.0275225245669266,0.0294305476991374,0.0296427332683916,0.0295446325203579,0.0293954468115813,0.0279444377084761,0.0256200098846263,0.0227722286432406,0.0254043830754093,0.0246945077781569,0.0261952391871409,0.0259125768088502
"NDe.ATHAPASKAN.JICARILLA_APACHE",0,0,0,0,0,0,0,0,0,0,0,0,0,0,0,0,0,0,0,0,0,0,0,0,0,0,0,0,0,0,0,0,0,0,0,0,0,0,0.0109775332263884,0.0113506113703938,0.0119566579940034,0.0120682267208492,0.0127970745871473,0.063388694926821,0.0686632155114233,0.0858880763593122,0.069200864289807,0.0752829784800059,0.0630861023872741,0.0676295393370561,0.0582164668939801,0.0837244178646592,0.0977299151248479,0.0967738096975656,0.0990969850721052,0.0856492855579629,0.16906436395336,0.158009179023395,0.27155902779467,0.326859785326686,1,0.144994896283071,0.142870456766151,0.135634040963245,0.104520468946551,0.105203484520126,0.10315854032089,0.103427776023451,0.0997625898193127,0.101579588700477,0.10235263700782,0.101154140924384,0.100040879314876,0.10107312390663,0.10162976456529,0.101366596206603,0.0999591831989134,0.101076135584559,0.100746064658558,0.101276577330006,0.098957846051804,0.0981008643685874,0.0980277387332381,0.108041914202131,0.110940809218706,0.109693310009204,0.104423086563704,0.12558188761289,0.115550521034571,0.11932371773494,0.0993451654703267,0.0946171565011057,0.10131765718242,0.085332823128529,0.0308370552426094,0.0303913648445544,0.0311083082218682,0.0290278933076412,0.0266742367421418,0.0245272514506675,0.0272049686931646,0.0256117951656455,0.0256273967045598,0.0251634604243372,0.0261259244809006,0.0245906852122564,0.0254143213828833,0.0270213847649665,0.0285874773699838,0.0268404762209917,0.0270534203813522,0.0274249530645461,0.0263106055308374,0.0272127166206497,0.0271175377437329,0.0272533949192888,0.031955989699215,0.0286373113072724,0.029176084739574,0.0299565117555797,0.0252985128244711,0.0241533052124881,0.0261732070916891,0.0298684879553651,0.0252745309010186,0.0285030311277871,0.0327767161556149,0.0311268794204402,0.0305522005148651,0.0315178972639014,0.0280653285818949,0.0289997485712713,0.026195750659055,0.0281348919510139,0.0272974988743444,0.0260433241214131,0.0265172630390351,0.0264484138397755,0.0328997436735417,0.0310573362478738,0.0266414066479531,0.029794963503696,0.0261188146038037,0.0256882020638672,0.0298686841321492,0.0269268508883252,0.027585789944003,0.026907761589386,0.0285997376909238,0.0283638916514455,0.027246608517139,0.0282509466062926,0.0276325908209029,0.0271207748073692,0.0274811153266565,0.028990238331374,0.0280277616977269,0.0284699035496586,0.0297803719947164,0.0256750748684321,0.0268195156790186,0.0264737476722863,0.0288897618123942,0.0243977148867528,0.028795922211207,0.0287485016701117,0.0220054429378325,0.0263173273003519,0.0251426722589157,0.0250440334267441,0.0260726247419252,0.02739344748164,0.0267898095738826,0.0263676316136509,0.0248551434171678,0.0245139028971195,0.0255594595102124,0.0273991097882268,0.0252152707573346,0.0259316770838642,0.0252857117944592,0.0256237035568801,0.0258705865550176,0.02389046764349,0.0240516362791301,0.0229224899948684,0.0252859814425479,0.0270485959575559,0.0266197301411944,0.0284651662587678,0.0286703917125472,0.0285755088672997,0.0284312167512585,0.027027803679062,0.0247796217852425,0.0220252535236209,0.0245710679711254,0.0238844780182013,0.0253359824041606,0.0250625919231069
"EA.ESKIMO.INUKTITUT_EASTERN_CANADIAN",0,0,0,0,0,0,0,0,0,0,0,0,0,0,0,0,0,0,0,0,0,0,0,0,0,0,0,0,0,0,0,0,0,0,0,0,0,0,0.0137114294962287,0.0141774207679124,0.0149344000800838,0.0150737544050111,0.0159841179562869,0.079175312287623,0.0857634241731175,0.107278045010743,0.0864349715204596,0.094031803904119,0.078797360685335,0.0844723164447714,0.0727149683698985,0.104575538874661,0.122069030744135,0.120874812344902,0.123776562191471,0.106979784630243,0.18213698197423,0.170226973435315,0.202210026650833,0.149912323448172,0.144994896283071,1,0.334393046737488,0.317455975333328,0.130550735881935,0.131403852851728,0.128849626174997,0.129185913597444,0.124607932261183,0.126877445050625,0.127843016927723,0.126346041768492,0.124955528275631,0.126244847893327,0.126940116947727,0.126611407908878,0.12485348617646,0.126248609613627,0.125836336278874,0.126498970309798,0.123602771338126,0.122532362924263,0.122441025738324,0.134949178350835,0.138570027754524,0.137011845501286,0.130429100934534,0.156857388859297,0.144327763782982,0.149040655055143,0.124086550598008,0.118181056139274,0.126550280880988,0.106584508915754,0.0385168598546303,0.0379601726331891,0.0388556669458089,0.0362571357611567,0.0333173135451233,0.0306356329848017,0.033980221466035,0.0319902765442265,0.0320097635634361,0.0314302864199077,0.0326324470312279,0.0307148645873639,0.031743622966063,0.0337509169368464,0.0357070365764246,0.0335249540820939,0.0337909308531228,0.0342549917751988,0.0328631219144897,0.0339898989736556,0.0338710163036185,0.0340407079862374,0.0399144589869899,0.0357692813907705,0.0364422334811078,0.0374170216950201,0.0315989729020658,0.0301685574247067,0.0326915051247773,0.037307076035486,0.031569018408117,0.0356015594467067,0.040939583002608,0.0388788632026207,0.038161063571842,0.0393672619605036,0.0350548494095289,0.0362219817278718,0.0327196630477056,0.0351417371657784,0.0340957957967482,0.0325292754914914,0.0331212463760679,0.0330352506498832,0.0410932498695954,0.0387920006727678,0.0332763072905723,0.0372152407101429,0.0326235664770516,0.0320857121741068,0.0373073210690549,0.0336328399009733,0.0344558842241295,0.033608996513653,0.0357223502650924,0.0354277680237473,0.0340322314667234,0.0352866946157579,0.0345143406105271,0.0338750595407382,0.0343251409500083,0.036210103013305,0.0350079266926452,0.0355601816214229,0.0371970152634517,0.032069315720461,0.0334987734286137,0.0330668937386516,0.0360846033516227,0.0304738360285392,0.0359673934968131,0.0359081631221477,0.0274857814732065,0.0328715177049543,0.0314043210724426,0.0312811167636951,0.0325658732757169,0.0342156398944214,0.0334616691759752,0.0329343500399545,0.0310451847017796,0.0306189600449822,0.0319249069721367,0.0342227123683506,0.0314949998408029,0.0323898233529969,0.0315829838436072,0.0320051506569675,0.0323135185528298,0.0298402615569599,0.0300415683841868,0.0286312142228014,0.0315833206461184,0.033784904932237,0.0332492323650844,0.0355542645334294,0.0358106002950524,0.0356920873817974,0.0355118600816236,0.0337589344473607,0.0309508548090588,0.0275105257800297,0.0306903617766568,0.0298327802473467,0.031645774081308,0.0313042971548801
"Tot.TOTONACAN.TOTONAC_TEJERIA",0,0,0,0,0,0,0,0,0,0,0,0,0,0,0,0,0,0,0,0,0,0,0,0,0,0,0,0,0,0,0,0,0,0,0,0,0,0,0.0135105320618916,0.0139696957120694,0.0147155838975495,0.0148528964276115,0.0157499214935152,0.0780152496474877,0.0845068336855186,0.105706226112554,0.0851685416401734,0.0926540665824471,0.0776428357250765,0.0832346430387319,0.0716495615436128,0.103043316617302,0.120280496944996,0.119103776022048,0.121963009944262,0.105412335790276,0.179468343201985,0.167732837996881,0.19924728118636,0.147715834660148,0.142870456766151,0.334393046737488,1,0.893913588958014,0.12863792964268,0.129478546893864,0.126961744293609,0.127293104492357,0.122782198927091,0.125018459217461,0.125969883706583,0.124494841962015,0.123124702026353,0.124395130761571,0.125080212857036,0.124756320004754,0.12302415502993,0.124398837365812,0.123992604586874,0.124645529821444,0.121791765443692,0.120737040464157,0.120647041534474,0.132971926912242,0.13653972427234,0.135004372229256,0.128518076868966,0.154559142204029,0.14221309897319,0.146856937797891,0.122268456455619,0.116449488254819,0.12469608859924,0.105022851585485,0.0379525176519704,0.0374039869130131,0.0382863606017098,0.0357259026353304,0.0328291541732605,0.030186765121124,0.0334823492848295,0.0315215606832554,0.031540762182114,0.030969775434968,0.0321543222021196,0.0302648358362909,0.0312785210295946,0.0332564044849535,0.0351838634063363,0.033033752397892,0.0332958321244219,0.0337530937081323,0.0323816172778838,0.033491884999324,0.0333747441770937,0.0335419495672604,0.0393296394095968,0.0352451962206965,0.0359082883363012,0.0368687941261052,0.0311359903526927,0.0297265330693364,0.0322125149869515,0.0367604593708844,0.0311064747466792,0.0350799317088249,0.040339743489863,0.0383092169910789,0.0376019344332451,0.0387904598169403,0.0345412319701959,0.0356912636727094,0.0322402603449847,0.0346268466624435,0.033596230240937,0.032052662313494,0.032635959745609,0.0325512240135598,0.040491158857156,0.0382236271556151,0.0327887487350819,0.0366699696004484,0.0321455717642487,0.0316155980072046,0.0367607008142648,0.0331400574928782,0.0339510427165136,0.0331165634546423,0.0351989527215524,0.0349086866469865,0.0335335972442076,0.0347696802215627,0.0340086426103004,0.0333787281734199,0.0338222150696679,0.0356795590029626,0.0344949967566419,0.0350391601441021,0.0366520111897713,0.031599441791491,0.0330079553387056,0.032582403473401,0.0355558981400758,0.0300273387851826,0.035440405623281,0.0353820430815653,0.0270830646754987,0.0323898900547148,0.030944190527171,0.0308227913861147,0.0320887238734727,0.0337143184041361,0.0329713947309992,0.032451801781481,0.0305903161589464,0.0301703364702631,0.0314571488945477,0.033721287253431,0.031033540686292,0.0319152534030118,0.0311202355630843,0.0315362168631332,0.0318400666072501,0.0294030473344464,0.0296014046497267,0.0282117147474987,0.0311205674308248,0.0332898944942606,0.0327620705066027,0.0350333297522329,0.0352859097277175,0.0351691332446586,0.0349915466029379,0.0332643045243249,0.0304973683710918,0.0271074464331248,0.0302406920364226,0.0293956756396555,0.0311821058093532,0.0308456321423173
"Tot.TOTONACAN.TOTONAC_OZELONACAXTLA",0,0,0,0,0,0,0,0,0,0,0,0,0,0,0,0,0,0,0,0,0,0,0,0,0,0,0,0,0,0,0,0,0,0,0,0,0,0,0.0128262210438456,0.013262127967829,0.0139702367748793,0.0141005943991828,0.0149521849749237,0.0740637624177602,0.0802265464898499,0.10035218565926,0.0808547388107736,0.0879611204913023,0.0737102113313359,0.0790187925412379,0.0680204976268215,0.0978241530363113,0.114188266902652,0.113071147118212,0.115785560298564,0.100073180937691,0.170378237491789,0.159237137856903,0.189155368506168,0.140233999545531,0.135634040963245,0.317455975333328,0.893913588958014,1,0.12212239404498,0.122920433872543,0.120531107802577,0.120845684544248,0.116563257203639,0.118686250485063,0.119589485142892,0.118189154543175,0.116888412455795,0.118094493733993,0.118744876291051,0.118437388673327,0.11679295818386,0.118098012598025,0.117712355586589,0.118332210033869,0.115622989364512,0.114621686405752,0.114536245938972,0.126236873528703,0.129623961274073,0.128166375103928,0.122008611837045,0.146730692261018,0.135009978467498,0.139418605972673,0.116075535886038,0.110551299531122,0.118380207999956,0.0997034241819352,0.0360302154159921,0.0355094678632695,0.0363471491568449,0.0339163788733495,0.0311663512717181,0.0286577997275389,0.031786461926677,0.0299249876406288,0.0299432165799189,0.0294011504200925,0.030525699668239,0.028731916146137,0.0296942579916414,0.0315719612738796,0.0334017940343761,0.0313605865573665,0.0316093918959115,0.0320434930934558,0.0307414822051942,0.0317955146554191,0.0316843070381099,0.0318430434434695,0.0373375856947265,0.0334600203300261,0.0340895267038844,0.0350013826927887,0.0295589465206277,0.0282208785166904,0.0305809449774535,0.0348985351135204,0.0295309258856713,0.033303126497107,0.0382965278112497,0.0363688478657461,0.0356973893039608,0.0368257156509664,0.0327917120026766,0.0338834943807721,0.0306072850278263,0.0328729902944817,0.0318945747907026,0.0304291888723035,0.0309829421785643,0.0309024983274564,0.0384402739613967,0.0362875931717241,0.0311279923766666,0.0348126286671642,0.0305173924417102,0.0300142619562382,0.0348987643277477,0.031461507279077,0.0322314159469214,0.0314392032183453,0.0334161190729072,0.0331405550302139,0.0318351141671676,0.0330085893066708,0.032286098395135,0.0316880892442645,0.0321091134448858,0.0338723825547737,0.032747818611481,0.0332644200198903,0.0347955798534028,0.0299989240559227,0.0313360961241333,0.0309320985417277,0.033754985138107,0.0285064483658289,0.0336453423392494,0.0335899358713697,0.0257113022996724,0.0307493359643056,0.0293768613927406,0.0292616111412635,0.0304634239074119,0.0320066817659804,0.0313013873181595,0.0308081118503381,0.0290409108285579,0.0286422031909682,0.0298638383212674,0.0320132976417334,0.0294616859493116,0.0302987397492664,0.0295439897141087,0.0299389014822088,0.0302273611790073,0.0279137773957854,0.0281020878753279,0.0267827860309059,0.0295443047726851,0.031603755007847,0.0311026654055329,0.033258884938478,0.0334986716901747,0.0333878099581884,0.03321921811364,0.0315794611747546,0.0289526708638327,0.0257344491166384,0.0287089952343232,0.0279067790787374,0.0296027262206392,0.0292832950088211
"UA.AZTECAN.NAHUATL_AMILCINGO_ZACUALPAN",0,0,0,0,0,0,0,0,0,0,0,0,0,0,0,0,0,0,0,0,0,0,0,0,0,0,0,0,0,0,0,0,0,0,0,0,0,0,0.0124613865720103,0.0128848943745505,0.0135728614343364,0.0136995111110808,0.0145268786832683,0.07195706134412,0.0779445485720115,0.097497725524248,0.0785548723241002,0.0854591170698128,0.0716135668147628,0.0767711484890036,0.0660856937402504,0.0950416013335353,0.110940247403939,0.109854903448493,0.112492106708978,0.097226656931324,0.131294571439883,0.122709168025307,0.145764350008417,0.108065226772395,0.104520468946551,0.130550735881935,0.12863792964268,0.12212239404498,1,0.935256879676894,0.917077366520896,0.919470866548234,0.886887434275498,0.900511420000143,0.907364556913566,0.896739790424882,0.886870634567542,0.896021567889872,0.900956233174232,0.898623223999725,0.886146391770979,0.896048266662752,0.89312216071887,0.897825199244672,0.877269455490983,0.869672242287619,0.869023977507566,0.155744511168467,0.159923324461617,0.158125030197749,0.150527901061992,0.181028722439066,0.166568313294805,0.172007449392874,0.143207979490069,0.136392463019916,0.146051364483314,0.123008916705364,0.0350053566858588,0.03449942149741,0.0353132754289539,0.0329516470064556,0.0302798423563969,0.027842645116386,0.0308823143208555,0.0290737885989762,0.0290914990265851,0.0285648516265355,0.0296574137188706,0.0279146533361357,0.0288496219219926,0.0306739150156104,0.032451699236912,0.030468552731192,0.0307102809451524,0.0311320343841022,0.0298670584458168,0.0308911095499414,0.0307830651692695,0.0309372864089843,0.0362755395698411,0.0325082693191109,0.0331198697466552,0.0340057885170315,0.0287181593078551,0.0274181518777866,0.0297110876070766,0.0339058663779325,0.0286909357037249,0.0323558382409245,0.03720720513005,0.0353343569305753,0.0346819976209322,0.0357782293747243,0.031858970637299,0.0329196978943336,0.029736678429884,0.0319379370148964,0.0309873519767187,0.0295636481169515,0.0301016502292849,0.0300234945571996,0.0373468625037299,0.0352554134795356,0.0302425745580269,0.0338224034909751,0.0296493427866169,0.0291605235580852,0.0339060890722931,0.030566602821087,0.0313146118802131,0.0305449331865193,0.0324656168079709,0.0321978910257933,0.0309295826763809,0.0320696789912662,0.0313677389176751,0.030786739792748,0.0311957882024221,0.0329089021378272,0.0318163257683408,0.0323182327471638,0.0338058396209039,0.0291456219355121,0.0304447589142298,0.0300522528104207,0.0327948440230763,0.0276955988570068,0.0326883199504963,0.0326344894876906,0.0249799591111657,0.0298746888092727,0.0285412534865802,0.0284292814621416,0.0295969093561999,0.0310962701336397,0.0304110373802554,0.0299317928490721,0.0282148588427444,0.027827492214317,0.0290143786367923,0.0311026978246165,0.0286236652574843,0.0294369095441023,0.028703627939085,0.0290873066693445,0.0293675612961721,0.0271197860714269,0.0273027401678141,0.0260209651046596,0.0287039340360016,0.030704804395123,0.0302179679980029,0.032312855107955,0.0325458212635767,0.0324381129297191,0.0322743165831081,0.0306812015861237,0.0281291288130044,0.0250024475302518,0.0278923843964598,0.0271129868174774,0.0287606937195096,0.0284503485445728
"UA.AZTECAN.NAHUATL_ACAXOCHITLAN",0,0,0,0,0,0,0,0,0,0,0,0,0,0,0,0,0,0,0,0,0,0,0,0,0,0,0,0,0,0,0,0,0,0,0,0,0,0,0.0125428186702662,0.0129690939921984,0.0136615567476186,0.0137890340488702,0.0146218082647762,0.0724272830530544,0.0784538970382638,0.0981348491957386,0.0790682091060557,0.0860175713941274,0.0720815438713784,0.0772728290741336,0.0665175475050679,0.0956626748371516,0.111665214651759,0.110572778240341,0.113227214975912,0.097862009236188,0.132152549192213,0.123511042276603,0.14671688420704,0.108771406467065,0.105203484520126,0.131403852851728,0.129478546893864,0.122920433872543,0.935256879676894,1,0.952531141411152,0.933428116044654,0.895473672249125,0.906396040785342,0.913293961264002,0.902599764537868,0.892666116172826,0.90187684859513,0.906843760704189,0.904495505888178,0.891937140627605,0.901903721837928,0.898958494510936,0.903692266237504,0.883002195750958,0.875355336626695,0.874702835595647,0.156762263267161,0.160968384078034,0.159158338403171,0.151511563895876,0.182211700643588,0.167656796279918,0.173131475795456,0.144143808435707,0.137283754240666,0.147005774250983,0.123812749740607,0.0352341080875311,0.034724866736984,0.0355440390039263,0.0331669779201721,0.0304777136834513,0.0280245899585367,0.0310841226541108,0.0292637786611722,0.0292816048220723,0.0287515159107126,0.0298512176277709,0.0280970687343029,0.0290381471100543,0.0308743615106301,0.032663763114841,0.0306676572341609,0.030910965082583,0.0313354745765899,0.0300622323314772,0.0310929753578568,0.0309842249337145,0.0311394539713234,0.036512591304451,0.0327207028686222,0.0333362999546299,0.034228007986413,0.0289058254200468,0.0275973227609628,0.0299052422616433,0.0341274328806957,0.0288784239163551,0.0325672756908072,0.0374503450700936,0.0355652582679789,0.0349086359505963,0.0360120313094472,0.0320671611795214,0.0331348200284554,0.0299310003141875,0.0321466435829866,0.031189846705237,0.0297568392906906,0.0302983571145879,0.0302196907143961,0.0375909150703829,0.0354857989408909,0.0304402023491792,0.0340434245842871,0.0298430939539587,0.0293510804119196,0.0341276570303092,0.0307663480572927,0.0315192451717606,0.0307445368169895,0.0326777716338058,0.0324082963294483,0.031131699896721,0.0322792464607899,0.0315727193813539,0.0309879235699542,0.031399645010442,0.0331239537243338,0.0320242376368266,0.0325294244543882,0.0340267524733964,0.0293360814109058,0.0306437079304533,0.0302486368957333,0.0330091502678383,0.0278765827879962,0.0329019300866275,0.0328477478549788,0.0251431970039166,0.0300699125574828,0.0287277635627131,0.0286150598286173,0.029790317883962,0.0312994766155414,0.0306097660345431,0.0301273897581462,0.0283992360101072,0.0280093380359772,0.0292039804694883,0.0313059463098988,0.0288107138742833,0.02962927251242,0.0288911990923536,0.0292773850688076,0.0295594710907353,0.0272970072073965,0.0274811568638337,0.0261910057157001,0.0288915071895383,0.0309054527446453,0.0304154349913338,0.032524011673629,0.0327585002058149,0.03265008802447,0.0324852213089949,0.0308816956970908,0.0283129457556952,0.0251658323792939,0.0280746542725799,0.0272901635219938,0.0289486377836265,0.028636264579254
"UA.AZTECAN.NAHUATL_COYOTEPEC",0,0,0,0,0,0,0,0,0,0,0,0,0,0,0,0,0,0,0,0,0,0,0,0,0,0,0,0,0,0,0,0,0,0,0,0,0,0,0.0122990114960189,0.0127170008828336,0.0133960035546706,0.0135210029535132,0.014337589713178,0.0710194423049905,0.076928911032452,0.0962273050538209,0.0775312821088852,0.0843455627676345,0.0706804235978049,0.0757708006546905,0.0652245801329477,0.0938031847937949,0.109494667411807,0.10842346576759,0.111026305590479,0.0959597685544661,0.129583769364077,0.121110235966839,0.143865002991721,0.106657109039445,0.10315854032089,0.128849626174997,0.126961744293609,0.120531107802577,0.917077366520896,0.952531141411152,1,0.915284150376446,0.878067464650709,0.888777524304934,0.895541363079609,0.88505504003428,0.875314481819188,0.884346176123852,0.88921654144882,0.886913931984636,0.874599676092765,0.884372527004845,0.88148454897492,0.886126305697642,0.865838408578416,0.858340189019466,0.857700371296434,0.153715120081842,0.157839482361687,0.156064620335161,0.148566483748395,0.178669871568595,0.164397885279214,0.169766148033282,0.141341942639522,0.134615234104054,0.1441482775941,0.121406078844406,0.0345492278739384,0.0340498851512795,0.0348531343565181,0.032522278560513,0.0298852882130666,0.0274798482807009,0.0304799098126845,0.0286949496466785,0.028712429302855,0.0281926442540462,0.0292709699809702,0.0275509182148043,0.0284737039192216,0.030274226004052,0.0320288452391491,0.0300715396430829,0.0303101180761674,0.0307263759592011,0.0294778829831382,0.0304885904376705,0.0303819539031015,0.0305341656003489,0.0358028599478549,0.0320846781986095,0.0326883093150883,0.0335626843357518,0.0283439542967996,0.0270608862983125,0.0293239444845912,0.0334640642078564,0.0283170854232416,0.0319342333366247,0.0367223856658991,0.0348739411607446,0.0342300822608966,0.0353120298326439,0.0314438400458239,0.0324907457535491,0.0293492018523874,0.0315217774711864,0.0305835788008433,0.0291784261689898,0.0297094179752575,0.0296322806917055,0.0368602232680364,0.0347960263632009,0.0298485060237062,0.0333816888638088,0.0292630042150421,0.028780554426935,0.0334642840004521,0.0301683121150575,0.0309065744235218,0.0301469248414084,0.0320425814606732,0.03177834421438,0.0305265622493651,0.0316518028156789,0.0309590092020048,0.0303855806452898,0.0307892990488509,0.0324800906685301,0.0314017508504897,0.0318971178521316,0.03336534082523,0.0287658469763414,0.0300480558656829,0.0296606642174815,0.0323675187603857,0.0273347180719476,0.0322623827239027,0.0322092536858893,0.0246544638113049,0.0294854139209934,0.0281693536039313,0.0280588406038053,0.0292112540057257,0.0306910777261318,0.0300147737319799,0.0295417738804492,0.0278472119663553,0.0274648928248479,0.0286363138116007,0.03069742166264,0.0282506915282385,0.0290533390323816,0.0283296122755066,0.0287082915731089,0.0289848944099799,0.0267664082752425,0.0269469784326409,0.0256819052286319,0.0283299143839015,0.0303047128869952,0.0298242200934959,0.0318918102849465,0.0321217408315688,0.0320154359650375,0.0318537739270025,0.0302814176286752,0.0277625990209793,0.0246766592004993,0.0275289394451468,0.0267596976173229,0.0283859344741171,0.0280796331767274
"UA.AZTECAN.CLASSICAL_NAHUATL",0,0,0,0,0,0,0,0,0,0,0,0,0,0,0,0,0,0,0,0,0,0,0,0,0,0,0,0,0,0,0,0,0,0,0,0,0,0,0.0123311109517754,0.0127501912581192,0.0134309660736956,0.0135562917111691,0.0143750096982559,0.0712047974814501,0.0771296894589852,0.096478450775747,0.0777336326767018,0.0845656980737277,0.0708648939620179,0.0759685565039341,0.065394811173458,0.0940480037518945,0.10978043990932,0.108706442512795,0.111316075543558,0.0962102160271039,0.129921972842691,0.121426324187615,0.144240479370447,0.106935475732073,0.103427776023451,0.129185913597444,0.127293104492357,0.120845684544248,0.919470866548234,0.933428116044654,0.915284150376446,1,0.88035915189256,0.891097163962809,0.897878655826398,0.887364964300052,0.877598983991683,0.886654250310394,0.891537326907021,0.889228707812661,0.876882312678356,0.886680669965121,0.883785154538956,0.888439025882808,0.868098178942681,0.860580389618547,0.859938902021419,0.154116304493921,0.158251431035964,0.156471936758698,0.148954230623299,0.17913618592559,0.164826950870924,0.170209224369906,0.141710834028539,0.13496656931117,0.14452449329733,0.121722939191898,0.0346393986500143,0.0341387526819979,0.0349440983046871,0.0326071591577945,0.0299632864722826,0.0275515685302809,0.0305594599876568,0.0287698412155593,0.028787366492268,0.0282662248452331,0.0293473649177632,0.0276228239513404,0.0285480180540995,0.0303532393604095,0.0321124380141473,0.030150024003929,0.0303892251080192,0.0308065693914928,0.0295548179466448,0.0305681632683934,0.0304612484208296,0.0306138573786734,0.0358963026053584,0.0321684166932545,0.0327736232396224,0.0336502803105384,0.0284179297953354,0.0271315130899654,0.0294004776806854,0.0335514027918411,0.0283909907961239,0.0320175791819749,0.0368182282134354,0.0349649594130414,0.0343194200919436,0.0354041914620279,0.0315259060031322,0.0325755440526767,0.0294258009682314,0.0316040468390645,0.0306633995437471,0.0292545795736891,0.0297869572269411,0.0297096186211266,0.0369564255609078,0.0348868412639846,0.0299264082842917,0.0334688124546038,0.0293393783618106,0.0288556694175808,0.0335516231580783,0.0302470490444684,0.0309872381596777,0.0302256059517119,0.0321262100861326,0.0318612832013429,0.0306062341835397,0.0317344115395121,0.0310398097888217,0.0304648846285307,0.0308696567054734,0.0325648611587211,0.031483706958298,0.0319803668289771,0.033452421748926,0.0288409235816942,0.0301264789357111,0.0297380762256796,0.0324519954467222,0.0274060595430611,0.0323465850134267,0.0322933173127894,0.0247188100289313,0.0295623685396573,0.0282428734083475,0.0281320719779554,0.0292874930885051,0.0307711790328026,0.0300931099382485,0.0296188755941887,0.0279198910063534,0.0275365740418607,0.028711052345549,0.0307775395264877,0.0283244236182602,0.0291291659694611,0.0284035503424912,0.0287832179633716,0.0290605427119611,0.0268362665023423,0.0270173079336947,0.0257489329878056,0.0284038532393654,0.030383805811727,0.0299020589697075,0.0319750454094578,0.0322055760567802,0.0320989937428816,0.0319369097796016,0.0303604497546092,0.0278350572278237,0.0247410633463513,0.0276007878188173,0.0268295383301317,0.0284600195376244,0.0281529188178626
"UA.AZTECAN.NAHUATL_QUETZALAPA_AZOYU",0,0,0,0,0,0,0,0,0,0,0,0,0,0,0,0,0,0,0,0,0,0,0,0,0,0,0,0,0,0,0,0,0,0,0,0,0,0,0.0118941314528457,0.0122983607451167,0.012955010837547,0.0130758952908904,0.0138656002411826,0.0686815019854867,0.0743964326434229,0.0930595288925216,0.0749789738312905,0.081568930262991,0.0683536436800005,0.073276446937705,0.0630774050669896,0.0907152099983089,0.105890133365857,0.104854195382309,0.107371350441003,0.0928007996204341,0.125317907660341,0.117123320629549,0.139129007042675,0.10314598662716,0.0997625898193127,0.124607932261183,0.122782198927091,0.116563257203639,0.886887434275498,0.895473672249125,0.878067464650709,0.88035915189256,1,0.859519215006787,0.866060390087231,0.855919273884637,0.84649937214116,0.855233745577298,0.859943779828206,0.857716971628178,0.845808097620759,0.855259228994607,0.852466322399473,0.856955273779838,0.837335248600092,0.830083868346865,0.829465113245605,0.14865486101344,0.152643450432314,0.150927016370845,0.143675716358381,0.172788109010859,0.158985952546979,0.16417749358188,0.13668900513665,0.13018373797825,0.139402956323806,0.117409424441739,0.0334118768862001,0.0329289723873102,0.0337057788517642,0.0314516541813151,0.0289014728238487,0.026575219306097,0.0294765196455259,0.0277503198725246,0.0277672241032736,0.027264550233934,0.0283073777773648,0.026643949637705,0.0275363574929785,0.0292776068907579,0.0309744645478705,0.0290815929085085,0.029312317405826,0.0297148721949396,0.0285074792609584,0.0294849145067478,0.0293817884172853,0.0295289893477265,0.0346242397403606,0.0310284595018096,0.0316122192495544,0.0324578100873403,0.0274108791920968,0.0261700494358286,0.0283586083750368,0.0323624365066696,0.0273848948343952,0.0308829672429047,0.0355134949271071,0.0337259007017733,0.033103237458117,0.0341495676162452,0.0304087175630612,0.0314211594256003,0.0283830342772989,0.030484089310023,0.0295767758793821,0.0282178804819766,0.0287313921854314,0.0286567942398339,0.0356467949536578,0.0336505508377287,0.0288659014939482,0.0322827729360735,0.028299674242239,0.0278331065671864,0.0323626490637541,0.0291751796575781,0.0298891385758536,0.0291544964470386,0.0309877485767964,0.0307322099472759,0.0295216362969458,0.0306098342562812,0.0299398472159895,0.0293852957681279,0.0297757238739511,0.0314108551030213,0.0303680139323499,0.0308470735898546,0.0322669630703851,0.0278188832817823,0.0290588822105393,0.0286842433878231,0.0313019890308333,0.0264348667435152,0.0312003140434764,0.0311489339986411,0.0238428457088611,0.0285147622824307,0.0272420263055534,0.0271351513627035,0.0282496276354429,0.0296807359699011,0.0290266957154358,0.0285692668876716,0.0269304894812319,0.0265607561796978,0.0276936143128551,0.0296868710657811,0.0273206866079789,0.0280969111791704,0.0273970093061622,0.0277632225864418,0.028030719734732,0.0258852655475053,0.0260598913854642,0.0248364640400368,0.0273973014692326,0.0293070901539803,0.0288424150498164,0.0308419407463074,0.0310643020431837,0.0309614967033391,0.0308051565347047,0.0292845617690955,0.0268486619705217,0.0238643104320065,0.0266226944030414,0.025878775802581,0.0274514773936344,0.0271552594498988
"UA.AZTECAN.NAHUATL_SANTA_ANA_TLACOTENCO",0,0,0,0,0,0,0,0,0,0,0,0,0,0,0,0,0,0,0,0,0,0,0,0,0,0,0,0,0,0,0,0,0,0,0,0,0,0,0.0121107619912207,0.0125223536041083,0.0131909634149604,0.0133140495645195,0.014118137591812,0.0699324139003673,0.0757514318983596,0.0947544433908887,0.0763445830422088,0.0830545638586512,0.069598584236526,0.074611047636651,0.0642262482820771,0.0923674268801086,0.107818734600053,0.106763928840914,0.109326929420797,0.094491001823353,0.127600351394221,0.119256514474332,0.141662995490569,0.105024608088748,0.101579588700477,0.126877445050625,0.125018459217461,0.118686250485063,0.900511420000143,0.906396040785342,0.888777524304934,0.891097163962809,0.859519215006787,1,0.937285940919574,0.87151357717714,0.861922050831606,0.87081555898125,0.875611407052301,0.873344027827055,0.861218181730316,0.87084150669017,0.867997715118097,0.872568452329705,0.852590962804202,0.845207467027457,0.844577438602875,0.151362346019897,0.15542358053073,0.153675884662857,0.146292515063652,0.175935138386498,0.161881600088026,0.16716769584799,0.139178553271383,0.132554804193358,0.141941934272656,0.119547829160734,0.0340204150469454,0.0335287152978942,0.034319669916274,0.0320244903572977,0.0294278619631047,0.0270592398576218,0.0300133822441567,0.0282557427996123,0.0282729549109849,0.0277611257274154,0.0288229465275679,0.0271292219904896,0.0280378834742778,0.0298108466458608,0.0315386095598443,0.0296112626160907,0.029846189351484,0.030256075963105,0.0290266925052797,0.0300219300029075,0.029916925654375,0.0300668075890524,0.0352548589432437,0.0315935879362373,0.0321879798338736,0.0330489716111195,0.0279101198083837,0.0266466905357744,0.0288751101998406,0.0329518609695958,0.0278836621916283,0.0314454457935221,0.0361603103382313,0.0343401582501426,0.0337061542983199,0.0347715415070929,0.0309625584957175,0.0319934401936177,0.0288999809766509,0.0310393030055571,0.0301154644677459,0.0287318191974554,0.0292546836070933,0.0291787269920394,0.0362960381886741,0.0342634360217788,0.0293916427644314,0.0328707464681557,0.0288151026861938,0.0283400373072915,0.0329520773980312,0.0297065538820404,0.0304335162974992,0.0296854939634536,0.0315521355338293,0.0312919427207639,0.0300593206154749,0.0311673381733008,0.0304851485057035,0.0299204968854012,0.0303180359476735,0.0319829481960532,0.0309211135204641,0.0314088984011539,0.0328546486537652,0.028325554969935,0.0295881382829816,0.0292066760776432,0.0318720993211762,0.0269163310216949,0.031768572504004,0.0317162566626528,0.0242771009146976,0.0290341081740889,0.0277381915655722,0.0276293700849275,0.0287641445690939,0.0302213180071871,0.0295553655678762,0.0290896054841797,0.0274209806497674,0.0270445133109912,0.0281980044486063,0.0302275648429724,0.0278182845260888,0.0286086466530508,0.0278959973070422,0.0282688805136111,0.0285412496486856,0.0263567198133143,0.0265345261516267,0.0252888162439497,0.0278962947913455,0.0298408668945042,0.0293677285563174,0.0314036720719524,0.0316300832860208,0.0315254055289924,0.031366217901085,0.0298179281949893,0.0273376627958767,0.0242989565797584,0.0271075796293725,0.0263501118691803,0.0279514574342577,0.0276498444053171
"UA.AZTECAN.NAHUATL_JALATLACO",0,0,0,0,0,0,0,0,0,0,0,0,0,0,0,0,0,0,0,0,0,0,0,0,0,0,0,0,0,0,0,0,0,0,0,0,0,0,0.0122029281850172,0.0126176521220629,0.0132913502354881,0.0134153731041341,0.0142255804600871,0.0704646185970555,0.0763279209052255,0.0954755504854693,0.0769255860906614,0.0836866316867392,0.0701282483986454,0.0751788580090146,0.0647150275059014,0.0930703681295932,0.108639264505211,0.107576431387258,0.110158937098883,0.0952101040559286,0.128571424785278,0.120164088996275,0.142741089429302,0.105823873930941,0.10235263700782,0.127843016927723,0.125969883706583,0.119589485142892,0.907364556913566,0.913293961264002,0.895541363079609,0.897878655826398,0.866060390087231,0.937285940919575,1,0.878146032617074,0.868481512146429,0.877442702312799,0.882275048092505,0.879990413494455,0.867772286409773,0.877468847490843,0.874603413891181,0.879208935656555,0.859079412000375,0.8516397258119,0.851004902699591,0.152514254655115,0.156606396265539,0.154845399956606,0.147405840905916,0.177274052657285,0.163113563108736,0.168439887495651,0.140237739928873,0.133563582318203,0.143022151011413,0.1204576206667,0.0342793196615789,0.0337838779436579,0.034580851941883,0.0322682054420005,0.0296518159992484,0.0272651680350983,0.030241792248945,0.0284707766900167,0.0284881197902398,0.0279723954473272,0.0290422969926643,0.0273356827510377,0.0282512593959422,0.030037715299641,0.0317786269594821,0.0298366123811025,0.03007332697287,0.0304863329331255,0.0292475935327008,0.0302504050584654,0.0301446015982715,0.0302956241752511,0.0355231580117901,0.0318340237362778,0.0324329391179747,0.0333004832769002,0.0281225234137893,0.0268494791006671,0.0290948576446755,0.0332026335969732,0.0280958644473718,0.0316847541915506,0.0364355001382449,0.0346014961975468,0.0339626673031537,0.0350361623984514,0.0311981919900278,0.0322369189781269,0.0291199176948641,0.0312755205464677,0.0303446513460298,0.0289504761587762,0.0294773197088301,0.0294007850432696,0.0365722609145578,0.0345241900921509,0.0296153211626188,0.0331209017921078,0.0290343934575233,0.0285557127018338,0.0332028516724878,0.0299326288395125,0.0306651236367416,0.0299114086492153,0.0317922558698093,0.0315300829186443,0.0302880802237676,0.0314045300966731,0.0307171487800983,0.0301482000073375,0.0305487644500344,0.0322263471336063,0.0311564316072366,0.0316479286635829,0.0331046814689699,0.0285411201499498,0.0298133120655268,0.0294289468290192,0.0321146546686322,0.027121171624048,0.0320103399842143,0.0319576260050765,0.0244618562578663,0.0292550656367673,0.0279492867502724,0.0278396371085524,0.0289830475352878,0.0304513104597062,0.0297802899411428,0.0293109852964873,0.027629661773093,0.0272503294154412,0.0284125989344504,0.0304576048356116,0.0280299892400099,0.0288263662377964,0.0281082934363701,0.0284840143855935,0.0287584563238909,0.026557301622115,0.0267364611150388,0.0254812710160371,0.0281085931846099,0.0300679640105443,0.0295912249608745,0.0316426625605942,0.0318707968256026,0.031765322442363,0.0316049233532961,0.0300448507412851,0.0275457098476655,0.0244838782504846,0.0273138756856641,0.0265506433897284,0.0281641756302431,0.0278602672440907
"UA.AZTECAN.NAHUATL_AYOTOXCO",0,0,0,0,0,0,0,0,0,0,0,0,0,0,0,0,0,0,0,0,0,0,0,0,0,0,0,0,0,0,0,0,0,0,0,0,0,0,0.0120600382501436,0.012469905985837,0.0131357154451545,0.0132582860705884,0.0140590063202854,0.069639514604836,0.0754341606960509,0.0943575815042506,0.0760248275333748,0.082706704806059,0.0693070831262983,0.0742985527280273,0.0639572482314962,0.091980562581362,0.107367155287283,0.106316767391715,0.108869033306191,0.0940952433141795,0.127065920349324,0.118757030084635,0.141069665598637,0.10458473147064,0.101154140924384,0.126346041768492,0.124494841962015,0.118189154543175,0.896739790424882,0.902599764537868,0.885055040034279,0.887364964300052,0.855919273884637,0.871513577177141,0.878146032617074,1,0.934061547669761,0.943699407588132,0.94889664934255,0.886209117875445,0.873904647895131,0.88366973250322,0.880784049496057,0.885422117500504,0.865150342798143,0.85765808193569,0.857018772663976,0.150728392148629,0.154772616911609,0.153032240952487,0.145679795264437,0.17519826580884,0.161203588219412,0.16646754412122,0.138595629017341,0.131999622316999,0.141347436095973,0.119047124652044,0.0338779266778876,0.0333882863245026,0.0341759281721999,0.0318903615586155,0.0293046086738608,0.0269459071146222,0.0298876766088794,0.0281373987199626,0.0281545387415128,0.0276448532621134,0.0287022268174619,0.0270155961399556,0.0279204518590971,0.029685989294387,0.0314065157851996,0.0294872411863085,0.0297211839734658,0.0301293538489826,0.0289051194419143,0.0298961885668851,0.0297916240101172,0.0299408781913591,0.0351072003286955,0.0314612638945845,0.0320531662890223,0.0329105519575848,0.0277932233082612,0.0265350856811602,0.0287541720116068,0.0328138480464585,0.027766876504459,0.0313137422185001,0.0360088594039142,0.0341963306943795,0.0335649821536959,0.0346259071804061,0.0308328774069999,0.0318594414429427,0.0287789386216567,0.0309093004863095,0.0299893312794969,0.0286114811577267,0.0291321556441416,0.0290565171596625,0.036144018782749,0.0341199298032238,0.029268541172765,0.0327330732784696,0.0286944158286019,0.0282213401753083,0.0328140635684224,0.0295821333419872,0.0303060510065573,0.0295611616290688,0.0314199851080835,0.0311608820656609,0.0299334225756193,0.0310367994018585,0.0303574669625752,0.0297951802836867,0.0301910543253372,0.0318489933892166,0.0307916060165462,0.0312773478982895,0.0327170428868696,0.0282069184946083,0.0294642137052956,0.0290843491855651,0.0317386087848481,0.0268035968265651,0.0316355155710671,0.0315834188451764,0.0241754206585922,0.028912504051533,0.0276220151558683,0.0275136494543573,0.0286436711403795,0.0300947414704906,0.0294315782527932,0.0289677689211555,0.0273061328207401,0.0269312422474746,0.0280799021956203,0.0301009621425316,0.0277017726614735,0.0284888244992965,0.027779159956468,0.0281504814090172,0.0284217097751215,0.0262463294487426,0.0264233910772942,0.0251828986007631,0.027779456194812,0.0297158838086365,0.029244727124996,0.0312721434586248,0.0314976063901814,0.0313933670570481,0.031234846157793,0.029693041183725,0.0272231639286448,0.024197184785144,0.0269940444239624,0.0262397491807902,0.027834387798949,0.0275340380217507
"UA.AZTECAN.NAHUATL_CHILOCOYO_HUEHUETLA",0,0,0,0,0,0,0,0,0,0,0,0,0,0,0,0,0,0,0,0,0,0,0,0,0,0,0,0,0,0,0,0,0,0,0,0,0,0,0.0119273103413266,0.0123326672383043,0.0129911490676945,0.0131123707303426,0.0139042785764563,0.068873090240931,0.0746039627982591,0.0933191200819623,0.0751881289949964,0.0817964682258452,0.0685443173689463,0.0734808528727546,0.0632533605957037,0.0909682616690414,0.106185515751708,0.10514668800097,0.107670864707887,0.0930596690800285,0.125667484163628,0.117450038188464,0.139517109850133,0.103433714167512,0.100040879314876,0.124955528275631,0.123124702026353,0.116888412455795,0.886870634567542,0.892666116172826,0.875314481819188,0.877598983991683,0.84649937214116,0.861922050831606,0.868481512146429,0.934061547669761,1,0.948021009023898,0.953242051161412,0.876455858345872,0.864286806391249,0.873944420423161,0.871090496077381,0.875677519379115,0.855628847639486,0.848219043573268,0.847586770281123,0.149069536357769,0.153069252016844,0.151348029932429,0.144076502291289,0.173270104474119,0.159429446652496,0.164635469582248,0.137070301515959,0.130546887800625,0.139791823317593,0.11773694009226,0.0335050799032963,0.0330208283338297,0.0337998017135525,0.0315393891227657,0.028982093989636,0.0266493513468608,0.0295587449145168,0.0278277298769465,0.0278446812623439,0.0273406051754217,0.028386341704591,0.0267182734029353,0.0276131706455867,0.0293592772891276,0.0310608683604619,0.0291627165224338,0.0293940846297868,0.0297977623525512,0.0285870013747857,0.0295671631933514,0.0294637494318521,0.0296113609818728,0.0347208246649207,0.0311150139342728,0.0317004020900815,0.0325483517183531,0.027487342320782,0.0262430512481268,0.0284377152109145,0.032452712091405,0.0274612854792585,0.0309691158221577,0.0356125604446209,0.0338199796938155,0.0331955795201106,0.0342448284345825,0.0304935432145072,0.0315088093013945,0.0284622092496597,0.0305691252122802,0.0296592808148972,0.0282965947549262,0.0288115389082922,0.0287367328704159,0.0357462323139356,0.0337444196400025,0.0289464234328863,0.0323728262978802,0.0283786166803188,0.0279107475065463,0.0324529252414212,0.0292565643333828,0.0299725148525939,0.0292358234266644,0.0310741894454196,0.0308179379864063,0.0296039874196278,0.0306952209262733,0.0300233649453716,0.0294672665665114,0.0298587837783895,0.0314984762347268,0.0304527260403034,0.0309331220431323,0.032356972330294,0.0278964845450378,0.029139942472574,0.0287642585882853,0.0313893064787194,0.0265086072683418,0.0312873478672004,0.0312358244968281,0.0239093557455104,0.0285943047123742,0.0273180184161475,0.0272108453437684,0.0283284304676345,0.0297635309039137,0.0291076661926774,0.0286489613591683,0.0270056125543857,0.0266348478753166,0.0277708661361229,0.0297696831137514,0.0273968981428674,0.0281752880061263,0.0274734337445571,0.0278406685832106,0.0281089119194917,0.0259574729501479,0.0261325859099471,0.0249057457924632,0.0274737267226216,0.0293888427964304,0.0289228714729063,0.030927974881428,0.0311509564590453,0.0310478643419005,0.0308910880596213,0.0293662515682204,0.026923556784398,0.0239308803448779,0.0266969588764215,0.0259509651019662,0.0275280537717154,0.0272310095228259
"UA.AZTECAN.NAHUATL_IXTACAMAXTITLAN",0,0,0,0,0,0,0,0,0,0,0,0,0,0,0,0,0,0,0,0,0,0,0,0,0,0,0,0,0,0,0,0,0,0,0,0,0,0,0.0120503790476226,0.0124599185094429,0.0131251947044146,0.0132476671598039,0.0140477460915469,0.0695837384819847,0.0753737434884061,0.0942820080300845,0.0759639372450908,0.082640462826142,0.0692515732565806,0.0742390450587372,0.0639060231855603,0.0919068929243062,0.107281162102559,0.106231615490344,0.108781837227775,0.0940198799535847,0.126964149904429,0.118661914448964,0.140956679185052,0.104500966802492,0.10107312390663,0.126244847893327,0.124395130761571,0.118094493733993,0.896021567889872,0.90187684859513,0.884346176123852,0.886654250310394,0.855233745577298,0.87081555898125,0.877442702312799,0.943699407588132,0.948021009023898,1,0.98446198158872,0.885499329633654,0.873204714627677,0.882961978122109,0.880078606334529,0.884712959588058,0.864457421084393,0.856971160971151,0.856332363739084,0.150607669806359,0.154648655443126,0.152909673396984,0.145563116476485,0.175057944899762,0.161074476016496,0.166334215877273,0.138484624124866,0.131893900340152,0.141234227208674,0.118951776671988,0.0338507929534346,0.0333615447659149,0.0341485557704952,0.0318648197274561,0.0292811378403437,0.0269243254273561,0.0298637387808842,0.0281148627356637,0.0281319890293189,0.0276227117704545,0.0286792384474516,0.0269939586369122,0.0278980896332574,0.0296622130030783,0.0313813614788735,0.0294636240775982,0.0296973794938109,0.0301052224553156,0.0288819685698531,0.0298722439214384,0.0297677631131802,0.0299168977528143,0.0350790820465736,0.0314360657390546,0.0320274940632629,0.0328841930290439,0.0277709629831215,0.0265138330316089,0.0287311420373213,0.032787566570629,0.0277446372811689,0.0312886622169691,0.0359800189592723,0.034168941951757,0.0335380990747611,0.0345981743786528,0.0308081825427714,0.0318339243765189,0.0287558888111404,0.0308845444128223,0.0299653120335966,0.0285885654683072,0.0291088229328016,0.0290332450291785,0.036115070085398,0.0340926022520888,0.0292450992266602,0.032706856497281,0.0286714337146185,0.0281987369600852,0.0327877819199757,0.0295584402316482,0.0302817780914792,0.0295374853155275,0.0313948200138217,0.0311359244938554,0.0299094481084736,0.0310119412111292,0.0303331528671027,0.0297713165384365,0.0301668735141323,0.0318234846909144,0.0307669442076621,0.0312522970459288,0.0326908389448441,0.0281843268300894,0.0294406150399018,0.0290610547636779,0.0317131884964851,0.0267821291193598,0.0316101778527765,0.0315581228525267,0.0241560579269551,0.0288893472649433,0.0275998919558507,0.0274916130472864,0.0286207296691544,0.0300706377987898,0.0294080057259936,0.028944567871475,0.0272842626192109,0.0269096723056872,0.0280574122618032,0.0300768534885306,0.0276795855815673,0.0284660070488278,0.0277569108950374,0.0281279349464478,0.0283989460786044,0.0262253080716691,0.0264022278868952,0.0251627289534863,0.0277572068961163,0.0296920835740233,0.0292213042521898,0.031247096774637,0.0314723791269889,0.0313682232818851,0.0312098293461965,0.0296692592443722,0.0272013601790883,0.0241778046220442,0.0269724241822564,0.0262187330740267,0.0278120945040837,0.0275119852849388
"UA.AZTECAN.NAHUATL_CHIGNAUTLA",0,0,0,0,0,0,0,0,0,0,0,0,0,0,0,0,0,0,0,0,0,0,0,0,0,0,0,0,0,0,0,0,0,0,0,0,0,0,0.0121167441768569,0.0125285390979621,0.0131974791727571,0.0133206261214795,0.0141251113330162,0.0699669574478537,0.0757888497857025,0.0948012479330496,0.0763822939202203,0.0830955891731026,0.0696329628867894,0.0746479022241491,0.0642579732338364,0.0924130523407308,0.107871992329493,0.106816665542539,0.109380932132377,0.0945376762369256,0.127663380375373,0.119315421965738,0.141732970801571,0.105076485642152,0.10162976456529,0.126940116947727,0.125080212857036,0.118744876291051,0.900956233174232,0.906843760704189,0.88921654144882,0.891537326907021,0.859943779828206,0.875611407052302,0.882275048092505,0.94889664934255,0.953242051161412,0.98446198158872,1,0.890376045728287,0.878013720510828,0.887824720244611,0.884925468845232,0.889585344901933,0.869218252942133,0.861690763700916,0.861048448416787,0.151437112384959,0.155500352967646,0.153751793814612,0.146364777154421,0.17602204263402,0.161961562503563,0.167250269363154,0.139247301376816,0.132620280457051,0.142012047367191,0.119606880548827,0.0340372196409403,0.0335452770137632,0.0343366223290586,0.0320403090519729,0.0294423980371575,0.0270726059361658,0.0300282075395663,0.0282696998981697,0.0282869205115709,0.0277748385068171,0.0288371837999076,0.0271426226371402,0.0280517329598767,0.0298255718975614,0.0315541882507005,0.029625889282028,0.0298609320609323,0.030271021138575,0.0290410304192026,0.0300367595205352,0.0299317033044567,0.0300816592742408,0.0352722732984204,0.0316091937840019,0.0322038792851848,0.0330652963546333,0.0279239061843313,0.0266598528330346,0.0288893732387481,0.0329681377447088,0.0278974354986727,0.0314609784655609,0.0361781719467133,0.0343571207832663,0.0337228036612784,0.034788717124639,0.030977852642595,0.0320092435508728,0.0289142563006322,0.031054635060859,0.0301303401872999,0.028746011456888,0.0292691341386283,0.0291931400043354,0.0363139668407656,0.0342803606574842,0.0294061609477875,0.0328869831762601,0.0288293360840196,0.0283540360436412,0.0329683542800503,0.0297212276176867,0.0304485491207175,0.0297001572964231,0.0315677209059239,0.0313073995690125,0.0300741686024265,0.0311827334723641,0.0305002068329698,0.0299352762995145,0.0303330117286603,0.0319987463707214,0.0309363871953403,0.0314244130203827,0.0328708774102547,0.0283395465526448,0.0296027535265118,0.0292211028955627,0.0318878427413584,0.0269296265095374,0.0317842647864759,0.031731923103392,0.0242890927385388,0.0290484497510272,0.027751893016503,0.0276430177828163,0.0287783527958433,0.0302362460137502,0.0295699646231216,0.0291039744743569,0.0274345254124085,0.0270578721152667,0.0282119330269488,0.0302424959351987,0.0278320255394318,0.0286227780706448,0.027909776707093,0.0282828441016234,0.0285553477751133,0.0263697388777463,0.026547633044597,0.0253013078108223,0.0279100743383406,0.029855606974892,0.0293822349271027,0.0314191841096036,0.0316457071608887,0.0315409776976361,0.0313817114380173,0.0298326569446649,0.0273511664031496,0.0243109591993402,0.0271209695856451,0.0263631276695776,0.0279652642291807,0.0276635022166228
"UA.AZTECAN.NAHUATL_CUATLAMAYAN_ANTONIO_SANTOS",0,0,0,0,0,0,0,0,0,0,0,0,0,0,0,0,0,0,0,0,0,0,0,0,0,0,0,0,0,0,0,0,0,0,0,0,0,0,0.0120853680963228,0.0124960966822459,0.0131633045493329,0.0132861326113541,0.0140885346236074,0.0697857793310621,0.0755925959884981,0.094555761889401,0.0761845034106215,0.0828804147120537,0.0694526496426148,0.0744546028891381,0.0640915784240003,0.0921737504845291,0.107592659839733,0.106540065801591,0.109097692271455,0.0942928727072134,0.127332798459518,0.119006456930749,0.141365955946648,0.104804392064238,0.101366596206603,0.126611407908878,0.124756320004754,0.118437388673327,0.898623223999726,0.904495505888178,0.886913931984636,0.889228707812661,0.857716971628178,0.873344027827055,0.879990413494455,0.886209117875445,0.876455858345872,0.885499329633654,0.890376045728287,1,0.945168882143882,0.955730279345851,0.917487962024706,0.922319306965122,0.901202769638028,0.893398292304926,0.892732341824619,0.151044968838418,0.155097687736246,0.153353656444162,0.1459857683243,0.175566236874251,0.161542166091922,0.166817177944842,0.138886723115991,0.132276862741917,0.141644309848764,0.119297160787334,0.0339490809025942,0.0334584121515725,0.0342477082930982,0.0319573412759368,0.0293661575026998,0.0270025019336613,0.02995045006245,0.0281964960434268,0.0282136720643744,0.0277029160863144,0.0287625104563034,0.027072337327709,0.0279790935264098,0.0297483391416186,0.0314724792753115,0.0295491736004523,0.0297836077405133,0.0301926349002234,0.0289658292186222,0.0299589798982255,0.0298541957232372,0.0300037633848657,0.0351809364119204,0.0315273423728218,0.0321204879471146,0.0329796743933074,0.027851597755889,0.0265908176469065,0.0288145647515764,0.032882767373771,0.0278251956155717,0.0313795108551526,0.036084489252748,0.0342681536669452,0.033635479097182,0.0346986323977315,0.030897636077394,0.031926356218366,0.028839383379241,0.0309742196690339,0.0300523182396185,0.0286715742023466,0.0291933422677682,0.029117544918853,0.0362199325084831,0.0341915923100612,0.0293300142485893,0.0328018229535468,0.0287546830619278,0.0282806138020401,0.0328829833483984,0.0296442650592888,0.0303697031770042,0.0296232492992247,0.0314859768879794,0.0312263296482605,0.0299962921100047,0.0311019863721183,0.0304212271225848,0.0298577594660917,0.0302544649668448,0.0319158862204646,0.0308562780041329,0.0313430400955051,0.0327857588931188,0.0282661618313074,0.0295260977545387,0.0291454354007007,0.0318052697739583,0.0268598927495617,0.0317019600322366,0.0316497538869539,0.0242261965909648,0.028973229338227,0.0276800300129148,0.0275714367095924,0.0287038317940146,0.0301579498249285,0.0294933937573954,0.0290286102813327,0.0273634842262458,0.0269878062657135,0.0281388787584295,0.0301641835623232,0.0277599550341867,0.0285486599266331,0.0278375048666656,0.0282096062102136,0.0284814042405801,0.0263014549362341,0.0264788884494946,0.0252357905514081,0.0278378017272026,0.0297782964436828,0.0293061501838839,0.031337824724892,0.0315637611990077,0.0314593029307252,0.031300449088082,0.0297554058421262,0.0272803410735693,0.0242480064289783,0.0270507403463824,0.0262948608476642,0.0278928487048612,0.0275918680993439
"UA.AZTECAN.NAHUATL_CHINANCAHUATL_ZACUALTIPAN",0,0,0,0,0,0,0,0,0,0,0,0,0,0,0,0,0,0,0,0,0,0,0,0,0,0,0,0,0,0,0,0,0,0,0,0,0,0,0.0119175701737526,0.0123225960452107,0.0129805401403441,0.0131016628100697,0.013892923962595,0.0688168465932785,0.0745430391634631,0.0932429131382811,0.0751267283141201,0.0817296709945605,0.0684883422062057,0.0734208464002161,0.0632017061728553,0.0908939745005844,0.106098801757711,0.105060822342103,0.107582937737341,0.0929836740111258,0.125564860661823,0.117354125277608,0.13940317636551,0.10334924736989,0.0999591831989134,0.12485348617646,0.12302415502993,0.11679295818386,0.886146391770979,0.891937140627605,0.874599676092765,0.876882312678356,0.845808097620759,0.861218181730316,0.867772286409773,0.873904647895131,0.864286806391249,0.873204714627677,0.878013720510828,0.945168882143882,1,0.949270686358297,0.904749204480554,0.909513469160132,0.888690122000447,0.880994005047666,0.880337300881269,0.148947802100611,0.152944251482575,0.151224434995152,0.1439588454822,0.173128607371685,0.159299252209477,0.164501023758634,0.136958366161888,0.130440279644465,0.139677665494445,0.117640792889469,0.0334777187394214,0.03299386262302,0.0337721998717933,0.0315136331957005,0.0289584264196623,0.0266275887582783,0.029534606435639,0.0278050049922536,0.0278219425346864,0.0273182780900722,0.0283631606422139,0.0266964545307182,0.0275906209758256,0.0293353017009638,0.0310355032065282,0.0291389014511638,0.0293700806169974,0.0297734286855018,0.0285636564482383,0.0295430178398772,0.0294396885288815,0.0295871795352766,0.0346924706906496,0.0310896045635839,0.031674514675427,0.0325217718448595,0.0274648954058696,0.0262216204553082,0.0284144921955283,0.0324262103198443,0.0274388598430749,0.0309438255958543,0.0355834782545428,0.0337923613741661,0.0331684711027067,0.0342168631718411,0.0304686413537916,0.0314830783466472,0.028438966231772,0.0305441616292397,0.0296350602356558,0.0282734869823608,0.0287880106182588,0.0287132656690373,0.035717040963756,0.033716863024758,0.028922784992464,0.0323463897632417,0.0283554419264076,0.0278879548273883,0.0324264232957964,0.0292326726234256,0.0299480384778773,0.0292119486542985,0.031048813413124,0.0307927712160549,0.029579811994484,0.0306701543700268,0.0299988470450795,0.0294432027913526,0.0298344002795761,0.031472753718244,0.0304278575120077,0.0309078612103325,0.0323305487424386,0.027873703513404,0.0291161459992154,0.0287407689086533,0.0313636731132428,0.02648695961522,0.0312617977639123,0.0312103164689323,0.0238898307122145,0.0285709538217218,0.0272957097757628,0.0271886242238435,0.0283052966971561,0.0297392251912007,0.029083896077011,0.0286255658344044,0.0269835590331652,0.0266130971306653,0.0277481876879147,0.0297453723769756,0.0273745250871423,0.028152279295967,0.0274509981877681,0.0278179331324166,0.0280859574138588,0.0259362753683717,0.0261112453261425,0.0248854070798256,0.0274512909265787,0.0293648430642654,0.0288992522656582,0.030902718251941,0.0311255177367084,0.0310225098074038,0.0308658615529211,0.0293422702846697,0.0269015702721617,0.0239113377340059,0.0266751574102293,0.0259297728346767,0.0275055736107196,0.0272087719362813
"UA.AZTECAN.NAHUATL_ZAHUASTIPAN_SAN_AUGUSTIN_METZQUITITLAN",0,0,0,0,0,0,0,0,0,0,0,0,0,0,0,0,0,0,0,0,0,0,0,0,0,0,0,0,0,0,0,0,0,0,0,0,0,0,0.0120507381130122,0.0124602897778881,0.0131255857961081,0.0132480619008116,0.0140481646725229,0.0695858118700553,0.0753759894013736,0.094284817352995,0.0759662007440737,0.0826429252656934,0.0692536367471173,0.0742412571610725,0.0639079273946327,0.0919096314758637,0.107284358761528,0.106234780875951,0.108785078602391,0.0940226814658597,0.126967933057786,0.118665450220442,0.140960879274088,0.104504080619925,0.101076135584559,0.126248609613627,0.124398837365812,0.118098012598025,0.896048266662752,0.901903721837928,0.884372527004845,0.886680669965121,0.855259228994607,0.87084150669017,0.877468847490843,0.88366973250322,0.873944420423161,0.882961978122109,0.887824720244611,0.955730279345851,0.949270686358297,1,0.914858948778325,0.919676449755254,0.898620420749411,0.890838306733475,0.89017426449906,0.150612157466159,0.154653263512257,0.152914229649632,0.145567453823627,0.175063161104906,0.161079275555934,0.166339172141286,0.138488750554027,0.131897830385383,0.141238435567815,0.118955321080496,0.0338518016062006,0.0333625388405427,0.0341495732957059,0.0318657692041375,0.0292820103310034,0.0269251276920284,0.029864628631316,0.0281157004748004,0.028132827278768,0.0276235348449589,0.0286800930033028,0.0269947629764467,0.0278989209132016,0.0296630968486423,0.0313822965499397,0.029464502005804,0.0296982643872316,0.0301061195012413,0.0288828291664579,0.029873134025298,0.0297686501038231,0.029917789187225,0.0350801272986947,0.0314370024401447,0.0320284483871548,0.0328851728800123,0.0277717904750703,0.0265146230648309,0.0287319981397449,0.0327885435424169,0.0277454639886902,0.0312895945258734,0.0359810910566289,0.0341699600844152,0.0335390984101812,0.0345992053011583,0.0308091005348131,0.031834872932611,0.0287567456509441,0.0308854646802202,0.0299662049106086,0.0285894173223738,0.0291096902889905,0.0290341101333711,0.0361161462068758,0.0340936181100514,0.0292459706434766,0.0327078310641492,0.0286722880379119,0.0281995771984238,0.0327887588981803,0.0295593209850929,0.0302826803982368,0.0295383654445781,0.0313957554859121,0.0311368522516307,0.0299103393209071,0.0310128652745721,0.0303340567046756,0.0297722036349608,0.0301677723970758,0.0318244329359349,0.0307678609709243,0.0312532282712594,0.0326918130344369,0.0281851666390491,0.0294414922825069,0.0290619206965177,0.0317141334550077,0.0267829271470058,0.0316111197418888,0.0315590631905551,0.0241567777055044,0.0288902080814112,0.0276007143503925,0.0274924322154394,0.0286215824816184,0.0300715338141958,0.0294088819969382,0.0289454303333525,0.027285075608939,0.0269104741337401,0.028058248289087,0.0300777496891457,0.0276804103507418,0.0284668552510187,0.0277577379682758,0.0281287730750974,0.0283997922825782,0.026226089507707,0.0264030145946164,0.0251634787278327,0.0277580339781747,0.0296929683096413,0.0292221749599869,0.031248027845015,0.0314733169101097,0.0313691579614721,0.0312107593061162,0.0296701432998932,0.0272021706985707,0.0241785250485802,0.0269732278801283,0.0262195143141493,0.0278129232216292,0.0275128050601238
"UA.AZTECAN.NAHUATL_XOCHIATIPAN",0,0,0,0,0,0,0,0,0,0,0,0,0,0,0,0,0,0,0,0,0,0,0,0,0,0,0,0,0,0,0,0,0,0,0,0,0,0,0.0120113856163526,0.0124195998626926,0.0130827233119721,0.0132047994627096,0.0140022894449506,0.0693585747163234,0.0751298440330724,0.0939769239339251,0.0757181280008952,0.0823730492290593,0.069027484333614,0.0739988173373012,0.0636992317549357,0.091609494386192,0.106934014464756,0.10588786404643,0.108429833603938,0.0937156440691783,0.126553310723895,0.118277940203246,0.140500562032211,0.104162815508614,0.100746064658558,0.125836336278874,0.123992604586874,0.117712355586589,0.89312216071887,0.898958494510936,0.88148454897492,0.883785154538956,0.852466322399473,0.867997715118097,0.874603413891181,0.880784049496057,0.871090496077381,0.880078606334529,0.884925468845232,0.917487962024706,0.904749204480554,0.914858948778325,1,0.941126299346853,0.919579175178911,0.911615556922879,0.910936027061207,0.150120323325545,0.154148232867771,0.152414877937309,0.145092093502408,0.174491480565674,0.160553260336468,0.165795980375382,0.138036506214929,0.131467109139849,0.140777211947173,0.11856686447049,0.033741256268883,0.0332535912237275,0.0340380555648879,0.0317617093893444,0.0291863879547697,0.0268372018747364,0.0297671036757961,0.0280238867619274,0.0280409576371636,0.0275333283320866,0.0285864362286286,0.026906609760445,0.0278078151085823,0.0295662300087275,0.0312798155476501,0.0293682836907195,0.0296012827053517,0.0300078059410266,0.0287885103431931,0.0297755812948415,0.0296714385726468,0.0298200906323306,0.0349655707811276,0.0313343427920874,0.0319238573325367,0.0327777841338813,0.0276810998234562,0.0264280377780374,0.0286381718653529,0.0326814703458936,0.0276548593079899,0.0311874162482849,0.0358635923812503,0.0340583757791661,0.033429574226204,0.0344862192667538,0.030708491342703,0.0317309140116727,0.0286628385618881,0.0307846061158519,0.0298683482509098,0.0284960566552407,0.029014630635456,0.0289392972919234,0.0359982064998111,0.0339822831046596,0.029150465957269,0.0326010214396579,0.0285786567508777,0.0281074895804626,0.0326816849983983,0.0294627930322475,0.0301837902665255,0.0294419059234612,0.0312932305325609,0.0310351727642225,0.0298126650940528,0.0309115906749852,0.0302349988001765,0.0296749804994894,0.0300692575051788,0.0317205081075087,0.0306673864493867,0.0311511687501238,0.0325850557179002,0.0280931260797398,0.0293453491072229,0.0289670170378036,0.0316105688169627,0.0266954656951676,0.0315078915020597,0.0314560049448993,0.0240778921214807,0.0287958651618028,0.0275105823593818,0.0274026538270307,0.0285281167769921,0.0299733331958708,0.0293128453127374,0.0288509070817624,0.0271959743574898,0.0268225961686293,0.0279666221901946,0.0299795287724625,0.0275900181070761,0.0283738948185814,0.0276670932060687,0.028036916672768,0.0283070508487796,0.0261404464466707,0.0263167937727968,0.0250813056938414,0.0276673882493274,0.0295960039224595,0.0291267479801858,0.0311459853062214,0.0313705386747058,0.0312667198641277,0.0311088384702456,0.0295732534493174,0.0271133401786881,0.0240995684471435,0.0268851449884335,0.0261338927248502,0.0277220982482618,0.0274229601428191
"UA.AZTECAN.NAHUATL_TLALNEPANTLA_TAMAZUNCHALE",0,0,0,0,0,0,0,0,0,0,0,0,0,0,0,0,0,0,0,0,0,0,0,0,0,0,0,0,0,0,0,0,0,0,0,0,0,0,0.0120746356528947,0.0124849994901996,0.0131516148415576,0.0132743338257901,0.0140760232627925,0.0697238058832705,0.075525465781659,0.094471791392417,0.0761168475588146,0.0828068125383252,0.0693909720315331,0.0743884832801113,0.0640346617265382,0.0920918953391375,0.107497111890692,0.106445452611498,0.109000807774342,0.09420913566967,0.127219720227633,0.118900772928705,0.141240415531762,0.104711320243844,0.101276577330006,0.126498970309798,0.124645529821444,0.118332210033869,0.897825199244672,0.903692266237504,0.886126305697642,0.888439025882808,0.856955273779838,0.872568452329705,0.879208935656555,0.885422117500503,0.875677519379115,0.884712959588057,0.889585344901933,0.922319306965122,0.909513469160132,0.919676449755254,0.941126299346853,1,0.947179421858008,0.938976783586889,0.938276858317933,0.150910832950273,0.154959952820255,0.15321747031982,0.145856125272688,0.175410324808509,0.161398708139709,0.166669035504259,0.138763384390445,0.132159393920536,0.141518522240952,0.119191218624953,0.033918932330592,0.0334286993192657,0.034217294524244,0.0319289614736317,0.0293400788080678,0.0269785222896727,0.0299238524852492,0.0281714560697788,0.0281886168375151,0.0276783144376661,0.0287369678320438,0.027048295666212,0.027954246617648,0.029721921049561,0.0314445300560016,0.0295229323778856,0.0297571583280822,0.0301658222501303,0.0289401060365925,0.0299323747460812,0.0298276836249595,0.0299771184626264,0.0351496938873419,0.0314993444321915,0.0320919632619723,0.0329503867053459,0.0278268640700868,0.0265672036002486,0.0287889759003607,0.0328535657443472,0.0278004853762608,0.0313516441966966,0.036052444325655,0.0342377217415222,0.033605609020101,0.0346678181845214,0.0308701973491218,0.0318980039324241,0.0288137724877767,0.0309467129304986,0.0300256301981107,0.0286461123342703,0.0291674170421673,0.0290916870052903,0.036187767300645,0.0341612283751557,0.0293039676510707,0.0327726932070316,0.0287291473888066,0.0282554991273919,0.0328537815271776,0.029617939390498,0.0303427332809548,0.0295969422935358,0.0314580156820784,0.0311985990227845,0.0299696538226511,0.0310743661700209,0.0303942114705579,0.0298312442030226,0.0302275974083958,0.0318875432324323,0.0308288760040082,0.0313152058250046,0.0327566434123353,0.0282410599907704,0.0294998770245387,0.0291195527189211,0.0317770250191568,0.02683603975004,0.0316738070219273,0.0316216472384514,0.0242046824523536,0.0289474995845012,0.0276554486883051,0.0275469518215559,0.0286783412794978,0.0301311679770091,0.0294672020702674,0.0290028313464124,0.0273391840109677,0.0269638396722521,0.0281138899519654,0.0301373961785167,0.0277353027319484,0.0285233072129077,0.0278127836960913,0.028184554594047,0.0284561112534464,0.0262780978589046,0.0264553738018596,0.0252133798401829,0.0278130802930005,0.0297518517479631,0.0292801247789117,0.0313099950859153,0.0315357309165415,0.0314313654127032,0.0312726526406394,0.0297289814744663,0.0272561146937901,0.0242264729220822,0.0270267178641425,0.0262715096262327,0.0278680783860436,0.0275673650671571
"UA.AZTECAN.NAHUATL_HUEYATI_YAHUALICA",0,0,0,0,0,0,0,0,0,0,0,0,0,0,0,0,0,0,0,0,0,0,0,0,0,0,0,0,0,0,0,0,0,0,0,0,0,0,0.0117981863879276,0.0121991549288069,0.0128505080951021,0.012970417423295,0.0137537521486554,0.0681274765660779,0.073796307229647,0.0923088559597199,0.0743741492974226,0.0809109472618442,0.0678022629586538,0.0726853559878299,0.0625685855917713,0.0899834477215216,0.105035961225567,0.104008379727524,0.106505229931974,0.0920522137502234,0.124307019657839,0.116178534989188,0.138006710583652,0.102313950389608,0.098957846051804,0.123602771338126,0.121791765443692,0.115622989364512,0.877269455490983,0.883002195750958,0.865838408578416,0.868098178942681,0.837335248600092,0.852590962804202,0.859079412000375,0.865150342798143,0.855628847639486,0.864457421084393,0.869218252942133,0.901202769638028,0.888690122000447,0.898620420749411,0.919579175178911,0.947179421858009,1,0.930548702765874,0.929855059895842,0.147455723409584,0.151412138518611,0.149709550224536,0.142516743465925,0.171394298424366,0.157703478278164,0.162853141287453,0.135586391169131,0.129133599324485,0.13827845002864,0.116462330919634,0.0331423570217535,0.0326633479147784,0.0334338882010793,0.0311979466269494,0.0286683365332919,0.0263608479455952,0.0292387446888457,0.027526469459216,0.0275432373304904,0.0270446183244435,0.0280790338071239,0.0264290238578952,0.0273142330261568,0.0290414364814333,0.0307246062859513,0.0288470036633342,0.029075867001057,0.029475174546307,0.0282775211543757,0.029247071832176,0.0291447776184488,0.029290791139546,0.0343449402435628,0.0307781656848116,0.0313572164828432,0.0321959862872357,0.0271897669071038,0.0259589464139742,0.028129851148642,0.0321013820460015,0.0271639921545252,0.0306338470521006,0.0352270221745773,0.033453847736403,0.0328362072609556,0.0338740971041818,0.0301634229493075,0.0311676978598827,0.0281540800171999,0.0302381867033961,0.0293381921969111,0.0279902584495965,0.0284996278654097,0.0284256316707481,0.0353592469246564,0.033379105688711,0.0286330521426748,0.032022361088654,0.0280713924132467,0.0276085883476723,0.0321015928884755,0.0289398354866027,0.0296480351920232,0.0289193191190131,0.0307377831580811,0.0304843058535507,0.0292834974028007,0.0303629173169071,0.0296983347864217,0.0291482566769352,0.0295355353598596,0.0311574766580345,0.0301230476580387,0.0305982429383822,0.0320066787546476,0.0275944797956597,0.0288244761632219,0.0284528593977537,0.0310494887636609,0.0262216275493914,0.0309486339465956,0.0308976683634432,0.0236505152820084,0.0282847454267101,0.0270222760873262,0.0269162632606695,0.0280217495118373,0.0294413136841514,0.0287925493033321,0.028338810365725,0.0267132523023933,0.0263465014872862,0.0274702213199665,0.029447399290737,0.0271003018694547,0.0278702649563865,0.0271760089038326,0.0275392680922485,0.0278046074510978,0.0256764597601116,0.0258496769632806,0.0246361185029033,0.0271762987101438,0.0290706819153014,0.0286097551540251,0.0305931514993721,0.0308137190991509,0.0307117430476864,0.0305566640108706,0.0290483352576288,0.0266320848605463,0.0236718068580633,0.0264079400804648,0.0256700223652896,0.0272300376196525,0.0269362091441984
"UA.AZTECAN.NAHUATL_IXHUATLAN_DE_MADERO",0,0,0,0,0,0,0,0,0,0,0,0,0,0,0,0,0,0,0,0,0,0,0,0,0,0,0,0,0,0,0,0,0,0,0,0,0,0,0.0116960132906642,0.0120935094166841,0.0127392218202194,0.0128580927254674,0.0136346437187819,0.0675374879813392,0.0731572261854645,0.0915094549833209,0.0737300641015974,0.0802102529506643,0.0672150907458938,0.0720558958570279,0.0620267373812833,0.089204184938764,0.104126342651187,0.103107660078868,0.105582887390578,0.0912550353128291,0.123230512405587,0.115172420967501,0.136811563075396,0.101427904614364,0.0981008643685874,0.122532362924263,0.120737040464157,0.114621686405752,0.869672242287619,0.875355336626695,0.858340189019466,0.860580389618547,0.830083868346865,0.845207467027457,0.8516397258119,0.85765808193569,0.848219043573268,0.856971160971151,0.861690763700916,0.893398292304926,0.880994005047666,0.890838306733475,0.911615556922879,0.93897678358689,0.930548702765874,1,0.950778513133826,0.146178746807028,0.150100899091884,0.148413055328337,0.141282538765895,0.169910012132599,0.156337755420846,0.161442821997918,0.134412203791765,0.128015293563757,0.137080949238293,0.11545375920587,0.0328553419538286,0.0323804810983277,0.0331443484532958,0.0309277702854062,0.0284200667873593,0.0261325612079108,0.0289855351694563,0.0272880883598758,0.0273047110202435,0.0268104100887317,0.0278358674629158,0.0262001467121694,0.0270776899087746,0.0287899356645516,0.0304585291039831,0.0285971866478929,0.0288240680135315,0.0292199175282573,0.0280326358962286,0.0289937901991585,0.0288923818602857,0.0290371308943505,0.0340475107230729,0.0305116246748034,0.031085660853506,0.0319171668542944,0.0269543016747853,0.0257341401709126,0.027886244722797,0.0318233818922293,0.0269287501333187,0.0303685558512759,0.0349219537645184,0.0331641351376848,0.0325518434707999,0.0335807451173309,0.0299022056532364,0.0308977834747215,0.0279102637677039,0.0299763219481252,0.0290841214553321,0.0277478609060278,0.0282528191480256,0.0281794637654469,0.0350530334392608,0.0330900403612139,0.0283850879619669,0.0317450452617517,0.0278282922440297,0.0273694960931679,0.0318235909087931,0.0286892145412526,0.0293912811890144,0.0286688758468029,0.0304715918635033,0.0302203096896852,0.0290299003218619,0.0300999723860323,0.0294411451855014,0.0288958307898888,0.0292797556130556,0.0308876507891771,0.0298621800147384,0.030333260071606,0.0317294987378254,0.0273555097221762,0.0285748542374651,0.0282064556984831,0.0307805980773199,0.0259945464698154,0.0306806166698359,0.030630092452103,0.0234457002096926,0.0280397976058729,0.0267882613369088,0.0266831665885476,0.0277790792535259,0.0291863499034731,0.0285432038663553,0.0280933943388355,0.0264819137189897,0.0261183389909074,0.0272323273333411,0.0291923828082914,0.0268656114104525,0.0276289065646374,0.026940662816759,0.0273007761558749,0.027563817657814,0.0254540998707023,0.0256258170011003,0.0244227680396011,0.0269409501133278,0.0288189278309715,0.0283619927268247,0.0303282127248043,0.0305468701941542,0.0304457772622373,0.030292041220437,0.0287967746968755,0.0264014491927145,0.0234668073992495,0.0261792455216868,0.0254477182241576,0.0269942236402221,0.0267029397393673
"UA.AZTECAN.NAHUATL_LA_REFORMA_TEPEHUACAN_DE_GUERRERO",0,0,0,0,0,0,0,0,0,0,0,0,0,0,0,0,0,0,0,0,0,0,0,0,0,0,0,0,0,0,0,0,0,0,0,0,0,0,0.0116872949332018,0.0120844947605402,0.0127297258418153,0.0128485081391747,0.0136244802814756,0.0674871446765139,0.0731026938561151,0.0914412426685855,0.0736751047715602,0.0801504632052192,0.0671649877600792,0.0720021844733503,0.0619805018602321,0.0891376910017183,0.104048725547485,0.103030802314146,0.105504184559852,0.0911870126457607,0.123138654810121,0.115086569976155,0.136709581991565,0.101352298960787,0.0980277387332381,0.122441025738324,0.120647041534474,0.114536245938972,0.869023977507566,0.874702835595647,0.857700371296434,0.859938902021419,0.829465113245605,0.844577438602875,0.851004902699591,0.857018772663976,0.847586770281123,0.856332363739084,0.861048448416787,0.892732341824619,0.880337300881269,0.89017426449906,0.910936027061207,0.938276858317933,0.929855059895842,0.950778513133825,1,0.146069783304987,0.149989011967512,0.148302426344231,0.141177224959768,0.169783359042748,0.15622121926423,0.161322480459573,0.134312011220943,0.127919869331397,0.136978767350581,0.115367698501414,0.0328308511629425,0.0323563442747791,0.0331196422332794,0.0309047163310235,0.028398882107144,0.0261130816635263,0.0289639289818978,0.0272677474708161,0.0272843577404407,0.0267904252671469,0.0278151182523271,0.026180616788688,0.0270575058534035,0.0287684752793584,0.0304358249279611,0.0285758699402748,0.0288025821856501,0.0291981366290995,0.0280117400119403,0.0289721778581956,0.0288708451103918,0.0290154862466806,0.0340221312743829,0.0304888809206658,0.0310624892054803,0.0318933753910918,0.0269342095945774,0.02571495761465,0.0278654579603563,0.0317996603375335,0.0269086770995556,0.0303459187424639,0.0348959224948338,0.0331394141684216,0.0325275789115535,0.033555713601676,0.0298799161678092,0.0308747518728899,0.0278894591011608,0.0299539772154666,0.0290624417802988,0.0277271772966488,0.0282317591363335,0.0281584584337924,0.0350269044611151,0.0330653746231419,0.0283639293554141,0.0317213821001792,0.0278075486801057,0.0273490945217456,0.0317998691982936,0.0286678292348691,0.0293693725531986,0.0286475057011417,0.0304488779503338,0.0301977830854526,0.029008261063953,0.0300775354827604,0.0294191993804266,0.0288742914691187,0.0292579301098263,0.0308646267403785,0.0298399203649326,0.0303106492727182,0.03170584716483,0.0273351185763732,0.0285535541767105,0.0281854302466976,0.0307576538269779,0.0259751698033767,0.0306577469469101,0.0306072603905734,0.0234282234857608,0.0280188963831549,0.0267682930252861,0.0266632766158906,0.0277583723735926,0.0291645940260509,0.028521927398191,0.0280724531644293,0.0264621737627882,0.0260988700479448,0.0272120280092617,0.029170622433865,0.0268455854410986,0.0276083116253415,0.0269205809031298,0.0272804258091703,0.0275432712366194,0.0254351260600507,0.0256067151903098,0.0244045629968487,0.0269208679855441,0.0287974458346478,0.0283408513357548,0.0303056056882733,0.030524100167557,0.0304230825916008,0.0302694611466066,0.0287753092137804,0.026381769215797,0.0234493149417494,0.0261597311782194,0.0254287491704667,0.026974101801672,0.0266830350275515
"Jap.JAPANESE.EI_JAPANESE",0,0,0,0,0,0,0,0,0,0,0,0,0,0,0,0,0,0,0,0,0,0,0,0,0,0,0,0,0,0,0,0,0,0,0,0,0,0,0.0128812286475791,0.013319005038435,0.0140301507001071,0.0141610673870151,0.0150163101652849,0.0743813984603769,0.0805706127633954,0.100782564431283,0.0812014992024183,0.0883383579054562,0.0740263311052094,0.0793576791402413,0.0683122160188894,0.0982436898763049,0.114677984249276,0.113556073491546,0.116282127931166,0.100502363146742,0.135718074800902,0.126843416770208,0.150675361066283,0.111706100028574,0.108041914202131,0.134949178350835,0.132971926912242,0.126236873528703,0.155744511168467,0.156762263267161,0.153715120081842,0.154116304493921,0.14865486101344,0.151362346019897,0.152514254655115,0.150728392148629,0.149069536357769,0.150607669806359,0.151437112384959,0.151044968838418,0.148947802100611,0.150612157466159,0.150120323325545,0.150910832950273,0.147455723409584,0.146178746807028,0.146069783304987,1,0.858444277666263,0.84879130537111,0.808011062368798,0.202141069708519,0.185994225531194,0.192067697046324,0.159909509247418,0.152299137968592,0.163084502013117,0.137354744990138,0.0361847376096502,0.0356617567354429,0.036503030579037,0.0340618354909117,0.0313000138910286,0.0287807039630031,0.0319227840043785,0.0300533264441034,0.0300716335615464,0.0295272426514747,0.0306566147355297,0.0288551382434695,0.0298216072686562,0.031707363426151,0.0335450437603829,0.0314950821903595,0.0317449545762774,0.0321809174965048,0.0308733226955105,0.0319318755574098,0.0318201910058169,0.0319796081813936,0.0374977147858472,0.0336035197701917,0.0342357258977064,0.0351514925484282,0.029685715489557,0.0283419089353268,0.0307120969743953,0.0350482038884342,0.0296575746829633,0.0334459530692656,0.0384607695016908,0.0365248223468351,0.0358504841117333,0.0369836494934294,0.0329323452798845,0.0340288099671506,0.03073854998891,0.033013972148566,0.03203136053027,0.0305596900353273,0.0311158182143064,0.0310350293649742,0.0386051321335934,0.03644321917714,0.0312614904868134,0.0349619290165111,0.0306482718819349,0.0301429836290053,0.0350484340856888,0.0315964357291133,0.0323696462916285,0.0315740360133222,0.0335594302344717,0.0332826843847901,0.0319716448989345,0.0331501527020137,0.0324245632555605,0.0318239894326571,0.0322468192728592,0.0340176504860464,0.0328882636438223,0.0334070805922152,0.0349448070857819,0.0301275799492884,0.0314704867254071,0.0310647565251988,0.0338997495890051,0.0286287035031916,0.0337896365668751,0.0337339924781857,0.0258215699399649,0.0308812101369098,0.0295028494561697,0.0293871049328302,0.030594071893669,0.0321439482968932,0.0314356290643466,0.0309402380941203,0.0291654581063149,0.0287650405378219,0.0299919148746594,0.032150592546044,0.0295880377984247,0.0304286814572766,0.0296706945380274,0.0300672999577475,0.0303569967669145,0.0280334907548836,0.0282226088384898,0.0268976489258952,0.0296710109477904,0.0317392935133836,0.0312360548963141,0.0334015217725901,0.0336423368937943,0.0335309997109171,0.0333616848292913,0.0317148954917278,0.0290768397083008,0.025844816026305,0.0288321190311173,0.0280264624242681,0.0297296829468497,0.0294088817956348
"Jap.JAPANESE.JAPANESE_KYOTO",0,0,0,0,0,0,0,0,0,0,0,0,0,0,0,0,0,0,0,0,0,0,0,0,0,0,0,0,0,0,0,0,0,0,0,0,0,0,0.0132268475660293,0.0136763700260584,0.0144065965845279,0.014541025924225,0.015419215898925,0.0763771411951758,0.0827324195913015,0.103486682327981,0.0833802334752665,0.0907085827149265,0.0760125469541322,0.0814869414944441,0.0701451152603622,0.100879686703051,0.117754933038142,0.116602920060098,0.119402117831991,0.103198962904639,0.139359554624773,0.130246778803137,0.154718162941289,0.114703309575307,0.110940809218706,0.138570027754524,0.13653972427234,0.129623961274073,0.159923324461617,0.160968384078034,0.157839482361687,0.158251431035964,0.152643450432314,0.15542358053073,0.156606396265539,0.154772616911609,0.153069252016844,0.154648655443126,0.155500352967646,0.155097687736246,0.152944251482575,0.154653263512257,0.154148232867771,0.154959952820255,0.151412138518611,0.150100899091884,0.149989011967512,0.858444277666263,1,0.949826434160568,0.904191950689803,0.207564758690249,0.190984675186643,0.197221105276124,0.164200074468181,0.156385507738568,0.167460256123526,0.141040138651434,0.0371556178120913,0.0366186047295397,0.0374824509661794,0.0349757556661437,0.0321398310578893,0.0295529250024766,0.0327793108453632,0.0308596934814119,0.0308784918009214,0.0303194942253909,0.0314791687261562,0.0296293564445659,0.0306217570006911,0.0325581102729057,0.0344450977894686,0.0323401332752324,0.0325967100389806,0.0330443703707745,0.031701691222374,0.0327886463357402,0.0326739651527712,0.0328376596836617,0.0385038237513203,0.0345051427812293,0.0351543117625219,0.0360946495382532,0.0304822190810719,0.0291023565743711,0.0315361396204843,0.0359885895187926,0.0304533232226579,0.0343433483754586,0.0394927183880601,0.0375048274334206,0.0368123958892207,0.037975965466383,0.0338159598689168,0.0349418440277023,0.0315633024013199,0.0338997768850479,0.0328908006105485,0.0313796434192126,0.0319506931887479,0.0318677366770371,0.0396409544436917,0.0374210347521484,0.0321002740242226,0.0358999997878805,0.0314706020237256,0.0309517562768441,0.0359888258925175,0.0324442062518134,0.0332381629873578,0.0324212055246004,0.0344598702700286,0.0341756989950348,0.0328294827367188,0.0340396113271801,0.0332945534397432,0.03267786549599,0.0331120403713637,0.0349303851242452,0.0337706954693314,0.0343034329029112,0.0358824184550754,0.0309359392978007,0.0323148778842568,0.0318982614528655,0.0348093208037733,0.0293968461867907,0.0346962533163002,0.0346391162295221,0.0265143938405028,0.0317097902933499,0.0302944465312016,0.0301755964425416,0.0314149477843291,0.0330064092428977,0.0322790849500601,0.0317704020419275,0.0299480025640366,0.0295368413086845,0.0307966341654065,0.033013231765276,0.0303819205795425,0.0312451197228225,0.0304667950992753,0.0308740419212998,0.0311715116456601,0.0287856631617376,0.0289798555118834,0.0276193453249704,0.0304671199986942,0.0325908970829337,0.0320741559661172,0.0342977249334434,0.0345450014151291,0.0344306769211978,0.0342568191168535,0.0325658444328968,0.0298570064273988,0.0265382636474087,0.0296057195989509,0.0287784462525252,0.0305273662383336,0.0301979576048704
"Jap.JAPANESE.TOKYO_JAPANESE",0,0,0,0,0,0,0,0,0,0,0,0,0,0,0,0,0,0,0,0,0,0,0,0,0,0,0,0,0,0,0,0,0,0,0,0,0,0,0.0130781152645523,0.0135225829668462,0.0142445983263813,0.0143775160447355,0.0152458310121506,0.0755183010268373,0.0818021160468513,0.102323002746884,0.0824426454399799,0.0896885893866929,0.0751578065488178,0.0805706430122629,0.0693563525277485,0.0997453220783187,0.116430810860609,0.115291751955006,0.118059473509696,0.102038518650161,0.137792494356732,0.128782189219364,0.152978399302245,0.113413502073179,0.109693310009204,0.137011845501286,0.135004372229256,0.128166375103928,0.158125030197749,0.159158338403171,0.156064620335161,0.156471936758698,0.150927016370845,0.153675884662857,0.154845399956606,0.153032240952487,0.151348029932429,0.152909673396984,0.153751793814612,0.153353656444162,0.151224434995152,0.152914229649632,0.152414877937309,0.15321747031982,0.149709550224536,0.148413055328337,0.148302426344231,0.84879130537111,0.949826434160567,1,0.904085993574023,0.205230749463076,0.188837104486554,0.195003407616789,0.162353689314315,0.15462699526101,0.165577211114135,0.139454180673348,0.036737813000899,0.0362068384843241,0.0370609710051101,0.0345824628115798,0.0317784274038092,0.0292206104030186,0.0324107164150937,0.0305126846260173,0.0305312715635395,0.0299785597636267,0.0311251940402114,0.0292961823943408,0.0302774236762729,0.0321920031828784,0.0340577720383208,0.0319764772772262,0.0322301689050879,0.032672795418272,0.0313452143315139,0.0324199469304219,0.0323065553061473,0.032468409136584,0.0380708587312268,0.0341171418404891,0.0347590110932445,0.0356887750265805,0.0301394548225876,0.0287751084942746,0.0311815243123362,0.0355839076231767,0.030110883890238,0.0339571667687825,0.0390486335168829,0.0370830958550664,0.0363984505151506,0.0375489360690582,0.0334357086024792,0.0345489325002844,0.031208381655093,0.033518583119073,0.032520952508209,0.0310267878682607,0.0315914163385365,0.0315093926502251,0.0391952026984082,0.0370002453996927,0.0317393151782215,0.0354963140596809,0.0311167236680183,0.0306037122003678,0.0355841413389434,0.0320793799815068,0.0328644088896183,0.0320566378912122,0.034072378406357,0.0337914025600193,0.0324603241371842,0.0336568451609563,0.0329201652467121,0.032310411791068,0.0327397044881195,0.0345376024490784,0.0333909531887494,0.0339177001348617,0.0354789304241789,0.0305880730789495,0.0319515058762495,0.0315395741832559,0.0344178994639451,0.0290662866511416,0.0343061033895998,0.0342496087938138,0.0262162466970901,0.0313532223306407,0.0299537937239423,0.0298362800721868,0.0310616952453988,0.0326352611529479,0.0319161154238575,0.0314131525165997,0.0296112454249108,0.0292047075659863,0.0304503343948602,0.0326420069579187,0.0300402841504138,0.0308937768542288,0.030124204279269,0.0305268717216033,0.0308209964798632,0.0284619762128849,0.0286539849228986,0.0273087733028037,0.0301245255252823,0.0322244213141499,0.0317134908105721,0.0339120563499572,0.0341565522748973,0.0340435133287894,0.0338716105081433,0.0321996503743451,0.0295212725150668,0.026239848094513,0.0292728113386225,0.0284548404558526,0.0301840943123517,0.0298583897893303
"Jap.JAPANESE.JAPANESE",0,0,0,0,0,0,0,0,0,0,0,0,0,0,0,0,0,0,0,0,0,0,0,0,0,0,0,0,0,0,0,0,0,0,0,0,0,0,0.012449776219223,0.0128728894368615,0.0135602155133809,0.0136867471898194,0.0145133438984002,0.0718900184943606,0.077871927142483,0.0974068862759226,0.0784816822520666,0.085379494269225,0.0715468440010317,0.0766996203237636,0.066024121280871,0.094953050471673,0.110836883672846,0.109752550939238,0.112387297100743,0.0971360702393233,0.131172243456182,0.122594839116338,0.145628540440387,0.107964541716233,0.104423086563704,0.130429100934534,0.128518076868966,0.122008611837045,0.150527901061992,0.151511563895876,0.148566483748395,0.148954230623299,0.143675716358381,0.146292515063652,0.147405840905916,0.145679795264437,0.144076502291289,0.145563116476485,0.146364777154421,0.1459857683243,0.1439588454822,0.145567453823627,0.145092093502408,0.145856125272688,0.142516743465925,0.141282538765895,0.141177224959768,0.808011062368798,0.904191950689802,0.904085993574023,1,0.19537042245255,0.179764411399238,0.185634454025288,0.154553393928791,0.147197929480577,0.157622041377886,0.132754093926983,0.0349727419733452,0.0344672781679155,0.0352803738265972,0.0329209457482564,0.0302516304355108,0.0278167039476032,0.0308535410730246,0.0290467003660138,0.0290643942927051,0.0285382375733734,0.0296297817186879,0.0278886450768385,0.0288227425465428,0.030645335934732,0.0324214637832159,0.0304401649876546,0.0306816679819071,0.0311030284705069,0.0298392311183143,0.0308623281075398,0.0307543843925017,0.0309084619433107,0.0362417414198904,0.032477981158711,0.0330890117542636,0.033974105108511,0.0286914024169554,0.0273926062120425,0.0296834055985923,0.0338742760675018,0.0286642041772296,0.0323256921015255,0.0371725389413965,0.03530143568645,0.0346496841841071,0.0357448945718318,0.0318292874325929,0.0328890264033245,0.029708972578268,0.0319081802367162,0.0309584808646387,0.0295361034787739,0.0300736043311321,0.0299955214771814,0.0373120661954169,0.0352225657875236,0.0302143973597845,0.0337908909434448,0.0296217183061729,0.0291333545136121,0.0338744985543766,0.0305381237236598,0.0312854358580084,0.0305164742788279,0.0324353683871857,0.0321678920468148,0.0309007653883238,0.0320397994682523,0.0313385133966732,0.0307580555923103,0.0311667228889905,0.0328782407052928,0.0317866822961292,0.0322881216450414,0.0337743425060362,0.0291184667749751,0.0304163933395423,0.0300242529361559,0.0327642888592098,0.0276697946921551,0.0326578640357828,0.0326040837271602,0.0249566851250634,0.0298468543725123,0.0285146614199546,0.0284027937205602,0.0295693337283151,0.031067297541823,0.0303827032241347,0.0299039052081162,0.0281885708800755,0.027801565163589,0.0289873457564679,0.0310737192440794,0.0285969964072898,0.0294094829890556,0.0286768845871537,0.0290602058415104,0.0293401993533272,0.0270945183949941,0.0272773020318911,0.0259967212066804,0.0286771903988778,0.030676196534414,0.0301898137258483,0.0322827490162132,0.0325154981157923,0.0324078901344714,0.0322442463979539,0.0306526157163014,0.0281029207255471,0.024979152591547,0.0278663968852748,0.0270877254759527,0.0287338971990292,0.0284238411746573
"Mas.MASCOIAN.SANAPANA_ENLHET",0,0,0,0,0,0,0,0,0,0,0,0,0,0,0,0,0,0,0,0,0,0,0,0,0,0,0,0,0,0,0,0,0,0,0,0,0,0,0.0149724208450235,0.0154812676747195,0.0163078636788723,0.0164600339248674,0.0174541203704434,0.0864567838409922,0.0936507809184564,0.1171440248279,0.0943840880841703,0.102679574092288,0.0860440733756054,0.092240934609552,0.0794023050963535,0.114192978825235,0.133295284853268,0.131991238440083,0.135159851887847,0.116818334502215,0.157751111154864,0.147435704253351,0.17513662544017,0.129840932596009,0.12558188761289,0.156857388859298,0.154559142204029,0.146730692261018,0.181028722439066,0.182211700643588,0.178669871568595,0.17913618592559,0.172788109010859,0.175935138386498,0.177274052657285,0.17519826580884,0.173270104474119,0.175057944899762,0.17602204263402,0.175566236874251,0.173128607371685,0.175063161104906,0.174491480565674,0.175410324808509,0.171394298424366,0.169910012132599,0.169783359042748,0.202141069708519,0.207564758690249,0.205230749463076,0.19537042245255,1,0.277004429244353,0.286049755817129,0.238156008410038,0.226821750336122,0.242884580259006,0.204564806414464,0.0420591183093588,0.0414512345463451,0.0424290842823304,0.0395915754371563,0.0363813882396721,0.0334530830668163,0.0371052614416689,0.0349323083709531,0.0349535875419324,0.0343208179488447,0.0356335369910823,0.033539601317748,0.0346629709414597,0.0368548685914103,0.03899088558913,0.0366081247374869,0.0368985624450899,0.0374053013977982,0.0358854262219988,0.0371158289552069,0.0369860130693093,0.0371713106917614,0.0435852496575222,0.0390588548374175,0.0397936959353381,0.0408581319503778,0.0345050179261287,0.0329430522305646,0.0356980264472085,0.0407380749800174,0.0344723086240298,0.038875708103362,0.0447046506787211,0.0424544138162869,0.0416706007093181,0.042987728868902,0.0382787190907228,0.0395531884126024,0.0357287739540472,0.0383735976045353,0.0372314647320549,0.0355208771321967,0.0361672894712105,0.0360733850242916,0.0448724497403072,0.0423595628488528,0.0363366107859,0.0406377938867984,0.0356238397239591,0.035036520875898,0.0407383425484511,0.036725932430982,0.0376246692099438,0.0366998962522286,0.0390076076232175,0.0386859337020481,0.0371620546169298,0.0385318862750428,0.0376885016220542,0.0369904281485502,0.0374819019424364,0.0395402172549531,0.038227481058644,0.0388305249068199,0.04061789231067,0.0350186164987929,0.036579536342527,0.0361079382152632,0.0394031758362497,0.033276406220593,0.0392751866084397,0.0392105090271165,0.0300135509273039,0.0358945941434177,0.0342924646608275,0.0341579296904952,0.0355608406843245,0.037362330464665,0.0365390197438896,0.0359632049445422,0.0339002997969232,0.0334348767760886,0.0348609269920781,0.0373700533688387,0.034391482832636,0.0353686000770688,0.0344875584108956,0.0349485504028809,0.0352852777961272,0.0325845641608167,0.0328043844601551,0.0312643250483629,0.0344879261879345,0.0368919823417166,0.03630704587592,0.0388240636453125,0.039103973694203,0.0389745615703022,0.0387777594070626,0.0368636234438188,0.0337972947198472,0.0300405708799192,0.0335128450707867,0.032576394821797,0.034556123243182,0.0341832418997196
"Pay.PAYAGUA.PAYAGUA",0,0,0,0,0,0,0,0,0,0,0,0,0,0,0,0,0,0,0,0,0,0,0,0,0,0,0,0,0,0,0,0,0,0,0,0,0,0,0.0137764375315359,0.0142446381408419,0.0150052064105225,0.0151452214361359,0.016059901163628,0.0795506948469736,0.0861700420030268,0.107786667028576,0.0868447732615489,0.0944776234176773,0.0791709513169283,0.0848728129306725,0.0730597214266422,0.105071347887522,0.122647779142521,0.121447898766769,0.124363406263955,0.107486992548886,0.145150096357177,0.135658674745267,0.161146871627139,0.119469357391181,0.115550521034571,0.144327763782982,0.14221309897319,0.135009978467498,0.166568313294805,0.167656796279918,0.164397885279214,0.164826950870924,0.158985952546979,0.161881600088026,0.163113563108736,0.161203588219412,0.159429446652496,0.161074476016496,0.161961562503563,0.161542166091922,0.159299252209477,0.161079275555934,0.160553260336468,0.161398708139709,0.157703478278164,0.156337755420846,0.15622121926423,0.185994225531194,0.190984675186643,0.188837104486554,0.179764411399238,0.277004429244353,1,0.282495527384805,0.235196869871354,0.22400344233998,0.239866688219687,0.202023045631854,0.0386994743213451,0.038140147758575,0.0390398877500213,0.0364290365219305,0.0334752761482113,0.0307808813202347,0.0341413270194288,0.0321419474569964,0.032161526867217,0.0315793023317689,0.0327871625748807,0.0308604885722372,0.0318941244555775,0.0339109353215439,0.0358763292307838,0.0336839011414971,0.033951138950066,0.0344174000576745,0.0330189311239021,0.0341510504096291,0.0340316040982289,0.0342021003156995,0.0401036996901424,0.0359388691575458,0.0366150118191697,0.0375944216567169,0.0317487885829656,0.030311591281736,0.0328465006721037,0.0374839547275866,0.0317186920700683,0.0357703520174696,0.041133683979317,0.0390631939839207,0.0383419911526402,0.0395539083168284,0.0352210499423566,0.0363937158178665,0.0328747920961559,0.0353083496470705,0.03425744930615,0.0326835018827112,0.033278279393991,0.0331918759485962,0.0412880794049946,0.0389759196252056,0.0334340754765833,0.0373916839965788,0.0327782399166057,0.0322378355621491,0.037484200922898,0.0337922984639454,0.0346192449691778,0.0337683420313905,0.0358917155240486,0.0355957366221473,0.0341935836076784,0.0354539943630297,0.0346779785064613,0.0340356665049692,0.0344878818207115,0.036381780784453,0.0351739047575211,0.0357287780134337,0.0373733721401897,0.0322213613703479,0.0336575963614373,0.0332236690622058,0.0362556861092136,0.030618317259255,0.0361379205441199,0.0360784093489691,0.0276160958691596,0.0330273667201246,0.0315532138785236,0.0314294254388468,0.0327202731827651,0.0343778616034654,0.0336203161917241,0.0330904969530685,0.0311923747860641,0.0307641293313955,0.0320762679575244,0.0343849676091015,0.0316443225691306,0.0325433885797811,0.031732723717876,0.0321568920902361,0.0324667220066024,0.0299817389118486,0.0301840001662806,0.0287669592948666,0.0317330621172207,0.0339450844593452,0.033406872184632,0.0357228328715991,0.0359803839612261,0.0358613091596828,0.0356802273736441,0.0339189908443316,0.031097597660544,0.027640957492618,0.0308358695898659,0.0299742221321746,0.0317958116539307,0.0314527157318979
"Mus.MUSKOGEAN.MIKASUKI",0,0,0,0,0,0,0,0,0,0,0,0,0,0,0,0,0,0,0,0,0,0,0,0,0,0,0,0,0,0,0,0,0,0,0,0,0,0,0.0142262945133254,0.0147097837857922,0.0154951877174834,0.015639774805844,0.0165843225642093,0.082148350111711,0.0889838460018779,0.111306342169237,0.0896806099932297,0.0975627038980288,0.0817562064036161,0.0876442570992814,0.0754454198843268,0.108502356762279,0.12665273032253,0.125413668949287,0.128424379680261,0.110996882093188,0.149889840148286,0.14008848483476,0.166408975500442,0.123370520112626,0.11932371773494,0.149040655055143,0.146856937797891,0.139418605972673,0.172007449392875,0.173131475795456,0.169766148033282,0.170209224369906,0.16417749358188,0.16716769584799,0.168439887495651,0.16646754412122,0.164635469582248,0.166334215877273,0.167250269363154,0.166817177944842,0.164501023758634,0.166339172141286,0.165795980375382,0.166669035504259,0.162853141287453,0.161442821997918,0.161322480459573,0.192067697046324,0.197221105276124,0.195003407616789,0.185634454025288,0.286049755817129,0.282495527384805,1,0.284381304182654,0.270847103997986,0.290027676232255,0.24427016066652,0.0399631703004536,0.0393855794397628,0.0403146996186502,0.0376185934289134,0.0345683807086707,0.031786002879117,0.0352561808626006,0.0331915133871393,0.0332117321451134,0.0326104955993657,0.033857797415246,0.0318682096332065,0.0329355979520139,0.0350182659343013,0.0370478379861135,0.0347838181605177,0.0350597823755838,0.035541268813697,0.0340971341544978,0.0352662217612249,0.035142875039649,0.0353189386553401,0.0414132493658045,0.0371124200970491,0.0378106415795816,0.03882203315061,0.032785516269257,0.0313013886031427,0.0339190731438241,0.0387079590248287,0.0327544369822264,0.0369384001837167,0.0424768668509746,0.0403387668963256,0.0395940138454622,0.0408455050574703,0.0363711611511693,0.0375821193595262,0.0339482883984824,0.0364613115479858,0.0353760950165084,0.0337507517778755,0.0343649512054125,0.0342757263344443,0.042636303918226,0.0402486426731583,0.0345258346667505,0.0386126752773961,0.0338485833957166,0.0332905326307649,0.0387082132594231,0.0348957550985016,0.035749704786385,0.0348710163905276,0.0370637267047284,0.0367580828821843,0.0353101438419993,0.0366117121590874,0.0358103562136711,0.0351470701005701,0.0356140520943156,0.0375697945985001,0.0363224764833936,0.03689546861856,0.0385937654640658,0.0332735204892808,0.0347566544218964,0.0343085576231334,0.0374395824168377,0.0316181304372404,0.0373179713248035,0.0372565168459429,0.0285178742504046,0.0341058452074084,0.0325835552515135,0.032455724613429,0.0337887238111394,0.035500439267387,0.0347181569022995,0.0341710369004349,0.0322109332881431,0.0317687038693865,0.0331236891836152,0.0355077773131452,0.0326776390131777,0.0336060632030422,0.0327689268206743,0.0332069460237244,0.0335268931529569,0.0309607652054613,0.031169631116376,0.0297063180698785,0.0327692762701405,0.0350535301809998,0.0344977430761528,0.0368893293435501,0.0371552905287167,0.0370323274483127,0.0368453326019826,0.0350265845028263,0.0321130613021751,0.0285435477074641,0.0318427867404571,0.0309530029722141,0.0328340748356453,0.0324797754297223
"May.MAYAN.CHOL_TILA",0,0,0,0,0,0,0,0,0,0,0,0,0,0,0,0,0,0,0,0,0,0,0,0,0,0,0,0,0,0,0,0,0,0,0,0,0,0,0.0118443642997731,0.012246902225075,0.0129008047771915,0.0130211834285671,0.0138075841134491,0.0683941264140867,0.0740851447897364,0.0926701513379166,0.0746652485220754,0.0812276314086391,0.0680676399258315,0.0729698453026194,0.0628134780298758,0.0903356414892591,0.105447070289163,0.104415466853657,0.106922089689666,0.0924125046349381,0.124793555334323,0.116633255907358,0.138546866630172,0.102714405546553,0.0993451654703267,0.124086550598008,0.122268456455619,0.116075535886038,0.143207979490069,0.144143808435707,0.141341942639522,0.141710834028539,0.13668900513665,0.139178553271383,0.140237739928873,0.138595629017341,0.137070301515959,0.138484624124866,0.139247301376816,0.138886723115991,0.136958366161888,0.138488750554027,0.138036506214929,0.138763384390445,0.135586391169131,0.134412203791765,0.134312011220943,0.159909509247418,0.164200074468181,0.162353689314315,0.154553393928791,0.238156008410038,0.235196869871354,0.284381304182654,1,0.901428376353055,0.776480251917399,0.611600973551319,0.0332720756743141,0.0327911917333952,0.0335647479019888,0.0313200548884845,0.0287805439415885,0.0264640238806565,0.0293531846654929,0.0276342076181422,0.0276510411185952,0.0271504705257748,0.0281889346940244,0.0265324666323812,0.0274211404950961,0.0291551041969287,0.0308448619010016,0.0289599103719054,0.0291896694770527,0.0295905399056151,0.0283881989175622,0.0293615444011283,0.0292588498094931,0.0294054348251644,0.0344793657875198,0.030898630930488,0.0314799481240338,0.0323220008599559,0.0272961872176541,0.0260605493129021,0.0282399509338002,0.0322270263392425,0.0272703115831083,0.0307537474369687,0.0353649001730313,0.0335847855586129,0.0329647276482744,0.034006679775661,0.0302814821018002,0.0312896877282298,0.0282642746337601,0.0303565384800204,0.029453021409506,0.0280998118711748,0.0286111749506925,0.0285368891361146,0.0354976424486565,0.0335097509717479,0.0287451214484338,0.0321476960951384,0.0281812633918544,0.0277166479186077,0.0322272380069505,0.0290531055374378,0.0297640771251197,0.0290325088691153,0.0308580903471971,0.0306036209365718,0.0293981125408507,0.0304817572871473,0.029814573591322,0.0292623424849584,0.0296511369704216,0.0312794265207619,0.0302409487822904,0.0307180039693216,0.0321319523807288,0.0277024841459494,0.0289372946995198,0.028564223432006,0.0311710159635059,0.0263242585780603,0.031069766402308,0.0310186013406825,0.0237430830185979,0.0283954514655825,0.0271280408415007,0.0270216130823448,0.028131426188927,0.0295565465125895,0.0289052428784137,0.0284497280138995,0.0268178075424416,0.0264496212705403,0.0275777393245799,0.0295626559381415,0.027206372015286,0.0279793487253615,0.0272823753657793,0.0276470563448186,0.0279134342376527,0.0257769570108177,0.0259508521833351,0.0247325438746541,0.0272826663063877,0.0291844640969548,0.028721733275745,0.0307128926025011,0.0309343235003194,0.030831948316229,0.0306762623025562,0.0291620299748233,0.0267363224125322,0.0237644579295392,0.026511300333385,0.0257704944201359,0.0273366155491244,0.0270416370337411
"May.MAYAN.CHONTAL_TABASCO",0,0,0,0,0,0,0,0,0,0,0,0,0,0,0,0,0,0,0,0,0,0,0,0,0,0,0,0,0,0,0,0,0,0,0,0,0,0,0.0112806704312398,0.0116640508775414,0.0122868330714929,0.0124014826937737,0.0131504572042272,0.0651391311498791,0.0705593040767675,0.0882598178845428,0.0711117996649498,0.0773618673522761,0.0648281827206476,0.0694970836293148,0.0598240755148442,0.086036411414202,0.100428661071714,0.0994461534354119,0.101833481737107,0.0880144330356445,0.118854413292248,0.111082476687969,0.131953180616527,0.0978260485903474,0.0946171565011057,0.118181056139274,0.116449488254819,0.110551299531122,0.136392463019916,0.137283754240666,0.134615234104054,0.13496656931117,0.13018373797825,0.132554804193358,0.133563582318203,0.131999622316999,0.130546887800625,0.131893900340152,0.132620280457051,0.132276862741917,0.130440279644465,0.131897830385383,0.131467109139849,0.132159393920536,0.129133599324485,0.128015293563757,0.127919869331397,0.152299137968592,0.156385507738568,0.15462699526101,0.147197929480577,0.226821750336122,0.22400344233998,0.270847103997986,0.901428376353055,1,0.739526208123642,0.58249382098033,0.031688599805428,0.0312306019664654,0.0319673432534693,0.0298294790791012,0.0274108278688368,0.0252045550209786,0.0279562156261177,0.026319047682001,0.0263350800469307,0.0258583324780227,0.0268473743328819,0.0252697404632762,0.0261161207933996,0.0277675621510822,0.0293769013512164,0.027581657939208,0.0278004824094915,0.0281822747181197,0.0270371552259359,0.0279641775074149,0.0278663703297574,0.0280059791099414,0.0328384328853029,0.0294281114192026,0.0299817627178653,0.0307837407015924,0.0259971142594521,0.0248202825086656,0.0268959626212008,0.0306932861832732,0.0259724700912957,0.0292901231827762,0.0336818231513957,0.0319864272832128,0.0313958790057551,0.0323882428217181,0.0288403337751473,0.0298005571447453,0.0269191287140338,0.0289118180899687,0.0280513009660849,0.0267624930199618,0.0272495194423807,0.0271787690187395,0.0338082479915747,0.0319149637226582,0.0273770911936537,0.0306177314032681,0.0268400681213058,0.0263975645053835,0.0306934877773473,0.0276704177849496,0.0283475529999454,0.0276508013478452,0.0293895002326821,0.0291471414632756,0.0279990053058557,0.0290310775165822,0.028395646251618,0.0278696967827312,0.0282399878633659,0.0297907842859627,0.028801729506712,0.0292560808088343,0.0306027369595713,0.0263840748112659,0.0275601185859505,0.0272048024280146,0.0296875331754158,0.0250714413918798,0.0295911022566875,0.0295423722292091,0.0226131084603249,0.0270440626125994,0.0258369702613795,0.0257356075841275,0.0267926027574239,0.0281498991297084,0.0275295921666791,0.0270957560457136,0.0255415015038415,0.0251908378560926,0.0262652668126045,0.0281557177970874,0.0259115735185573,0.0266477629244804,0.0259839597375967,0.026331284915459,0.0265849854217231,0.0245501868567857,0.0247158060560187,0.0235554791557278,0.0259842368318363,0.0277955247624733,0.0273548161047242,0.0292512127008383,0.0294621053176442,0.0293646023463717,0.0292163257004879,0.027774158319178,0.0254638943927893,0.0226334661021302,0.0252495815052111,0.0245440318320187,0.026035618536411,0.0257546785608989
"May.MAYAN.TZOTZIL_ZINACANTAN_1600",0,0,0,0,0,0,0,0,0,0,0,0,0,0,0,0,0,0,0,0,0,0,0,0,0,0,0,0,0,0,0,0,0,0,0,0,0,0,0.0120795333722258,0.0124900636615014,0.0131569494056883,0.0132797181672522,0.0140817327858971,0.0697520872858511,0.0755561004562268,0.0945101110843936,0.076147722109934,0.082840400676152,0.0694191184298919,0.0744186567713079,0.0640606354958192,0.0921292496965698,0.107540714919229,0.106488629065509,0.109045020732703,0.0942473488231102,0.127271323149739,0.118949001515537,0.14129770553482,0.104753793298278,0.10131765718242,0.126550280880988,0.12469608859924,0.118380207999956,0.146051364483314,0.147005774250983,0.1441482775941,0.14452449329733,0.139402956323806,0.141941934272656,0.143022151011413,0.141347436095973,0.139791823317593,0.141234227208674,0.142012047367191,0.141644309848764,0.139677665494445,0.141238435567815,0.140777211947173,0.141518522240952,0.13827845002864,0.137080949238293,0.136978767350581,0.163084502013117,0.167460256123526,0.165577211114135,0.157622041377886,0.242884580259006,0.239866688219687,0.290027676232255,0.776480251917399,0.739526208123642,1,0.623744270567606,0.0339326905437044,0.0334422586838359,0.0342311737591681,0.0319419125138393,0.0293519797444841,0.0269894653304353,0.029935990212216,0.0281828829888963,0.0282000507173912,0.0276895413284454,0.0287486241343054,0.0270592670084841,0.0279655854321664,0.0297339768690049,0.0314572846009121,0.029534907483452,0.0297692284404875,0.0301780581249857,0.0289518447358671,0.0299445159298514,0.0298397823438684,0.0299892777953638,0.0351639513225295,0.0315121212109348,0.0321049804190411,0.0329637520565312,0.0278381512156371,0.0265779798017331,0.0288006532981592,0.0328668918229692,0.027811761822073,0.0313643610652017,0.0360670679348954,0.0342516092621437,0.0336192401428664,0.0346818801610622,0.0308827189329326,0.0319109424156194,0.0288254599435785,0.0309592655505951,0.0300378092082008,0.0286577317836826,0.0291792479434378,0.029103487188908,0.0362024457996535,0.0341750848685024,0.0293158539400627,0.0327859864820974,0.0287408005189364,0.0282669601360935,0.0328671076933256,0.0296299530328531,0.0303550409145448,0.0296089474190386,0.0314707756970349,0.031211253813035,0.0299818101275777,0.0310869705688838,0.0304065399847552,0.0298433443661749,0.0302398583405197,0.0319004774725536,0.0308413808270358,0.0313279079133605,0.0327699301772759,0.0282525151426627,0.0295118427783819,0.0291313642054425,0.031789914430829,0.0268469249969686,0.0316866545662675,0.0316344736257159,0.0242145003669109,0.0289592412827502,0.0276666663042685,0.0275581254289697,0.0286899738016299,0.0301433897953822,0.0294791545704804,0.0290145954883564,0.0273502733435055,0.0269747767574446,0.0281252935210875,0.0301496205231758,0.0277465527383461,0.0285348768500495,0.0278240651303537,0.028195986826194,0.028467653634532,0.0262887567931838,0.0264661046428892,0.0252236069030439,0.0278243618475687,0.0297639197079108,0.0292920013967468,0.0313226950606887,0.0315485224543876,0.031444114617765,0.0312853374685528,0.0297410401577631,0.0272671703317129,0.0242362996753,0.0270376804540165,0.0262821658881899,0.0278793822489638,0.0275785469546011
"May.MAYAN.KICHEE_SAMAYAC_1",0,0,0,0,0,0,0,0,0,0,0,0,0,0,0,0,0,0,0,0,0,0,0,0,0,0,0,0,0,0,0,0,0,0,0,0,0,0,0.0101737516775719,0.0105195128167245,0.0110811843440593,0.011184583941993,0.0118600651315757,0.0587473367696663,0.0636356538022206,0.0795993000361394,0.0641339356154677,0.0697707137667718,0.0584669002368543,0.0626776640156123,0.0539538223670493,0.0775940659106116,0.090574072284316,0.0896879734682937,0.0918410445523511,0.0793779936400925,0.107191792720953,0.10018247944053,0.119005240055648,0.0882268418373516,0.085332823128529,0.106584508915754,0.105022851585485,0.0997034241819352,0.123008916705364,0.123812749740607,0.121406078844406,0.121722939191898,0.117409424441739,0.119547829160734,0.1204576206667,0.119047124652044,0.11773694009226,0.118951776671988,0.119606880548827,0.119297160787334,0.117640792889469,0.118955321080496,0.11856686447049,0.119191218624953,0.116462330919634,0.11545375920587,0.115367698501414,0.137354744990138,0.141040138651434,0.139454180673348,0.132754093926983,0.204564806414464,0.202023045631854,0.24427016066652,0.611600973551319,0.58249382098033,0.623744270567606,1,0.0285791476132104,0.0281660909326813,0.0288305392870836,0.0269024535972327,0.0247211331732493,0.0227313514289907,0.025213004613372,0.0237364842044611,0.0237509433893644,0.0233209768010733,0.0242129686637375,0.0227901405326145,0.0235534695701875,0.0250428628102034,0.0264942851779561,0.0248752004980251,0.025072552759596,0.025416881597502,0.0243841272567349,0.0252201852329724,0.0251319754103527,0.0252578850422543,0.0296161530196363,0.0265404702445492,0.0270397943638818,0.0277630780469796,0.0234461405836907,0.0223847857580389,0.024256789213483,0.0276814994020663,0.0234239146310177,0.0264160221401227,0.0303767853939983,0.0288477506913882,0.0283151501190114,0.0292101379744721,0.0260103684364434,0.0268763696352939,0.0242776821273625,0.0260748383340676,0.0252987596793409,0.0241364163519774,0.0245756531785745,0.0245118451588654,0.0304908047634762,0.0287832995115129,0.0246907069181936,0.0276133584547254,0.0242063793760944,0.0238072965438938,0.0276816812146689,0.0249552507605533,0.0255659419044438,0.0249375591915003,0.0265056477908636,0.0262870705394623,0.0252515955445291,0.0261823953980711,0.0256093159931442,0.0251349754542533,0.0254689316251884,0.0268675557408503,0.0259755522220039,0.0263853201830794,0.0275998353447609,0.0237951305295602,0.0248557746994724,0.0245353240330069,0.0267744361726881,0.0226112996097654,0.026687467563228,0.0266435191825153,0.0203941912438322,0.024390356854265,0.023301710757558,0.0232102943196768,0.02416357156353,0.0253876828722206,0.0248282436931225,0.0244369778556559,0.0230352349495822,0.0227189802645177,0.0236879805970222,0.0253929305813324,0.0233689935504994,0.0240329441772971,0.0234342768527529,0.0237475206561667,0.0239763267335127,0.0221411933130536,0.0222905610847925,0.0212440915668395,0.0234345267570473,0.0250680815829956,0.0246706175782252,0.0263809297594612,0.0265711284827635,0.0264831930161972,0.0263494660551979,0.0250488117275695,0.0229652430567181,0.0204125512866798,0.0227719596776128,0.0221356422517111,0.0234808666183437,0.0232274939518355
"TC.TIMOTE_CUICA.CUICA",0,0,0,0,0,0,0,0,0,0,0,0,0,0,0,0,0,0,0,0,0,0,0,0,0,0,0,0,0,0,0,0,0,0,0,0,0,0,0.0142266498625922,0.0147101512118199,0.0154955747616001,0.0156401654615066,0.0165847368131099,0.0366741989813414,0.0397258285767164,0.0496914537546865,0.0400368909562666,0.0435557623622184,0.0364991308715084,0.0391277843080218,0.0336817518222342,0.032352279610243,0.0377641985581248,0.0373947461222737,0.0382924534007195,0.0330960752604815,0.0387363163727939,0.0362033334839517,0.0430053879294323,0.0318828780751986,0.0308370552426094,0.0385168598546303,0.0379525176519704,0.0360302154159921,0.0350053566858588,0.0352341080875311,0.0345492278739384,0.0346393986500143,0.0334118768862001,0.0340204150469454,0.0342793196615789,0.0338779266778876,0.0335050799032963,0.0338507929534346,0.0340372196409403,0.0339490809025942,0.0334777187394214,0.0338518016062006,0.033741256268883,0.033918932330592,0.0331423570217535,0.0328553419538286,0.0328308511629425,0.0361847376096502,0.0371556178120913,0.036737813000899,0.0349727419733452,0.0420591183093588,0.0386994743213451,0.0399631703004536,0.0332720756743141,0.031688599805428,0.0339326905437044,0.0285791476132104,1,0.744024599303821,0.0580504869149912,0.054168273266639,0.0497761697590024,0.0457697306855398,0.0507665562486333,0.0477935723642978,0.0478226860314295,0.0469569453819421,0.0487529770633566,0.0458881029454782,0.0474250711536074,0.0504239745709137,0.0533464233786993,0.0500863853651646,0.0504837554859205,0.0511770639426329,0.0490976060543112,0.0507810144750301,0.0506034033973195,0.0508569232973946,0.0596323255080077,0.0534394173243635,0.054444809834265,0.0559011464488321,0.0472089635094113,0.0450719183502781,0.0488412100382683,0.0557368872925282,0.047164211402558,0.0531888402197984,0.0611638639664229,0.0580851421946036,0.0570127473202029,0.0588148114534873,0.0523720537288151,0.0541157530318928,0.0488832780624456,0.0525018643061053,0.0509392246571342,0.0485988384630379,0.0494832448003963,0.0493547669187892,0.0613934427422489,0.0579553693056281,0.0497149062875359,0.0555996850316688,0.048739709487877,0.0479361534913009,0.05573725337344,0.0502475671131424,0.0514771978843366,0.0502119450185437,0.0533693020770593,0.0529291952949406,0.0508442593509535,0.0527184311859121,0.0515645319068978,0.050609444006115,0.0512818670273427,0.054098006195492,0.0523019510442756,0.0531270216205048,0.055572456157792,0.0479116571387059,0.0500472713876746,0.0494020417915398,0.0539105093117432,0.0455280055311241,0.0537353974251702,0.0536469070617367,0.0410638427589977,0.049110149391302,0.0469181530723063,0.0467340854529602,0.0486535156661666,0.0511182721107147,0.0499918375191662,0.0492040210946459,0.0463816022207935,0.045744821261744,0.0476959100208737,0.0511288384086979,0.0470536274334466,0.0483904965356625,0.0471850758064894,0.0478157943348599,0.0482764969275789,0.0445814433057637,0.044882196329927,0.042775122839072,0.0471855789904857,0.0504747527414297,0.049674456264893,0.0531181814726926,0.0535011478954976,0.0533240892355662,0.0530548290901914,0.0504359527564856,0.0462406730685358,0.0411008108301279,0.0458514956702945,0.0445702662060009,0.0472788846163376,0.0467687170292769
"TC.TIMOTE_CUICA.MIRRIPU_TIMOTE",0,0,0,0,0,0,0,0,0,0,0,0,0,0,0,0,0,0,0,0,0,0,0,0,0,0,0,0,0,0,0,0,0,0,0,0,0,0,0.0140210309670666,0.014497544233058,0.0152716159941609,0.0154141169132473,0.016345036300408,0.0361441438832218,0.0391516680347281,0.0489732592439067,0.0394582346051074,0.0429262474843522,0.0359716060466249,0.0385622673471431,0.0331949467995517,0.0318846895545768,0.0372183896099234,0.0368542768993445,0.037739009543503,0.0326177350674621,0.0381764573289408,0.0356800838421025,0.0423838276567674,0.0314220723170392,0.0303913648445544,0.0379601726331891,0.0374039869130131,0.0355094678632695,0.03449942149741,0.034724866736984,0.0340498851512795,0.0341387526819979,0.0329289723873102,0.0335287152978942,0.0337838779436579,0.0333882863245026,0.0330208283338297,0.0333615447659149,0.0335452770137632,0.0334584121515725,0.03299386262302,0.0333625388405427,0.0332535912237275,0.0334286993192657,0.0326633479147784,0.0323804810983277,0.0323563442747791,0.0356617567354429,0.0366186047295397,0.0362068384843241,0.0344672781679155,0.0414512345463451,0.038140147758575,0.0393855794397628,0.0327911917333952,0.0312306019664654,0.0334422586838359,0.0281660909326813,0.744024599303821,1,0.0572114786369026,0.0533853749294204,0.0490567508411128,0.0451082171484133,0.0500328231964881,0.0471028080833402,0.0471315009683385,0.046278272936922,0.0480483464304125,0.0452248785647177,0.0467396328497894,0.0496951928788483,0.052575403302904,0.0493624828765869,0.0497541097755629,0.0504373977903228,0.0483879944713071,0.0500470724569953,0.0498720284062365,0.0501218841631472,0.0587704547916404,0.0526670531997175,0.0536579146921657,0.0550932027584734,0.046526648626465,0.0444204903500169,0.0481353041671603,0.0549313176527454,0.046482543325351,0.0524200977058606,0.0602798578036001,0.0572456330410181,0.0561887375745435,0.0579647563324,0.0516151162946239,0.0533336137737803,0.0481767641788573,0.051743050709375,0.050202996014826,0.0478964356074738,0.0487680595500983,0.0486414385694742,0.0605061184592237,0.0571177357698696,0.0489963728154442,0.0547960983870123,0.0480352706122505,0.0472433284740392,0.0549316784426608,0.0495213350520147,0.050733193872432,0.0494862278063662,0.0525979513336273,0.0521642054496348,0.0501094032497255,0.0519564875309416,0.0508192656494586,0.0498779817096355,0.0505406861477613,0.0533161234338095,0.0515460268097279,0.0523591725756712,0.054769263054203,0.0472191861691655,0.0493239342165068,0.0486880301747504,0.053131336457349,0.0448699856667702,0.0529587554767207,0.0528715440715079,0.040470343792221,0.0484003565184565,0.0462400412956051,0.0460586340201177,0.0479503225566616,0.0503794556814006,0.0492693015380836,0.0484928714866485,0.0457112452559803,0.0450836677424894,0.0470065572614888,0.0503898692638435,0.0463735576350904,0.0476911048624506,0.0465031061744025,0.0471247088780044,0.0475787528997179,0.0439371041801083,0.0442335103970294,0.0421568906059678,0.0465036020858407,0.0497452371484502,0.0489565074201774,0.0523504601952145,0.0527278915740252,0.0525533919569078,0.0522880234497075,0.0497069979427569,0.045572352963905,0.0405067775608957,0.0451888003773772,0.0439260886238522,0.0465955591581034,0.0460927650635232
"ESu.NILOTIC.MAASAI",0,0,0,0,0,0,0,0,0,0,0,0,0,0,0,0,0,0,0,0,0,0,0,0,0,0,0,0,0,0,0,0,0,0,0,0,0,0,0.0143517921996195,0.0148395465872915,0.0156318789834638,0.0157777415511869,0.0167306216661021,0.0369967974155094,0.0400752701582871,0.0501285562850227,0.0403890687458352,0.0439388933133319,0.0368201893484403,0.0394719652935876,0.0339780276973642,0.0326368610062632,0.0380963849905718,0.0377236827283955,0.0386292865382015,0.0333871993300644,0.0390770538763904,0.0365217900288248,0.0433836776042492,0.0321633304594228,0.0311083082218682,0.0388556669458089,0.0382863606017098,0.0363471491568449,0.0353132754289539,0.0355440390039263,0.0348531343565181,0.0349440983046871,0.0337057788517642,0.034319669916274,0.034580851941883,0.0341759281721999,0.0337998017135525,0.0341485557704952,0.0343366223290586,0.0342477082930982,0.0337721998717933,0.0341495732957059,0.0340380555648879,0.034217294524244,0.0334338882010793,0.0331443484532958,0.0331196422332794,0.036503030579037,0.0374824509661794,0.0370609710051101,0.0352803738265972,0.0424290842823304,0.0390398877500213,0.0403146996186502,0.0335647479019888,0.0319673432534693,0.0342311737591681,0.0288305392870836,0.0580504869149912,0.0572114786369026,1,0.348987113564989,0.147855257248109,0.135954520756657,0.150797103716176,0.14196614506385,0.142052624372404,0.139481026214894,0.144815963144895,0.136306134009122,0.140871548160017,0.149779498256918,0.158460347393395,0.148776722448697,0.149957071634091,0.152016476781491,0.145839649948429,0.150840050467475,0.150312474084797,0.151065530220386,0.124586776580596,0.111648249335734,0.113748764634103,0.1167914144533,0.0986312799181163,0.0941664604512347,0.102041449350262,0.116448236174851,0.098537781623516,0.111124731369988,0.127786541777034,0.12135432538648,0.119113825464919,0.122878786157711,0.109418261008497,0.113061283038002,0.102129339927809,0.109689467627607,0.106424724299825,0.101535074778493,0.103382819836568,0.103114397550585,0.128266189005409,0.121083197507644,0.103866818367477,0.116161586488218,0.10182938942661,0.100150560862361,0.116449001009031,0.104979679466013,0.107548684328096,0.104905256040407,0.111501761125248,0.110582268469741,0.106226318128621,0.110141929765204,0.10773114684761,0.105735730403661,0.107140589529976,0.113024205477756,0.109271799044755,0.110995576923082,0.116104698590634,0.0749816454241208,0.078323877355596,0.0773140943573902,0.0843698368049407,0.0712512355337489,0.0840957870606258,0.0839572998228497,0.0642648299263185,0.0768572833480515,0.0734268135923073,0.0731387481445204,0.0761426525022079,0.0799999912965411,0.078237123464764,0.0770041923717806,0.0725871126071447,0.0715905517086967,0.074644001626,0.0800165275312726,0.0736388306903941,0.0757310281009453,0.0738445471253432,0.0748316203321786,0.075552618947468,0.0697698675871474,0.0702405454548062,0.066942979751402,0.0738453346072681,0.0789928847998572,0.0777404224509946,0.0831298453574449,0.0837291870258196,0.0834520905851806,0.0830306990084107,0.0789321629027808,0.0723665587721162,0.0643226848820231,0.0717574969398876,0.0697523754488801,0.0739913577208801,0.073192946490621
"ESu.NILOTIC.SHILLUK",0,0,0,0,0,0,0,0,0,0,0,0,0,0,0,0,0,0,0,0,0,0,0,0,0,0,0,0,0,0,0,0,0,0,0,0,0,0,0.013391994504257,0.0138471295834357,0.0145864735585642,0.0147225813476233,0.0156117361712625,0.0345225809273318,0.0373951761739293,0.0467761336659516,0.0376879890088308,0.0410004137177291,0.0343577837904515,0.0368322182297179,0.0317056959757722,0.0304542218248997,0.0355486319290021,0.0352008546913327,0.0360458948838933,0.0311543801444262,0.0364637171076829,0.0340793403742717,0.0404823288945034,0.0300123593457974,0.0290278933076412,0.0362571357611567,0.0357259026353304,0.0339163788733495,0.0329516470064556,0.0331669779201721,0.032522278560513,0.0326071591577945,0.0314516541813151,0.0320244903572978,0.0322682054420005,0.0318903615586155,0.0315393891227657,0.0318648197274561,0.0320403090519729,0.0319573412759368,0.0315136331957005,0.0318657692041375,0.0317617093893444,0.0319289614736317,0.0311979466269494,0.0309277702854062,0.0309047163310235,0.0340618354909117,0.0349757556661437,0.0345824628115798,0.0329209457482564,0.0395915754371563,0.0364290365219305,0.0376185934289134,0.0313200548884845,0.0298294790791012,0.0319419125138393,0.0269024535972327,0.054168273266639,0.0533853749294204,0.348987113564989,1,0.13796721447407,0.126862357639927,0.14071232053363,0.132471945527196,0.132552641401884,0.130153022740081,0.135131177736572,0.127190456227138,0.131450551438109,0.139762768970429,0.147863073260722,0.138827055303041,0.139928466860847,0.141850146190676,0.136086403945001,0.140752395156323,0.140260101237966,0.140962795611528,0.116254848458207,0.104181604688626,0.10614164486623,0.108980812901156,0.0920351646846078,0.0878689367368143,0.0952172739054401,0.108660585186383,0.0919479192291253,0.103693097774463,0.119240624543144,0.113238572300861,0.111147909182348,0.114661082464493,0.102100750185751,0.105500139636171,0.0952992866683838,0.102353819454182,0.0993074107481933,0.0947447638949895,0.0964689382224064,0.0962184670806351,0.119688194641501,0.11298557650683,0.0969205686233941,0.108393105628804,0.0950193958082227,0.0934528414299754,0.108661298871127,0.0979590054616858,0.100356204258595,0.0978895592146366,0.104044913097606,0.103186912896796,0.099122273288187,0.102776022505606,0.100526464322606,0.0986644943554135,0.0999754014140715,0.105465541693549,0.101964083086183,0.103572580725504,0.108340022194957,0.0699671350778475,0.0730858502205775,0.072143597979577,0.0787274770357101,0.0664862019612286,0.0784717547803492,0.0783425290849509,0.0599670227397166,0.0717173368937517,0.0685162849640029,0.0682474843264261,0.0710504980608732,0.0746498715200386,0.0730048981267145,0.071854421155497,0.0677327402455381,0.0668028258564817,0.069652071716705,0.074665301869194,0.0687141230996793,0.0706664016607265,0.0689060819385445,0.0698271431396389,0.0704999238878014,0.0651039027247475,0.0655431033018803,0.0624660672660195,0.0689068167564309,0.073710116785494,0.0725414147405187,0.0775704118818104,0.0781296716744138,0.0778711064751292,0.0774778960940317,0.0736534557566396,0.0675269362800464,0.0600210085582167,0.0669586063741706,0.0650875803995434,0.069043074354631,0.0682980580765908
"Krd.HEIBAN.UTORO",0,0,0,0,0,0,0,0,0,0,0,0,0,0,0,0,0,0,0,0,0,0,0,0,0,0,0,0,0,0,0,0,0,0,0,0,0,0,0.012306136999683,0.0127243685510739,0.0134037646070482,0.0135288364250177,0.0143458962789592,0.0317234008974048,0.0343630787017849,0.0429834039302885,0.0346321495157267,0.037675994273569,0.0315719659380371,0.0338457668417537,0.0291349162534469,0.0279849148591585,0.0326662570336736,0.032346678472708,0.0331232006238023,0.0286283025336996,0.0335071447424944,0.0313160994332325,0.0371999171059712,0.0275788797311479,0.0266742367421418,0.0333173135451233,0.0328291541732605,0.0311663512717181,0.0302798423563969,0.0304777136834512,0.0298852882130666,0.0299632864722826,0.0289014728238487,0.0294278619631047,0.0296518159992484,0.0293046086738608,0.028982093989636,0.0292811378403437,0.0294423980371575,0.0293661575026998,0.0289584264196623,0.0292820103310034,0.0291863879547697,0.0293400788080678,0.0286683365332919,0.0284200667873593,0.028398882107144,0.0313000138910286,0.0321398310578893,0.0317784274038092,0.0302516304355108,0.0363813882396721,0.0334752761482113,0.0345683807086707,0.0287805439415885,0.0274108278688368,0.0293519797444841,0.0247211331732493,0.0497761697590024,0.0490567508411128,0.147855257248109,0.13796721447407,1,0.21489801542788,0.238359108182078,0.224400355812914,0.224537050287509,0.220472225245642,0.228904952251036,0.215453796800448,0.222670169122408,0.236750618869136,0.250472098973477,0.235165570207963,0.237031302189816,0.24028652369091,0.230523054108001,0.238426992439047,0.23759307300045,0.238783399501865,0.106828605070686,0.0957342910899127,0.0975354061473301,0.1001443671047,0.0845727158144473,0.0807442963896068,0.0874968114005879,0.0998501042801574,0.0844925444458415,0.0952853935781135,0.109572286718699,0.104056896374915,0.102135749622022,0.10536406574028,0.093822157644767,0.0969459158182681,0.0875721743568814,0.0940547074032612,0.0912553093837204,0.0870626137222302,0.088646987541812,0.0884168252471572,0.109983566677452,0.103824414133327,0.089061998583372,0.0996043126559788,0.087314977770592,0.0858754436675847,0.0998507600974983,0.0900162362806375,0.0922190640073714,0.0899524209146717,0.0956086828061523,0.0948202514777518,0.0910851833471628,0.0944426771407681,0.0923755189456275,0.0906645223126552,0.0918691376410567,0.0969141231661963,0.0936965718666296,0.0951746483627675,0.0995555333640576,0.0642940190476941,0.0671598607113254,0.0662940087157676,0.072344049852535,0.0610953289790693,0.0721090622181435,0.071990314475905,0.0551047416472188,0.0659023099797704,0.0629608076084793,0.0627138020208822,0.065289540161839,0.0685970671241173,0.067085472422324,0.0660282790954985,0.0622407947196045,0.0613862801910877,0.0640045018376499,0.0686112463407081,0.0631426045171192,0.0649365872898984,0.0633189988375189,0.0641653780174205,0.0647836079647973,0.0598251101350214,0.0602286991949495,0.0574011571885495,0.0633196740744731,0.067733510130741,0.0666595694662116,0.0712808025298959,0.0717947160940034,0.0715571160289246,0.0711957881611493,0.0676814433244559,0.0620516778712057,0.055154350156115,0.0615294296220371,0.0598101112661038,0.0634448835546715,0.0627602751207566
"HM.HMONG_MIEN.HMONG_DAW",0,0,0,0,0,0,0,0,0,0,0,0,0,0,0,0,0,0,0,0,0,0,0,0,0,0,0,0,0,0,0,0,0,0,0,0,0,0,0.0113156271159851,0.011700195586481,0.0123249076658015,0.0124399125657874,0.0131912080079624,0.0291700129305556,0.0315972254458622,0.0395237084605384,0.0318446389923258,0.0346434874270197,0.029030766834679,0.0311215515515328,0.0267898730842955,0.0257324342664954,0.0300369794255907,0.0297431234551717,0.0304571440376918,0.0263240362465737,0.0308101848400661,0.0287954947944023,0.0342057292818674,0.0253590805402467,0.0245272514506675,0.0306356329848017,0.030186765121124,0.0286577997275389,0.027842645116386,0.0280245899585367,0.0274798482807009,0.0275515685302809,0.026575219306097,0.0270592398576218,0.0272651680350983,0.0269459071146222,0.0266493513468608,0.0269243254273561,0.0270726059361658,0.0270025019336613,0.0266275887582783,0.0269251276920284,0.0268372018747364,0.0269785222896727,0.0263608479455952,0.0261325612079108,0.0261130816635263,0.0287807039630031,0.0295529250024766,0.0292206104030186,0.0278167039476032,0.0334530830668163,0.0307808813202347,0.031786002879117,0.0264640238806565,0.0252045550209786,0.0269894653304353,0.0227313514289907,0.0457697306855398,0.0451082171484132,0.135954520756657,0.126862357639927,0.21489801542788,1,0.281075013140107,0.264614737988443,0.264775929232764,0.259982654242063,0.269926595012463,0.254064882305703,0.262574487668337,0.279178269364638,0.295358751117755,0.277309166997773,0.279509253435898,0.283347837298593,0.271834673978596,0.281155062812071,0.280171698178141,0.281575340940433,0.0982300668627262,0.0880287242222752,0.0896848691508785,0.0920838371905259,0.0777655340881641,0.0742452606947991,0.0804542718541355,0.0918132593157057,0.0776918156408119,0.0876159580669054,0.100752912045961,0.0956814505035642,0.0939149351225486,0.0968834069840003,0.0862704966759843,0.0891428263674837,0.0805235689139519,0.0864843287138611,0.0839102517196616,0.0800550223558528,0.0815118713536479,0.0813002346147963,0.10113108845125,0.095467680548218,0.0818934785302484,0.0915872512379873,0.0802870738492512,0.0789634065496921,0.0918138623468994,0.0827709104946863,0.0847964346016515,0.0827122315700524,0.0879132260361468,0.087188254835276,0.0837538189745641,0.0868410711166174,0.084940296622837,0.0833670165678596,0.0844746734934036,0.0891135926773435,0.0861550191840215,0.087514126634201,0.0915423981473402,0.0591190513603493,0.0617542240095683,0.0609580636613114,0.0665211424358931,0.056177820974478,0.0663050687445544,0.0661958789011396,0.0506694106216019,0.0605978924037949,0.0578931489091326,0.0576660245788178,0.0600344438766234,0.063075750972601,0.0616858231669515,0.0607137223788509,0.0572310892092104,0.0564453537854835,0.0588528371297906,0.0630887889168188,0.0580603131483297,0.0597098998634616,0.0582225096487483,0.0590007645307431,0.0595692337064585,0.0550098409011768,0.05538094544116,0.052780989744256,0.0582231305364882,0.0622817009038671,0.0612942007561911,0.0655434749326495,0.0660160240568335,0.0657975482070006,0.0654653032938759,0.0622338249079264,0.057057194205613,0.0507150261862965,0.0565769812476619,0.0549960492777097,0.0583382620183942,0.0577087571007389
"ST.CHINESE.OLD_CHINESE",0,0,0,0,0,0,0,0,0,0,0,0,0,0,0,0,0,0,0,0,0,0,0,0,0,0,0,0,0,0,0,0,0,0,0,0,0,0,0.0125509897451442,0.0129775427660263,0.0136704566293811,0.0137980169762862,0.0146313337066503,0.032354595057302,0.0350467940027642,0.0438386361174378,0.0353212184648507,0.0384256259927756,0.0322001470268495,0.0345191892921665,0.0297146078523314,0.0285417251104127,0.0333162110134515,0.032990273861805,0.0337822463187599,0.0291979141407742,0.0341738296967556,0.0319391895973969,0.0379400764130357,0.0281276111827065,0.0272049686931646,0.033980221466035,0.0334823492848295,0.031786461926677,0.0308823143208555,0.0310841226541108,0.0304799098126845,0.0305594599876568,0.0294765196455259,0.0300133822441567,0.030241792248945,0.0298876766088794,0.0295587449145168,0.0298637387808842,0.0300282075395663,0.02995045006245,0.029534606435639,0.029864628631316,0.0297671036757961,0.0299238524852492,0.0292387446888457,0.0289855351694563,0.0289639289818978,0.0319227840043785,0.0327793108453632,0.0324107164150937,0.0308535410730246,0.0371052614416689,0.0341413270194288,0.0352561808626006,0.0293531846654929,0.0279562156261177,0.029935990212216,0.025213004613372,0.0507665562486333,0.050032823196488,0.150797103716176,0.14071232053363,0.238359108182078,0.281075013140107,1,0.563353203854034,0.563696372963251,0.553491700149136,0.57466191513612,0.540893022519278,0.559009600155943,0.594358325196014,0.628805863170707,0.388357131156239,0.391438238306991,0.396813976270355,0.380690387115716,0.393743109129259,0.392365957871519,0.394331686888823,0.108954152449691,0.097639097123581,0.0994760486068981,0.102136919538391,0.0862554422182577,0.0823508494981766,0.0892377179491729,0.10183680182531,0.0861736756959729,0.0971812679878126,0.111752424582451,0.106127295620611,0.104167924195191,0.107460473473277,0.0956889183418894,0.098874829306714,0.0893145803871279,0.0959260950963959,0.0930709980146115,0.0887948811264906,0.0904107789149322,0.0901760371271554,0.112171887696248,0.10589018772638,0.0908340473481436,0.101586119734367,0.0890522664118254,0.087584090186817,0.101837470691317,0.0918072713219314,0.0940539282711649,0.0917421862343983,0.0975109896369325,0.0967068710481536,0.0928974870143462,0.0963217841901384,0.0942134961620213,0.0924684561714081,0.0936970394899589,0.0988424040826055,0.0955608338086538,0.0970683192970767,0.101536369890635,0.0655732642796436,0.0684961270214098,0.0676130473419507,0.0737834649366211,0.0623109305147718,0.0735438018002884,0.0734226913579837,0.0562011496654781,0.0672135550545812,0.0642135261991944,0.0639616059908459,0.0665885930781958,0.0699619292426162,0.0684202586435069,0.0673420305525989,0.0634791873579421,0.0626076707248372,0.0652779866036027,0.0699763905802423,0.0643989402845485,0.066228617573587,0.0645788442874451,0.0654420637045313,0.0660725944494651,0.0610154383805508,0.0614270575712473,0.0585432565273288,0.064579532959454,0.0690811902285379,0.0679858815814987,0.0726990623947561,0.0732232011942161,0.0729808736481854,0.0726123565121256,0.0690280874594266,0.0632863076894524,0.0562517452249494,0.0627536683713704,0.0610001410821396,0.0647072337076258,0.0640090037566894
"ST.CHINESE.SUZHOU_WU",0,0,0,0,0,0,0,0,0,0,0,0,0,0,0,0,0,0,0,0,0,0,0,0,0,0,0,0,0,0,0,0,0,0,0,0,0,0,0.0118159804594635,0.0122175537426875,0.0128698892824133,0.0129899794583309,0.0137744956122331,0.0304598498392403,0.0329943886109636,0.0412713641116299,0.0332527422665282,0.0361753499200293,0.0303144465724951,0.0324976814127799,0.0279744651914491,0.0268702686427175,0.0313651517778198,0.0310583021115329,0.0318038951895156,0.0274880300239237,0.0321725467171322,0.0300687712951045,0.0357182350260803,0.0264804059962548,0.0256117951656455,0.0319902765442265,0.0315215606832554,0.0299249876406288,0.0290737885989762,0.0292637786611722,0.0286949496466785,0.0287698412155593,0.0277503198725246,0.0282557427996123,0.0284707766900167,0.0281373987199626,0.0278277298769465,0.0281148627356637,0.0282696998981697,0.0281964960434268,0.0278050049922536,0.0281157004748004,0.0280238867619274,0.0281714560697788,0.027526469459216,0.0272880883598758,0.0272677474708161,0.0300533264441034,0.0308596934814119,0.0305126846260173,0.0290467003660138,0.0349323083709531,0.0321419474569964,0.0331915133871393,0.0276342076181422,0.026319047682001,0.0281828829888963,0.0237364842044611,0.0477935723642978,0.0471028080833402,0.14196614506385,0.132471945527196,0.224400355812914,0.264614737988443,0.563353203854034,1,0.774689441670678,0.654048232441355,0.679064581717974,0.639160668937356,0.660568606180054,0.627918896145133,0.664311521776907,0.365614215788105,0.368514887577825,0.373575812335164,0.358396450527355,0.370684780881103,0.369388278160473,0.371238890433187,0.10257359478929,0.0919211701322797,0.0936505463227315,0.0961555917072076,0.0812041632149076,0.0775282307012593,0.0840117913364157,0.0958730494451775,0.0811271850921321,0.0914901523215843,0.105207994905325,0.0999122839498775,0.0980676569566519,0.10116738842976,0.0900851974444809,0.0930845355421414,0.084084152567154,0.0903084846874469,0.087620587397013,0.0835948878610886,0.0851161556718685,0.0848951607994551,0.1056028934796,0.0996890615346017,0.0855146367189802,0.0956370477633769,0.0838372001857597,0.0824550030891157,0.0958736791411483,0.0864308668881115,0.0885459554309518,0.086369593304266,0.091800564858139,0.0910435369483856,0.0874572375233961,0.0906810014924656,0.0886961787295603,0.0870533315239808,0.0882099667200564,0.0930540091994195,0.0899646137795586,0.0913838181160947,0.0955902113629547,0.0617331720545204,0.064484866521944,0.0636535016297311,0.0694625681022428,0.0586618866180163,0.0692369400845913,0.0691229220948735,0.0529099058903778,0.0632774043531723,0.0604530627631562,0.0602158954704061,0.0626890413116254,0.0658648286408609,0.0644134411372537,0.0633983560872525,0.0597617281692275,0.0589412491698842,0.0614551863879665,0.065878443095679,0.060627618655077,0.0623501466415865,0.0607969871452098,0.061609654828925,0.0622032605215845,0.0574422609108672,0.057829774916756,0.0551148546215573,0.0607976354873059,0.0650356673403139,0.064004502003293,0.068441670188608,0.0689351144458517,0.068706978051286,0.0683600419636085,0.064985674368054,0.0595801438925944,0.0529575384798538,0.0590786969228976,0.0574278594506812,0.060917857842331,0.0602605175349924
"ST.CHINESE.XIANG",0,0,0,0,0,0,0,0,0,0,0,0,0,0,0,0,0,0,0,0,0,0,0,0,0,0,0,0,0,0,0,0,0,0,0,0,0,0,0.0118231782165031,0.0122249961198782,0.0128777290326989,0.0129978923620811,0.013782886407487,0.0304784045922172,0.0330144872895037,0.0412965047466018,0.0332729983223465,0.0361973862952958,0.0303329127524254,0.0325174775199215,0.0279915059613158,0.0268866367863465,0.0313842579994982,0.0310772214143726,0.0318232686736942,0.0275047744796451,0.0321921447670282,0.0300870878208472,0.0357399929477764,0.0264965366533191,0.0256273967045598,0.0320097635634361,0.031540762182114,0.0299432165799189,0.0290914990265851,0.0292816048220723,0.028712429302855,0.028787366492268,0.0277672241032736,0.0282729549109849,0.0284881197902398,0.0281545387415128,0.0278446812623439,0.0281319890293188,0.0282869205115709,0.0282136720643744,0.0278219425346864,0.028132827278768,0.0280409576371636,0.0281886168375151,0.0275432373304904,0.0273047110202435,0.0272843577404407,0.0300716335615464,0.0308784918009214,0.0305312715635395,0.0290643942927051,0.0349535875419324,0.032161526867217,0.0332117321451134,0.0276510411185952,0.0263350800469307,0.0282000507173912,0.0237509433893644,0.0478226860314295,0.0471315009683385,0.142052624372404,0.132552641401884,0.224537050287509,0.264775929232764,0.563696372963251,0.774689441670678,1,0.654446648830534,0.679478236927557,0.639550016501025,0.660970994483891,0.628301395732917,0.664716190094423,0.365836931313446,0.368739370060286,0.373803377702445,0.358614769318893,0.370910585163718,0.369613292672691,0.3714650322541,0.102636077950675,0.091977164321816,0.0937075939694644,0.0962141653134757,0.0812536290920244,0.0775754573677395,0.0840629674926876,0.0959314509395704,0.0811766040776832,0.0915458839547046,0.105272082823255,0.0999731459619303,0.0981273953059692,0.101229014994288,0.0901400732430903,0.0931412384008903,0.0841353728025914,0.0903634965024733,0.0876739618674526,0.0836458100587546,0.0851680045565861,0.0849468750641635,0.105667221951752,0.0997497875697276,0.0855667283401996,0.0956953054962958,0.0838882699890558,0.082505230920904,0.0959320810191233,0.0864835166350127,0.0885998935934441,0.0864222057260911,0.0918564855804363,0.0910989965237654,0.0875105124885338,0.0907362402277603,0.088750208401243,0.0871063604479829,0.0882637002135315,0.093110693462911,0.0900194161240924,0.091439484975261,0.095648440565272,0.0617707770907893,0.0645241477651338,0.0636922764432999,0.0695048815344848,0.0586976207671043,0.0692791160745231,0.0691650286302398,0.052942136194828,0.0633159500654127,0.0604898880151579,0.0602525762508968,0.0627272286199028,0.0659049504941118,0.0644526788713528,0.0634369754777795,0.0597981322916871,0.0589771534939129,0.0614926220880305,0.0659185732422355,0.0606645502385765,0.0623881275106686,0.0608340219002782,0.0616471846241266,0.0622411519143334,0.0574772521195323,0.057865002181301,0.0551484280803319,0.0608346706373147,0.0650752841062715,0.0640434906303003,0.0684833617363462,0.0689771065773534,0.0687488312124886,0.0684016837871505,0.0650252606805702,0.0596164374021845,0.0529897977999076,0.0591146849738362,0.0574628418866328,0.060954966226322,0.0602972254972121
"ST.CHINESE.MIDDLE_CHINESE",0,0,0,0,0,0,0,0,0,0,0,0,0,0,0,0,0,0,0,0,0,0,0,0,0,0,0,0,0,0,0,0,0,0,0,0,0,0,0.011609141598371,0.0120036853370868,0.0126446017363909,0.0127625897325274,0.0135333729229791,0.0299266498503429,0.0324168214944514,0.0405489084527135,0.0326706526665828,0.035542100042649,0.0297837918692975,0.0319288091609487,0.0274847718867146,0.0263999043100768,0.0308161044690522,0.0305146262093717,0.0312471676727536,0.0270068517718666,0.031609365951537,0.0295424171401981,0.0350929869496827,0.0260168662133038,0.0251634604243372,0.0314302864199077,0.030969775434968,0.0294011504200925,0.0285648516265355,0.0287515159107126,0.0281926442540462,0.0282662248452331,0.027264550233934,0.0277611257274154,0.0279723954473272,0.0276448532621134,0.0273406051754217,0.0276227117704545,0.0277748385068171,0.0277029160863144,0.0273182780900722,0.0276235348449589,0.0275333283320866,0.0276783144376661,0.0270446183244435,0.0268104100887317,0.0267904252671469,0.0295272426514747,0.030319494225391,0.0299785597636267,0.0285382375733734,0.0343208179488447,0.0315793023317689,0.0326104955993657,0.0271504705257748,0.0258583324780227,0.0276895413284454,0.0233209768010733,0.0469569453819421,0.046278272936922,0.139481026214894,0.130153022740081,0.220472225245642,0.259982654242063,0.553491700149136,0.654048232441355,0.654446648830534,1,0.674467824785368,0.634834031508329,0.656097053102969,0.616927169323757,0.652682741664552,0.359214135130195,0.362064030630004,0.36703636384672,0.352122716925561,0.364195939928393,0.3629221325014,0.364740349786993,0.100778042943452,0.0903120890910846,0.0920111925332985,0.094472387072211,0.0797826834914969,0.0761710982148117,0.0825411640534761,0.0941947907154225,0.0797070528715629,0.0898886162516576,0.103366327857998,0.0981633183780196,0.0963509815995357,0.0993964522409012,0.0885082551243207,0.0914550897773217,0.0826122586001162,0.0887276337217715,0.0860867881014207,0.0821315584778297,0.0836261964797268,0.0834090701248582,0.103754313728615,0.0979440034734497,0.0840177021119557,0.0939629202455215,0.082369629122732,0.0810116274006704,0.0941954093885588,0.0849178936624272,0.086995957558281,0.0848576926733054,0.0901935950135247,0.0894498188852215,0.0859262976690439,0.0890936296162359,0.0871435511964817,0.085529462048358,0.0866658503332716,0.0914250977985474,0.0883897822777097,0.0897841434275434,0.0939169037167768,0.0606525322343047,0.0633560582613971,0.0625392464202871,0.0682466251236537,0.0576350096813765,0.0680249467268027,0.0679129246231833,0.0519837174363241,0.0621697327304743,0.0593948312694275,0.0591618155926088,0.0615916689901017,0.06471186412904,0.0632858831788102,0.0622885672031888,0.0587155984947708,0.0579094819888623,0.0603794127097411,0.0647252402626846,0.059566331558641,0.0612587066747939,0.0597327352515887,0.0605311771790307,0.0611143917978534,0.0564367335349423,0.0568174641041192,0.0541500685169837,0.0597333722444497,0.0638972173057008,0.0628841025286516,0.0672435980386371,0.0677284045490149,0.0675042616844138,0.067163398716567,0.0638480994609413,0.0585371928527927,0.0520305162168249,0.0580445237175266,0.0564225841724669,0.0598514901058971,0.0592056565474894
"ST.CHINESE.KUNMING_MANDARIN",0,0,0,0,0,0,0,0,0,0,0,0,0,0,0,0,0,0,0,0,0,0,0,0,0,0,0,0,0,0,0,0,0,0,0,0,0,0,0.0120531735926821,0.012462808028816,0.0131282385047689,0.0132507393621524,0.0140510038363266,0.0310712986517635,0.033656715570636,0.0420998424761147,0.033920255398711,0.0369015312658978,0.0309229765704063,0.0331500375082456,0.0285360225731354,0.0274096604631132,0.0319947735556806,0.0316817642114878,0.0324423242707447,0.0280398227414005,0.0328183760823412,0.0306723696253477,0.0364352402807806,0.0270119717422121,0.0261259244809006,0.0326324470312279,0.0321543222021196,0.030525699668239,0.0296574137188706,0.0298512176277709,0.0292709699809702,0.0293473649177632,0.0283073777773648,0.0288229465275679,0.0290422969926643,0.0287022268174619,0.028386341704591,0.0286792384474516,0.0288371837999076,0.0287625104563034,0.0283631606422139,0.0286800930033028,0.0285864362286286,0.0287369678320438,0.0280790338071239,0.0278358674629158,0.0278151182523271,0.0306566147355297,0.0314791687261562,0.0311251940402114,0.0296297817186879,0.0356335369910823,0.0327871625748807,0.033857797415246,0.0281889346940244,0.0268473743328819,0.0287486241343054,0.0242129686637375,0.0487529770633566,0.0480483464304125,0.144815963144895,0.135131177736572,0.228904952251036,0.269926595012463,0.57466191513612,0.679064581717974,0.679478236927557,0.674467824785368,1,0.837803069303925,0.865864300855012,0.640523694443061,0.677646862997555,0.372953528991062,0.375912428655532,0.381074946048734,0.365590874834896,0.37812588023932,0.376803351617277,0.378691112946292,0.104632649678305,0.0937663890227128,0.0955304805851589,0.0980858120686715,0.082834249687157,0.0790845267713153,0.0856982379315798,0.0977975980738024,0.082755726311138,0.0933267189918024,0.107319932550859,0.101917915878467,0.100036259977006,0.103198215234486,0.0918935611525771,0.0949531077452844,0.0857720517364064,0.0921213306474348,0.0893794767020899,0.0852729655661804,0.0868247711964616,0.0865993400890364,0.107722758290421,0.101690212512646,0.0872312513231603,0.0975568589113887,0.085520142050851,0.0841101988301165,0.0977982404102444,0.0881658738301354,0.0903234205067067,0.0881033702448197,0.093643362727062,0.0928711382940523,0.0892128477549786,0.0925013253277312,0.0904766593768965,0.088800833775878,0.089980687182841,0.0949219686189767,0.0917705568999265,0.0932182502411979,0.0975090823204675,0.0629723992649382,0.0657793310471684,0.0649312773965144,0.0708569546473206,0.059839461067735,0.0706267973892364,0.0705104906106774,0.0539720154968969,0.0645476303705525,0.0616665931526692,0.0614246649809166,0.0639474565720588,0.0671869944253952,0.0657064718744954,0.0646710100809545,0.0609613807583329,0.0601244315231711,0.0626888333343117,0.0672008821757901,0.0618446530668816,0.0636017589550369,0.0620174214477793,0.0628464025635306,0.0634519242537344,0.058595352682756,0.058990645616643,0.056221226208699,0.0620180828046475,0.0663411886011462,0.0652893237260723,0.0698155633031438,0.0703189129245547,0.0700861969365805,0.0697322964790866,0.0662901920735935,0.0607761513721243,0.0540206042595131,0.0602646383923918,0.0585806621287046,0.0621407184944923,0.0614701827855852
"ST.CHINESE.MANDARIN_2",0,0,0,0,0,0,0,0,0,0,0,0,0,0,0,0,0,0,0,0,0,0,0,0,0,0,0,0,0,0,0,0,0,0,0,0,0,0,0.0113448922292877,0.0117304552924602,0.0123567830374081,0.0124720853695552,0.0132253238543926,0.0292454540638397,0.0316789439731025,0.0396259269053828,0.0319269973944397,0.0347330843688732,0.0291058478418533,0.031202039864109,0.0268591585656159,0.0257989849398819,0.0301146627565405,0.0298200467992308,0.0305359140220682,0.0263921169543807,0.030889867878485,0.0288699673277514,0.0342941940689065,0.0254246656251609,0.0245906852122564,0.0307148645873639,0.0302648358362909,0.028731916146137,0.0279146533361357,0.0280970687343029,0.0275509182148043,0.0276228239513404,0.026643949637705,0.0271292219904896,0.0273356827510377,0.0270155961399556,0.0267182734029353,0.0269939586369122,0.0271426226371402,0.027072337327709,0.0266964545307182,0.0269947629764467,0.026906609760445,0.027048295666212,0.0264290238578952,0.0262001467121694,0.026180616788688,0.0288551382434695,0.0296293564445659,0.0292961823943408,0.0278886450768385,0.033539601317748,0.0308604885722372,0.0318682096332065,0.0265324666323812,0.0252697404632762,0.0270592670084841,0.0227901405326145,0.0458881029454782,0.0452248785647177,0.136306134009122,0.127190456227138,0.215453796800448,0.254064882305703,0.540893022519278,0.639160668937356,0.639550016501025,0.634834031508329,0.837803069303925,1,0.918431209055956,0.602884562135038,0.637826259707211,0.351037638378077,0.353822664043938,0.35868181611765,0.34410763631008,0.355906046439431,0.354661233646199,0.356438064342912,0.0984841150040257,0.0882563890756535,0.0899168172197149,0.092321989605862,0.0779666557001434,0.0744372779771061,0.0806623472314303,0.0920507119472752,0.0778927465979833,0.0878425554011634,0.101013484911818,0.0959289072694366,0.0941578232266715,0.0971339723175396,0.0864936143020789,0.0893733725746903,0.0807318235112127,0.086707999364437,0.0841272651470794,0.0802620651715685,0.0817226819544406,0.081510497868714,0.101392639378265,0.0957145844501705,0.0821052760650525,0.0918241193547143,0.0804947168096321,0.0791676261670183,0.0920513165380623,0.0829849772935436,0.0850157399252393,0.082926146610164,0.0881405921815994,0.0874137460193043,0.0839704278267902,0.0870656643945235,0.085159974010501,0.0835826250498772,0.0846931466602586,0.0893440632787312,0.0863778381557109,0.0877404606062622,0.0917791502624735,0.059271948386618,0.0619139362680253,0.0611157168449545,0.0666931831677454,0.0563231112247714,0.0664765506544347,0.0663670784180862,0.0508004547102428,0.06075461409221,0.0580428754373136,0.0578151637052408,0.0601897083426664,0.0632388810386535,0.0618453585232899,0.060870743633283,0.0573791034812405,0.0565913359442276,0.0590050456577958,0.0632519527023383,0.0582104720060979,0.0598643249754662,0.0583730879882574,0.059153355636939,0.0597232950197111,0.0551521104555044,0.0555241747669875,0.0529174949179643,0.0583737104817723,0.0624427773528297,0.0614527232765546,0.0657129871656426,0.0661867584230338,0.0659677175386311,0.0656346133549661,0.062394777537287,0.0572047587405731,0.0508461882484846,0.0567233038287755,0.0551382831633626,0.0584891397232127,0.0578580067444212
"ST.CHINESE.MANDARIN",0,0,0,0,0,0,0,0,0,0,0,0,0,0,0,0,0,0,0,0,0,0,0,0,0,0,0,0,0,0,0,0,0,0,0,0,0,0,0.0117248760935539,0.0121233531394863,0.0127706589979334,0.0128898232465133,0.0136682905712902,0.0302249962598164,0.0327399930605232,0.0409531508689357,0.0329963547403858,0.0358964283081215,0.0300807140911014,0.0322471156075297,0.0277587745916151,0.0266630916932536,0.0311233180786036,0.0308188343052168,0.0315586786613876,0.0272760899691795,0.0319244877872433,0.0298369330357302,0.0354428378921203,0.0262762349919446,0.0254143213828833,0.031743622966063,0.0312785210295946,0.0296942579916414,0.0288496219219926,0.0290381471100543,0.0284737039192216,0.0285480180540995,0.0275363574929785,0.0280378834742778,0.0282512593959422,0.0279204518590971,0.0276131706455867,0.0278980896332574,0.0280517329598767,0.0279790935264098,0.0275906209758256,0.0278989209132016,0.0278078151085823,0.027954246617648,0.0273142330261568,0.0270776899087746,0.0270575058534035,0.0298216072686563,0.0306217570006911,0.0302774236762729,0.0288227425465428,0.0346629709414597,0.0318941244555775,0.0329355979520139,0.0274211404950961,0.0261161207933996,0.0279655854321664,0.0235534695701875,0.0474250711536074,0.0467396328497894,0.140871548160017,0.131450551438109,0.222670169122408,0.262574487668337,0.559009600155943,0.660568606180054,0.660970994483891,0.656097053102969,0.865864300855012,0.918431209055956,1,0.623077473711146,0.659189502477231,0.362795232512768,0.365673539348093,0.370695443023557,0.355633118150361,0.367826702194329,0.366540195856028,0.368376539413739,0.101782724971554,0.0912124333543792,0.0929284755924103,0.0954142064077645,0.0805780574233232,0.076930467331358,0.0833640379819737,0.0951338426220541,0.0805016728224385,0.090784738806148,0.10439681315893,0.099141933549666,0.097311529123339,0.100387360838716,0.0893906165064722,0.0923668289061449,0.0834358412882922,0.0896121821451451,0.0869450092608759,0.0829503489438146,0.0844598873733759,0.0842405964304663,0.104788666959702,0.0989204322388444,0.0848552960251626,0.0948996605762666,0.0831907929757302,0.0818192529879469,0.0951344674629008,0.0857644618149247,0.0878632424600666,0.0857036606667794,0.0910927579791211,0.0903415669567873,0.0867829188584225,0.0899818267460816,0.0880123074969116,0.0863821270821637,0.0875298443118896,0.0923365379296803,0.0892709625738197,0.0906792244657894,0.0948531852970037,0.0612571928063393,0.0639876709743206,0.0631627161275207,0.0689269931456726,0.0582095878010258,0.0687031047803124,0.0685899658997545,0.052501956381404,0.0627895186614363,0.0599869534995849,0.0597516148300197,0.0622056920561173,0.0653569932166521,0.0639167962984271,0.0629095378253352,0.0593009492800612,0.0584867963929887,0.0609813504835366,0.0653705027003866,0.0601601635189474,0.061869410354518,0.0603282261327755,0.06113462793155,0.0617236567657409,0.0569993657338943,0.0573838919032757,0.0546899043688275,0.0603288694759808,0.0645342249712377,0.0635110101944349,0.0679139666276786,0.0684036062978783,0.06817722889586,0.0678329677781004,0.0644846174581493,0.05912076506671,0.0525492217108904,0.058623184387108,0.0569850753128136,0.060448164884532,0.0597958928465674
"ST.CHINESE.CANTONESE",0,0,0,0,0,0,0,0,0,0,0,0,0,0,0,0,0,0,0,0,0,0,0,0,0,0,0,0,0,0,0,0,0,0,0,0,0,0,0.0124662934521186,0.012889968017964,0.0135782059763262,0.0137049055235064,0.0145325988855616,0.03213626054191,0.0348102920539348,0.043542805266976,0.0350828646513376,0.0381663230895894,0.0319828547540144,0.0342862477130034,0.0295140884363408,0.0283491205140826,0.0330913873439406,0.0327676496736947,0.0335542777607916,0.0290008814651034,0.03394321866507,0.0317236583113334,0.0376840500840735,0.0279378011002179,0.0270213847649665,0.0337509169368464,0.0332564044849535,0.0315719612738796,0.0306739150156104,0.0308743615106301,0.030274226004052,0.0303532393604095,0.0292776068907579,0.0298108466458608,0.030037715299641,0.029685989294387,0.0293592772891276,0.0296622130030783,0.0298255718975614,0.0297483391416186,0.0293353017009638,0.0296630968486423,0.0295662300087275,0.029721921049561,0.0290414364814333,0.0287899356645516,0.0287684752793584,0.031707363426151,0.0325581102729057,0.0321920031828784,0.030645335934732,0.0368548685914103,0.0339109353215439,0.0350182659343013,0.0291551041969287,0.0277675621510822,0.0297339768690049,0.0250428628102034,0.0504239745709137,0.0496951928788483,0.149779498256918,0.139762768970429,0.236750618869136,0.279178269364638,0.594358325196014,0.627918896145133,0.628301395732917,0.616927169323757,0.640523694443061,0.602884562135038,0.623077473711146,1,0.709009931470326,0.385736428721859,0.388796744017994,0.394136205553202,0.378121421222676,0.391086061165331,0.389718203167233,0.391670667098339,0.108218910607445,0.0969802112708592,0.098804766681495,0.101447681586516,0.0856733752771231,0.081795131437559,0.0886355260852779,0.101149589120709,0.0855921605297558,0.0965254716468685,0.110998299506186,0.105411129906957,0.103464980665585,0.106735311240276,0.095043192639634,0.0982076045152146,0.0887118698419416,0.0952787688835587,0.0924429385005738,0.0881956776035996,0.0898006710286907,0.0895675133199106,0.111414932008891,0.105175622058627,0.0902210831718424,0.100900598676741,0.0884513260076214,0.0869930572947927,0.10115025347309,0.0911877396585606,0.093419235770349,0.0911230937766803,0.0968529682761312,0.0960542760214507,0.0922705983831488,0.0956717877974898,0.0935777268689272,0.0918444627160278,0.0930647553376003,0.0981753981022389,0.0949159724434251,0.0964132851538239,0.100851184553731,0.0651307643239552,0.0680339030722932,0.0671567825703027,0.0732855610984691,0.0618904453628644,0.0730475152512614,0.0729272220835874,0.0558218943926195,0.066759986127366,0.0637802019959557,0.0635299817896165,0.0661392415046521,0.0694898138015165,0.067958546667589,0.0668875946500577,0.063050818602755,0.0621851831176419,0.0648374792337646,0.069504177551485,0.0639643648743513,0.0657816951782547,0.0641430548532981,0.06500044911347,0.0656267249256997,0.0606036954381138,0.0610125369498943,0.0581481963041756,0.0641437388780267,0.0686150181696838,0.0675271008586274,0.0722084762962651,0.0727290781146386,0.0724883858376397,0.0721223555202272,0.0685622737474267,0.0628592405202958,0.0558721485243294,0.0623301955462996,0.060588501368571,0.0642705778790211,0.0635770597069742
"ST.CHINESE.HAKKA",0,0,0,0,0,0,0,0,0,0,0,0,0,0,0,0,0,0,0,0,0,0,0,0,0,0,0,0,0,0,0,0,0,0,0,0,0,0,0.0131888089766616,0.0136370386720933,0.0143651651996927,0.0144992079391491,0.0153748723606009,0.0339987986917996,0.0368278104542072,0.0460664385272052,0.0371161806849599,0.0403783487452399,0.0338365018839922,0.0362733937998592,0.0312246519787359,0.0299921653980521,0.0350092822801135,0.0346667815754878,0.0354990006802477,0.0306817008012156,0.0359104836370256,0.0335622830567939,0.0398681243895579,0.029557006928641,0.0285874773699838,0.0357070365764246,0.0351838634063363,0.0334017940343761,0.032451699236912,0.032663763114841,0.0320288452391491,0.0321124380141473,0.0309744645478705,0.0315386095598443,0.0317786269594821,0.0314065157851996,0.0310608683604619,0.0313813614788735,0.0315541882507005,0.0314724792753115,0.0310355032065282,0.0313822965499397,0.0312798155476501,0.0314445300560016,0.0307246062859513,0.0304585291039831,0.0304358249279611,0.0335450437603829,0.0344450977894686,0.0340577720383208,0.0324214637832159,0.03899088558913,0.0358763292307838,0.0370478379861135,0.0308448619010016,0.0293769013512164,0.0314572846009121,0.0264942851779561,0.0533464233786993,0.052575403302904,0.158460347393395,0.147863073260722,0.250472098973477,0.295358751117755,0.628805863170707,0.664311521776907,0.664716190094424,0.652682741664552,0.677646862997555,0.637826259707211,0.659189502477231,0.709009931470326,1,0.408092757746503,0.41133044134541,0.416979364860372,0.400036403253621,0.413752441650408,0.412305305987077,0.414370929896868,0.114491010912426,0.102600944368936,0.104531246496881,0.107327338210731,0.09063879213623,0.0865357748792255,0.0937726218763102,0.107011969043142,0.0905528703830458,0.10211984916145,0.11743148631501,0.111520498189512,0.109461554953247,0.112921425796638,0.100551660930391,0.103899474288934,0.0938533903282214,0.100800890590554,0.0978007024949463,0.0933072808649013,0.0950052957378567,0.0947586247851515,0.117872265806745,0.111271340888983,0.0954500739286473,0.10674854772909,0.0935777460178983,0.0920349596585036,0.107012671899744,0.0964727554336466,0.0988335835389356,0.0964043628363986,0.102466326685056,0.101621344203409,0.097618373970717,0.101216687908334,0.0990012603894507,0.097167540534669,0.0984585582973556,0.103865401271947,0.100417067366377,0.102001160616839,0.106696269685771,0.0689055822784783,0.0719769797657617,0.071049023529636,0.0775330108975506,0.0654774624475579,0.0772811685020086,0.0771539034399641,0.0590571932778078,0.0706292297466154,0.0674767446994918,0.0672120223490847,0.0699725083014072,0.0735172714786553,0.0718972558902868,0.0707642341435549,0.0667050880494521,0.065789282473366,0.0685952991101025,0.0735324677160334,0.0676715812026658,0.0695942394745684,0.0678606276106799,0.0687677143208176,0.0694302875296006,0.0641161356808288,0.0645486726350817,0.0615183218924517,0.0678613512797894,0.0725917748564096,0.0714408045497153,0.0763935009251201,0.0769442755368203,0.0766896333309641,0.0763023888019819,0.0725359734979381,0.0665024065753337,0.0591103600146535,0.0659426994636008,0.0641000610006082,0.067995541555458,0.067261828786053
"ST.BODO_GARO.GARO",0,0,0,0,0,0,0,0,0,0,0,0,0,0,0,0,0,0,0,0,0,0,0,0,0,0,0,0,0,0,0,0,0,0,0,0,0,0,0.0123828314453857,0.0128036695041648,0.0134872996998961,0.0136131509918591,0.0144353029354308,0.0319211078340085,0.0345772366681509,0.0432512855846968,0.0348479843882518,0.0379107990296989,0.0317687290999803,0.0340567008113153,0.0293164912068796,0.0281593227609409,0.032869840048916,0.0325482698068409,0.0333296314080369,0.0288067201633984,0.0337159683475927,0.0315112679810607,0.0374317548486116,0.0277507571362294,0.0268404762209917,0.0335249540820939,0.033033752397892,0.0313605865573665,0.030468552731192,0.0306676572341609,0.0300715396430829,0.030150024003929,0.0290815929085085,0.0296112626160907,0.0298366123811024,0.0294872411863085,0.0291627165224338,0.0294636240775982,0.029625889282028,0.0295491736004523,0.0291389014511638,0.029464502005804,0.0293682836907195,0.0295229323778856,0.0288470036633342,0.0285971866478929,0.0285758699402748,0.0314950821903595,0.0323401332752324,0.0319764772772262,0.0304401649876546,0.0366081247374869,0.0336839011414971,0.0347838181605177,0.0289599103719054,0.027581657939208,0.029534907483452,0.0248752004980251,0.0500863853651646,0.0493624828765869,0.148776722448697,0.138827055303041,0.235165570207963,0.277309166997773,0.388357131156239,0.365614215788105,0.365836931313446,0.359214135130195,0.372953528991062,0.351037638378077,0.362795232512768,0.385736428721859,0.408092757746503,1,0.49633359926208,0.503149896473069,0.482705600911251,0.499256116070856,0.497509923763639,0.500002417503016,0.107494383507194,0.0963309274177932,0.0981432674047705,0.100768487958023,0.0850997908471022,0.081247511903575,0.0880421100147101,0.100472391225388,0.0850191198335895,0.0958792322818618,0.110255164358895,0.104705400937251,0.102772281191912,0.106020716858266,0.0944068771530404,0.097550103247436,0.0881179426488691,0.0946408762107604,0.0918240317513323,0.0876052063246878,0.0891994542966443,0.0889678575819428,0.110669007501243,0.104471469817216,0.0896170517746948,0.100225067775879,0.087859143159116,0.086410637575448,0.100473051129922,0.0905772364828917,0.0927937926974106,0.0905130234060829,0.0962045363166711,0.09541119131766,0.0916528454533723,0.095031263857638,0.0929512226958962,0.0912295627704245,0.092441685516052,0.0975181124568396,0.0942805086978011,0.0957677968789366,0.100175984481105,0.0646947129578132,0.0675784151521594,0.0667071669840365,0.072794913255362,0.0614760879768927,0.072558461128387,0.072438973325131,0.0554481660391571,0.0663130270987622,0.0633531926632413,0.0631046476846373,0.0656964383698654,0.0690245785389547,0.0675035632596249,0.0664397812806331,0.0626286925019257,0.0617688524583337,0.0644033914153496,0.069038846123419,0.0635361225686241,0.0653412858210585,0.0637136162156954,0.0645652702094609,0.0651873530964833,0.0601979528606492,0.0606040571728651,0.0577588933273057,0.063714295660869,0.0681556396759519,0.0670750059863094,0.0717250395507756,0.0722421559327893,0.0720030750939071,0.0716394953545219,0.0681032483783298,0.062438397037373,0.0554980837187616,0.06191289402678,0.0601828605156116,0.063840285473001,0.0631514104146885
"ST.BODIC.RANG_PAS",0,0,0,0,0,0,0,0,0,0,0,0,0,0,0,0,0,0,0,0,0,0,0,0,0,0,0,0,0,0,0,0,0,0,0,0,0,0,0.0124810730571706,0.0129052499168837,0.0135943038262938,0.0137211535840619,0.0145498282306539,0.0321743601775781,0.0348515619285995,0.0435944281063688,0.035124457678618,0.0382115717582268,0.0320207725171022,0.0343268962988769,0.0295490793157256,0.0283827302479124,0.0331306193448112,0.0328064978624142,0.0335940585484824,0.0290352639041066,0.0339834605676043,0.0317612687801105,0.037728726986566,0.0279709231880196,0.0270534203813522,0.0337909308531228,0.0332958321244219,0.0316093918959115,0.0307102809451524,0.030910965082583,0.0303101180761674,0.0303892251080192,0.029312317405826,0.029846189351484,0.03007332697287,0.0297211839734658,0.0293940846297868,0.0296973794938109,0.0298609320609323,0.0297836077405133,0.0293700806169974,0.0296982643872316,0.0296012827053517,0.0297571583280822,0.029075867001057,0.0288240680135315,0.0288025821856501,0.0317449545762774,0.0325967100389806,0.0322301689050879,0.0306816679819071,0.0368985624450899,0.033951138950066,0.0350597823755838,0.0291896694770527,0.0278004824094915,0.0297692284404875,0.025072552759596,0.0504837554859205,0.0497541097755629,0.149957071634091,0.139928466860847,0.237031302189815,0.279509253435898,0.391438238306991,0.368514887577825,0.368739370060286,0.362064030630004,0.375912428655532,0.353822664043938,0.365673539348093,0.388796744017994,0.41133044134541,0.49633359926208,1,0.677891504186955,0.650347000317252,0.672645432047555,0.670292795312386,0.673650920479471,0.108347211193668,0.0970951876450276,0.098921906185263,0.101567954438511,0.0857749466587797,0.0818921049078586,0.0887406092901734,0.101269508564617,0.0856936356260253,0.096639908897514,0.111129895239469,0.105536101685785,0.103587645157386,0.106861852922557,0.0951558725517097,0.0983240360442343,0.0888170435573466,0.095391728086657,0.092552535641547,0.088300239339394,0.0899071355890114,0.0896737014565402,0.111547021687215,0.10530031462752,0.0903280461582157,0.101020222926216,0.0885561908312949,0.0870961932456687,0.101270173704632,0.0912958486793305,0.0935299903754968,0.0912311261555353,0.0969677937954191,0.0961681546389087,0.0923799912036574,0.0957852129501783,0.0936886693756233,0.0919533503248725,0.0931750896830442,0.0982917914484526,0.0950285015276496,0.096527589400055,0.100970750219537,0.0652079810987039,0.0681145617076299,0.0672364013220002,0.0733724459173778,0.0619638205278618,0.0731341178512716,0.0730136820681911,0.0558880748941091,0.066839134450966,0.0638558175908603,0.0636053007321248,0.0662176538949614,0.0695721985141072,0.0680391159629865,0.0669668942618953,0.0631255694660115,0.0622589077134967,0.0649143482998847,0.0695865792932394,0.0640401988063758,0.065859683674043,0.0642191006339627,0.0650775113910258,0.0657045296941326,0.0606755450770388,0.0610848712971326,0.0582171347885104,0.0642197854696473,0.0686963657549207,0.0676071586468409,0.0722940841607972,0.0728153031866265,0.0725743255532137,0.0722078612829548,0.0686435588007063,0.0629337642552237,0.0559383886053742,0.0624040920638593,0.0606603329939342,0.0643467748465612,0.0636524344634282
"ST.BODIC.KYIRONG",0,0,0,0,0,0,0,0,0,0,0,0,0,0,0,0,0,0,0,0,0,0,0,0,0,0,0,0,0,0,0,0,0,0,0,0,0,0,0.012652479352445,0.0130824815593644,0.0137809984514295,0.0139095902747184,0.0147496453571519,0.032616220252878,0.0353301888132708,0.0441931233773678,0.035606832321939,0.0387363426590692,0.0324605233272963,0.0347983177941209,0.0299548856266958,0.0287725187395977,0.0335856120121908,0.0332570392728977,0.0340554157645368,0.0294340138349276,0.0344501655576173,0.0321974557481602,0.0382468668362861,0.0283550562106454,0.0274249530645461,0.0342549917751988,0.0337530937081323,0.0320434930934558,0.0311320343841022,0.0313354745765899,0.0307263759592011,0.0308065693914928,0.0297148721949396,0.030256075963105,0.0304863329331255,0.0301293538489826,0.0297977623525512,0.0301052224553156,0.030271021138575,0.0301926349002234,0.0297734286855018,0.0301061195012413,0.0300078059410266,0.0301658222501303,0.029475174546307,0.0292199175282573,0.0291981366290995,0.0321809174965048,0.0330443703707745,0.032672795418272,0.0311030284705069,0.0374053013977982,0.0344174000576745,0.035541268813697,0.0295905399056151,0.0281822747181197,0.0301780581249857,0.025416881597502,0.0511770639426329,0.0504373977903228,0.152016476781491,0.141850146190676,0.24028652369091,0.283347837298594,0.396813976270355,0.373575812335164,0.373803377702445,0.36703636384672,0.381074946048734,0.35868181611765,0.370695443023557,0.394136205553202,0.416979364860372,0.503149896473069,0.677891504186955,1,0.827653312904024,0.856031041847413,0.853036997764835,0.85731066000719,0.109835175729166,0.0984286247883708,0.100280430198626,0.102962817420977,0.0869529195595711,0.0830167535859157,0.089959310519559,0.10266027290097,0.0868704918581757,0.0979670935621583,0.112656075204123,0.106985460416786,0.105010245154302,0.108329418590326,0.0964626765030194,0.0996743493288032,0.0900367944812984,0.0967017711123059,0.0938235871913542,0.0895128928370286,0.0911418570716483,0.0909052171186796,0.113078930173667,0.106746435224592,0.091568548131118,0.102407563748617,0.0897723593870337,0.0882923112195291,0.10266094717555,0.092549641772631,0.0948144656024171,0.0924840303951312,0.0982994814010661,0.0974888605617512,0.0936486731492861,0.0971006598207045,0.0949753237885338,0.0932161730841867,0.0944546909530054,0.0996416619083798,0.0963335562547332,0.097853231547573,0.102357411618515,0.0661035017331283,0.0690499992796294,0.0681597788557586,0.0743800915799194,0.0628147881385056,0.0741384904834668,0.0740164007198911,0.056655602479577,0.0677570562004111,0.0647327685609279,0.0644788112795249,0.0671270406667486,0.0705276542467014,0.0689735174160942,0.0678865705748924,0.0639924917209887,0.0631139278443879,0.0658058363875892,0.0705422325213585,0.064919681938616,0.0667641543341221,0.0651010406783085,0.0659712402460787,0.0666068695783744,0.0615088204170495,0.0619237680360907,0.0590166480474973,0.0651017349190456,0.0696397934152615,0.0685356279014158,0.0732869203600166,0.0738152974420351,0.0735710103909786,0.073199513357701,0.06958626124741,0.0637980523920891,0.056706607164031,0.0632611060546945,0.0614933994218749,0.0652304682789116,0.0645265923124047
"ST.BODIC.MAQU_TIBETAN",0,0,0,0,0,0,0,0,0,0,0,0,0,0,0,0,0,0,0,0,0,0,0,0,0,0,0,0,0,0,0,0,0,0,0,0,0,0,0.012138376041912,0.0125509061351091,0.0132210404598789,0.0133444072612398,0.0141503287097127,0.0312909379629812,0.0338946308862665,0.0423974412507093,0.0341600336460125,0.0371623837973918,0.0311415674104882,0.0333843711769717,0.0287377403195708,0.0276034160898831,0.032220940801057,0.0319057188310729,0.0326716551988461,0.0282380329102966,0.0330503652759309,0.030889188954769,0.0366927966568115,0.0272029161547577,0.0263106055308374,0.0328631219144897,0.0323816172778838,0.0307414822051942,0.0298670584458168,0.0300622323314772,0.0294778829831382,0.0295548179466447,0.0285074792609584,0.0290266925052797,0.0292475935327008,0.0289051194419143,0.0285870013747857,0.0288819685698531,0.0290410304192026,0.0289658292186222,0.0285636564482383,0.0288828291664579,0.0287885103431931,0.0289401060365925,0.0282775211543757,0.0280326358962286,0.0280117400119403,0.0308733226955105,0.031701691222374,0.0313452143315139,0.0298392311183143,0.0358854262219988,0.0330189311239021,0.0340971341544978,0.0283881989175622,0.0270371552259359,0.0289518447358671,0.0243841272567349,0.0490976060543112,0.0483879944713071,0.145839649948429,0.136086403945001,0.230523054108001,0.271834673978596,0.380690387115716,0.358396450527355,0.358614769318893,0.352122716925561,0.365590874834896,0.34410763631008,0.355633118150361,0.378121421222676,0.400036403253621,0.482705600911251,0.650347000317252,0.827653312904024,1,0.84342178024801,0.840471838170186,0.844682549745372,0.105372285422655,0.0944292124640867,0.0962057741797775,0.098779168997342,0.0834197951370086,0.0796435658762689,0.0863040285733814,0.0984889176520542,0.0833407166885925,0.0939864344580692,0.108078564377922,0.102638361492768,0.100743404389746,0.103927711132518,0.0925431457966919,0.0956243199600325,0.0863783641592069,0.0927725253669935,0.090011289582519,0.0858757500082584,0.087438525167802,0.0872115005147154,0.108484237644681,0.102409048518961,0.0878478786541259,0.0982464767331607,0.0861246737540735,0.0847047638125615,0.098489564529096,0.0887891078963386,0.0909619060135167,0.0887261624806192,0.0943053165101978,0.0935276333146023,0.0898434827552173,0.0931552061844475,0.0911162281110372,0.0894285562983475,0.090616749948586,0.095592960714948,0.0924192720416227,0.0938771989547796,0.0981983624152059,0.0634175436586531,0.0662443173074945,0.0653902688665425,0.0713578340243992,0.0602624590943014,0.0711260498120572,0.0710089208747266,0.0543535372492261,0.0650039098854261,0.0621025069584291,0.0618588686252312,0.0643994935297999,0.0676619312905636,0.0661709431020036,0.0651281617523129,0.0613923095016308,0.0605494439719621,0.0631319732342208,0.0676759172118127,0.0622818255569775,0.0640513522174776,0.0624558152169922,0.0632906563015629,0.063900458352509,0.0590095562552567,0.0594076434678349,0.0566186473637878,0.0624564812489134,0.0668101465656338,0.0657508461829796,0.0703090812087852,0.0708159889487475,0.0705816279191585,0.0702252257814614,0.0667587895496988,0.0612057707509421,0.054402469480021,0.0606906419468501,0.0589947618554275,0.0625799838358502,0.0619047081898422
"ST.BODIC.LHASA_TIBETAN",0,0,0,0,0,0,0,0,0,0,0,0,0,0,0,0,0,0,0,0,0,0,0,0,0,0,0,0,0,0,0,0,0,0,0,0,0,0,0.0125545642450639,0.0129812387475001,0.0136743499515108,0.0138019466273796,0.0146355006848905,0.0323638095893657,0.0350567752683772,0.0438511212843025,0.0353312778860703,0.0384365695438275,0.0322093175723843,0.034529020296881,0.0297230705206581,0.0285498537437866,0.033325699412057,0.03299966943408,0.0337918674434049,0.0292062296556358,0.0341835623436615,0.0319482858227124,0.0379508816804169,0.0281356218771584,0.0272127166206497,0.0339898989736556,0.033491884999324,0.0317955146554191,0.0308911095499414,0.0310929753578568,0.0304885904376705,0.0305681632683934,0.0294849145067478,0.0300219300029075,0.0302504050584654,0.0298961885668851,0.0295671631933515,0.0298722439214384,0.0300367595205352,0.0299589798982255,0.0295430178398772,0.029873134025298,0.0297755812948415,0.0299323747460812,0.029247071832176,0.0289937901991585,0.0289721778581956,0.0319318755574098,0.0327886463357402,0.0324199469304219,0.0308623281075398,0.0371158289552069,0.0341510504096291,0.0352662217612249,0.0293615444011283,0.0279641775074149,0.0299445159298514,0.0252201852329724,0.0507810144750301,0.0500470724569953,0.150840050467475,0.140752395156323,0.238426992439047,0.281155062812071,0.393743109129258,0.370684780881103,0.370910585163718,0.364195939928393,0.37812588023932,0.355906046439431,0.367826702194329,0.391086061165331,0.413752441650408,0.499256116070856,0.672645432047555,0.856031041847413,0.84342178024801,1,0.9667479749557,0.876471042129339,0.108985182401679,0.0976669045676091,0.0995043792114947,0.102166007954374,0.0862800076172861,0.0823743028760299,0.0892631326951116,0.101865804768293,0.0861982178080388,0.0972089450429039,0.111784251477446,0.10615752048872,0.104197591037746,0.107491078028106,0.0957161703784127,0.0989029886851058,0.0893400170233544,0.0959534146804439,0.093097504472006,0.088820169753277,0.0904365277465814,0.0902017191047542,0.112203834053604,0.105920345066576,0.090859916725902,0.101615051283529,0.0890776283414907,0.0876090339824622,0.101866473824792,0.0918334178721749,0.0940807146653766,0.0917683142485227,0.0975387605961726,0.0967344129958265,0.0929239440561114,0.096349216465748,0.0942403280008892,0.0924947910259399,0.0937237242428701,0.0988705542263503,0.0955880493669261,0.0970959641845785,0.101565287271129,0.0655919394305813,0.0685156345985423,0.0676323034195357,0.0738044783383411,0.0623286765587611,0.0735647469463665,0.0734436020120196,0.0562171556545715,0.0672326973574616,0.0642318140991058,0.0639798221443227,0.0666075573929988,0.0699818542776568,0.0684397446134582,0.0673612094450764,0.0634972661194363,0.0626255012799192,0.0652965776599748,0.0699963197338465,0.064417280990067,0.0662474793679962,0.0645972362293089,0.0654607014897747,0.0660914118087614,0.061032815470647,0.0614445518897688,0.0585599295443585,0.0645979250974503,0.0691008644306483,0.0680052438416228,0.0727197669605294,0.0732440550338024,0.0730016584733107,0.0726330363842153,0.0690477465379612,0.0633043315191546,0.0562677656235695,0.0627715405063267,0.0610175138155919,0.0647256622145718,0.064027233408967
"ST.BODIC.TIBETAN_LHASA",0,0,0,0,0,0,0,0,0,0,0,0,0,0,0,0,0,0,0,0,0,0,0,0,0,0,0,0,0,0,0,0,0,0,0,0,0,0,0.0125106535491315,0.0129358357198568,0.0136265227062896,0.0137536731015287,0.0145843117301926,0.0322506143103936,0.0349341611043861,0.0436977481193384,0.0352077036249589,0.0383021342512137,0.0320966626428699,0.034408252002458,0.0296191114595283,0.0284499981118278,0.033209139838578,0.0328842501792094,0.0336736774061139,0.0291040782910239,0.034064002318904,0.031836543874769,0.0378181451239496,0.028037215057694,0.0271175377437329,0.0338710163036185,0.0333747441770937,0.0316843070381099,0.0307830651692695,0.0309842249337145,0.0303819539031015,0.0304612484208296,0.0293817884172853,0.029916925654375,0.0301446015982715,0.0297916240101172,0.0294637494318521,0.0297677631131802,0.0299317033044567,0.0298541957232372,0.0294396885288815,0.0297686501038231,0.0296714385726468,0.0298276836249595,0.0291447776184488,0.0288923818602857,0.0288708451103918,0.0318201910058169,0.0326739651527712,0.0323065553061473,0.0307543843925017,0.0369860130693093,0.0340316040982289,0.035142875039649,0.0292588498094931,0.0278663703297574,0.0298397823438684,0.0251319754103527,0.0506034033973195,0.0498720284062365,0.150312474084797,0.140260101237966,0.23759307300045,0.280171698178141,0.392365957871519,0.369388278160473,0.369613292672691,0.3629221325014,0.376803351617278,0.354661233646199,0.366540195856028,0.389718203167233,0.412305305987077,0.497509923763639,0.670292795312386,0.853036997764835,0.840471838170186,0.9667479749557,1,0.873405507342685,0.108603997112236,0.097325305953319,0.0991563538675471,0.101808673329106,0.0859782356795608,0.082086191485174,0.0889509270142739,0.10150952013015,0.0858967319373863,0.0968689481824498,0.111393276196995,0.105786225196256,0.10383315077143,0.10711511850051,0.0953813946290309,0.0985570667575752,0.0890275424327964,0.0956178091481876,0.0927718877376342,0.0885095133744038,0.0901202180130416,0.0898862306351525,0.11181139124608,0.105549879316073,0.0905421261520583,0.101259643677819,0.0887660714784938,0.0873026136577863,0.101510186846565,0.0915122223921959,0.0937516590666209,0.0914473464742104,0.0971976101767267,0.0963960758530673,0.0925989343646046,0.0960122265818324,0.0939107141404124,0.0921712823350133,0.0933959172496086,0.0985247457412003,0.095253721732084,0.0967563624846429,0.101210053719442,0.0653625258363112,0.0682759951225122,0.0673957534722261,0.0735463406647822,0.0621106765142499,0.0733074477544986,0.0731867265352463,0.0560205311935429,0.0669975450676049,0.0640071576631644,0.0637560470724723,0.0663745915853137,0.0697370865689582,0.0682003705693455,0.0671256076728567,0.063275178829851,0.0624064630647617,0.0650681971195524,0.0697515014309388,0.0641919758673136,0.0660157729649674,0.0643713016972318,0.0652317469117796,0.0658602512657884,0.0608193478146043,0.0612296441492794,0.0583551110249856,0.0643719881559961,0.068859178061655,0.0677673895022884,0.0724654231607009,0.0729878774901882,0.0727463287330495,0.0723789959322282,0.0688062459534833,0.0630829190353532,0.0560709641497099,0.0625519915060922,0.0608040996784375,0.0644992785012823,0.0638032925120362
"ST.BODIC.TIBETAN_WRITTEN",0,0,0,0,0,0,0,0,0,0,0,0,0,0,0,0,0,0,0,0,0,0,0,0,0,0,0,0,0,0,0,0,0,0,0,0,0,0,0.012573331144406,0.0130006434513317,0.0136947907365592,0.0138225781473611,0.0146573782238328,0.0324121878799248,0.0351091790762575,0.0439166711164685,0.0353840920278257,0.0384940255588356,0.032257464924133,0.0345806352024758,0.0297675013636337,0.0285925308308589,0.0333755155613205,0.0330489982249885,0.0338423804331442,0.0292498879110249,0.0342346608494428,0.0319960429772009,0.0380076116761808,0.0281776797593269,0.0272533949192888,0.0340407079862374,0.0335419495672604,0.0318430434434695,0.0309372864089843,0.0311394539713234,0.0305341656003489,0.0306138573786734,0.0295289893477265,0.0300668075890524,0.0302956241752511,0.0299408781913591,0.0296113609818728,0.0299168977528143,0.0300816592742408,0.0300037633848657,0.0295871795352766,0.029917789187225,0.0298200906323306,0.0299771184626264,0.029290791139546,0.0290371308943505,0.0290154862466806,0.0319796081813936,0.0328376596836617,0.032468409136584,0.0309084619433107,0.0371713106917614,0.0342021003156995,0.0353189386553401,0.0294054348251644,0.0280059791099414,0.0299892777953638,0.0252578850422543,0.0508569232973946,0.0501218841631473,0.151065530220386,0.140962795611528,0.238783399501865,0.281575340940433,0.394331686888823,0.371238890433187,0.3714650322541,0.364740349786993,0.378691112946292,0.356438064342912,0.368376539413739,0.391670667098339,0.414370929896868,0.500002417503016,0.673650920479471,0.85731066000719,0.844682549745372,0.876471042129339,0.873405507342685,1,0.109148096375273,0.0978128996759456,0.0996531210262092,0.102318728443117,0.086408981286669,0.082497438193216,0.0893965656198671,0.102018076505262,0.0863270692158213,0.0973542555810605,0.111951349574565,0.10631620759745,0.104353348391369,0.107651758574412,0.0958592494769652,0.0990508315251324,0.0894735648768658,0.0960968484181419,0.0932366691185299,0.0889529405251469,0.0905717146937299,0.0903365550536474,0.112371559354011,0.106078677639124,0.0909957365662519,0.101766948187464,0.0892107839693632,0.0877399943160997,0.102018746561885,0.0919706929281471,0.094221349040867,0.0919054919858522,0.0976845641514637,0.0968790141907524,0.0930628492598708,0.0964932418585698,0.0943812009706742,0.0926330547202401,0.0938638249795026,0.099018348582478,0.0957309369467544,0.097241105835918,0.101717109786484,0.0656899880207927,0.0686180536067032,0.0677334020005595,0.0739148032519689,0.0624218471361122,0.0736747135030801,0.0735533874780363,0.0563011905665664,0.0673331985966266,0.0643278295374937,0.0640754608983782,0.0667071241561789,0.0700864650303174,0.068542050179234,0.0674619027875566,0.0635921835358039,0.0627191155588242,0.06539418473549,0.070100952109859,0.0645135736693376,0.0663465078768873,0.0646937979104975,0.0655585539019925,0.0661902070236794,0.0611240489600891,0.0615364008538528,0.0586474664975962,0.0646944878083774,0.0692041582560578,0.0681068999039917,0.0728284704184981,0.0733535422116443,0.0731107833102729,0.0727416101949925,0.0691509609613201,0.0633989605317072,0.0563518761887034,0.0628653730885841,0.0611087244317097,0.0648224158703675,0.0641229430346525
"Tar.TARASCAN.TARASCAN",0,0,0,0,0,0,0,0,0,0,0,0,0,0,0,0,0,0,0,0,0,0,0,0,0,0,0,0,0,0,0,0,0,0,0,0,0,0,0.0147428693461998,0.0152439147285788,0.0160578376751387,0.0162076749044223,0.0171865203922463,0.0380049364524062,0.0411672956059766,0.0514945273415612,0.0414896450040794,0.0451362000177398,0.0378235159286088,0.0405475510700693,0.0349039071926556,0.0335261945681026,0.0391344870847152,0.0387516289245725,0.0396819098582488,0.0342969791307122,0.040141878569654,0.0375169854186282,0.0445658550361437,0.0330397606171088,0.031955989699215,0.0399144589869899,0.0393296394095968,0.0373375856947265,0.0362755395698411,0.036512591304451,0.0358028599478549,0.0358963026053584,0.0346242397403606,0.0352548589432437,0.0355231580117901,0.0351072003286955,0.0347208246649207,0.0350790820465736,0.0352722732984204,0.0351809364119204,0.0346924706906496,0.0350801272986947,0.0349655707811276,0.0351496938873419,0.0343449402435628,0.0340475107230729,0.0340221312743829,0.0374977147858472,0.0385038237513203,0.0380708587312268,0.0362417414198904,0.0435852496575222,0.0401036996901424,0.0414132493658045,0.0344793657875198,0.0328384328853029,0.0351639513225295,0.0296161530196363,0.0596323255080077,0.0587704547916404,0.124586776580596,0.116254848458207,0.106828605070686,0.0982300668627262,0.108954152449691,0.10257359478929,0.102636077950675,0.100778042943452,0.104632649678305,0.0984841150040257,0.101782724971554,0.108218910607445,0.114491010912426,0.107494383507194,0.108347211193668,0.109835175729166,0.105372285422655,0.108985182401679,0.108603997112236,0.109148096375273,1,0.183348185901737,0.186797641416769,0.191794265439117,0.161971785081677,0.154639681313799,0.137626964652066,0.157057915051954,0.132901442254533,0.149877913079529,0.172350294710043,0.163674933634187,0.160653090986215,0.165731028583951,0.147576335263689,0.152489809810296,0.137745505828091,0.147942121363546,0.143538844877063,0.136943999095096,0.139436119164077,0.139074088394227,0.172997212139827,0.163309253734163,0.140088905351741,0.15667130033273,0.137340951822942,0.135076655491011,0.157058946611259,0.141589861052058,0.145054770102215,0.141489483507145,0.150386426640737,0.149146273898855,0.143271247353852,0.148552373285818,0.145300863850231,0.142609574083707,0.144504358002885,0.152439801974206,0.147378796757178,0.149703717842081,0.156594573583749,0.0770248472438307,0.0804581528550798,0.0794208539168359,0.0866688608275987,0.0731927860728932,0.0863873434032521,0.0862450824769335,0.0660160053867406,0.0789515951000336,0.0754276472403114,0.0751317321935489,0.0782174910212889,0.0821799398275356,0.0803690349762797,0.079102507300579,0.074565064941046,0.0735413483963109,0.0766780028684375,0.0821969266640738,0.0756454416685458,0.0777946501186954,0.0758567637446068,0.0768707340642087,0.0776113794300387,0.071671051798412,0.0721545553365433,0.0687671330794759,0.0758575726849099,0.081145390323766,0.0798587991779714,0.0853950804072467,0.0860107537522673,0.085726106611073,0.0852932323836944,0.0810830137938805,0.0743385011552552,0.066075436852938,0.0737128427781404,0.0716530830105788,0.0760075748348549,0.0751874074098722
"Kor.KOREAN.KOREAN",0,0,0,0,0,0,0,0,0,0,0,0,0,0,0,0,0,0,0,0,0,0,0,0,0,0,0,0,0,0,0,0,0,0,0,0,0,0,0.0132117998223017,0.0136608108756071,0.0143902066796539,0.0145244830835707,0.0154016739707997,0.0340580656911212,0.0368920090112501,0.0461467419404432,0.037180881931478,0.0404487366312763,0.0338954859661177,0.0363366258930051,0.0312790830615637,0.030044447999635,0.0350703107631477,0.0347272130083376,0.0355608828446238,0.0307351854068646,0.0359730831020434,0.033620789118293,0.0399376228480937,0.0296085309582242,0.0286373113072724,0.0357692813907705,0.0352451962206965,0.0334600203300261,0.0325082693191109,0.0327207028686222,0.0320846781986095,0.0321684166932545,0.0310284595018096,0.0315935879362373,0.0318340237362778,0.0314612638945845,0.0311150139342728,0.0314360657390546,0.0316091937840019,0.0315273423728218,0.0310896045635839,0.0314370024401447,0.0313343427920874,0.0314993444321915,0.0307781656848116,0.0305116246748034,0.0304888809206658,0.0336035197701917,0.0345051427812293,0.0341171418404891,0.032477981158711,0.0390588548374175,0.0359388691575458,0.0371124200970491,0.030898630930488,0.0294281114192026,0.0315121212109348,0.0265404702445492,0.0534394173243635,0.0526670531997175,0.111648249335734,0.104181604688626,0.0957342910899127,0.0880287242222752,0.097639097123581,0.0919211701322797,0.091977164321816,0.0903120890910846,0.0937663890227128,0.0882563890756535,0.0912124333543792,0.0969802112708593,0.102600944368936,0.0963309274177932,0.0970951876450276,0.0984286247883708,0.0944292124640867,0.0976669045676091,0.097325305953319,0.0978128996759456,0.183348185901737,1,0.191082572218608,0.196193813256545,0.165687238262249,0.158186944162636,0.123334193937138,0.140747210427484,0.119099424266056,0.134312862638337,0.154451453075568,0.14667704151233,0.143969021843839,0.14851960785773,0.132250307197854,0.136653509899944,0.12344042443078,0.132578105851943,0.128632116361325,0.122722155397534,0.124955464986824,0.12463103166598,0.155031187141112,0.146349338029059,0.12554045833077,0.140400746237997,0.123077883977641,0.121048738281959,0.140748134857778,0.126885537486602,0.129990610433949,0.126795584303209,0.134768566288681,0.133657205305275,0.128392309250064,0.133124982178994,0.130211146969949,0.127799351760742,0.129497359472732,0.136608695454096,0.132073283367287,0.134156757842648,0.140331987679215,0.0690256990842271,0.0721024506581194,0.0711728768006737,0.077668167111331,0.0655916033252295,0.0774158857019515,0.0772883987903524,0.0591601422868496,0.0707523512295073,0.0675943707432406,0.0673291869265475,0.0700944849818078,0.0736454274208211,0.0720225878072966,0.0708875909672768,0.0668213689346685,0.0659039669183978,0.0687148750275541,0.0736606501484114,0.0677895468870886,0.0697155567534851,0.0679789228424328,0.0688875907939526,0.0695513190060719,0.064227903481931,0.0646611944383358,0.0616255611621364,0.0679796477730485,0.0727183174648756,0.0715653407768087,0.0765266707352816,0.0770784054620386,0.0768233193616914,0.0764353997847039,0.0726624188329943,0.066618334144455,0.0592134017044099,0.0660576513464542,0.0642118007801891,0.0681140719703639,0.0673790801865266
"Cmu.CHIMUAN.MOCHICA",0,0,0,0,0,0,0,0,0,0,0,0,0,0,0,0,0,0,0,0,0,0,0,0,0,0,0,0,0,0,0,0,0,0,0,0,0,0,0.0134603624984821,0.0139178211055307,0.0146609395344648,0.0147977421727141,0.0156914362553732,0.0346988235036503,0.0375860837484427,0.0470149323329707,0.0378803914335847,0.0412097265312452,0.0345331850544696,0.0370202518256416,0.031867557962699,0.0306096948622573,0.035730112638366,0.0353805599495367,0.036229914189791,0.0313134275873684,0.036649869454135,0.0342533201459302,0.0406889968129524,0.0301655766137541,0.029176084739574,0.0364422334811078,0.0359082883363012,0.0340895267038844,0.0331198697466552,0.0333362999546299,0.0326883093150883,0.0327736232396224,0.0316122192495544,0.0321879798338736,0.0324329391179746,0.0320531662890223,0.0317004020900815,0.0320274940632629,0.0322038792851848,0.0321204879471146,0.031674514675427,0.0320284483871548,0.0319238573325367,0.0320919632619723,0.0313572164828432,0.031085660853506,0.0310624892054803,0.0342357258977064,0.0351543117625219,0.0347590110932445,0.0330890117542636,0.0397936959353381,0.0366150118191697,0.0378106415795816,0.0314799481240338,0.0299817627178653,0.0321049804190411,0.0270397943638818,0.054444809834265,0.0536579146921657,0.113748764634103,0.10614164486623,0.0975354061473301,0.0896848691508785,0.0994760486068981,0.0936505463227315,0.0937075939694644,0.0920111925332985,0.0955304805851589,0.0899168172197149,0.0929284755924103,0.098804766681495,0.104531246496881,0.0981432674047705,0.098921906185263,0.100280430198626,0.0962057741797775,0.0995043792114947,0.0991563538675471,0.0996531210262092,0.186797641416769,0.191082572218608,1,0.241137622044197,0.178791998687478,0.170698481124639,0.125654564948044,0.14339518449304,0.12134012364277,0.136839782893855,0.157357254482852,0.149436577568195,0.1466776100633,0.151313809381435,0.134738423179393,0.139224466362123,0.12576279402902,0.135072388934998,0.131052160830326,0.125031011706478,0.127306338084981,0.12697580097695,0.15794789548407,0.149102708773923,0.127902337311023,0.143042202034483,0.125393432853007,0.123326111443852,0.143396126315277,0.129272722366061,0.132436213186212,0.129181076831566,0.137304060010373,0.136171790228472,0.130807842062958,0.135629554022492,0.132660898827733,0.130203728856597,0.131933682355439,0.139178808791285,0.134558068877758,0.136680741191287,0.142972149873648,0.0703243270319977,0.0734589636492176,0.0725119010794979,0.079129391753762,0.0668256232677626,0.0788723640007268,0.0787424785901835,0.0602731627297725,0.072083463871554,0.0688660701265679,0.068595897224357,0.0714132207337035,0.0750309694949042,0.0733775982836584,0.0722212479675183,0.0680785253033561,0.0671438635720304,0.0700076552285842,0.0750464786181377,0.0690649182534381,0.0710271634680219,0.0692578570688693,0.0701836204154774,0.0708598358029157,0.0654362672014578,0.0658777099586117,0.0627849652258974,0.0692585956381033,0.0740864171817581,0.0729117487503243,0.077966419621351,0.0785285345129658,0.078268649302383,0.0778734315276105,0.0740294668904722,0.0678716706800017,0.0603274241533833,0.0673004393709249,0.0654198615485137,0.06939554885029,0.068646729160549
"Ura.SAAMI.LULE_SAAMI",0,0,0,0,0,0,0,0,0,0,0,0,0,0,0,0,0,0,0,0,0,0,0,0,0,0,0,0,0,0,0,0,0,0,0,0,0,0,0.0138204118550976,0.0142901069585382,0.0150531029585449,0.0151935649114591,0.0161111642923231,0.0356269774875579,0.0385914686534073,0.0482725281919024,0.0388936487337166,0.0423120397509339,0.035456908398633,0.0380105013715266,0.0327199788200625,0.0314284693152185,0.0366858524313097,0.0363269496064249,0.0371990231046321,0.0321510260887113,0.0376302116936917,0.0351695574227405,0.0417773811061309,0.0309724714097111,0.0299565117555797,0.0374170216950201,0.0368687941261052,0.0350013826927887,0.0340057885170315,0.034228007986413,0.0335626843357518,0.0336502803105384,0.0324578100873403,0.0330489716111195,0.0333004832769002,0.0329105519575848,0.0325483517183531,0.0328841930290439,0.0330652963546333,0.0329796743933074,0.0325217718448595,0.0328851728800123,0.0327777841338813,0.0329503867053459,0.0321959862872357,0.0319171668542944,0.0318933753910918,0.0351514925484282,0.0360946495382532,0.0356887750265805,0.033974105108511,0.0408581319503778,0.0375944216567169,0.03882203315061,0.0323220008599559,0.0307837407015924,0.0329637520565312,0.0277630780469796,0.0559011464488321,0.0550932027584734,0.1167914144533,0.108980812901156,0.1001443671047,0.0920838371905259,0.102136919538391,0.0961555917072076,0.0962141653134757,0.094472387072211,0.0980858120686715,0.092321989605862,0.0954142064077645,0.101447681586516,0.107327338210731,0.100768487958023,0.101567954438511,0.102962817420977,0.098779168997342,0.102166007954374,0.101808673329106,0.102318728443117,0.191794265439117,0.196193813256545,0.241137622044197,1,0.183574480890517,0.17526447095672,0.12901568135709,0.147230842256663,0.124585833663891,0.14050009113562,0.161566381706709,0.153433835711453,0.150601068970083,0.155361281336294,0.13834252244363,0.14294856216894,0.129126805442638,0.13868542140259,0.134557656777806,0.12837544877695,0.130711637542982,0.130372258944011,0.162172821681581,0.15309103630743,0.131323579069085,0.14686841791962,0.128747564276112,0.126624944375303,0.147231809271572,0.132730620362575,0.135978730956865,0.132636523414477,0.140976787135888,0.139814230427722,0.134306802761851,0.139257490021196,0.136209426683231,0.133686530215702,0.135462757999083,0.142901683310116,0.138157343869968,0.140336795248763,0.146796491943318,0.0722054226343747,0.0754239072086894,0.0744515117945578,0.0812460128026778,0.0686131325317744,0.0809821098501729,0.0808487501529225,0.0618854011419615,0.0740116143795735,0.0707081590186397,0.0704307592991996,0.0733234430016339,0.077037962419198,0.0753403654123302,0.074153084043078,0.0698995482689394,0.068939885401496,0.0718802802211176,0.0770538863938029,0.0709123261062848,0.0729270591440689,0.0711104258151444,0.07206095227622,0.0727552556546175,0.0671866127740876,0.0676398636219013,0.0644643914922603,0.0711111841402636,0.0760681444081425,0.0748620549348889,0.0800519324911161,0.0806290833154625,0.080362246471677,0.0799564570718427,0.0760096707614686,0.0696871605201538,0.0619411139968144,0.0691006494245679,0.0671697682886241,0.0712518006947964,0.0704829509317537
"Alt.TURKIC.UYGHUR",0,0,0,0,0,0,0,0,0,0,0,0,0,0,0,0,0,0,0,0,0,0,0,0,0,0,0,0,0,0,0,0,0,0,0,0,0,0,0.011671447911172,0.0120681091678274,0.0127124653681983,0.0128310866064166,0.0136060065935607,0.0300872663085763,0.0325908027145901,0.0407665346184713,0.0328459961997121,0.0357328546461739,0.0299436416081333,0.0321001712167983,0.0276322827754334,0.026541592709854,0.030981494634043,0.0306783983392485,0.0314148713558094,0.027151797661277,0.0317790135543102,0.0297009714198266,0.0352813311613095,0.0261564988459711,0.0252985128244711,0.0315989729020658,0.0311359903526927,0.0295589465206277,0.0287181593078551,0.0289058254200468,0.0283439542967996,0.0284179297953354,0.0274108791920968,0.0279101198083837,0.0281225234137893,0.0277932233082612,0.027487342320782,0.0277709629831215,0.0279239061843313,0.027851597755889,0.0274648954058696,0.0277717904750703,0.0276810998234562,0.0278268640700868,0.0271897669071038,0.0269543016747853,0.0269342095945774,0.029685715489557,0.0304822190810719,0.0301394548225876,0.0286914024169554,0.0345050179261287,0.0317487885829656,0.032785516269257,0.0272961872176541,0.0259971142594521,0.0278381512156371,0.0234461405836907,0.0472089635094113,0.046526648626465,0.0986312799181163,0.0920351646846078,0.0845727158144473,0.0777655340881641,0.0862554422182577,0.0812041632149076,0.0812536290920244,0.0797826834914969,0.082834249687157,0.0779666557001434,0.0805780574233232,0.0856733752771232,0.09063879213623,0.0850997908471022,0.0857749466587797,0.0869529195595711,0.0834197951370086,0.0862800076172861,0.0859782356795608,0.086408981286669,0.161971785081677,0.165687238262249,0.178791998687478,0.183574480890517,1,0.746235989081881,0.108954770702309,0.124337619192065,0.105213729035267,0.118653446250189,0.136444096460905,0.129576096580437,0.127183802500271,0.131203839765503,0.116831362301653,0.120721199543436,0.109048615877818,0.11712094320418,0.113635013094942,0.108414089188004,0.110387019212036,0.110100411281564,0.136956239850855,0.129286599752847,0.110903808705827,0.124031548952198,0.108728343691484,0.106935774275517,0.124338435843859,0.112092066287296,0.114835121560066,0.112012600665009,0.119056019819988,0.118074231418498,0.113423164880054,0.117604059709946,0.115029945938807,0.112899339773465,0.114399378286749,0.120681609973701,0.11667497752098,0.11851554157285,0.123970806892216,0.060978054635211,0.0636960904980981,0.0628748948243299,0.0686129050537015,0.0579443370257858,0.0683900369079429,0.0682774135812124,0.0522627142709911,0.0625033979529575,0.0597136035838555,0.059479337310899,0.0619222317420085,0.0650591729816536,0.0636255387855417,0.0626228702107972,0.059030725363981,0.0582202824273243,0.0607034692769864,0.0650726209050649,0.0598860243158575,0.0615874824165249,0.0600533210981398,0.0608560482668343,0.0614423930010202,0.056739629726129,0.0571224036779054,0.0544406921672015,0.0600539615097441,0.064240153945316,0.0632216017769087,0.0676044947180133,0.0680919031870137,0.067866557346696,0.0675238649658373,0.0641907724848728,0.0588513622181565,0.0523097642207477,0.0583560489255262,0.0567254044239645,0.060172713310261,0.0595234135603726
"Alt.TURKIC.TURKMEN_2",0,0,0,0,0,0,0,0,0,0,0,0,0,0,0,0,0,0,0,0,0,0,0,0,0,0,0,0,0,0,0,0,0,0,0,0,0,0,0.0111431073291197,0.0115218126097203,0.0121370002328466,0.0122502517504852,0.0129900928270975,0.0287252824386387,0.0311154892995943,0.0389211239382798,0.0313591307411745,0.0341153075032803,0.0285881593101006,0.0306470676024279,0.0263814305695961,0.0253401136262268,0.0295790310294948,0.0292896552322794,0.0299927897474652,0.0259226959517631,0.0303404480356089,0.0283564742634414,0.0336842234859625,0.0249724521081622,0.0241533052124881,0.0301685574247067,0.0297265330693364,0.0282208785166904,0.0274181518777866,0.0275973227609628,0.0270608862983125,0.0271315130899654,0.0261700494358286,0.0266466905357744,0.0268494791006671,0.0265350856811602,0.0262430512481268,0.0265138330316089,0.0266598528330346,0.0265908176469065,0.0262216204553082,0.0265146230648309,0.0264280377780374,0.0265672036002486,0.0259589464139742,0.0257341401709126,0.02571495761465,0.0283419089353268,0.0291023565743711,0.0287751084942746,0.0273926062120425,0.0329430522305646,0.030311591281736,0.0313013886031427,0.0260605493129021,0.0248202825086656,0.0265779798017331,0.0223847857580389,0.0450719183502781,0.0444204903500169,0.0941664604512347,0.0878689367368143,0.0807442963896068,0.0742452606947991,0.0823508494981766,0.0775282307012593,0.0775754573677395,0.0761710982148116,0.0790845267713153,0.0744372779771061,0.076930467331358,0.081795131437559,0.0865357748792254,0.081247511903575,0.0818921049078586,0.0830167535859157,0.0796435658762689,0.0823743028760298,0.082086191485174,0.082497438193216,0.154639681313799,0.158186944162636,0.170698481124639,0.17526447095672,0.746235989081881,1,0.10402262968533,0.118709130713609,0.100450936684099,0.113282267684219,0.130267574585437,0.123710473839505,0.121426473610829,0.125264532697796,0.111542665438145,0.115256418368191,0.104112226697712,0.111819137654949,0.10849100787665,0.103506423624983,0.105390043479001,0.105116409654395,0.130756534379075,0.123434081891752,0.105883439057657,0.118416915595224,0.103806452523504,0.102095028752517,0.118709910397386,0.107017906851689,0.109636790091097,0.10694203846202,0.113666617640648,0.112729272624371,0.108288749560977,0.112280384547125,0.109822795201959,0.107788636856123,0.10922077195012,0.115218620930544,0.111393359849932,0.113150605646015,0.118358923193689,0.0582177132342489,0.0608127096370136,0.0600286876715599,0.0655069508937494,0.0553213252980351,0.0652941714950552,0.0651866463767433,0.0498968970144076,0.0596740076402869,0.0570105010798609,0.0567868395219278,0.0591191495357956,0.0621140883972412,0.0607453516441362,0.0597880716537746,0.056358535243686,0.0555847792627636,0.0579555577466874,0.0621269275629614,0.0571751167074237,0.0587995535704446,0.0573348403351154,0.0581012298237924,0.0586610320312498,0.0541711524281036,0.0545365990513415,0.0519762826778344,0.0573354517567056,0.0613321445376652,0.0603596999687265,0.0645441890592377,0.0650095336269838,0.0647943886934723,0.0644672092372607,0.0612849984665029,0.0561872914699895,0.0499418171172053,0.0557143999124616,0.0541575710738436,0.0574488279263769,0.0568289205372644
"Dra.SOUTHERN_DRAVIDIAN.TODA",0,0,0,0,0,0,0,0,0,0,0,0,0,0,0,0,0,0,0,0,0,0,0,0,0,0,0,0,0,0,0,0,0,0,0,0,0,0,0.0120749873859573,0.0124853631771243,0.0131519979469282,0.0132747205059538,0.0140764332960982,0.0311275313841945,0.0337176273819639,0.0421760346302914,0.0339816441635388,0.0369683155338238,0.0309789408700303,0.03321003233531,0.0285876669713945,0.0274592663749909,0.0320526775899056,0.031739101762448,0.0325010382807576,0.0280905691188629,0.0328777706696657,0.0307278803773603,0.0365011806568406,0.0270608579183722,0.0261732070916891,0.0326915051247773,0.0322125149869515,0.0305809449774535,0.0297110876070766,0.0299052422616433,0.0293239444845911,0.0294004776806854,0.0283586083750368,0.0288751101998406,0.0290948576446755,0.0287541720116068,0.0284377152109145,0.0287311420373213,0.0288893732387481,0.0288145647515764,0.0284144921955283,0.0287319981397449,0.0286381718653529,0.0287889759003607,0.028129851148642,0.027886244722797,0.0278654579603563,0.0307120969743953,0.0315361396204843,0.0311815243123362,0.0296834055985923,0.0356980264472085,0.0328465006721037,0.0339190731438241,0.0282399509338002,0.0268959626212008,0.0288006532981592,0.024256789213483,0.0488412100382683,0.0481353041671603,0.102041449350262,0.0952172739054401,0.0874968114005879,0.0804542718541355,0.0892377179491729,0.0840117913364157,0.0840629674926876,0.0825411640534761,0.0856982379315798,0.0806623472314303,0.0833640379819737,0.0886355260852779,0.0937726218763102,0.0880421100147101,0.0887406092901735,0.089959310519559,0.0863040285733814,0.0892631326951116,0.0889509270142739,0.0893965656198671,0.137626964652066,0.123334193937138,0.125654564948044,0.12901568135709,0.108954770702309,0.10402262968533,1,0.680792172900077,0.172398427542482,0.194420136455504,0.223571086140575,0.212317494136837,0.208397589943522,0.214984640032354,0.191434552630481,0.197808262887008,0.178682098575923,0.191909046716944,0.186197160303774,0.177642392022788,0.180875145361284,0.180405522651514,0.224410260988888,0.21184313781174,0.181721933103883,0.203232450756022,0.178157315148741,0.175220092493418,0.203735301648589,0.183668957892748,0.188163603411198,0.183538749140985,0.195079775183641,0.193471061395544,0.185850035461234,0.192700659434006,0.188482833770675,0.184991719483734,0.18744961431661,0.19774339321998,0.191178307646801,0.194194172128016,0.203132921581241,0.063086366502616,0.0658983782606023,0.0650487898052863,0.0709851913269719,0.0599477583243366,0.0707546175310515,0.0706381002608734,0.0540696938701188,0.0646644484562193,0.0617781971468102,0.061535831134261,0.0640631884651914,0.0673085892233053,0.0658253872276422,0.0647880514588087,0.0610717084614401,0.0602332445183503,0.0628022873753162,0.0673225021077044,0.0619565793132601,0.0637168652057779,0.062129660369796,0.0629601417727994,0.0635667593341339,0.0587013983561614,0.0590974066898788,0.0563229751959483,0.0621303229235856,0.066461252662503,0.0654074841258945,0.0699419152762217,0.0704461758580949,0.0702130387015035,0.0698584977561447,0.0664101638416053,0.0608861438477075,0.0541183705685152,0.0603737051334943,0.0586866812151944,0.0622531805590919,0.0615814313169004
"Dra.SOUTHERN_DRAVIDIAN.TAMIL",0,0,0,0,0,0,0,0,0,0,0,0,0,0,0,0,0,0,0,0,0,0,0,0,0,0,0,0,0,0,0,0,0,0,0,0,0,0,0.013779802147868,0.0142481171057066,0.0150088711288097,0.0151489203502623,0.0160638234697847,0.0355222916691888,0.0384780720151588,0.0481306848620753,0.0387793641736955,0.0421877106379819,0.0353527223089249,0.0378988118395115,0.0326238348864102,0.0313361203352497,0.036578055229437,0.0362202069996538,0.0370897180091438,0.0320565539579033,0.0375196395996113,0.0350662156811695,0.041654623026753,0.030881462327687,0.0298684879553651,0.037307076035486,0.0367604593708844,0.0348985351135204,0.0339058663779325,0.0341274328806957,0.0334640642078564,0.0335514027918411,0.0323624365066696,0.0329518609695958,0.0332026335969732,0.0328138480464585,0.032452712091405,0.032787566570629,0.0329681377447088,0.032882767373771,0.0324262103198443,0.0327885435424169,0.0326814703458936,0.0328535657443472,0.0321013820460015,0.0318233818922293,0.0317996603375335,0.0350482038884342,0.0359885895187926,0.0355839076231767,0.0338742760675018,0.0407380749800174,0.0374839547275866,0.0387079590248287,0.0322270263392425,0.0306932861832732,0.0328668918229692,0.0276814994020663,0.0557368872925282,0.0549313176527454,0.116448236174851,0.108660585186383,0.0998501042801574,0.0918132593157057,0.10183680182531,0.0958730494451775,0.0959314509395704,0.0941947907154225,0.0977975980738024,0.0920507119472752,0.0951338426220541,0.101149589120709,0.107011969043142,0.100472391225388,0.101269508564617,0.10266027290097,0.0984889176520542,0.101865804768293,0.10150952013015,0.102018076505262,0.157057915051954,0.140747210427484,0.14339518449304,0.147230842256663,0.124337619192065,0.118709130713609,0.680792172900077,1,0.196738609011029,0.2218694668811,0.255136111908811,0.2422936743718,0.237820336015745,0.24533738295426,0.218462361507843,0.225735948094354,0.203909444129565,0.219003847343215,0.212485524619656,0.202722945946494,0.20641211761794,0.205876190927672,0.256093766190973,0.24175234574772,0.207378459625702,0.231925953372107,0.20331056882097,0.199958652519868,0.232499799587259,0.209600376345778,0.214729601245927,0.209451783988712,0.22262223712195,0.220786396056119,0.212089390735792,0.219907224404424,0.215093902346424,0.211109892871963,0.213914807147624,0.225661919762193,0.218169938413422,0.221611599636543,0.231812372107581,0.0719932552182137,0.0752022826419271,0.0742327445010441,0.0810072806412857,0.0684115206512139,0.08074415313757,0.0806111853026113,0.0617035579343555,0.0737941396745457,0.0705003911411985,0.070223806529261,0.0731079904098741,0.0768115951349075,0.0751189863236279,0.0739351936455457,0.069694156402152,0.0687373133948181,0.071669068198931,0.0768274723187255,0.0707039583070944,0.0727127712811591,0.0709014759225067,0.0718492093697631,0.0725414726167072,0.066989192559472,0.0674411115812573,0.0642749702150445,0.0709022320193739,0.0758446268236951,0.0746420813070844,0.0798167089988122,0.0803921639311512,0.0801261111570604,0.0797215141231916,0.0757863249951766,0.0694823927305928,0.0617591070833256,0.068897605031106,0.0669723975696118,0.0710424353881659,0.0702758448026432
"Alt.MONGOLIC.MONGOLIAN",0,0,0,0,0,0,0,0,0,0,0,0,0,0,0,0,0,0,0,0,0,0,0,0,0,0,0,0,0,0,0,0,0,0,0,0,0,0,0.0116603838706757,0.012056669109185,0.012700414487047,0.0128189232773331,0.0135931086730037,0.0300587448487375,0.0325599080077993,0.0407278896625633,0.0328148595802576,0.0356989814066358,0.0299152562984546,0.0320697416079801,0.0276060885364702,0.0265164323990844,0.0309521254834566,0.0306493165111695,0.0313850913823639,0.0271260589019426,0.0317488883894145,0.0296728161512543,0.0352478859469966,0.026131703587947,0.0252745309010186,0.031569018408117,0.0311064747466792,0.0295309258856713,0.0286909357037249,0.0288784239163551,0.0283170854232416,0.0283909907961239,0.0273848948343952,0.0278836621916283,0.0280958644473718,0.027766876504459,0.0274612854792585,0.0277446372811689,0.0278974354986727,0.0278251956155717,0.0274388598430749,0.0277454639886902,0.0276548593079898,0.0278004853762608,0.0271639921545252,0.0269287501333187,0.0269086770995556,0.0296575746829634,0.0304533232226579,0.030110883890238,0.0286642041772296,0.0344723086240298,0.0317186920700683,0.0327544369822264,0.0272703115831083,0.0259724700912957,0.027811761822073,0.0234239146310177,0.047164211402558,0.046482543325351,0.098537781623516,0.0919479192291253,0.0844925444458415,0.0776918156408119,0.0861736756959729,0.0811271850921321,0.0811766040776832,0.0797070528715629,0.082755726311138,0.0778927465979833,0.0805016728224385,0.0855921605297558,0.0905528703830458,0.0850191198335895,0.0856936356260253,0.0868704918581757,0.0833407166885925,0.0861982178080388,0.0858967319373863,0.0863270692158213,0.132901442254533,0.119099424266056,0.12134012364277,0.124585833663891,0.105213729035267,0.100450936684099,0.172398427542482,0.196738609011029,1,0.217274106595809,0.249851732888612,0.237275287911341,0.232894601337044,0.240255955203187,0.213937569187311,0.221060505252139,0.199686071826377,0.214467839768337,0.208084524541715,0.198524148393071,0.202136909942733,0.201612083365801,0.250789552235768,0.236745171285448,0.203083237075321,0.227122303143724,0.19909960042287,0.195817109010493,0.227684263856361,0.205259133457419,0.210282121854043,0.205113618745178,0.218011285459814,0.216213468333205,0.207696595382652,0.215352506084312,0.210638877550332,0.206737384878081,0.20948420377069,0.220988010194756,0.213651202759874,0.217021580297491,0.227011074374292,0.0609202500105405,0.0636357092900348,0.0628152920751399,0.0685478629127557,0.0578894082374932,0.0683252060366022,0.0682126894720367,0.0522131714215058,0.0624441473671375,0.0596569976054665,0.0594229534070589,0.0618635320772517,0.06499749962887,0.0635652244575271,0.0625635063703143,0.058974766725351,0.0581650920544261,0.0606459249476577,0.0650109348042169,0.0598292548898846,0.061529100080014,0.0599963930818713,0.0607983592990567,0.0613841482031576,0.0566858429495603,0.0570682540477699,0.0543890846865045,0.0599970328863924,0.0641792569880451,0.0631616703641464,0.0675404085075464,0.0680273549338697,0.067802222711907,0.0674598551889758,0.0641299223391442,0.0587955736082259,0.052260176769894,0.0583007298517123,0.0566716311323824,0.0601156721152096,0.0594669878741065
"IE.CELTIC.OLD_IRISH",0,0,0,0,0,0,0,0,0,0,0,0,0,0,0,0,0,0,0,0,0,0,0,0,0,0,0,0,0,0,0,0,0,0,0,0,0,0,0.0131498497728566,0.0135967554160492,0.0143227310875831,0.0144563778702541,0.0153294556147193,0.0338983676271216,0.0367190226041657,0.045930360146638,0.037006541001018,0.0402590727498971,0.0337365502374651,0.0361662436740024,0.0311324156303033,0.0299035697647113,0.0349058662881287,0.0345643773166154,0.0353941380800823,0.0305910683084169,0.0358044055329884,0.0334631414414982,0.039750355576152,0.0294696967356707,0.0285030311277871,0.0356015594467067,0.0350799317088249,0.033303126497107,0.0323558382409245,0.0325672756908072,0.0319342333366247,0.0320175791819749,0.0308829672429047,0.0314454457935221,0.0316847541915506,0.0313137422185001,0.0309691158221577,0.0312886622169691,0.0314609784655609,0.0313795108551526,0.0309438255958543,0.0312895945258734,0.0311874162482849,0.0313516441966966,0.0306338470521006,0.0303685558512759,0.0303459187424639,0.0334459530692656,0.0343433483754586,0.0339571667687825,0.0323256921015255,0.038875708103362,0.0357703520174696,0.0369384001837167,0.0307537474369687,0.0292901231827762,0.0313643610652017,0.0264160221401227,0.0531888402197984,0.0524200977058606,0.111124731369988,0.103693097774463,0.0952853935781135,0.0876159580669055,0.0971812679878126,0.0914901523215843,0.0915458839547046,0.0898886162516576,0.0933267189918024,0.0878425554011634,0.090784738806148,0.0965254716468685,0.10211984916145,0.0958792322818618,0.096639908897514,0.0979670935621583,0.0939864344580692,0.0972089450429039,0.0968689481824499,0.0973542555810605,0.149877913079529,0.134312862638337,0.136839782893855,0.14050009113562,0.118653446250189,0.113282267684219,0.194420136455504,0.2218694668811,0.217274106595809,1,0.41040534732202,0.389747334630654,0.382551638310088,0.394643365492713,0.351412901453402,0.363113004613948,0.32800345515238,0.32406590527155,0.314420567164992,0.299974615945948,0.305433582863255,0.30464055767147,0.378948859492031,0.357727472492655,0.306863505220082,0.343187094415341,0.300844137377127,0.295884216336065,0.344036230151796,0.31015133537496,0.317741187931309,0.309931459252723,0.329420134311342,0.326703590724777,0.313834397162772,0.325402656697123,0.318280254104603,0.31238500773056,0.316535515107385,0.333918034775184,0.322831947715435,0.327924666740416,0.343019025151916,0.0687020379987754,0.0717643627031498,0.0708391476118985,0.0773039815455808,0.065284044694018,0.0770528830822038,0.0769259939559619,0.0588827407375415,0.0704205938825914,0.0672774211477214,0.0670134807763406,0.0697658123657477,0.0733001044571451,0.0716848743287515,0.0705551994820486,0.0665080439399535,0.0655949436161876,0.0683926713942239,0.0733152558054578,0.0674716821118115,0.0693886609295954,0.0676601700844467,0.0685645772974386,0.0692251932919863,0.0639267392310354,0.0643579984887667,0.0613365992786361,0.0676608916158671,0.0723773417141747,0.0712297713268234,0.0761678376391334,0.0767169852850942,0.0764630952819285,0.0760769946574909,0.0723217051906402,0.0663059611786432,0.058935750422015,0.0657479074188905,0.0639107120347646,0.0677946854989345,0.0670631400871254
"IE.ROMANCE.LATIN",0,0,0,0,0,0,0,0,0,0,0,0,0,0,0,0,0,0,0,0,0,0,0,0,0,0,0,0,0,0,0,0,0,0,0,0,0,0,0.0151215108162203,0.0156354245592744,0.016470251508558,0.0166239370110255,0.0176279222111898,0.0389810181545808,0.0422245962547839,0.0528170625328297,0.0425552245602752,0.0462954341345547,0.0387949382030825,0.0415889348049704,0.0358003450853441,0.0343872486341304,0.0401395790631011,0.0397468879475708,0.0407010613089685,0.0351778292753053,0.0411728434079145,0.0384805350625997,0.0457104409690006,0.0338883215882073,0.0327767161556149,0.040939583002608,0.040339743489863,0.0382965278112497,0.03720720513005,0.0374503450700936,0.0367223856658991,0.0368182282134354,0.0355134949271071,0.0361603103382313,0.0364355001382449,0.0360088594039142,0.0356125604446209,0.0359800189592723,0.0361781719467133,0.036084489252748,0.0355834782545428,0.0359810910566289,0.0358635923812503,0.036052444325655,0.0352270221745773,0.0349219537645184,0.0348959224948338,0.0384607695016908,0.0394927183880601,0.0390486335168829,0.0371725389413965,0.0447046506787211,0.041133683979317,0.0424768668509746,0.0353649001730313,0.0336818231513957,0.0360670679348954,0.0303767853939983,0.0611638639664229,0.0602798578036001,0.127786541777034,0.119240624543144,0.109572286718699,0.100752912045961,0.111752424582451,0.105207994905325,0.105272082823255,0.103366327857998,0.107319932550859,0.101013484911818,0.10439681315893,0.110998299506186,0.11743148631501,0.110255164358895,0.111129895239469,0.112656075204123,0.108078564377922,0.111784251477446,0.111393276196995,0.111951349574565,0.172350294710043,0.154451453075568,0.157357254482852,0.161566381706709,0.136444096460905,0.130267574585437,0.223571086140575,0.255136111908811,0.249851732888612,0.41040534732202,1,0.703492370820228,0.690504167914224,0.712329686826565,0.634298873177785,0.655417512306014,0.592044916794733,0.372655671082048,0.361564131100695,0.344952184091211,0.351229657120282,0.350317727385552,0.435767660968366,0.411364383471717,0.352873979052367,0.394643851437816,0.345952079751894,0.340248478496705,0.395620304815233,0.356654779602004,0.365382638817648,0.356401935712678,0.37881270205474,0.37568884558972,0.360890071991137,0.374192852227807,0.366002531448433,0.359223364130994,0.36399618992563,0.383985008331171,0.371236696504098,0.377093007195887,0.394450582219638,0.0790030782586792,0.0825245615409873,0.0814606216290221,0.0888947792765896,0.0750725981679983,0.0886060316334241,0.0884601170162939,0.0677114960498905,0.0809793108266774,0.0773648573288363,0.0770613422887702,0.0802263527351218,0.0842905692099034,0.0824331548455503,0.0811340989089197,0.0764801213075147,0.0754301126259993,0.0786473258708033,0.0843079923197752,0.0775882453766391,0.0797926519993992,0.0778049948426911,0.0788450069865373,0.0796046743652127,0.0735117811553376,0.0740077025265338,0.0705332810217028,0.0778058245590275,0.0832294493462047,0.0819098146488924,0.0875882843228914,0.0882197700213242,0.0879278122807174,0.0874838205340867,0.0831654707983934,0.0762477386785333,0.0677724538958718,0.0756060115021855,0.0734933508746919,0.0779596792178178,0.077118447413021
"IE.ROMANCE.ROMANIAN",0,0,0,0,0,0,0,0,0,0,0,0,0,0,0,0,0,0,0,0,0,0,0,0,0,0,0,0,0,0,0,0,0,0,0,0,0,0,0.0143603600066793,0.0148484055764857,0.0156412109833457,0.0157871606288582,0.0167406095990677,0.0370188839547847,0.0400991945001261,0.0501584822895567,0.0404131804207764,0.0439651241808845,0.0368421704553192,0.0394955294713714,0.0339983120758958,0.0326563447281741,0.0381191279673189,0.0377462032074205,0.038652347649268,0.0334071309928246,0.0391003822979159,0.0365435929957362,0.0434095770162592,0.0321825314906211,0.0311268794204402,0.0388788632026207,0.0383092169910789,0.0363688478657461,0.0353343569305753,0.0355652582679789,0.0348739411607446,0.0349649594130414,0.0337259007017733,0.0343401582501426,0.0346014961975468,0.0341963306943795,0.0338199796938155,0.034168941951757,0.0343571207832663,0.0342681536669452,0.0337923613741661,0.0341699600844152,0.0340583757791661,0.0342377217415222,0.033453847736403,0.0331641351376848,0.0331394141684216,0.0365248223468351,0.0375048274334206,0.0370830958550664,0.03530143568645,0.0424544138162869,0.0390631939839207,0.0403387668963256,0.0335847855586129,0.0319864272832128,0.0342516092621437,0.0288477506913882,0.0580851421946036,0.0572456330410181,0.12135432538648,0.113238572300861,0.104056896374915,0.0956814505035642,0.106127295620611,0.0999122839498775,0.0999731459619303,0.0981633183780196,0.101917915878467,0.0959289072694366,0.099141933549666,0.105411129906957,0.111520498189512,0.104705400937251,0.105536101685785,0.106985460416786,0.102638361492768,0.10615752048872,0.105786225196256,0.10631620759745,0.163674933634187,0.14667704151233,0.149436577568195,0.153433835711453,0.129576096580437,0.123710473839505,0.212317494136837,0.2422936743718,0.237275287911341,0.389747334630654,0.703492370820228,1,0.688757198724421,0.710527499274784,0.632694102866383,0.653759312031982,0.590547048604098,0.353897812216524,0.343364571914249,0.327588797762623,0.333550290217,0.332684263042157,0.413833020180881,0.390658097089276,0.335111844164789,0.374779203609104,0.328538363042906,0.323121856163765,0.375706506588275,0.338702335727842,0.346990872630504,0.338462218895579,0.359744925141596,0.356778309967221,0.342724441996235,0.355357618377222,0.347579562573708,0.341141628930233,0.345674211520235,0.364656880110718,0.352550262621292,0.358111792210972,0.374595662719244,0.0750264083542195,0.0783706355485817,0.0773602497249042,0.0844202043460366,0.071293771464477,0.0841459909980894,0.0840074210854865,0.0643031950765299,0.076903166006169,0.0734706483108655,0.0731824108922793,0.0761881085363107,0.0800477501046874,0.0782838298669637,0.0770501627324061,0.0726304460366703,0.071633290206148,0.0746885629877596,0.0800642962113057,0.073682791980015,0.0757762384013863,0.0738886312246243,0.0748762936995227,0.0755977227402907,0.0698115191631849,0.070282478018549,0.0669829437173334,0.0738894191766643,0.0790400423803635,0.0777868323300567,0.0831794726420397,0.0837791721085002,0.0835019102453964,0.0830802671041058,0.0789792842332153,0.0724097605342738,0.0643610845707849,0.0718003351011657,0.0697940165823705,0.0740355294639091,0.0732366415939886
"IE.ROMANCE.CORSICAN",0,0,0,0,0,0,0,0,0,0,0,0,0,0,0,0,0,0,0,0,0,0,0,0,0,0,0,0,0,0,0,0,0,0,0,0,0,0,0.0140952323701812,0.014574267415992,0.0153524356811908,0.0154956907365576,0.0164315366890241,0.0363354241247969,0.0393588645461172,0.0492324330920731,0.0396670535128612,0.0431534196374746,0.0361619731920378,0.0387663446615118,0.0333706194469217,0.0320534281236864,0.0374153549213338,0.0370493152715676,0.0379387300538465,0.0327903530235961,0.0383784928787093,0.0358689082081959,0.0426081292426414,0.0315883626462004,0.0305522005148651,0.038161063571842,0.0376019344332451,0.0356973893039608,0.0346819976209321,0.0349086359505963,0.0342300822608966,0.0343194200919436,0.033103237458117,0.0337061542983199,0.0339626673031537,0.0335649821536959,0.0331955795201106,0.0335380990747611,0.0337228036612784,0.033635479097182,0.0331684711027067,0.0335390984101812,0.033429574226204,0.033605609020101,0.0328362072609556,0.0325518434707999,0.0325275789115535,0.0358504841117334,0.0368123958892207,0.0363984505151506,0.0346496841841071,0.0416706007093181,0.0383419911526402,0.0395940138454622,0.0329647276482744,0.0313958790057551,0.0336192401428664,0.0283151501190114,0.0570127473202029,0.0561887375745435,0.119113825464919,0.111147909182348,0.102135749622022,0.0939149351225486,0.104167924195191,0.0980676569566519,0.0981273953059692,0.0963509815995357,0.100036259977006,0.0941578232266715,0.097311529123339,0.103464980665585,0.109461554953247,0.102772281191912,0.103587645157386,0.105010245154302,0.100743404389746,0.104197591037746,0.10383315077143,0.104353348391369,0.160653090986215,0.143969021843839,0.1466776100633,0.150601068970083,0.127183802500271,0.121426473610829,0.208397589943522,0.237820336015745,0.232894601337044,0.382551638310088,0.690504167914224,0.688757198724421,1,0.783021926015121,0.668726062264096,0.690990936098483,0.624178731247165,0.347363986430042,0.337025215702673,0.321540701220916,0.327392129832625,0.326542091653734,0.406192642746444,0.383445585849171,0.328924853646125,0.367859855875809,0.322472735185944,0.317156230372648,0.368770038556668,0.33244905588624,0.340584565970772,0.332213372202463,0.353103147240442,0.35019130309334,0.336396904160531,0.348796840971354,0.341162387246812,0.334843313724533,0.339292213669479,0.357924415415434,0.346041315921342,0.351500165968536,0.367679703603107,0.073641235955154,0.0769237204737378,0.0759319888624379,0.0828615993221694,0.0699775127413934,0.0825924486284177,0.0824564370579039,0.0631159996216814,0.0754833440356227,0.072114199076335,0.0718312832308503,0.0747814882889006,0.0785698713619278,0.0768385174389331,0.0756276268400235,0.0712895090067804,0.0703107631303571,0.073309628046771,0.0785861119866404,0.0723224260505288,0.0743772222917113,0.0725244649953966,0.073493892786937,0.0742020024696673,0.0685226264705596,0.0689848902647865,0.0657462734983972,0.0725252383999,0.0775807684056673,0.0763506957013963,0.0816437745831829,0.0822324021195471,0.0819602591937416,0.081546400623969,0.0775211320036525,0.0710728979026325,0.0631728203332052,0.0704747239649344,0.0685054470305217,0.0726686511311568,0.0718845127001557
"IE.ROMANCE.SARDINIAN",0,0,0,0,0,0,0,0,0,0,0,0,0,0,0,0,0,0,0,0,0,0,0,0,0,0,0,0,0,0,0,0,0,0,0,0,0,0,0.0145407557644838,0.0150349321938486,0.0158376968727669,0.0159854799470299,0.0169509062039807,0.037483917534792,0.0406029231375582,0.0507885763414286,0.0409208533693587,0.0445174168733999,0.0373049841490816,0.0399916748302317,0.0344254010394143,0.0330665758123268,0.0385979828827467,0.0382203734182424,0.0391379009043304,0.0338267935018927,0.0395915637927946,0.0370026559404185,0.0439548908898792,0.0325868105026805,0.0315178972639014,0.0393672619605036,0.0387904598169403,0.0368257156509664,0.0357782293747243,0.0360120313094472,0.0353120298326439,0.0354041914620279,0.0341495676162452,0.0347715415070929,0.0350361623984514,0.0346259071804061,0.0342448284345825,0.0345981743786528,0.034788717124639,0.0346986323977315,0.0342168631718411,0.0345992053011583,0.0344862192667538,0.0346678181845214,0.0338740971041818,0.0335807451173309,0.033555713601676,0.0369836494934294,0.037975965466383,0.0375489360690582,0.0357448945718318,0.042987728868902,0.0395539083168284,0.0408455050574703,0.034006679775661,0.0323882428217181,0.0346818801610622,0.0292101379744721,0.0588148114534873,0.0579647563324,0.122878786157711,0.114661082464493,0.10536406574028,0.0968834069840003,0.107460473473277,0.10116738842976,0.101229014994288,0.0993964522409011,0.103198215234486,0.0971339723175396,0.100387360838716,0.106735311240276,0.112921425796638,0.106020716858266,0.106861852922557,0.108329418590326,0.103927711132518,0.107491078028106,0.10711511850051,0.107651758574412,0.165731028583951,0.14851960785773,0.151313809381435,0.155361281336294,0.131203839765503,0.125264532697796,0.214984640032354,0.24533738295426,0.240255955203187,0.394643365492713,0.712329686826565,0.710527499274784,0.783021926015121,1,0.689863216820611,0.712831840824126,0.643907829689346,0.35834349909279,0.347677939554396,0.331703989122252,0.337740370224856,0.336863463961438,0.419031616960163,0.395565569007396,0.339321540512878,0.379487203855127,0.332665482902116,0.327180933518284,0.380426155673434,0.342957136059822,0.351349794091408,0.342714002864606,0.364264063823151,0.361260181839849,0.347029768283548,0.359821643431534,0.351945879195205,0.345427071818914,0.350016593000341,0.369237723083707,0.356979021493644,0.362610415372548,0.379301357312908,0.0759688948785206,0.079355132468076,0.0783320541132745,0.0854806963343941,0.0721893683662324,0.0852030383008902,0.0850627276642121,0.0651109759120859,0.0778692284797277,0.0743935912783301,0.074101733002918,0.0771451884123518,0.0810533150441431,0.0792672363279521,0.0780180717882101,0.0735428343296078,0.0725331521639789,0.0756268054770313,0.0810700690040075,0.0746083999097746,0.0767281443385378,0.0748168249200959,0.0758168944739624,0.076547386152328,0.0706884959170453,0.0711653709875718,0.0678243877261356,0.0748176227704396,0.08003294843115,0.0787639954763054,0.0842243784796412,0.0848316114090272,0.084550866564725,0.0841239267154159,0.0799714270362843,0.0733193765618626,0.0651695926178579,0.072702295487616,0.070670773467695,0.0749655685044266,0.074156644954159
"IE.ROMANCE.PORTUGUESE",0,0,0,0,0,0,0,0,0,0,0,0,0,0,0,0,0,0,0,0,0,0,0,0,0,0,0,0,0,0,0,0,0,0,0,0,0,0,0.0129479160663019,0.013387958869647,0.0141027862040702,0.0142343806598585,0.0150940511161724,0.0333778124010666,0.0361551524106954,0.0452250374221953,0.0364382555741739,0.0396408403044114,0.0332184799360171,0.0356108621477186,0.0306543353335074,0.029444360056151,0.0343698395591683,0.0340335946121082,0.0348506132781813,0.0301213011310201,0.0352545805201439,0.0329492697014427,0.0391399351700627,0.0290171497335627,0.0280653285818949,0.0350548494095289,0.0345412319701959,0.0327917120026766,0.031858970637299,0.0320671611795214,0.0314438400458239,0.0315259060031322,0.0304087175630612,0.0309625584957175,0.0311981919900278,0.0308328774069999,0.0304935432145072,0.0308081825427714,0.030977852642595,0.030897636077394,0.0304686413537916,0.0308091005348131,0.030708491342703,0.0308701973491218,0.0301634229493075,0.0299022056532364,0.0298799161678092,0.0329323452798845,0.0338159598689168,0.0334357086024792,0.0318292874325929,0.0382787190907228,0.0352210499423566,0.0363711611511693,0.0302814821018002,0.0288403337751473,0.0308827189329326,0.0260103684364434,0.0523720537288151,0.0516151162946239,0.109418261008497,0.102100750185751,0.093822157644767,0.0862704966759843,0.0956889183418894,0.0900851974444809,0.0901400732430903,0.0885082551243207,0.0918935611525771,0.0864936143020789,0.0893906165064722,0.095043192639634,0.100551660930391,0.0944068771530404,0.0951558725517097,0.0964626765030194,0.0925431457966919,0.0957161703784127,0.0953813946290309,0.0958592494769652,0.147576335263689,0.132250307197854,0.134738423179393,0.13834252244363,0.116831362301653,0.111542665438145,0.191434552630481,0.218462361507843,0.213937569187311,0.351412901453402,0.634298873177785,0.632694102866383,0.668726062264096,0.68986321682061,1,0.769770976133269,0.664808845085057,0.319089435536164,0.309592214625504,0.295368100501542,0.300743237607663,0.299962390388945,0.373129587856711,0.352234083921327,0.302151201575111,0.337916992991059,0.296224269256563,0.291340514503128,0.338753089101237,0.30538854265664,0.312861842774339,0.305172043029277,0.324361443156364,0.321686615766176,0.309015046055488,0.320405659337865,0.313392630858352,0.307587913955894,0.311674684685293,0.328790272282657,0.317874427065198,0.322888940510121,0.337751504658207,0.0676470254001075,0.0706623239719473,0.069751316808236,0.0761168744839353,0.0642815199996935,0.0758696319766563,0.0757446914043543,0.0579785167125815,0.06933919053684,0.0662442854652253,0.0659843982547872,0.06869446407469,0.0721744823367744,0.0705840562489135,0.0694717290854874,0.0654867230837853,0.0645876446489396,0.0673424095376724,0.0721894010156668,0.0664355632897971,0.0683231043083097,0.0666211567749961,0.0675116755935265,0.068162146937094,0.0629450577955923,0.0633696944848605,0.0603946929410167,0.0666218672263269,0.0712658898622236,0.0701359419683497,0.0749981776019157,0.0755388923439643,0.0752889011647609,0.0749087296369702,0.0712111077126638,0.0652877435762555,0.0580307123617426,0.064738259485823,0.0629292767185703,0.0667536065235861,0.0660332949797734
"IE.ROMANCE.SPANISH",0,0,0,0,0,0,0,0,0,0,0,0,0,0,0,0,0,0,0,0,0,0,0,0,0,0,0,0,0,0,0,0,0,0,0,0,0,0,0.0133790099534735,0.0138337037447958,0.0145723308700638,0.0147083066923349,0.015596599413174,0.0344891086760487,0.0373589187244558,0.0467307806692156,0.0376514476551843,0.0409606607179879,0.0343244713224473,0.0367965066105174,0.0316749549073382,0.0304246941552362,0.0355141648437282,0.0351667248023744,0.0360109456646036,0.0311241736183569,0.03642836277817,0.0340462978782032,0.040443078217153,0.0299832600952015,0.0289997485712713,0.0362219817278718,0.0356912636727094,0.0338834943807721,0.0329196978943336,0.0331348200284554,0.0324907457535491,0.0325755440526767,0.0314211594256003,0.0319934401936177,0.0322369189781269,0.0318594414429427,0.0315088093013945,0.0318339243765189,0.0320092435508728,0.031926356218366,0.0314830783466472,0.031834872932611,0.0317309140116727,0.0318980039324241,0.0311676978598827,0.0308977834747215,0.0308747518728899,0.0340288099671506,0.0349418440277023,0.0345489325002844,0.0328890264033245,0.0395531884126024,0.0363937158178665,0.0375821193595262,0.0312896877282298,0.0298005571447453,0.0319109424156194,0.0268763696352939,0.0541157530318928,0.0533336137737803,0.113061283038002,0.105500139636171,0.0969459158182681,0.0891428263674837,0.098874829306714,0.0930845355421414,0.0931412384008903,0.0914550897773217,0.0949531077452844,0.0893733725746903,0.0923668289061449,0.0982076045152146,0.103899474288934,0.097550103247436,0.0983240360442343,0.0996743493288032,0.0956243199600325,0.0989029886851058,0.0985570667575752,0.0990508315251324,0.152489809810296,0.136653509899944,0.139224466362123,0.14294856216894,0.120721199543436,0.115256418368191,0.197808262887008,0.225735948094354,0.221060505252139,0.363113004613948,0.655417512306014,0.653759312031981,0.690990936098483,0.712831840824126,0.769770976133269,1,0.686943297284645,0.32971334631967,0.319899920557298,0.305202222219639,0.310756321618789,0.30994947651276,0.385552736386887,0.363961527909568,0.312211162987713,0.349167757152947,0.306086896651929,0.301040539916069,0.350031690632501,0.315556289595793,0.323278409213189,0.315332581730018,0.335160882592244,0.332396998265694,0.319303535470808,0.331073393083472,0.323826869600392,0.317828887777109,0.322051725335385,0.339737167197388,0.328457884796489,0.333639353763997,0.348996758975243,0.0698992966525626,0.0730149879652621,0.0720736493090208,0.0786511447968267,0.0664217385636749,0.0783956704835187,0.0782665700821985,0.0599088801791107,0.0716478015155333,0.0684498532475527,0.0681813132325088,0.0709816092333002,0.0745774928278712,0.0729341143605722,0.0717847528637266,0.0676670682349095,0.0667380554681324,0.06958453876916,0.0745929082161369,0.0686474995642048,0.0705978852436419,0.0688392722844682,0.0697594404471181,0.0704315688834993,0.065040779570772,0.0654795543097523,0.0624055016928779,0.0688400063898931,0.0736386492565645,0.0724710803565474,0.0774952015050399,0.0780539190530078,0.0777956045522251,0.0774027754183094,0.0735820431648598,0.0674614638119161,0.0599628136542798,0.0668936849448361,0.0650244730712958,0.068976131876054,0.0682318379476006
"IE.ROMANCE.FRENCH",0,0,0,0,0,0,0,0,0,0,0,0,0,0,0,0,0,0,0,0,0,0,0,0,0,0,0,0,0,0,0,0,0,0,0,0,0,0,0.0120853878420658,0.0124961170990601,0.0131633260562682,0.0132861543189726,0.0140885576422347,0.0311543422216374,0.0337466691268919,0.0422123617901456,0.0340109133120127,0.0370001571690014,0.0310056237231473,0.0332386368772965,0.0286122901669374,0.0274829176539181,0.0320802852764216,0.0317664393591058,0.0325290321503426,0.0281147641529319,0.0329060890272646,0.0307543469864721,0.0365326199383237,0.0270841660392045,0.026195750659055,0.0327196630477056,0.0322402603449847,0.0306072850278263,0.029736678429884,0.0299310003141875,0.0293492018523874,0.0294258009682314,0.0283830342772989,0.0288999809766509,0.0291199176948641,0.0287789386216567,0.0284622092496597,0.0287558888111404,0.0289142563006322,0.028839383379241,0.028438966231772,0.0287567456509441,0.0286628385618881,0.0288137724877767,0.0281540800171999,0.0279102637677039,0.0278894591011608,0.03073854998891,0.0315633024013199,0.031208381655093,0.029708972578268,0.0357287739540472,0.0328747920961559,0.0339482883984824,0.0282642746337601,0.0269191287140338,0.0288254599435785,0.0242776821273625,0.0488832780624456,0.0481767641788573,0.102129339927809,0.0952992866683838,0.0875721743568814,0.0805235689139519,0.0893145803871279,0.084084152567154,0.0841353728025914,0.0826122586001162,0.0857720517364064,0.0807318235112127,0.0834358412882922,0.0887118698419416,0.0938533903282215,0.0881179426488691,0.0888170435573466,0.0900367944812984,0.0863783641592069,0.0893400170233544,0.0890275424327964,0.0894735648768658,0.137745505828091,0.12344042443078,0.12576279402902,0.129126805442638,0.109048615877818,0.104112226697712,0.178682098575923,0.203909444129565,0.199686071826377,0.32800345515238,0.592044916794733,0.590547048604097,0.624178731247165,0.643907829689346,0.664808845085057,0.686943297284645,1,0.297833223895917,0.288968662406687,0.275692090716106,0.280709161903401,0.279980330990744,0.34827347980226,0.32876993437291,0.282023334047175,0.315406579546048,0.276491225604663,0.27193280322854,0.316186978933332,0.28504501895361,0.292020483570469,0.284842941495666,0.30275403559026,0.30025739240417,0.288429942045575,0.299061767164892,0.292515913091667,0.287097878658916,0.290912408273835,0.306887837308113,0.296699153476566,0.301379624025713,0.315252115254219,0.0631407041979599,0.065955138004428,0.0651048177796156,0.0710463324564123,0.0599993926664134,0.0708155600621358,0.0706989424330326,0.0541162653041026,0.0647201453887674,0.0618314080866941,0.0615888333188895,0.0641183675190912,0.0673665636133044,0.0658820841026623,0.0648438548533813,0.0611243108868528,0.0602851247560572,0.0628563803869681,0.0673804884811813,0.0620099438976848,0.0637717459637255,0.0621831740327973,0.0630143707479666,0.0636215108025444,0.0587519591805831,0.0591483086051159,0.0563714874314237,0.0621838371572593,0.0665184972226126,0.065463821051647,0.0700021578087171,0.0705068527214828,0.0702735147586557,0.0699186684392685,0.0664673643977732,0.0609385864421772,0.0541649839288257,0.0604257063530635,0.0587372293634141,0.0623068006127888,0.0616344727779838
"IE.SLAVIC.CROATIAN",0,0,0,0,0,0,0,0,0,0,0,0,0,0,0,0,0,0,0,0,0,0,0,0,0,0,0,0,0,0,0,0,0,0,0,0,0,0,0.0129800090689551,0.0134211425725166,0.0141377416944169,0.0142696623232508,0.0151314635785361,0.0334605434148035,0.0362447674032782,0.0453371332404374,0.0365285722727709,0.0397390950032023,0.0333008160246403,0.035699128049933,0.0307303158743259,0.0295173415244093,0.0344550294342427,0.0341179510627209,0.0349369948100567,0.0301959604810008,0.0353419633345193,0.0330309385193849,0.0392369483138634,0.0290890723084866,0.0281348919510139,0.0351417371657784,0.0346268466624435,0.0328729902944817,0.0319379370148964,0.0321466435829866,0.0315217774711864,0.0316040468390645,0.030484089310023,0.0310393030055571,0.0312755205464677,0.0309093004863095,0.0305691252122802,0.0308845444128223,0.031054635060859,0.0309742196690339,0.0305441616292397,0.0308854646802202,0.0307846061158519,0.0309467129304986,0.0302381867033961,0.0299763219481252,0.0299539772154666,0.033013972148566,0.0338997768850479,0.033518583119073,0.0319081802367162,0.0383735976045353,0.0353083496470705,0.0364613115479858,0.0303565384800204,0.0289118180899687,0.0309592655505951,0.0260748383340676,0.0525018643061053,0.051743050709375,0.109689467627607,0.102353819454182,0.0940547074032612,0.0864843287138611,0.0959260950963959,0.0903084846874469,0.0903634965024733,0.0887276337217714,0.0921213306474348,0.086707999364437,0.0896121821451451,0.0952787688835587,0.100800890590554,0.0946408762107604,0.095391728086657,0.0967017711123059,0.0927725253669935,0.0959534146804439,0.0956178091481876,0.0960968484181419,0.147942121363546,0.132578105851943,0.135072388934998,0.13868542140259,0.11712094320418,0.111819137654949,0.191909046716944,0.219003847343215,0.214467839768337,0.32406590527155,0.372655671082048,0.353897812216524,0.347363986430042,0.35834349909279,0.319089435536164,0.32971334631967,0.297833223895917,1,0.836851477997426,0.772656790653221,0.786717673255928,0.784675046090096,0.462898837392439,0.436976196054939,0.374844141225161,0.419214632881858,0.367491279997193,0.361432568838798,0.370255889476501,0.333788562038691,0.34195685177959,0.333551928736503,0.354525873007906,0.351602296437201,0.337752317011945,0.350202215738298,0.342537001217316,0.336192466838069,0.340659292323011,0.359366567071673,0.347435588106725,0.352916432992207,0.36916116133742,0.0678146968736117,0.0708374692338644,0.0699242040268377,0.0763055395202436,0.0644408496540825,0.0760576841919978,0.0759324339391188,0.0581222235980106,0.0695110562497837,0.0664084800752543,0.0661479487023973,0.0688647317537914,0.0723533756692046,0.0707590075146516,0.069643923311527,0.0656490399822665,0.0647477330709273,0.0675093259832918,0.0723683313258777,0.0666002320054428,0.0684924515265503,0.0667862855069241,0.0676790115858863,0.0683310952026912,0.0631010748640144,0.0635267640675502,0.0605443886164343,0.0667869977191959,0.0714425311364425,0.0703097825277223,0.0751840698103945,0.0757261247804429,0.0754755139673512,0.0750944001376652,0.0713876132025864,0.0654495672795515,0.0581745486205085,0.0648987212252105,0.0630852546716519,0.0669190635485083,0.0661969666239309
"IE.SLAVIC.BULGARIAN",0,0,0,0,0,0,0,0,0,0,0,0,0,0,0,0,0,0,0,0,0,0,0,0,0,0,0,0,0,0,0,0,0,0,0,0,0,0,0.012593678467495,0.0130216822905724,0.0137169529089025,0.0138449471170682,0.0146810981439503,0.0324646402691315,0.0351659959851456,0.0439877411205854,0.0354413538261852,0.0385563201382151,0.032309666926395,0.0346365967729621,0.0298156738774122,0.0286388018990479,0.0334295268961518,0.0331024811593776,0.0338971472917326,0.0292972227750164,0.0342900625323495,0.0320478219223783,0.0380691190957923,0.0282232794772834,0.0272974988743444,0.0340957957967482,0.033596230240937,0.0318945747907026,0.0309873519767187,0.031189846705237,0.0305835788008433,0.0306633995437471,0.0295767758793821,0.0301154644677459,0.0303446513460298,0.0299893312794969,0.0296592808148972,0.0299653120335966,0.0301303401872999,0.0300523182396185,0.0296350602356558,0.0299662049106086,0.0298683482509098,0.0300256301981107,0.0293381921969111,0.0290841214553321,0.0290624417802988,0.03203136053027,0.0328908006105485,0.032520952508209,0.0309584808646387,0.0372314647320549,0.03425744930615,0.0353760950165084,0.029453021409506,0.0280513009660849,0.0300378092082008,0.0252987596793409,0.0509392246571342,0.050202996014826,0.106424724299825,0.0993074107481933,0.0912553093837204,0.0839102517196616,0.0930709980146115,0.087620587397013,0.0876739618674526,0.0860867881014207,0.0893794767020899,0.0841272651470794,0.0869450092608759,0.0924429385005738,0.0978007024949463,0.0918240317513323,0.092552535641547,0.0938235871913542,0.090011289582519,0.093097504472006,0.0927718877376342,0.0932366691185299,0.143538844877063,0.128632116361325,0.131052160830326,0.134557656777806,0.113635013094942,0.10849100787665,0.186197160303774,0.212485524619656,0.208084524541715,0.314420567164992,0.361564131100695,0.343364571914249,0.337025215702673,0.347677939554396,0.309592214625504,0.319899920557298,0.288968662406687,0.836851477997426,1,0.749659814220498,0.763302195633868,0.761320364217665,0.449121344224678,0.423970251625408,0.363687464695584,0.406737334876768,0.356553450410293,0.350675067748854,0.359235775413737,0.323853843561388,0.331779016346688,0.32362425329634,0.343973939413353,0.34113737873678,0.327699623282489,0.33977896935071,0.332341898502085,0.326186199721466,0.330520076811145,0.348670557441487,0.337094686262292,0.342412401978151,0.358173630224187,0.0657962936127329,0.0687290976641954,0.0678430144333022,0.074034418997832,0.062522863921314,0.0737939407135873,0.0736724183475896,0.0563923023412895,0.0674421633833423,0.0644319307590535,0.0641791537137505,0.0668150757715424,0.0701998854064893,0.0686529712409762,0.0675710758552541,0.063695094267214,0.0628206134111809,0.0655000116312957,0.070214395930358,0.0646179754791678,0.0664538759097569,0.0647984913758024,0.06566464679513,0.0662973221161052,0.0612229655286905,0.0616359847282869,0.05874237523224,0.0647991823901387,0.0693161508021031,0.0682171167654594,0.0729463281604647,0.0734722496731718,0.073229097916976,0.0728593273717412,0.0692628674186009,0.0635015585718466,0.056443069987571,0.062967107628353,0.0612076162007471,0.0649273174771072,0.0642267126899931
"IE.SLAVIC.NINILCHIK_RUSSIAN",0,0,0,0,0,0,0,0,0,0,0,0,0,0,0,0,0,0,0,0,0,0,0,0,0,0,0,0,0,0,0,0,0,0,0,0,0,0,0.0120150659853341,0.0124234053112526,0.0130867319459973,0.0132088455016848,0.0140065798401964,0.0309730628767863,0.0335503056785255,0.0419667385882338,0.033813012292658,0.036784862485414,0.0308252097341359,0.0330452295418441,0.0284458023887892,0.0273230014126617,0.0318936180999435,0.0315815983737208,0.0323397538277607,0.0279511713545339,0.0327146167047859,0.0305753951141017,0.0363200457372381,0.0269265700341117,0.0260433241214131,0.0325292754914914,0.032052662313494,0.0304291888723035,0.0295636481169515,0.0297568392906906,0.0291784261689898,0.0292545795736891,0.0282178804819766,0.0287318191974554,0.0289504761587762,0.0286114811577267,0.0282965947549262,0.0285885654683072,0.028746011456888,0.0286715742023466,0.0282734869823608,0.0285894173223738,0.0284960566552407,0.0286461123342703,0.0279902584495965,0.0277478609060278,0.0277271772966488,0.0305596900353273,0.0313796434192126,0.0310267878682607,0.0295361034787739,0.0355208771321967,0.0326835018827112,0.0337507517778755,0.0280998118711748,0.0267624930199618,0.0286577317836826,0.0241364163519774,0.0485988384630379,0.0478964356074738,0.101535074778493,0.0947447638949895,0.0870626137222302,0.0800550223558528,0.0887948811264906,0.0835948878610886,0.0836458100587546,0.0821315584778297,0.0852729655661804,0.0802620651715685,0.0829503489438146,0.0881956776035996,0.0933072808649013,0.0876052063246878,0.088300239339394,0.0895128928370286,0.0858757500082584,0.088820169753277,0.0885095133744038,0.0889529405251469,0.136943999095096,0.122722155397534,0.125031011706478,0.12837544877695,0.108414089188004,0.103506423624983,0.177642392022788,0.202722945946494,0.198524148393071,0.299974615945948,0.344952184091212,0.327588797762623,0.321540701220916,0.331703989122252,0.295368100501542,0.305202222219639,0.275692090716106,0.772656790653221,0.749659814220498,1,0.896628523823818,0.764842172128334,0.428486609389739,0.404491075601619,0.346977961811146,0.388049919636816,0.340171717503788,0.334563415231618,0.342730803952888,0.308974483510706,0.316535536796791,0.308755441696096,0.328170168069158,0.325463932255024,0.312643570126928,0.324167934548647,0.317072557513694,0.311199680321706,0.315334438830844,0.332651001501709,0.321606979978153,0.326680374966139,0.341717458680386,0.0627733041928816,0.0655713615111885,0.0647259890876222,0.0706329315728326,0.0596502711694275,0.0704035019855442,0.0702875629253304,0.0538013762574868,0.0643435550094465,0.0614716265490377,0.0612304632632882,0.0637452787350594,0.0669745743865761,0.0654987326918513,0.0644665446395494,0.0607686437713923,0.0599343406553275,0.0624906347912115,0.066988418229121,0.0616491235046862,0.0634006740840476,0.0618213456568608,0.0626477058457156,0.063251313103788,0.0584100961878355,0.0588041393539501,0.0560434758098928,0.061822004922767,0.066131442682632,0.0650829034091795,0.0695948327169066,0.0700965909358887,0.0698646107084529,0.0695118291512695,0.0660806073869436,0.0605840000109248,0.0538498114006872,0.0600741042430938,0.0583954520797978,0.0619442528846263,0.0612758371577564
"IE.SLAVIC.RUSSIAN",0,0,0,0,0,0,0,0,0,0,0,0,0,0,0,0,0,0,0,0,0,0,0,0,0,0,0,0,0,0,0,0,0,0,0,0,0,0,0.0122337173119351,0.0126494876361872,0.0133248855528402,0.013449221342761,0.0142614729275035,0.0315367136544991,0.0341608573686644,0.0427304533340898,0.0344283447430322,0.0374542769514757,0.0313861698661359,0.0336465898078615,0.0289634618370293,0.0278202280207295,0.032474021230161,0.0321563233389454,0.0329282757788694,0.0284598294596312,0.0333099604465909,0.0311318090956152,0.0369810014234031,0.0274165823458175,0.0265172630390351,0.0331212463760679,0.032635959745609,0.0309829421785643,0.0301016502292849,0.0302983571145879,0.0297094179752575,0.029786957226941,0.0287313921854314,0.0292546836070933,0.0294773197088301,0.0291321556441416,0.0288115389082922,0.0291088229328016,0.0292691341386283,0.0291933422677682,0.0287880106182588,0.0291096902889905,0.029014630635456,0.0291674170421673,0.0284996278654097,0.0282528191480256,0.0282317591363335,0.0311158182143064,0.0319506931887479,0.0315914163385365,0.0300736043311321,0.0361672894712105,0.033278279393991,0.0343649512054125,0.0286111749506925,0.0272495194423807,0.0291792479434378,0.0245756531785745,0.0494832448003963,0.0487680595500983,0.103382819836568,0.0964689382224064,0.088646987541812,0.0815118713536479,0.0904107789149322,0.0851161556718685,0.0851680045565861,0.0836261964797268,0.0868247711964616,0.0817226819544406,0.0844598873733759,0.0898006710286907,0.0950052957378567,0.0891994542966443,0.0899071355890114,0.0911418570716483,0.087438525167802,0.0904365277465814,0.0901202180130416,0.0905717146937299,0.139436119164077,0.124955464986824,0.127306338084981,0.130711637542982,0.110387019212036,0.105390043479001,0.180875145361284,0.20641211761794,0.202136909942733,0.305433582863255,0.351229657120282,0.333550290217,0.327392129832625,0.337740370224855,0.300743237607663,0.310756321618789,0.280709161903401,0.786717673255928,0.763302195633868,0.896628523823818,1,0.77876084355139,0.436284249926059,0.411852043105792,0.353292300138036,0.39511168940317,0.346362195142039,0.340651832445625,0.348967852092513,0.314597230883706,0.322295880944833,0.314374202925083,0.334142240356299,0.33138675620249,0.318333087891121,0.330067173805183,0.322842674416402,0.316862922040328,0.321072925282561,0.338704616426692,0.327459614737062,0.332625335855079,0.347936065865263,0.0639156588211169,0.0667646354556639,0.0659038788634122,0.071918316456192,0.0607357925422791,0.0716847116872039,0.0715666627568195,0.0547804588780913,0.0655144852130932,0.0625902931222942,0.0623447411238718,0.0649053214495131,0.0681933841339411,0.0666906849300858,0.0656397130203159,0.0618745173964372,0.0610250315520097,0.0636278453744835,0.0682074799080643,0.0627710201846162,0.0645544456499127,0.062946376452083,0.0637877748231471,0.0644023665841664,0.0594730487370723,0.0598742627386292,0.0570633603738326,0.0629470477153736,0.0673349090381429,0.0662672883461269,0.070861326177425,0.0713722154407432,0.071136013614813,0.0707768121049158,0.0672831486368533,0.0616865134710547,0.0548297754486868,0.0611673385709909,0.0594581381341478,0.0630715203574026,0.0623909407368363
"IE.SLAVIC.POLISH",0,0,0,0,0,0,0,0,0,0,0,0,0,0,0,0,0,0,0,0,0,0,0,0,0,0,0,0,0,0,0,0,0,0,0,0,0,0,0.0122019537909542,0.012616644612625,0.0132902889317942,0.0134143018973133,0.0142244445588564,0.0314548319957775,0.0340721624052215,0.042619508343586,0.0343389552776148,0.0373570309810616,0.0313046790780433,0.0335592300843984,0.0288882613477356,0.0277479958141241,0.0323897059539145,0.0320728329308381,0.0328427810799241,0.0283859365972164,0.0332234747447769,0.0310509787276929,0.0368849842615991,0.0273453981614556,0.0264484138397755,0.0330352506498832,0.0325512240135598,0.0309024983274564,0.0300234945571996,0.0302196907143961,0.0296322806917055,0.0297096186211266,0.0286567942398339,0.0291787269920394,0.0294007850432696,0.0290565171596625,0.0287367328704159,0.0290332450291785,0.0291931400043354,0.029117544918853,0.0287132656690373,0.0290341101333711,0.0289392972919234,0.0290916870052903,0.0284256316707481,0.0281794637654469,0.0281584584337924,0.0310350293649742,0.0318677366770371,0.0315093926502251,0.0299955214771814,0.0360733850242916,0.0331918759485962,0.0342757263344443,0.0285368891361146,0.0271787690187395,0.029103487188908,0.0245118451588654,0.0493547669187892,0.0486414385694742,0.103114397550585,0.096218467080635,0.0884168252471572,0.0813002346147963,0.0901760371271554,0.0848951607994551,0.0849468750641635,0.0834090701248582,0.0865993400890364,0.081510497868714,0.0842405964304663,0.0895675133199105,0.0947586247851515,0.0889678575819428,0.0896737014565402,0.0909052171186796,0.0872115005147154,0.0902017191047542,0.0898862306351525,0.0903365550536473,0.139074088394227,0.12463103166598,0.12697580097695,0.130372258944011,0.110100411281564,0.105116409654395,0.180405522651514,0.205876190927672,0.201612083365801,0.30464055767147,0.350317727385552,0.332684263042157,0.326542091653734,0.336863463961438,0.299962390388945,0.30994947651276,0.279980330990744,0.784675046090095,0.761320364217665,0.764842172128334,0.77876084355139,1,0.435151485160225,0.410782713916746,0.352375014974281,0.394085824728016,0.345462903244748,0.339767366886126,0.34806179488938,0.31378041327309,0.321459074623794,0.313557964382387,0.333274676247081,0.33052634640921,0.317506570532716,0.329210190164567,0.322004448405381,0.316040221808203,0.320239294233343,0.337825206602527,0.326609401340931,0.33176171022398,0.347032687583232,0.0637497087408425,0.0665912883163601,0.0657327665853023,0.0717315883427807,0.0605780986401302,0.0714985901032548,0.0713808476741228,0.0546382273542995,0.0653443839533898,0.0624277842103997,0.0621828697611257,0.0647368018174942,0.0680163274035571,0.0665175297953062,0.0654692866201846,0.0617138669186315,0.0608665866721229,0.0634626425706271,0.0680303865795306,0.0626080420344935,0.0643868370288758,0.0627829430084188,0.063622156779812,0.0642351528199398,0.0593186334123442,0.0597188057052338,0.0569152015437521,0.062783612528847,0.0671600812452945,0.0660952325146853,0.0706773424247049,0.0711869052194264,0.0709513166659352,0.0705930477838244,0.0671084552342766,0.0615263511250635,0.0546874158797649,0.061008524206354,0.059303761523184,0.0629077619911527,0.0622289494218027
"IE.GREEK.GREEK_ANCIENT",0,0,0,0,0,0,0,0,0,0,0,0,0,0,0,0,0,0,0,0,0,0,0,0,0,0,0,0,0,0,0,0,0,0,0,0,0,0,0.0151782694595875,0.015694112179661,0.0165320726547982,0.016686335016333,0.017694088678433,0.0391273335416089,0.0423830864234763,0.0530153115604854,0.0427149557434606,0.0464692042073672,0.0389405551383664,0.0417450390162033,0.03593472180496,0.0345163212913088,0.0402902431125231,0.0398960780295268,0.0408538328839504,0.0353098693796662,0.0413273858186433,0.0386249718846038,0.0458820152679346,0.034015521520986,0.0328997436735417,0.0410932498695954,0.040491158857156,0.0384402739613967,0.0373468625037299,0.0375909150703829,0.0368602232680364,0.0369564255609078,0.0356467949536578,0.0362960381886741,0.0365722609145578,0.036144018782749,0.0357462323139356,0.036115070085398,0.0363139668407656,0.0362199325084831,0.035717040963756,0.0361161462068758,0.0359982064998111,0.036187767300645,0.0353592469246564,0.0350530334392608,0.0350269044611151,0.0386051321335934,0.0396409544436917,0.0391952026984082,0.0373120661954169,0.0448724497403072,0.0412880794049946,0.042636303918226,0.0354976424486565,0.0338082479915747,0.0362024457996535,0.0304908047634762,0.0613934427422489,0.0605061184592237,0.128266189005409,0.119688194641501,0.109983566677452,0.10113108845125,0.112171887696248,0.1056028934796,0.105667221951752,0.103754313728615,0.107722758290421,0.101392639378265,0.104788666959702,0.111414932008891,0.117872265806745,0.110669007501243,0.111547021687215,0.113078930173667,0.108484237644681,0.112203834053604,0.11181139124608,0.112371559354011,0.172997212139827,0.155031187141112,0.15794789548407,0.162172821681581,0.136956239850855,0.130756534379075,0.224410260988888,0.256093766190973,0.250789552235768,0.378948859492031,0.435767660968366,0.413833020180881,0.406192642746444,0.419031616960163,0.373129587856711,0.385552736386887,0.34827347980226,0.462898837392439,0.449121344224678,0.428486609389739,0.436284249926059,0.435151485160225,1,0.742800301443162,0.474084446771323,0.530202063872883,0.46478490927274,0.457122149176538,0.432961458626006,0.390318119982589,0.399869769912316,0.390041411083184,0.414567447705388,0.411148741852399,0.394953166132111,0.409511547147816,0.400548171941609,0.393129143812104,0.398352459179545,0.420227949056424,0.406276370695837,0.412685437137634,0.431681330192221,0.0792996165873085,0.0828343177693471,0.0817663843552273,0.0892284461393445,0.0753543834259563,0.0889386146808975,0.0887921523727451,0.0679656513854824,0.0812832669511143,0.0776552465895158,0.0773505923046926,0.0805274826287469,0.0846069541541821,0.0827425679785614,0.081438636030961,0.0767671897084653,0.0757132398157171,0.0789425288816092,0.0846244426617574,0.0778794731251318,0.0800921539958065,0.0780970361610574,0.0791409519940977,0.0799034707869173,0.0737877078812177,0.0742854906950031,0.0707980279369867,0.078097868991737,0.0835418513733896,0.0822172634226577,0.0879170472523,0.088550903234495,0.0882578496294949,0.0878121913583012,0.0834776326818769,0.0765339348304789,0.0680268380369503,0.0758897989289459,0.0737692084224496,0.0782523011445234,0.0774079117732257
"IE.GREEK.GREEK",0,0,0,0,0,0,0,0,0,0,0,0,0,0,0,0,0,0,0,0,0,0,0,0,0,0,0,0,0,0,0,0,0,0,0,0,0,0,0.0143282763216889,0.0148152315079454,0.0156062656417369,0.0157518892089026,0.0167032079987823,0.0369361769606042,0.0400096055257471,0.0500464190164475,0.0403228899441115,0.0438668980086905,0.0367598582715924,0.0394072891956749,0.0339223535947476,0.0325833844488559,0.0380339628256899,0.0376618712482825,0.0385659911968153,0.0333324933189287,0.0390130248536688,0.0364619478889597,0.0433125920385908,0.0321106297972054,0.0310573362478738,0.0387920006727678,0.0382236271556151,0.0362875931717241,0.0352554134795356,0.0354857989408909,0.0347960263632009,0.0348868412639846,0.0336505508377287,0.0342634360217788,0.0345241900921509,0.0341199298032238,0.0337444196400025,0.0340926022520888,0.0342803606574842,0.0341915923100612,0.033716863024758,0.0340936181100514,0.0339822831046596,0.0341612283751557,0.033379105688711,0.0330900403612139,0.033065374623142,0.03644321917714,0.0374210347521484,0.0370002453996927,0.0352225657875236,0.0423595628488528,0.0389759196252056,0.0402486426731583,0.0335097509717479,0.0319149637226582,0.0341750848685024,0.0287832995115128,0.0579553693056281,0.0571177357698696,0.121083197507644,0.11298557650683,0.103824414133327,0.095467680548218,0.10589018772638,0.0996890615346017,0.0997497875697276,0.0979440034734497,0.101690212512646,0.0957145844501705,0.0989204322388444,0.105175622058627,0.111271340888983,0.104471469817216,0.10530031462752,0.106746435224592,0.102409048518961,0.105920345066576,0.105549879316073,0.106078677639124,0.163309253734163,0.146349338029059,0.149102708773923,0.15309103630743,0.129286599752847,0.123434081891752,0.21184313781174,0.24175234574772,0.236745171285448,0.357727472492655,0.411364383471717,0.390658097089276,0.383445585849171,0.395565569007396,0.352234083921327,0.363961527909568,0.32876993437291,0.436976196054939,0.423970251625408,0.404491075601619,0.411852043105792,0.410782713916746,0.742800301443163,1,0.447535403903624,0.500510397297089,0.438756646661346,0.431523006203353,0.408715330318262,0.36846004686918,0.377476798079558,0.368198833851326,0.391351396186212,0.388124140124207,0.372835527365883,0.38657862940692,0.378117209146102,0.371113651503317,0.376044457752296,0.396694905714284,0.38352462497797,0.389574779456161,0.407506889924226,0.0748587855613035,0.0781955411371414,0.0771874127011945,0.0842315940854439,0.0711344880687696,0.0839579933805412,0.0838197330586048,0.0641595299139745,0.0767313501915403,0.073306501371976,0.073018907928787,0.0760178902915621,0.0798689087109231,0.078108929395379,0.0768780185000597,0.0724681762641666,0.0714732482631374,0.0745216950035188,0.0798854178504966,0.0735181710731574,0.0756069403502581,0.0737235504350423,0.0747090062903499,0.0754288235259768,0.0696555473916908,0.0701254540383671,0.0668332915035339,0.0737243366266525,0.0788634523909634,0.0776130422423626,0.0829936344042326,0.083591994031806,0.0833153516226902,0.0828946505097134,0.0788028299886888,0.0722479838137645,0.064217290072454,0.0716399199491416,0.0696380839148605,0.0738701204766473,0.0730730174691362
"IE.TOCHARIAN.COMMON_TOCHARIAN",0,0,0,0,0,0,0,0,0,0,0,0,0,0,0,0,0,0,0,0,0,0,0,0,0,0,0,0,0,0,0,0,0,0,0,0,0,0,0.0122909908629554,0.0127087076636768,0.0133872675331567,0.0135121854153415,0.0143282396490577,0.0316843563972934,0.0343207853412925,0.0429305008533148,0.034589524988489,0.0376296234456945,0.031533107820915,0.0338041101779081,0.0290990576062426,0.0279504716096825,0.0326260520858966,0.0323068668555578,0.0330824332793859,0.0285930674160941,0.0334659048476653,0.0312775562312674,0.0371541322239441,0.0275449362212381,0.0266414066479531,0.0332763072905723,0.0327887487350819,0.0311279923766666,0.0302425745580269,0.0304402023491792,0.0298485060237062,0.0299264082842917,0.0288659014939482,0.0293916427644314,0.0296153211626188,0.029268541172765,0.0289464234328863,0.0292450992266602,0.0294061609477875,0.0293300142485893,0.028922784992464,0.0292459706434766,0.029150465957269,0.0293039676510707,0.0286330521426748,0.0283850879619669,0.0283639293554141,0.0312614904868134,0.0321002740242226,0.0317393151782215,0.0302143973597845,0.0363366107859,0.0334340754765833,0.0345258346667505,0.0287451214484338,0.0273770911936537,0.0293158539400627,0.0246907069181936,0.0497149062875359,0.0489963728154442,0.103866818367477,0.0969205686233941,0.089061998583372,0.0818934785302484,0.0908340473481436,0.0855146367189802,0.0855667283401996,0.0840177021119557,0.0872312513231602,0.0821052760650525,0.0848552960251626,0.0902210831718424,0.0954500739286472,0.0896170517746948,0.0903280461582157,0.091568548131118,0.0878478786541259,0.090859916725902,0.0905421261520583,0.0909957365662519,0.140088905351741,0.12554045833077,0.127902337311023,0.131323579069085,0.110903808705827,0.105883439057657,0.181721933103883,0.207378459625702,0.203083237075321,0.306863505220082,0.352873979052367,0.335111844164789,0.328924853646125,0.339321540512878,0.302151201575111,0.312211162987713,0.282023334047175,0.374844141225161,0.363687464695584,0.346977961811146,0.353292300138036,0.352375014974281,0.474084446771323,0.447535403903624,1,0.475196489038376,0.416566007742624,0.409698217248825,0.350601585124891,0.316070053909975,0.323804746084535,0.315845981820378,0.335706565586573,0.332938181317595,0.319823400760539,0.331612421143915,0.324354099432468,0.318346352159661,0.322576065015035,0.340290300943925,0.328992654488883,0.334182559522914,0.349564968472054,0.0642148873101485,0.0670772017556383,0.066212415432656,0.072255010304989,0.0610201341225392,0.0720203118884764,0.0719017102984821,0.05503691988062,0.0658211987912926,0.0628833167597639,0.0626366151814916,0.0652091831576715,0.0685126392847558,0.0670029050221913,0.0659470128668607,0.062164190047734,0.0613107272378748,0.0639257264318474,0.0685268010498625,0.0630648899165606,0.0648566646927635,0.0632410671345101,0.0640864046085716,0.0647038736514247,0.0597514786373493,0.0601545709682808,0.057330509041603,0.0632417415403968,0.0676501451393142,0.0665775262585535,0.0711930716049765,0.071706352654989,0.0714690450231142,0.0711081618701416,0.0675981424157682,0.0619753059604075,0.0550864673323983,0.0614537004834905,0.0597364982287266,0.0633667969153787,0.0626830310832441
"IE.GERMANIC.GOTHIC",0,0,0,0,0,0,0,0,0,0,0,0,0,0,0,0,0,0,0,0,0,0,0,0,0,0,0,0,0,0,0,0,0,0,0,0,0,0,0.0137458817030652,0.0142130438539545,0.0149719252003259,0.0151116296757629,0.0160242806642,0.0354348497799003,0.0383833541589878,0.0480122060753943,0.038683904654914,0.0420838611128077,0.0352656978326052,0.0378055198937131,0.0325435278559722,0.0312589831507852,0.0364880144661454,0.0361310471177417,0.0369984177336406,0.0319776433496502,0.0374272810265055,0.0349798964713078,0.041552085753286,0.03080544433214,0.029794963503696,0.0372152407101429,0.0366699696004484,0.0348126286671642,0.0338224034909751,0.0340434245842871,0.0333816888638088,0.0334688124546038,0.0322827729360735,0.0328707464681557,0.0331209017921078,0.0327330732784696,0.0323728262978802,0.032706856497281,0.0328869831762601,0.0328018229535468,0.0323463897632417,0.0327078310641492,0.0326010214396579,0.0327726932070316,0.032022361088654,0.0317450452617517,0.0317213821001792,0.0349619290165111,0.0358999997878805,0.0354963140596809,0.0337908909434448,0.0406377938867984,0.0373916839965788,0.0386126752773961,0.0321476960951384,0.0306177314032681,0.0327859864820974,0.0276133584547254,0.0555996850316688,0.0547960983870123,0.116161586488218,0.108393105628804,0.0996043126559788,0.0915872512379873,0.101586119734367,0.0956370477633769,0.0956953054962958,0.0939629202455215,0.0975568589113887,0.0918241193547143,0.0948996605762666,0.100900598676741,0.10674854772909,0.100225067775879,0.101020222926216,0.102407563748617,0.0982464767331607,0.101615051283529,0.101259643677819,0.101766948187464,0.15667130033273,0.140400746237997,0.143042202034483,0.14686841791962,0.124031548952198,0.118416915595224,0.203232450756022,0.231925953372107,0.227122303143724,0.343187094415341,0.394643851437816,0.374779203609104,0.367859855875809,0.379487203855127,0.337916992991059,0.349167757152947,0.315406579546048,0.419214632881858,0.406737334876768,0.388049919636816,0.39511168940317,0.394085824728016,0.530202063872883,0.500510397297089,0.475196489038376,1,0.73795288386299,0.725786490766901,0.39210247308532,0.353483426956455,0.362133678577873,0.35323283133964,0.375444322508082,0.372348243185081,0.357681059382814,0.370865552105311,0.362748059161023,0.356029171787767,0.360759557905224,0.380570636951145,0.367935682338811,0.373739919071501,0.390943151592024,0.0718160361831655,0.0750171642454491,0.0740500127255524,0.0808078726264153,0.0682431184357669,0.0805453928389635,0.0804127523184364,0.0615516680807432,0.0736124875713633,0.0703268469494448,0.0700509431798708,0.0729280273358962,0.0766225152450059,0.0749340729698739,0.0737531943230502,0.069522596842737,0.0685681092059714,0.0714926471846218,0.0766383533454515,0.0705299130131666,0.0725337810809929,0.0707269444180152,0.0716723449188519,0.0723629040863755,0.066824291555509,0.0672750981306808,0.0641167505573178,0.0707276986536697,0.0756579272288713,0.0744583419056206,0.0796202317023402,0.0801942700913167,0.0799288722343533,0.0795252711590046,0.0755997689164886,0.0693113544499201,0.0616070804895902,0.0687280062673922,0.0668075379082981,0.070867556896996,0.0701028533555226
"IE.GERMANIC.DANISH",0,0,0,0,0,0,0,0,0,0,0,0,0,0,0,0,0,0,0,0,0,0,0,0,0,0,0,0,0,0,0,0,0,0,0,0,0,0,0.0120498934567798,0.0124594164154999,0.0131246658020179,0.013247133322168,0.0140471800133482,0.0310628429465955,0.0336475562732735,0.0420883854765349,0.0339110243819424,0.0368914889283654,0.0309145612294279,0.0331410160976307,0.028528256814895,0.0274022012316781,0.031986066537183,0.0316731423749698,0.0324334954563435,0.0280321920183746,0.0328094449296605,0.0306640224842364,0.0364253248391059,0.0270046207372985,0.0261188146038037,0.0326235664770516,0.0321455717642487,0.0305173924417102,0.0296493427866169,0.0298430939539587,0.0292630042150421,0.0293393783618106,0.028299674242239,0.0288151026861938,0.0290343934575233,0.0286944158286019,0.0283786166803188,0.0286714337146185,0.0288293360840196,0.0287546830619278,0.0283554419264076,0.0286722880379119,0.0285786567508777,0.0287291473888066,0.0280713924132467,0.0278282922440297,0.0278075486801057,0.0306482718819349,0.0314706020237256,0.0311167236680183,0.0296217183061729,0.0356238397239591,0.0327782399166057,0.0338485833957166,0.0281812633918544,0.0268400681213058,0.0287408005189364,0.0242063793760944,0.048739709487877,0.0480352706122505,0.10182938942661,0.0950193958082227,0.087314977770592,0.0802870738492512,0.0890522664118254,0.0838372001857597,0.0838882699890558,0.082369629122732,0.085520142050851,0.0804947168096321,0.0831907929757302,0.0884513260076214,0.0935777460178983,0.087859143159116,0.0885561908312949,0.0897723593870337,0.0861246737540735,0.0890776283414906,0.0887660714784938,0.0892107839693632,0.137340951822942,0.123077883977641,0.125393432853007,0.128747564276113,0.108728343691484,0.103806452523504,0.178157315148741,0.20331056882097,0.19909960042287,0.300844137377127,0.345952079751894,0.328538363042906,0.322472735185944,0.332665482902116,0.296224269256563,0.306086896651929,0.276491225604663,0.367491279997193,0.356553450410293,0.340171717503788,0.346362195142039,0.345462903244748,0.46478490927274,0.438756646661346,0.416566007742624,0.73795288386299,1,0.720781198834177,0.343724260609953,0.309870092408322,0.317453062541783,0.309650415668147,0.329121418538501,0.326407338293828,0.313549814422594,0.325107583943653,0.317991639893806,0.312101739286137,0.316248483013174,0.33361524033904,0.322539206062103,0.327627307046651,0.342707978004141,0.0629552620333125,0.0657614299405645,0.0649136070781926,0.0708376717224478,0.0598231764300739,0.070607577099078,0.0704913019721033,0.0539573276186887,0.0645300644574626,0.0616498112815199,0.0614079489478037,0.0639300539895315,0.0671687102390033,0.0656885905956976,0.0646534105914612,0.0609447908028211,0.0601080693339992,0.0626717732719711,0.0671825942100028,0.0618278227387253,0.0635844504502358,0.0620005441026473,0.062829299620493,0.0634346565247654,0.0585794066152274,0.0589745919745795,0.056205926233042,0.0620012052795347,0.0663231345913156,0.0652715559694608,0.0697965637812362,0.0702997764216976,0.0700671237647673,0.0697133196173106,0.0662721519418955,0.0607596118247107,0.0540059031584186,0.0602482380474942,0.0585647200590454,0.062123807595453,0.0614534543653126
"IE.GERMANIC.ENGLISH",0,0,0,0,0,0,0,0,0,0,0,0,0,0,0,0,0,0,0,0,0,0,0,0,0,0,0,0,0,0,0,0,0,0,0,0,0,0,0.0118512307185928,0.012254002003315,0.012908283636037,0.0130287320733645,0.0138155886507136,0.0305507197931604,0.0330928197781731,0.0413944877309136,0.0333519441724281,0.0362832707534421,0.0304048827492227,0.0325946307683439,0.0280579205720995,0.0269504299070137,0.0314587224917856,0.031150957410118,0.031898774793506,0.0275700342371687,0.0322685261081374,0.030158474556166,0.035824792162378,0.0265594041950433,0.0256882020638672,0.0320857121741068,0.0316155980072046,0.0300142619562382,0.0291605235580852,0.0293510804119196,0.028780554426935,0.0288556694175808,0.0278331065671864,0.0283400373072915,0.0285557127018338,0.0282213401753083,0.0279107475065463,0.0281987369600852,0.0283540360436412,0.0282806138020401,0.0278879548273883,0.0281995771984238,0.0281074895804626,0.0282554991273919,0.0276085883476723,0.0273694960931679,0.0273490945217456,0.0301429836290053,0.0309517562768441,0.0306037122003678,0.0291333545136121,0.035036520875898,0.0322378355621491,0.0332905326307649,0.0277166479186077,0.0263975645053835,0.0282669601360935,0.0238072965438938,0.0479361534913009,0.0472433284740392,0.100150560862361,0.0934528414299754,0.0858754436675847,0.0789634065496921,0.0875840901868171,0.0824550030891157,0.0825052309209041,0.0810116274006704,0.0841101988301165,0.0791676261670183,0.0818192529879469,0.0869930572947927,0.0920349596585036,0.086410637575448,0.0870961932456687,0.0882923112195292,0.0847047638125615,0.0876090339824622,0.0873026136577863,0.0877399943160998,0.135076655491011,0.121048738281959,0.123326111443852,0.126624944375303,0.106935774275517,0.102095028752517,0.175220092493418,0.199958652519868,0.195817109010493,0.295884216336065,0.340248478496705,0.323121856163765,0.317156230372648,0.327180933518284,0.291340514503128,0.301040539916069,0.27193280322854,0.361432568838798,0.350675067748854,0.334563415231618,0.340651832445625,0.339767366886126,0.457122149176538,0.431523006203353,0.409698217248825,0.725786490766901,0.720781198834177,1,0.33805738869619,0.304761363334419,0.31221931546538,0.304545308334376,0.323695299009947,0.321025964937927,0.308380418949129,0.319747639221881,0.312749013464913,0.306956217764151,0.311034595454067,0.32811503260821,0.317221605364738,0.322225820456237,0.337057861216551,0.0619173387700343,0.064677242284803,0.0638433972067111,0.0696697936925178,0.0588368908600589,0.0694434925655872,0.0693291344294299,0.0530677504213112,0.0634661779304587,0.0606334105671215,0.06039553574032,0.0628760596431454,0.0660613212032058,0.0646056038189107,0.0635874904962094,0.0599400135354912,0.0591170868258257,0.061638523797202,0.0660749762736175,0.0608084872063848,0.0625361539588299,0.0609783609684402,0.0617934530592146,0.0623888296378838,0.0576136266802189,0.0580022967449867,0.0552792771097248,0.0609790112447158,0.0652296862906886,0.0641954447091309,0.0686458501648416,0.0691407664994972,0.068911949512487,0.0685639784208135,0.0651795441758981,0.0597578875439469,0.0531155251116588,0.0592549446225868,0.0575991822565898,0.0610995922554768,0.0604402909245694
"IE.ARMENIAN.ARMENIAN_CLASSICAL",0,0,0,0,0,0,0,0,0,0,0,0,0,0,0,0,0,0,0,0,0,0,0,0,0,0,0,0,0,0,0,0,0,0,0,0,0,0,0.0137798926538646,0.0142482106876046,0.0150089697073543,0.0151490198486527,0.0160639289772758,0.0355225249802608,0.038478324739851,0.0481310009853081,0.0387796188772802,0.0421879877276495,0.0353529545062621,0.0378990607596121,0.0326240491603642,0.0313363261514705,0.0365782954747837,0.0362204448946466,0.0370899616151011,0.0320567645059455,0.0375198860293016,0.0350664459967259,0.0416548966150913,0.0308816651577055,0.0298686841321492,0.0373073210690549,0.0367607008142648,0.0348987643277477,0.0339060890722931,0.0341276570303092,0.0334642840004521,0.0335516231580783,0.0323626490637541,0.0329520773980312,0.0332028516724878,0.0328140635684224,0.0324529252414212,0.0327877819199757,0.0329683542800503,0.0328829833483984,0.0324264232957964,0.0327887588981803,0.0326816849983983,0.0328537815271776,0.0321015928884755,0.0318235909087931,0.0317998691982936,0.0350484340856888,0.0359888258925175,0.0355841413389434,0.0338744985543766,0.0407383425484511,0.037484200922898,0.0387082132594231,0.0322272380069505,0.0306934877773473,0.0328671076933256,0.0276816812146689,0.05573725337344,0.0549316784426608,0.116449001009031,0.108661298871127,0.0998507600974983,0.0918138623468994,0.101837470691317,0.0958736791411483,0.0959320810191233,0.0941954093885588,0.0977982404102444,0.0920513165380623,0.0951344674629008,0.10115025347309,0.107012671899744,0.100473051129922,0.101270173704632,0.10266094717555,0.098489564529096,0.101866473824792,0.101510186846565,0.102018746561885,0.157058946611259,0.140748134857778,0.143396126315277,0.147231809271572,0.124338435843859,0.118709910397386,0.203735301648589,0.232499799587259,0.22768426385636,0.344036230151796,0.395620304815233,0.375706506588275,0.368770038556668,0.380426155673434,0.338753089101237,0.350031690632501,0.316186978933332,0.370255889476501,0.359235775413737,0.342730803952888,0.348967852092513,0.34806179488938,0.432961458626006,0.408715330318262,0.350601585124891,0.39210247308532,0.343724260609953,0.33805738869619,1,0.424588226237649,0.434978515321555,0.424287222172586,0.450966655826667,0.447247786064193,0.429630231521039,0.445466844929163,0.43571648135374,0.427646059222033,0.433327984024911,0.457124151738872,0.441947618531545,0.448919403885714,0.469583144882948,0.0719937280712521,0.0752027765719173,0.0742332320630898,0.0810078126986107,0.0684119699793531,0.0807446834666686,0.0806117147583748,0.0617039632044709,0.0737946243558267,0.070500854189078,0.0702242677605276,0.0731084705845141,0.0768120996348921,0.0751194797065264,0.0739356792532719,0.0696946141546667,0.0687377648627701,0.0716695389227031,0.0768279769229917,0.0707044226920067,0.0727132488599924,0.0709019416047185,0.0718496812767058,0.0725419490704477,0.0669896325457339,0.0674415545357317,0.0642753923742436,0.0709026977065517,0.0758451249726138,0.0746425715576619,0.0798172332364405,0.0803926919483782,0.0801266374268478,0.0797220377355782,0.0757868227611678,0.0694828490922398,0.0617595127182888,0.0688980575518565,0.0669728374455639,0.071042901996202,0.0702763063756981
"IE.IRANIAN.PERSIAN",0,0,0,0,0,0,0,0,0,0,0,0,0,0,0,0,0,0,0,0,0,0,0,0,0,0,0,0,0,0,0,0,0,0,0,0,0,0,0.0124226803265284,0.012844872673772,0.0135307028427917,0.0136569591336597,0.0144817568239029,0.0320238323552643,0.0346885088113847,0.0433904714684855,0.0349601278179733,0.0380327988268552,0.0318709632550314,0.0341662978310864,0.0294108338763067,0.0282499415754429,0.0329756176616586,0.032653012582405,0.0334368886638887,0.0288994223513401,0.0338244688647174,0.031612673606904,0.0375522130456324,0.027840061155881,0.0269268508883252,0.0336328399009733,0.0331400574928782,0.031461507279077,0.030566602821087,0.0307663480572927,0.0301683121150575,0.0302470490444684,0.0291751796575781,0.0297065538820404,0.0299326288395125,0.0295821333419872,0.0292565643333828,0.0295584402316482,0.0297212276176867,0.0296442650592888,0.0292326726234256,0.0295593209850929,0.0294627930322475,0.029617939390498,0.0289398354866027,0.0286892145412526,0.0286678292348691,0.0315964357291133,0.0324442062518134,0.0320793799815068,0.0305381237236598,0.036725932430982,0.0337922984639454,0.0348957550985016,0.0290531055374378,0.0276704177849496,0.0296299530328531,0.0249552507605533,0.0502475671131424,0.0495213350520147,0.104979679466013,0.0979590054616858,0.0900162362806375,0.0827709104946863,0.0918072713219314,0.0864308668881115,0.0864835166350127,0.0849178936624272,0.0881658738301353,0.0829849772935436,0.0857644618149247,0.0911877396585606,0.0964727554336466,0.0905772364828917,0.0912958486793305,0.092549641772631,0.0887891078963386,0.0918334178721749,0.0915122223921959,0.0919706929281471,0.141589861052058,0.126885537486602,0.129272722366061,0.132730620362575,0.112092066287296,0.107017906851689,0.183668957892748,0.209600376345778,0.205259133457419,0.31015133537496,0.356654779602004,0.338702335727842,0.33244905588624,0.342957136059822,0.30538854265664,0.315556289595793,0.28504501895361,0.333788562038691,0.323853843561388,0.308974483510706,0.314597230883706,0.31378041327309,0.390318119982589,0.36846004686918,0.316070053909975,0.353483426956454,0.309870092408321,0.304761363334419,0.424588226237649,1,0.832495882238097,0.712117205311596,0.459610090418214,0.455819943085368,0.437864722379119,0.454004867612437,0.444067624078776,0.435842520520137,0.44163334771026,0.465885603732543,0.450418190101111,0.457523599903821,0.478583391676469,0.0649029054005986,0.0677958875650792,0.0669218356549486,0.0730291727507687,0.0616739226428745,0.0727919597030992,0.0726720873791227,0.0556266023998407,0.0665264273979364,0.0635570679930139,0.063307723178011,0.0659078544402241,0.0692467048142135,0.0677207947935356,0.0666535894842797,0.0628302363357925,0.061967629262394,0.0646106463635425,0.0692610183128356,0.0637405865805643,0.0655515589838546,0.0639186514155159,0.0647730460957651,0.0653971308922164,0.0603916743918802,0.0607990855782582,0.0579447657818637,0.0639193330471951,0.0683749696407202,0.0672908583907437,0.071955856112288,0.0724746366136378,0.0722347863946688,0.0718700366283892,0.0683224097439695,0.0626393284861498,0.0556766807182854,0.0621121343674204,0.0603765334785434,0.0640457283040003,0.0633546363940379
"IE.IRANIAN.EASTERN_FARSI",0,0,0,0,0,0,0,0,0,0,0,0,0,0,0,0,0,0,0,0,0,0,0,0,0,0,0,0,0,0,0,0,0,0,0,0,0,0,0.0127266813133983,0.0131592053190955,0.0138618187460536,0.0139911647112924,0.0148361463960691,0.0328075019324785,0.0355373868823423,0.0444522991739768,0.0358156527995721,0.0389635165200488,0.03265089190387,0.0350023966427221,0.030130559594755,0.0289412585772667,0.0337825788043664,0.0334520791113995,0.0342551377763588,0.0296066330887859,0.0346522026262686,0.032386281533816,0.0384711701084366,0.0285213477899605,0.027585789944003,0.0344558842241295,0.0339510427165136,0.0322314159469214,0.0313146118802131,0.0315192451717606,0.0309065744235218,0.0309872381596777,0.0298891385758536,0.0304335162974992,0.0306651236367416,0.0303060510065573,0.0299725148525939,0.0302817780914792,0.0304485491207175,0.0303697031770042,0.0299480384778773,0.0302826803982368,0.0301837902665255,0.0303427332809548,0.0296480351920232,0.0293912811890144,0.0293693725531986,0.0323696462916285,0.0332381629873578,0.0328644088896183,0.0312854358580084,0.0376246692099438,0.0346192449691778,0.035749704786385,0.0297640771251197,0.0283475529999454,0.0303550409145448,0.0255659419044438,0.0514771978843366,0.050733193872432,0.107548684328096,0.100356204258595,0.0922190640073714,0.0847964346016515,0.0940539282711649,0.0885459554309518,0.0885998935934441,0.086995957558281,0.0903234205067067,0.0850157399252393,0.0878632424600666,0.093419235770349,0.0988335835389356,0.0927937926974106,0.0935299903754968,0.0948144656024171,0.0909619060135167,0.0940807146653766,0.0937516590666209,0.094221349040867,0.145054770102215,0.129990610433949,0.132436213186212,0.135978730956865,0.114835121560066,0.109636790091097,0.188163603411198,0.214729601245927,0.210282121854043,0.317741187931309,0.365382638817648,0.346990872630504,0.340584565970772,0.351349794091408,0.312861842774339,0.323278409213189,0.292020483570469,0.34195685177959,0.331779016346688,0.316535536796791,0.322295880944833,0.321459074623794,0.399869769912316,0.377476798079558,0.323804746084535,0.362133678577873,0.317453062541783,0.31221931546538,0.434978515321555,0.832495882238097,1,0.729543745115528,0.470857415261963,0.466974517532319,0.448579906559985,0.465115024532694,0.454934602251646,0.446508218491536,0.452440755613358,0.477286499479713,0.461440575825913,0.468719865301556,0.490295020692512,0.0664911735338751,0.069454951163576,0.0685595099367866,0.0748163024202908,0.0631831728895813,0.0745732844256457,0.0744504786522179,0.0569878659582098,0.0681544254668164,0.0651124015349367,0.0648569548910338,0.0675207151325756,0.0709412720128925,0.0693780207631104,0.0682846993936583,0.0643677832539533,0.0634840669356333,0.0661917624947268,0.0709559357835648,0.0653004110882254,0.0671557006101506,0.0654828334276872,0.0663581363836986,0.0669974934393584,0.0618695461660296,0.0622869272944383,0.0593627581569887,0.0654835317398812,0.0700482042166427,0.0689375631936054,0.0737167201685329,0.0742481959804142,0.074002476279067,0.0736288005575188,0.0699943581030642,0.0641722036126226,0.0570391697656655,0.0636321082899538,0.0618540347326057,0.0656130200717552,0.0649050161414297
"IE.IRANIAN.KURDISH_CENTRAL",0,0,0,0,0,0,0,0,0,0,0,0,0,0,0,0,0,0,0,0,0,0,0,0,0,0,0,0,0,0,0,0,0,0,0,0,0,0,0.0124138734942938,0.012835766535987,0.0135211104982396,0.0136472772820171,0.0144714902470082,0.0320011296444444,0.0346639170268792,0.0433597105865535,0.034935343474136,0.038005836169049,0.0318483689179669,0.0341420762585137,0.0293899836030146,0.028229914295536,0.0329522402000364,0.0326298638257592,0.0334131841926176,0.0288789346339043,0.0338004896255447,0.0315902623795662,0.0375255910903347,0.0278203244532084,0.026907761589386,0.033608996513653,0.0331165634546423,0.0314392032183453,0.0305449331865193,0.0307445368169895,0.0301469248414084,0.0302256059517119,0.0291544964470386,0.0296854939634536,0.0299114086492153,0.0295611616290688,0.0292358234266644,0.0295374853155275,0.0297001572964231,0.0296232492992247,0.0292119486542985,0.0295383654445781,0.0294419059234612,0.0295969422935358,0.0289193191190131,0.0286688758468029,0.0286475057011417,0.0315740360133222,0.0324212055246004,0.0320566378912122,0.0305164742788279,0.0366998962522286,0.0337683420313905,0.0348710163905276,0.0290325088691153,0.0276508013478452,0.0296089474190386,0.0249375591915003,0.0502119450185437,0.0494862278063662,0.104905256040407,0.0978895592146366,0.0899524209146717,0.0827122315700524,0.0917421862343983,0.086369593304266,0.0864222057260911,0.0848576926733054,0.0881033702448197,0.082926146610164,0.0857036606667794,0.0911230937766803,0.0964043628363986,0.0905130234060829,0.0912311261555353,0.0924840303951312,0.0887261624806192,0.0917683142485227,0.0914473464742104,0.0919054919858522,0.141489483507145,0.126795584303209,0.129181076831566,0.132636523414477,0.112012600665009,0.10694203846202,0.183538749140985,0.209451783988712,0.205113618745178,0.309931459252723,0.356401935712678,0.338462218895579,0.332213372202463,0.342714002864606,0.305172043029277,0.315332581730018,0.284842941495666,0.333551928736503,0.32362425329634,0.308755441696096,0.314374202925083,0.313557964382387,0.390041411083184,0.368198833851326,0.315845981820378,0.35323283133964,0.309650415668147,0.304545308334376,0.424287222172586,0.712117205311596,0.729543745115528,1,0.459284258242448,0.455496797865301,0.4375543061847,0.453683009156962,0.443752810450534,0.435533537928777,0.441320259817772,0.465555322646277,0.450098874355124,0.457199246907381,0.478244108725449,0.0648568936716982,0.0677478249093329,0.0668743926423336,0.0729774000531107,0.0616302000423013,0.0727403551732971,0.0726205678306144,0.0555871669364593,0.0664792647027804,0.0635120103709529,0.0632628423244006,0.0658611302710641,0.0691976136280872,0.0676727853734375,0.066606336639886,0.0627856939877545,0.0619236984438794,0.0645648418263464,0.069211916979416,0.0636953988563538,0.0655050874038483,0.0638733374554942,0.0647271264282461,0.065350768791184,0.0603488608177758,0.0607559831774372,0.0579036868989092,0.0638740186039431,0.0683264964553171,0.0672431537662028,0.0719048443228496,0.0724232570442419,0.0721835768627032,0.0718190856791058,0.0682739738199448,0.0625949214787436,0.0556372097527951,0.062068101104652,0.0603337306383128,0.0640003242551405,0.0633097222821602
"IE.INDIC.SANSKRIT",0,0,0,0,0,0,0,0,0,0,0,0,0,0,0,0,0,0,0,0,0,0,0,0,0,0,0,0,0,0,0,0,0,0,0,0,0,0,0.0131944652655596,0.01364288719341,0.0143713259928758,0.0145054262192866,0.0153814661872304,0.0340133797679169,0.0368436048095412,0.0460861950560376,0.0371320987137308,0.0403956658211132,0.0338510133558236,0.036288950382338,0.0312380433056285,0.0300050281480145,0.0350242967226639,0.0346816491296469,0.0355142251484915,0.0306948592724559,0.035925884578102,0.0335766769243055,0.0398852226453418,0.0295696830520457,0.0285997376909238,0.0357223502650924,0.0351989527215524,0.0334161190729072,0.0324656168079709,0.0326777716338058,0.0320425814606732,0.0321262100861326,0.0309877485767964,0.0315521355338293,0.0317922558698093,0.0314199851080835,0.0310741894454196,0.0313948200138217,0.0315677209059239,0.0314859768879794,0.031048813413124,0.0313957554859121,0.0312932305325609,0.0314580156820784,0.0307377831580811,0.0304715918635033,0.0304488779503338,0.0335594302344717,0.0344598702700286,0.034072378406357,0.0324353683871857,0.0390076076232175,0.0358917155240486,0.0370637267047284,0.0308580903471971,0.0293895002326821,0.0314707756970349,0.0265056477908636,0.0533693020770593,0.0525979513336273,0.111501761125248,0.104044913097606,0.0956086828061523,0.0879132260361468,0.0975109896369325,0.091800564858139,0.0918564855804363,0.0901935950135247,0.093643362727062,0.0881405921815994,0.0910927579791211,0.0968529682761312,0.102466326685056,0.0962045363166711,0.0969677937954191,0.0982994814010661,0.0943053165101978,0.0975387605961726,0.0971976101767267,0.0976845641514637,0.150386426640737,0.134768566288681,0.137304060010373,0.140976787135888,0.119056019819988,0.113666617640648,0.195079775183641,0.22262223712195,0.218011285459813,0.329420134311342,0.37881270205474,0.359744925141596,0.353103147240442,0.364264063823151,0.324361443156364,0.335160882592244,0.30275403559026,0.354525873007906,0.343973939413353,0.328170168069158,0.334142240356299,0.333274676247081,0.414567447705388,0.391351396186212,0.335706565586573,0.375444322508082,0.329121418538501,0.323695299009947,0.450966655826667,0.459610090418214,0.470857415261963,0.459284258242448,1,0.633532406078481,0.608576906986661,0.631009679398739,0.617198160396181,0.605766300674385,0.613814822329912,0.647522408721652,0.626024648646909,0.635900274838283,0.66517073734356,0.0689351338384973,0.0720078485570439,0.0710794943480181,0.0775662625057545,0.0655055437886833,0.0773143121024805,0.0771869924602264,0.0590825211559562,0.070659520527898,0.0675056834734624,0.0672408475914928,0.0700025174343449,0.0735488008553573,0.0719280904903639,0.0707945828242182,0.0667336958827782,0.0658174975448497,0.0686247175988757,0.0735640036099508,0.0677006035362324,0.0696240863792283,0.0678897310206425,0.0687972067533596,0.0694600641201354,0.0641436331892904,0.0645763556458109,0.0615447052756487,0.0678904550001122,0.072622907315067,0.071471443391354,0.0764262638313027,0.076977274653894,0.0767225232395502,0.0763351126328778,0.0725670820250483,0.0665309274845885,0.0591357106944381,0.0659709803310802,0.0641275516151163,0.068024702826009,0.0672906753889642
"IE.INDIC.ORIYA",0,0,0,0,0,0,0,0,0,0,0,0,0,0,0,0,0,0,0,0,0,0,0,0,0,0,0,0,0,0,0,0,0,0,0,0,0,0,0.0130856578908367,0.0135303819338728,0.0142528137060115,0.014385808082864,0.015254623839205,0.0337328904503496,0.0365397762091416,0.0457061479837165,0.0368258910654723,0.0400625453603959,0.0335718629832371,0.0359896957067536,0.0309804406354817,0.0297575934641856,0.034735470938427,0.0343956489684498,0.0352213591985682,0.0304417359372007,0.0356296239031244,0.0332997888508198,0.0395563115239788,0.0293258384157131,0.0283638916514455,0.0354277680237473,0.0349086866469865,0.0331405550302139,0.0321978910257933,0.0324082963294483,0.03177834421438,0.0318612832013429,0.0307322099472759,0.0312919427207639,0.0315300829186443,0.0311608820656609,0.0308179379864063,0.0311359244938554,0.0313073995690125,0.0312263296482605,0.0307927712160549,0.0311368522516307,0.0310351727642225,0.0311985990227845,0.0304843058535507,0.0302203096896852,0.0301977830854526,0.0332826843847901,0.0341756989950348,0.0337914025600193,0.0321678920468148,0.0386859337020481,0.0355957366221473,0.0367580828821843,0.0306036209365718,0.0291471414632756,0.031211253813035,0.0262870705394623,0.0529291952949406,0.0521642054496348,0.110582268469741,0.103186912896796,0.0948202514777518,0.087188254835276,0.0967068710481536,0.0910435369483856,0.0910989965237654,0.0894498188852215,0.0928711382940523,0.0874137460193043,0.0903415669567873,0.0960542760214507,0.101621344203409,0.09541119131766,0.0961681546389087,0.0974888605617512,0.0935276333146023,0.0967344129958265,0.0963960758530673,0.0968790141907524,0.149146273898855,0.133657205305275,0.136171790228472,0.139814230427722,0.118074231418498,0.112729272624371,0.193471061395544,0.220786396056119,0.216213468333205,0.326703590724777,0.37568884558972,0.356778309967221,0.35019130309334,0.361260181839849,0.321686615766176,0.332396998265694,0.30025739240417,0.351602296437201,0.34113737873678,0.325463932255024,0.33138675620249,0.33052634640921,0.411148741852399,0.388124140124207,0.332938181317595,0.372348243185081,0.326407338293828,0.321025964937927,0.447247786064193,0.455819943085368,0.466974517532319,0.455496797865301,0.633532406078481,1,0.8258528115405,0.780240009774234,0.72021403997198,0.693574030043674,0.702789210211839,0.741382817203079,0.716768889232256,0.728076018481821,0.716729814831731,0.0683666643485876,0.0714140401075728,0.0704933415164341,0.0769266169255464,0.0649653562095738,0.0766767442163198,0.0765504745079391,0.0585953006517821,0.0700768309854962,0.0669490018611503,0.0666863499325634,0.0694252458289611,0.0729422850342135,0.0713349397610561,0.0702107794986058,0.0661833804203154,0.0652747374576043,0.0680588079380628,0.0729573624201935,0.0671423145271912,0.0690499354830807,0.0673298823830257,0.0682298746709716,0.0688872658238127,0.0636146765251095,0.0640438305615744,0.0610371805162618,0.0673306003922417,0.0720240268200516,0.0708820583752462,0.0757960191825047,0.0763424861270499,0.0760898355051251,0.0757056196570279,0.0719686618899738,0.065982284139687,0.0586480515658917,0.0654269545571474,0.0635987275666825,0.0674637411514099,0.0667357668280602
"IE.INDIC.ASSAMESE",0,0,0,0,0,0,0,0,0,0,0,0,0,0,0,0,0,0,0,0,0,0,0,0,0,0,0,0,0,0,0,0,0,0,0,0,0,0,0.0125702002434023,0.0129974061447529,0.0136913805794918,0.0138191361697898,0.0146537283716444,0.0324041168802509,0.0351004364954134,0.0439057353709528,0.0353752809905616,0.0384844401131112,0.0322494324522169,0.0345720242350065,0.0297600889206758,0.0285854109687913,0.0333672046822089,0.0330407686523695,0.0338339532994236,0.0292426043596439,0.0342261360334823,0.0319880756022926,0.0379981473529891,0.0281706631998465,0.027246608517139,0.0340322314667234,0.0335335972442076,0.0318351141671676,0.0309295826763809,0.031131699896721,0.0305265622493651,0.0306062341835397,0.0295216362969458,0.0300593206154749,0.0302880802237676,0.0299334225756193,0.0296039874196278,0.0299094481084736,0.0300741686024265,0.0299962921100047,0.029579811994484,0.0299103393209071,0.0298126650940528,0.0299696538226511,0.0292834974028007,0.0290299003218619,0.029008261063953,0.0319716448989345,0.0328294827367188,0.0324603241371842,0.0309007653883238,0.0371620546169298,0.0341935836076784,0.0353101438419993,0.0293981125408507,0.0279990053058557,0.0299818101275777,0.025251595544529,0.0508442593509535,0.0501094032497255,0.106226318128621,0.099122273288187,0.0910851833471628,0.0837538189745641,0.0928974870143462,0.0874572375233961,0.0875105124885338,0.0859262976690439,0.0892128477549786,0.0839704278267902,0.0867829188584225,0.0922705983831488,0.097618373970717,0.0916528454533723,0.0923799912036575,0.0936486731492861,0.0898434827552173,0.0929239440561114,0.0925989343646046,0.0930628492598709,0.143271247353852,0.128392309250064,0.130807842062958,0.134306802761851,0.113423164880054,0.108288749560977,0.185850035461234,0.212089390735792,0.207696595382652,0.313834397162772,0.360890071991137,0.342724441996235,0.336396904160531,0.347029768283548,0.309015046055488,0.319303535470808,0.288429942045575,0.337752317011945,0.327699623282489,0.312643570126928,0.318333087891121,0.317506570532716,0.394953166132111,0.372835527365884,0.319823400760539,0.357681059382814,0.313549814422594,0.308380418949129,0.429630231521039,0.437864722379119,0.448579906559985,0.4375543061847,0.608576906986661,0.8258528115405,1,0.749505545888088,0.691844061344225,0.666253429059735,0.675105613715578,0.712178978466675,0.688534618668259,0.699396348359709,0.688497083448931,0.0656736304742469,0.0686009669388628,0.0677165356209283,0.0738963976338368,0.062406303393439,0.0736563676699983,0.0735350718565007,0.0562871709362845,0.0673164318721484,0.0643118111837452,0.0640595053872621,0.0666905133312847,0.0700690127115013,0.0685249824371027,0.0674451040142859,0.0635763483661917,0.0627034977929672,0.0653779008472924,0.070083496183597,0.0644975090632092,0.0663299868495064,0.0646776884265041,0.0655422290840219,0.0661737249169705,0.0611088283837722,0.0615210775972722,0.0586328626181934,0.0646783781525918,0.0691869256415614,0.0680899405191777,0.0728103353094713,0.0733352763538298,0.0730925779021578,0.0727234967151392,0.069133741593549,0.0633831734767983,0.056337843937131,0.0628497189029556,0.0610935076713728,0.0648062743590542,0.0641069756999498
"IE.INDIC.NEPALI",0,0,0,0,0,0,0,0,0,0,0,0,0,0,0,0,0,0,0,0,0,0,0,0,0,0,0,0,0,0,0,0,0,0,0,0,0,0,0.0130335507879222,0.0134765039393706,0.0141960589874643,0.014328523780574,0.0151938799116973,0.0335985660465663,0.0363942747834368,0.0455241460563637,0.0366792503301211,0.0399030162643791,0.0334381797909902,0.0358463847021639,0.0308570764896362,0.0296390986970092,0.0345971542581293,0.0342586854595791,0.0350811077107287,0.0303205169140069,0.0354877467048198,0.0331671890580424,0.039398798251609,0.0292090628975749,0.0282509466062926,0.0352866946157579,0.0347696802215627,0.0330085893066708,0.0320696789912662,0.0322792464607899,0.0316518028156789,0.0317344115395121,0.0306098342562812,0.0311673381733008,0.0314045300966731,0.0310367994018585,0.0306952209262733,0.0310119412111292,0.0311827334723641,0.0311019863721183,0.0306701543700268,0.0310128652745721,0.0309115906749852,0.0310743661700209,0.0303629173169071,0.0300999723860323,0.0300775354827604,0.0331501527020137,0.0340396113271801,0.0336568451609563,0.0320397994682523,0.0385318862750428,0.0354539943630297,0.0366117121590874,0.0304817572871473,0.0290310775165822,0.0310869705688838,0.0261823953980711,0.0527184311859121,0.0519564875309416,0.110141929765204,0.102776022505606,0.0944426771407681,0.0868410711166174,0.0963217841901384,0.0906810014924656,0.0907362402277603,0.0890936296162359,0.0925013253277312,0.0870656643945235,0.0899818267460816,0.0956717877974898,0.101216687908334,0.095031263857638,0.0957852129501783,0.0971006598207045,0.0931552061844475,0.096349216465748,0.0960122265818324,0.0964932418585698,0.148552373285818,0.133124982178994,0.135629554022492,0.139257490021196,0.117604059709946,0.112280384547125,0.192700659434006,0.219907224404424,0.215352506084312,0.325402656697123,0.374192852227807,0.355357618377222,0.348796840971354,0.359821643431534,0.320405659337865,0.331073393083472,0.299061767164892,0.350202215738298,0.33977896935071,0.324167934548647,0.330067173805183,0.329210190164567,0.409511547147816,0.38657862940692,0.331612421143915,0.370865552105311,0.325107583943653,0.319747639221881,0.445466844929163,0.454004867612437,0.465115024532694,0.453683009156962,0.631009679398739,0.780240009774234,0.749505545888088,1,0.71734614693868,0.690812217556767,0.699990702868213,0.738430630077502,0.713914714792676,0.725176819042168,0.713875795986453,0.0680944282222232,0.0711296693278637,0.0702126369594432,0.0766202950593902,0.0647066640956481,0.0763714173435437,0.0762456504412691,0.05836197410551,0.0697977849738594,0.0666824108682402,0.0664208048198976,0.0691487944300746,0.0726518287816657,0.0710508839590065,0.0699312001038547,0.0659198381327546,0.0650148133872371,0.0677877976962355,0.0726668461294796,0.0668749537630499,0.0687749785703699,0.0670617747234935,0.0679581832412413,0.068612956661849,0.0633613628190492,0.0637888079637082,0.0607941304019074,0.067062489873596,0.0717372270726384,0.0705998059473316,0.0754941993577012,0.0760384902703223,0.0757868457034287,0.075404159803226,0.071682082605768,0.0657195426177184,0.0584145149654264,0.0651664243581364,0.0633454773693907,0.0671951004661269,0.0664700249372668
"IE.INDIC.SADRI",0,0,0,0,0,0,0,0,0,0,0,0,0,0,0,0,0,0,0,0,0,0,0,0,0,0,0,0,0,0,0,0,0,0,0,0,0,0,0.0127482728591435,0.0131815306666563,0.0138853361176446,0.0140149015257418,0.0148613167704743,0.0328631617436513,0.0355976781001106,0.0445277150524339,0.03587641611145,0.0390296203635112,0.0327062860171351,0.0350617802188243,0.0301816778195142,0.0289903590845479,0.0338398928894513,0.0335088324847746,0.0343132535848789,0.0296568624421386,0.0347109920781101,0.0324412267203916,0.038536438657936,0.0285697358944754,0.0276325908209029,0.0345143406105271,0.0340086426103004,0.032286098395135,0.0313677389176751,0.0315727193813539,0.0309590092020048,0.0310398097888217,0.0299398472159895,0.0304851485057035,0.0307171487800983,0.0303574669625752,0.0300233649453716,0.0303331528671027,0.0305002068329698,0.0304212271225848,0.0299988470450795,0.0303340567046756,0.0302349988001765,0.0303942114705579,0.0296983347864217,0.0294411451855014,0.0294191993804266,0.0324245632555605,0.0332945534397432,0.0329201652467121,0.0313385133966732,0.0376885016220542,0.0346779785064613,0.0358103562136711,0.029814573591322,0.028395646251618,0.0304065399847552,0.0256093159931442,0.0515645319068978,0.0508192656494586,0.10773114684761,0.100526464322606,0.0923755189456275,0.084940296622837,0.0942134961620213,0.0886961787295603,0.088750208401243,0.0871435511964817,0.0904766593768965,0.085159974010501,0.0880123074969116,0.0935777268689272,0.0990012603894507,0.0929512226958962,0.0936886693756233,0.0949753237885339,0.0911162281110372,0.0942403280008892,0.0939107141404124,0.0943812009706742,0.145300863850231,0.130211146969949,0.132660898827733,0.136209426683231,0.115029945938807,0.109822795201959,0.188482833770675,0.215093902346424,0.210638877550332,0.318280254104602,0.366002531448433,0.347579562573708,0.341162387246812,0.351945879195205,0.313392630858352,0.323826869600392,0.292515913091667,0.342537001217316,0.332341898502085,0.317072557513694,0.322842674416402,0.322004448405381,0.400548171941609,0.378117209146102,0.324354099432468,0.362748059161023,0.317991639893806,0.312749013464913,0.43571648135374,0.444067624078776,0.454934602251646,0.443752810450534,0.617198160396181,0.72021403997198,0.691844061344225,0.71734614693868,1,0.675691742575978,0.684669329504352,0.722267884857644,0.698288573116117,0.709304172800103,0.698250506163438,0.0666039796283827,0.069572785477043,0.0686758250827869,0.0749432325740687,0.0632903667710164,0.0746998022854392,0.074576788164964,0.0570845491456376,0.0682700533637493,0.0652228684635648,0.0649669884397601,0.0676352679035323,0.0710616279550402,0.0694957245597349,0.0684005483077897,0.0644769868949041,0.063591771301098,0.0663040606212112,0.0710763166036416,0.0654111969858581,0.0672696341130071,0.0655939288152954,0.0664707167730406,0.0671111585346637,0.0619745114042863,0.0623926006437496,0.0594634704854224,0.0655946283122162,0.0701670450179849,0.0690545197286676,0.0738417848178715,0.0743741623089904,0.074128025730058,0.073753716046188,0.0701131075513823,0.0642810754414796,0.057135939992949,0.0637400638160782,0.0619589736548247,0.0657243363284817,0.0650151312288275
"IE.INDIC.KONKANI",0,0,0,0,0,0,0,0,0,0,0,0,0,0,0,0,0,0,0,0,0,0,0,0,0,0,0,0,0,0,0,0,0,0,0,0,0,0,0.0125121469657556,0.0129373798911532,0.0136281493259908,0.013755314899375,0.0145860526826938,0.0322544641175486,0.0349383312507925,0.0437029643890735,0.0352119064245714,0.0383067064379346,0.0321004940725693,0.034412359370258,0.0296226471400001,0.0284533942333787,0.0332131040664508,0.0328881756244864,0.0336776970865754,0.0291075524911668,0.0340680685930715,0.0318403442536771,0.0378226595361182,0.0280405619046749,0.0271207748073692,0.0338750595407382,0.0333787281734199,0.0316880892442645,0.030786739792748,0.0309879235699542,0.0303855806452898,0.0304648846285307,0.0293852957681279,0.0299204968854012,0.0301482000073375,0.0297951802836867,0.0294672665665114,0.0297713165384365,0.0299352762995145,0.0298577594660917,0.0294432027913526,0.0297722036349608,0.0296749804994894,0.0298312442030226,0.0291482566769352,0.0288958307898888,0.0288742914691187,0.0318239894326571,0.03267786549599,0.032310411791068,0.0307580555923103,0.0369904281485502,0.0340356665049692,0.0351470701005701,0.0292623424849584,0.0278696967827312,0.0298433443661749,0.0251349754542533,0.050609444006115,0.0498779817096355,0.105735730403661,0.0986644943554135,0.0906645223126552,0.0833670165678596,0.0924684561714081,0.0870533315239808,0.0871063604479829,0.085529462048358,0.088800833775878,0.0835826250498772,0.0863821270821637,0.0918444627160278,0.097167540534669,0.0912295627704245,0.0919533503248724,0.0932161730841867,0.0894285562983475,0.0924947910259399,0.0921712823350133,0.0926330547202401,0.142609574083707,0.127799351760742,0.130203728856597,0.133686530215702,0.112899339773465,0.107788636856123,0.184991719483734,0.211109892871963,0.206737384878081,0.31238500773056,0.359223364130994,0.341141628930233,0.334843313724533,0.345427071818914,0.307587913955894,0.317828887777109,0.287097878658916,0.336192466838069,0.326186199721466,0.311199680321706,0.316862922040328,0.316040221808203,0.393129143812104,0.371113651503317,0.318346352159661,0.356029171787767,0.312101739286137,0.306956217764151,0.427646059222033,0.435842520520137,0.446508218491536,0.435533537928777,0.605766300674385,0.693574030043674,0.666253429059735,0.690812217556767,0.675691742575978,1,0.759561773413043,0.734331218545335,0.709951403825337,0.721150986291258,0.685317379739325,0.0653703282650405,0.0682841453367068,0.067403798610574,0.0735551200085116,0.0621180907645505,0.0733161985812011,0.0731954629512648,0.0560272184535046,0.0670055426711818,0.0640147982994379,0.063763657733275,0.0663825148259421,0.069745411195964,0.0682085117561168,0.0671336205634707,0.0632827320886463,0.0624139126235736,0.0650759644137944,0.0697598277786696,0.0641996385656303,0.066023653372846,0.0643789858019582,0.0652395337292206,0.0658681131087943,0.060826607916943,0.0612369532293445,0.058362076967457,0.0643796723426662,0.0688673978913252,0.0677754790034207,0.0724740734735876,0.0729965901692797,0.0727550125780814,0.0723876359281592,0.0688144594645635,0.0630904493437908,0.0560776574299338,0.0625594584368657,0.060811357960582,0.0645069778828034,0.0638109088126021
"IE.INDIC.MARATHI",0,0,0,0,0,0,0,0,0,0,0,0,0,0,0,0,0,0,0,0,0,0,0,0,0,0,0,0,0,0,0,0,0,0,0,0,0,0,0.0126783897654935,0.0131092725535609,0.0138092199052767,0.0139380750656684,0.0147798504571072,0.0326830134651245,0.0354025398331566,0.0442836243810615,0.0356797498669601,0.0388156689800476,0.0325269976951851,0.0348695796205442,0.0300162288178434,0.0288314406176124,0.0336543903958958,0.0333251447880562,0.0341251562370891,0.0294942903574095,0.0345207144195693,0.0322633913924167,0.0383251907829162,0.0284131231869246,0.0274811153266565,0.0343251409500083,0.0338222150696679,0.0321091134448858,0.0311957882024221,0.031399645010442,0.0307892990488509,0.0308696567054734,0.0297757238739511,0.0303180359476735,0.0305487644500344,0.0301910543253372,0.0298587837783895,0.0301668735141323,0.0303330117286603,0.0302544649668448,0.0298344002795761,0.0301677723970758,0.0300692575051788,0.0302275974083958,0.0295355353598596,0.0292797556130556,0.0292579301098263,0.0322468192728592,0.0331120403713637,0.0327397044881195,0.0311667228889905,0.0374819019424364,0.0344878818207115,0.0356140520943156,0.0296511369704216,0.0282399878633659,0.0302398583405197,0.0254689316251884,0.0512818670273427,0.0505406861477613,0.107140589529976,0.0999754014140714,0.0918691376410567,0.0844746734934036,0.0936970394899589,0.0882099667200564,0.0882637002135315,0.0866658503332716,0.089980687182841,0.0846931466602586,0.0875298443118896,0.0930647553376003,0.0984585582973556,0.092441685516052,0.0931750896830442,0.0944546909530054,0.090616749948586,0.0937237242428701,0.0933959172496086,0.0938638249795026,0.144504358002885,0.129497359472732,0.131933682355439,0.135462757999083,0.114399378286749,0.10922077195012,0.18744961431661,0.213914807147624,0.20948420377069,0.316535515107385,0.36399618992563,0.345674211520235,0.339292213669479,0.350016593000341,0.311674684685294,0.322051725335385,0.290912408273835,0.340659292323011,0.330520076811145,0.315334438830844,0.321072925282561,0.320239294233343,0.398352459179545,0.376044457752296,0.322576065015035,0.360759557905224,0.316248483013174,0.311034595454067,0.433327984024911,0.44163334771026,0.452440755613358,0.441320259817772,0.613814822329912,0.702789210211839,0.675105613715578,0.699990702868213,0.684669329504352,0.759561773413043,1,0.744087919616709,0.719384182178472,0.730732568039216,0.694422857818249,0.066238871962642,0.0691914035018768,0.0682993600377747,0.0745324110456728,0.0629434235672533,0.0742903151857808,0.0741679754003623,0.0567716248038082,0.0678958126657804,0.0648653317309174,0.0646108543824292,0.0672645069531538,0.0706720844885513,0.0691147650147567,0.0680255922666134,0.0641235389131087,0.0632431758671673,0.0659405970423438,0.0706866926173663,0.0650526278796566,0.0669008774827986,0.0652343580153201,0.066106339623559,0.0667432706310511,0.0616347814163713,0.0620505787869831,0.0591375054450913,0.06523505367776,0.0697824054489775,0.0686759787668864,0.0734370011722184,0.073966460292631,0.0737216729776958,0.0733494151732436,0.0697287636551355,0.0639287014011191,0.0568227339383391,0.0633906554767582,0.0616193288412712,0.0653640506645748,0.0646587332638226
"IE.INDIC.HINDI",0,0,0,0,0,0,0,0,0,0,0,0,0,0,0,0,0,0,0,0,0,0,0,0,0,0,0,0,0,0,0,0,0,0,0,0,0,0,0.0133746224121839,0.0138291670902466,0.014567551988547,0.0147034832186147,0.015591484630829,0.0344777982435963,0.0373466671603259,0.0467154556765295,0.0376391001584879,0.0409472279908447,0.0343132148815226,0.0367844394850253,0.0316645673545232,0.0304147166156204,0.0355025182521522,0.0351551921510325,0.0359991361576571,0.031113966689942,0.0364164163825578,0.0340351326620759,0.040429815227128,0.0299734273204205,0.028990238331374,0.036210103013305,0.0356795590029626,0.0338723825547737,0.0329089021378272,0.0331239537243338,0.0324800906685301,0.0325648611587211,0.0314108551030213,0.0319829481960532,0.0322263471336063,0.0318489933892166,0.0314984762347268,0.0318234846909144,0.0319987463707214,0.0319158862204646,0.031472753718244,0.0318244329359349,0.0317205081075087,0.0318875432324323,0.0311574766580345,0.0308876507891771,0.0308646267403785,0.0340176504860464,0.0349303851242452,0.0345376024490784,0.0328782407052928,0.0395402172549531,0.036381780784453,0.0375697945985001,0.0312794265207619,0.0297907842859627,0.0319004774725536,0.0268675557408503,0.054098006195492,0.0533161234338095,0.113024205477756,0.105465541693549,0.0969141231661963,0.0891135926773435,0.0988424040826055,0.0930540091994195,0.093110693462911,0.0914250977985473,0.0949219686189767,0.0893440632787312,0.0923365379296803,0.0981753981022389,0.103865401271947,0.0975181124568396,0.0982917914484526,0.0996416619083798,0.095592960714948,0.0988705542263503,0.0985247457412003,0.099018348582478,0.152439801974206,0.136608695454096,0.139178808791285,0.142901683310116,0.120681609973701,0.115218620930544,0.19774339321998,0.225661919762193,0.220988010194756,0.333918034775184,0.383985008331171,0.364656880110718,0.357924415415434,0.369237723083707,0.328790272282657,0.339737167197388,0.306887837308113,0.359366567071673,0.348670557441487,0.332651001501709,0.338704616426692,0.337825206602527,0.420227949056424,0.396694905714284,0.340290300943925,0.380570636951145,0.33361524033904,0.328115032608211,0.457124151738872,0.465885603732543,0.477286499479713,0.465555322646277,0.647522408721652,0.741382817203079,0.712178978466675,0.738430630077502,0.722267884857644,0.734331218545335,0.744087919616709,1,0.898265248557703,0.796154979344536,0.732557027311677,0.0698763737269315,0.0729910432731231,0.0720500133215046,0.0786253517712983,0.0663999560759204,0.078369961238786,0.0782409031749289,0.0598892335321378,0.0716243051814582,0.0684274056555082,0.0681589537060543,0.0709583313717544,0.0745530357245281,0.072910196190297,0.0717612116175318,0.0676448773510651,0.0667161692467321,0.0695617190659059,0.0745684460574382,0.0686249871556023,0.0705747332213663,0.0688166969855075,0.0697365633862318,0.0704084714033684,0.0650194499576788,0.0654580808039278,0.0623850362984779,0.0688174308501884,0.0736145000396007,0.072447314034639,0.07746978756204,0.0780283218829739,0.077770092094404,0.0773773917857191,0.0735579125114194,0.0674393403544283,0.0599431493202471,0.0668717476859707,0.0650031488057911,0.0689535116950645,0.0682094618519623
"IE.INDIC.URDU",0,0,0,0,0,0,0,0,0,0,0,0,0,0,0,0,0,0,0,0,0,0,0,0,0,0,0,0,0,0,0,0,0,0,0,0,0,0,0.0129305846154456,0.0133700383988912,0.014083908900203,0.0142153272100515,0.0150738469532939,0.0333331344843768,0.0361067568817164,0.0451645013861615,0.036389481097066,0.0395877790031088,0.0331740152940175,0.0355631951792195,0.0306133029307916,0.0294049472675067,0.0343238337631618,0.033988038897238,0.034803963941852,0.0300809822219691,0.0352073904529074,0.0329051654111728,0.0390875443560166,0.0289783087878832,0.0280277616977269,0.0350079266926452,0.0344949967566419,0.032747818611481,0.0318163257683408,0.0320242376368266,0.0314017508504897,0.031483706958298,0.0303680139323499,0.0309211135204641,0.0311564316072366,0.0307916060165462,0.0304527260403034,0.0307669442076621,0.0309363871953403,0.0308562780041329,0.0304278575120077,0.0307678609709243,0.0306673864493867,0.0308288760040082,0.0301230476580387,0.0298621800147384,0.0298399203649326,0.0328882636438223,0.0337706954693314,0.0333909531887494,0.0317866822961292,0.038227481058644,0.0351739047575211,0.0363224764833936,0.0302409487822904,0.028801729506712,0.0308413808270358,0.0259755522220039,0.0523019510442756,0.0515460268097279,0.109271799044755,0.101964083086183,0.0936965718666296,0.0861550191840215,0.0955608338086538,0.0899646137795586,0.0900194161240924,0.0883897822777097,0.0917705568999265,0.0863778381557109,0.0892709625738197,0.0949159724434251,0.100417067366377,0.0942805086978011,0.0950285015276496,0.0963335562547332,0.0924192720416227,0.0955880493669261,0.095253721732084,0.0957309369467545,0.147378796757178,0.132073283367287,0.134558068877758,0.138157343869968,0.11667497752098,0.111393359849932,0.191178307646801,0.218169938413422,0.213651202759874,0.322831947715435,0.371236696504098,0.352550262621292,0.346041315921342,0.356979021493643,0.317874427065198,0.328457884796489,0.296699153476566,0.347435588106725,0.337094686262292,0.321606979978153,0.327459614737062,0.326609401340931,0.406276370695837,0.38352462497797,0.328992654488883,0.367935682338811,0.322539206062103,0.317221605364738,0.441947618531545,0.450418190101111,0.461440575825913,0.450098874355124,0.626024648646909,0.716768889232256,0.688534618668259,0.713914714792676,0.698288573116117,0.709951403825337,0.719384182178472,0.898265248557703,1,0.769722614228323,0.708236115784764,0.0675564763812316,0.0705677388210215,0.0696579510872021,0.0760149881369207,0.0641954758826995,0.0757680765764398,0.0756433032435127,0.0579009094893052,0.0692463764679933,0.0661556140858183,0.0658960747477631,0.0686025130053358,0.0720778730841899,0.070489575863356,0.0693787376069842,0.0653990657405457,0.0645011907683754,0.0672522682627781,0.0720927717936641,0.066346635875195,0.0682316503230815,0.0665319809339791,0.0674213077473204,0.0680709084015764,0.0628608026019195,0.0632848708931633,0.0603138515417272,0.0665326904343343,0.0711704968073454,0.0700420614067787,0.0748977886881509,0.075437779655738,0.0751881231025713,0.074808460453902,0.0711157879865072,0.0652003525773094,0.0579530352719083,0.0646516039995618,0.0628450426486799,0.066664253391776,0.0659449060219708
"IE.INDIC.GUJARATI",0,0,0,0,0,0,0,0,0,0,0,0,0,0,0,0,0,0,0,0,0,0,0,0,0,0,0,0,0,0,0,0,0,0,0,0,0,0,0.0131345663921602,0.0135809526203634,0.0143060845284508,0.014439575980476,0.0153116389924707,0.0338589693323592,0.0366763460100636,0.0458769776980344,0.0369635302393633,0.0402122817411822,0.0336973400145676,0.0361242095458582,0.0310962320564758,0.0298688144139818,0.0348652970305148,0.0345242049537223,0.0353530013297739,0.0305555139141885,0.0357627919503375,0.0334242489873042,0.0397041558227265,0.0294354456528067,0.0284699035496586,0.0355601816214229,0.0350391601441021,0.0332644200198903,0.0323182327471638,0.0325294244543882,0.0318971178521316,0.0319803668289771,0.0308470735898546,0.0314088984011539,0.0316479286635829,0.0312773478982895,0.0309331220431323,0.0312522970459288,0.0314244130203827,0.0313430400955051,0.0309078612103325,0.0312532282712594,0.0311511687501238,0.0313152058250046,0.0305982429383822,0.030333260071606,0.0303106492727182,0.0334070805922152,0.0343034329029112,0.0339177001348617,0.0322881216450414,0.0388305249068199,0.0357287780134337,0.03689546861856,0.0307180039693216,0.0292560808088343,0.0313279079133605,0.0263853201830794,0.0531270216205048,0.0523591725756712,0.110995576923082,0.103572580725504,0.0951746483627675,0.087514126634201,0.0970683192970767,0.0913838181160947,0.091439484975261,0.0897841434275434,0.0932182502411979,0.0877404606062622,0.0906792244657894,0.0964132851538239,0.102001160616839,0.0957677968789366,0.096527589400055,0.097853231547573,0.0938771989547796,0.0970959641845785,0.0967563624846429,0.097241105835918,0.149703717842081,0.134156757842648,0.136680741191287,0.140336795248763,0.11851554157285,0.113150605646015,0.194194172128016,0.221611599636543,0.217021580297491,0.327924666740416,0.377093007195887,0.358111792210972,0.351500165968536,0.362610415372548,0.322888940510121,0.333639353763998,0.301379624025713,0.352916432992207,0.342412401978151,0.326680374966139,0.332625335855079,0.33176171022398,0.412685437137634,0.389574779456161,0.334182559522914,0.373739919071501,0.327627307046651,0.322225820456237,0.448919403885714,0.457523599903821,0.468719865301556,0.457199246907381,0.635900274838283,0.728076018481821,0.699396348359709,0.725176819042168,0.709304172800103,0.721150986291258,0.730732568039216,0.796154979344536,0.769722614228323,1,0.719408639342483,0.0686221892233528,0.0716809547483387,0.0707568149860614,0.0772141351823358,0.0652081684729436,0.0769633285575329,0.0768365869078673,0.0588143044163146,0.0703387477198013,0.0671992281297452,0.0669355945224147,0.069684727221172,0.0732149115902412,0.0716015587591088,0.0704731968742301,0.066430745128753,0.0655187060536022,0.0683131821793798,0.0732300453289364,0.0673932633145055,0.0693080141283529,0.067581532217456,0.0684848882853794,0.0691447364806052,0.0638524405349115,0.0642831985626266,0.061265310966329,0.0675822529102784,0.0722932213260091,0.0711469846995303,0.0760793117563614,0.0766278211568155,0.0763742262366842,0.0759885743567518,0.0722376494658878,0.066228897237637,0.0588672524904122,0.0656714920745,0.0638364319662103,0.0677158912917327,0.0669851961167871
"IE.INDIC.PUNJABI_MAJHI",0,0,0,0,0,0,0,0,0,0,0,0,0,0,0,0,0,0,0,0,0,0,0,0,0,0,0,0,0,0,0,0,0,0,0,0,0,0,0.0137391499224984,0.0142060832897303,0.0149645929885924,0.0151042290464557,0.0160164330816656,0.0354174962453443,0.0383645566512543,0.0479886930230627,0.0386649599583693,0.0420632513531331,0.0352484271369545,0.0377870053691714,0.0325275902905887,0.0312436746664072,0.0364701451644876,0.036113352633961,0.0369802984718223,0.0319619829152943,0.0374089517371572,0.034962765741364,0.041531736420342,0.030790357959655,0.0297803719947164,0.0371970152634517,0.0366520111897713,0.0347955798534028,0.0338058396209039,0.0340267524733964,0.03336534082523,0.033452421748926,0.0322669630703851,0.0328546486537652,0.0331046814689699,0.0327170428868696,0.032356972330294,0.0326908389448441,0.0328708774102547,0.0327857588931188,0.0323305487424386,0.0326918130344369,0.0325850557179002,0.0327566434123353,0.0320066787546476,0.0317294987378254,0.03170584716483,0.0349448070857819,0.0358824184550754,0.0354789304241789,0.0337743425060362,0.04061789231067,0.0373733721401897,0.0385937654640658,0.0321319523807288,0.0306027369595713,0.0327699301772759,0.0275998353447609,0.055572456157792,0.054769263054203,0.116104698590634,0.108340022194957,0.0995555333640576,0.0915423981473402,0.101536369890635,0.0955902113629547,0.095648440565272,0.0939169037167768,0.0975090823204675,0.0917791502624735,0.0948531852970037,0.100851184553731,0.106696269685771,0.100175984481105,0.100970750219537,0.102357411618515,0.0981983624152059,0.101565287271129,0.101210053719442,0.101717109786484,0.156594573583749,0.140331987679215,0.142972149873648,0.146796491943318,0.123970806892216,0.118358923193689,0.203132921581241,0.231812372107581,0.227011074374292,0.343019025151916,0.394450582219638,0.374595662719244,0.367679703603107,0.379301357312908,0.337751504658208,0.348996758975243,0.315252115254219,0.36916116133742,0.358173630224187,0.341717458680386,0.347936065865263,0.347032687583232,0.431681330192221,0.407506889924226,0.349564968472054,0.390943151592024,0.342707978004141,0.337057861216551,0.469583144882948,0.478583391676469,0.490295020692512,0.478244108725449,0.66517073734356,0.716729814831731,0.68849708344893,0.713875795986453,0.698250506163438,0.685317379739325,0.694422857818249,0.732557027311677,0.708236115784764,0.719408639342483,1,0.0717808656639361,0.0749804260354635,0.0740137481593786,0.0807682985286351,0.0682096976841245,0.0805059472855991,0.0803733717232098,0.0615215243379124,0.073576437274699,0.0702924057319336,0.0700166370809117,0.072892312240437,0.0765849908453166,0.0748973754522386,0.0737170751179668,0.0694885494912109,0.0685345292963645,0.07145763503892,0.076600821189358,0.0704953723479654,0.0724982590600366,0.0706923072604819,0.071637244769649,0.0723274657491332,0.0667915656469786,0.067242151448321,0.0640853506147944,0.070693061126764,0.0756208752175674,0.0744218773681027,0.0795812392288069,0.0801549964935489,0.0798897286100695,0.0794863251905667,0.075562745387097,0.0692774105502835,0.0615769096096004,0.068694348051282,0.0667748202045434,0.070832850877212,0.0700685218345557
"AA.WEST_CHADIC.DYARIM",0,0,0,0,0,0,0,0,0,0,0,0,0,0,0,0,0,0,0,0,0,0,0,0,0,0,0,0,0,0,0,0,0,0,0,0,0,0,0.0118451744978654,0.0122477399582423,0.012901687239699,0.0130220741254173,0.0138085286029992,0.0305351077519436,0.0330759086719911,0.0413733343030081,0.0333349006483931,0.036264729261709,0.0303893452337112,0.0325779742469117,0.0280435824021514,0.0269366576873943,0.0314426464426615,0.0311350386352307,0.0318824738686762,0.0275559453870934,0.0322520362328409,0.0301430629602692,0.0358064849625604,0.0265458317975418,0.0256750748684321,0.032069315720461,0.031599441791491,0.0299989240559227,0.0291456219355121,0.0293360814109058,0.0287658469763414,0.0288409235816942,0.0278188832817823,0.028325554969935,0.0285411201499498,0.0282069184946083,0.0278964845450378,0.0281843268300894,0.0283395465526448,0.0282661618313074,0.027873703513404,0.0281851666390491,0.0280931260797398,0.0282410599907704,0.0275944797956597,0.0273555097221762,0.0273351185763732,0.0301275799492884,0.0309359392978007,0.0305880730789495,0.0291184667749751,0.0350186164987929,0.0322213613703479,0.0332735204892808,0.0277024841459494,0.0263840748112659,0.0282525151426627,0.0237951305295602,0.0479116571387059,0.0472191861691655,0.0749816454241209,0.0699671350778475,0.0642940190476941,0.0591190513603493,0.0655732642796436,0.0617331720545204,0.0617707770907893,0.0606525322343047,0.0629723992649382,0.059271948386618,0.0612571928063393,0.0651307643239552,0.0689055822784783,0.0646947129578132,0.0652079810987039,0.0661035017331283,0.0634175436586531,0.0655919394305813,0.0653625258363112,0.0656899880207927,0.0770248472438307,0.0690256990842271,0.0703243270319977,0.0722054226343747,0.060978054635211,0.0582177132342489,0.063086366502616,0.0719932552182137,0.0609202500105405,0.0687020379987754,0.0790030782586792,0.0750264083542195,0.073641235955154,0.0759688948785206,0.0676470254001075,0.0698992966525626,0.0631407041979599,0.0678146968736117,0.0657962936127329,0.0627733041928816,0.0639156588211169,0.0637497087408425,0.0792996165873085,0.0748587855613035,0.0642148873101485,0.0718160361831655,0.0629552620333125,0.0619173387700343,0.0719937280712521,0.0649029054005986,0.0664911735338751,0.0648568936716982,0.0689351338384973,0.0683666643485876,0.0656736304742469,0.0680944282222232,0.0666039796283827,0.0653703282650405,0.066238871962642,0.0698763737269315,0.0675564763812316,0.0686221892233528,0.0717808656639361,1,0.411169082301152,0.405868124755209,0.294934395921141,0.249075272711095,0.293976391273358,0.29349227691018,0.224652666297248,0.268672517274208,0.256680512033339,0.255673512232863,0.266174358870598,0.279658584160734,0.273496069466578,0.269186071949786,0.253745141856128,0.2502614313535,0.260935476023249,0.279716390416928,0.257421667132332,0.264735429998263,0.258140796797274,0.261591340866252,0.264111759289627,0.243896806365617,0.245542170370437,0.234014762168946,0.0860802844644824,0.0920806985357276,0.0906207239030102,0.096903084993984,0.0976017276581345,0.0972787209230286,0.0967875117357156,0.0920099160252095,0.084356499946123,0.0749798892727727,0.0836465266478296,0.0813091897090817,0.0862505011914423,0.0853198064334613
"AA.WEST_CHADIC.KANO",0,0,0,0,0,0,0,0,0,0,0,0,0,0,0,0,0,0,0,0,0,0,0,0,0,0,0,0,0,0,0,0,0,0,0,0,0,0,0.0123731613167293,0.012793670730304,0.0134767670584803,0.0136025200693523,0.0144240299695348,0.0318961796727093,0.0345502342552827,0.0432175093439392,0.034820770540277,0.0378811933368731,0.0317439199358563,0.034030104900686,0.0292935970697046,0.0281373322917031,0.0328441709938544,0.0325228518757349,0.0333036032879572,0.028784224121893,0.033689638525279,0.0314866598761335,0.0374025232559166,0.0277290857282801,0.0268195156790186,0.0334987734286137,0.0330079553387056,0.0313360961241333,0.0304447589142298,0.0306437079304533,0.0300480558656829,0.0301264789357111,0.0290588822105393,0.0295881382829816,0.0298133120655268,0.0294642137052956,0.029139942472574,0.0294406150399018,0.0296027535265118,0.0295260977545387,0.0291161459992154,0.0294414922825069,0.0293453491072229,0.0294998770245387,0.0288244761632219,0.0285748542374651,0.0285535541767105,0.0314704867254071,0.0323148778842568,0.0319515058762495,0.0304163933395423,0.036579536342527,0.0336575963614373,0.0347566544218964,0.0289372946995198,0.0275601185859505,0.0295118427783819,0.0248557746994723,0.0500472713876746,0.0493239342165067,0.078323877355596,0.0730858502205775,0.0671598607113254,0.0617542240095683,0.0684961270214098,0.064484866521944,0.0645241477651338,0.0633560582613971,0.0657793310471684,0.0619139362680253,0.0639876709743206,0.0680339030722932,0.0719769797657617,0.0675784151521594,0.0681145617076299,0.0690499992796294,0.0662443173074945,0.0685156345985423,0.0682759951225122,0.0686180536067032,0.0804581528550798,0.0721024506581194,0.0734589636492176,0.0754239072086894,0.0636960904980981,0.0608127096370136,0.0658983782606023,0.0752022826419271,0.0636357092900348,0.0717643627031499,0.0825245615409873,0.0783706355485817,0.0769237204737378,0.079355132468076,0.0706623239719473,0.0730149879652621,0.065955138004428,0.0708374692338644,0.0687290976641954,0.0655713615111885,0.0667646354556639,0.0665912883163601,0.0828343177693471,0.0781955411371414,0.0670772017556383,0.0750171642454491,0.0657614299405645,0.064677242284803,0.0752027765719173,0.0677958875650792,0.069454951163576,0.0677478249093329,0.0720078485570439,0.0714140401075729,0.0686009669388628,0.0711296693278637,0.069572785477043,0.0682841453367068,0.0691914035018768,0.0729910432731231,0.0705677388210215,0.0716809547483387,0.0749804260354635,0.411169082301152,1,0.963555091476919,0.308080801953742,0.260177554143934,0.307080095205915,0.306574401928671,0.234666334449536,0.280648326304064,0.268121789410659,0.267069903600158,0.278038814985495,0.292124086146004,0.285686883516254,0.28118477216622,0.265055578040494,0.261416584622746,0.272566414169333,0.292184469058313,0.26889598075771,0.276535747296293,0.269647164908992,0.273251513532446,0.275884277088922,0.254768262834853,0.256486967296323,0.244445736391152,0.0899172271426582,0.0961851036761841,0.0946600521328573,0.101222443192826,0.101952227155725,0.101614822718114,0.101101718372038,0.0961111661059776,0.0881166066516064,0.078322042925556,0.0873749870028678,0.0849334656052818,0.0900950311101608,0.0891228515631893
"AA.WEST_CHADIC.HAUSA_2",0,0,0,0,0,0,0,0,0,0,0,0,0,0,0,0,0,0,0,0,0,0,0,0,0,0,0,0,0,0,0,0,0,0,0,0,0,0,0.0122136415335734,0.0126287295702864,0.0133030191452527,0.0134271508976191,0.0142380695610284,0.0314849612674331,0.034104798708513,0.0426603317930605,0.0343718471306715,0.0373928137229572,0.0313346645244815,0.0335913750712132,0.0289159322084135,0.0277745744620053,0.032420730702343,0.0321035541598138,0.032874239810119,0.0284131263019667,0.0332552981255554,0.0310807211651468,0.0369203148496301,0.0273715911778368,0.0264737476722863,0.0330668937386516,0.032582403473401,0.0309320985417277,0.0300522528104207,0.0302486368957333,0.0296606642174815,0.0297380762256796,0.0286842433878231,0.0292066760776432,0.0294289468290192,0.0290843491855651,0.0287642585882853,0.0290610547636779,0.0292211028955627,0.0291454354007007,0.0287407689086533,0.0290619206965177,0.0289670170378036,0.0291195527189211,0.0284528593977537,0.0282064556984831,0.0281854302466976,0.0310647565251988,0.0318982614528655,0.0315395741832559,0.0300242529361559,0.0361079382152632,0.0332236690622057,0.0343085576231334,0.028564223432006,0.0272048024280146,0.0291313642054425,0.0245353240330069,0.0494020417915398,0.0486880301747504,0.0773140943573902,0.072143597979577,0.0662940087157676,0.0609580636613114,0.0676130473419507,0.0636535016297311,0.0636922764432999,0.0625392464202871,0.0649312773965144,0.0611157168449545,0.0631627161275207,0.0671567825703027,0.071049023529636,0.0667071669840364,0.0672364013220002,0.0681597788557586,0.0653902688665425,0.0676323034195357,0.0673957534722261,0.0677334020005595,0.0794208539168359,0.0711728768006737,0.0725119010794979,0.0744515117945578,0.0628748948243299,0.0600286876715599,0.0650487898052863,0.0742327445010441,0.0628152920751399,0.0708391476118985,0.0814606216290221,0.0773602497249042,0.0759319888624379,0.0783320541132745,0.069751316808236,0.0720736493090208,0.0651048177796156,0.0699242040268377,0.0678430144333022,0.0647259890876222,0.0659038788634122,0.0657327665853023,0.0817663843552273,0.0771874127011945,0.066212415432656,0.0740500127255524,0.0649136070781926,0.0638433972067111,0.0742332320630898,0.0669218356549486,0.0685595099367866,0.0668743926423336,0.0710794943480181,0.0704933415164341,0.0677165356209283,0.0702126369594432,0.0686758250827869,0.067403798610574,0.0682993600377746,0.0720500133215046,0.0696579510872021,0.0707568149860614,0.0740137481593786,0.405868124755209,0.963555091476919,1,0.304108900071585,0.256823240241718,0.303121094838523,0.302621921162848,0.231640921474862,0.277030094955658,0.264665055225166,0.263626730750536,0.274454226508867,0.288357904675985,0.28200369305729,0.277559624741524,0.261638374687936,0.258046296640161,0.269052378089881,0.28841750910745,0.265429265385305,0.272970536974182,0.266170764967716,0.26972864487585,0.272327465783324,0.251483687696609,0.253180233927374,0.241294243424696,0.0887579780058689,0.0949450465486249,0.0934396565845231,0.0999174426537322,0.100637817947615,0.100304763464017,0.0997982742659966,0.0948720622113768,0.0869805718399944,0.0773122835775617,0.0862485134507046,0.0838384691311218,0.0889334896529519,0.0879738438365729
"AA.EGYPTIAN_COPTIC.LATE_EGYPTIAN",0,0,0,0,0,0,0,0,0,0,0,0,0,0,0,0,0,0,0,0,0,0,0,0,0,0,0,0,0,0,0,0,0,0,0,0,0,0,0.0133282676534791,0.013781236936871,0.0145170626860054,0.0146525227955303,0.0155374465065636,0.0343583025323156,0.0372172283102939,0.0465535457841278,0.0375086477724734,0.0408053100499377,0.0341942895954697,0.0366569492453857,0.0315548219475895,0.030309303034112,0.0353794709902354,0.0350333486776873,0.0358743676805561,0.0310061295956441,0.0362902016646926,0.0339171711740118,0.0402896905737676,0.0298695431920934,0.0288897618123942,0.0360846033516227,0.0355558981400758,0.033754985138107,0.0327948440230763,0.0330091502678383,0.0323675187603857,0.0324519954467222,0.0313019890308333,0.0318720993211762,0.0321146546686322,0.0317386087848481,0.0313893064787194,0.0317131884964851,0.0318878427413584,0.0318052697739583,0.0313636731132428,0.0317141334550077,0.0316105688169627,0.0317770250191568,0.0310494887636609,0.0307805980773199,0.0307576538269779,0.0338997495890051,0.0348093208037733,0.0344178994639451,0.0327642888592098,0.0394031758362497,0.0362556861092136,0.0374395824168377,0.0311710159635059,0.0296875331754158,0.031789914430829,0.0267744361726881,0.0539105093117432,0.053131336457349,0.0843698368049407,0.0787274770357101,0.072344049852535,0.0665211424358931,0.0737834649366211,0.0694625681022428,0.0695048815344848,0.0682466251236537,0.0708569546473206,0.0666931831677454,0.0689269931456726,0.0732855610984691,0.0775330108975506,0.072794913255362,0.0733724459173778,0.0743800915799194,0.0713578340243992,0.0738044783383411,0.0735463406647822,0.0739148032519689,0.0866688608275987,0.077668167111331,0.079129391753762,0.0812460128026778,0.0686129050537015,0.0655069508937494,0.0709851913269719,0.0810072806412857,0.0685478629127557,0.0773039815455808,0.0888947792765896,0.0844202043460366,0.0828615993221694,0.0854806963343941,0.0761168744839353,0.0786511447968267,0.0710463324564123,0.0763055395202436,0.074034418997832,0.0706329315728326,0.071918316456192,0.0717315883427807,0.0892284461393445,0.0842315940854439,0.0722550103049891,0.0808078726264153,0.0708376717224478,0.0696697936925178,0.0810078126986107,0.0730291727507687,0.0748163024202908,0.0729774000531107,0.0775662625057545,0.0769266169255464,0.0738963976338368,0.0766202950593902,0.0749432325740687,0.0735551200085116,0.0745324110456728,0.0786253517712983,0.0760149881369207,0.0772141351823358,0.0807682985286351,0.294934395921141,0.308080801953742,0.304108900071585,1,0.628262671940113,0.443721324959458,0.442990613674341,0.339085660291673,0.405528229082348,0.387427767234541,0.385907824480752,0.401757565213705,0.422110350299184,0.412808789812204,0.406303376910034,0.382997185790105,0.377738951843815,0.393850113774275,0.422197601756615,0.388546450000532,0.399585678474811,0.389631888073854,0.39484006135432,0.398644323994011,0.368132330644538,0.370615805909668,0.35321659633927,0.096858097889313,0.103609802964462,0.101967029979086,0.109035983680983,0.109822100966433,0.109458651679962,0.108905939896482,0.103530158021659,0.0949184842988371,0.0843678607719821,0.0941196177098998,0.0914896309316037,0.0970496268614214,0.0960024030454872
"AA.EGYPTIAN_COPTIC.MIDDLE_EGYPTIAN",0,0,0,0,0,0,0,0,0,0,0,0,0,0,0,0,0,0,0,0,0,0,0,0,0,0,0,0,0,0,0,0,0,0,0,0,0,0,0.0112558655296495,0.0116384029662825,0.0122598157335561,0.0123742132544556,0.0131215408557879,0.0290159564007413,0.0314303500003306,0.0393149706246891,0.031676456873654,0.0344605236598668,0.0288774457097605,0.0309571882978764,0.0266483868637938,0.0255965327317169,0.0298783441576727,0.0295860401382651,0.0302962897408607,0.0261850102651829,0.0306474660174623,0.028643416219296,0.0340250774609211,0.0252251508105407,0.0243977148867528,0.0304738360285392,0.0300273387851826,0.0285064483658289,0.0276955988570068,0.0278765827879962,0.0273347180719476,0.0274060595430611,0.0264348667435152,0.0269163310216949,0.027121171624048,0.0268035968265651,0.0265086072683418,0.0267821291193598,0.0269296265095374,0.0268598927495617,0.02648695961522,0.0267829271470058,0.0266954656951676,0.02683603975004,0.0262216275493914,0.0259945464698154,0.0259751698033767,0.0286287035031916,0.0293968461867907,0.0290662866511416,0.0276697946921551,0.033276406220593,0.030618317259255,0.0316181304372404,0.0263242585780603,0.0250714413918798,0.0268469249969686,0.0226112996097654,0.0455280055311241,0.0448699856667702,0.0712512355337489,0.0664862019612286,0.0610953289790693,0.056177820974478,0.0623109305147718,0.0586618866180163,0.0586976207671043,0.0576350096813765,0.059839461067735,0.0563231112247714,0.0582095878010258,0.0618904453628644,0.0654774624475579,0.0614760879768927,0.0619638205278618,0.0628147881385056,0.0602624590943014,0.0623286765587611,0.0621106765142499,0.0624218471361122,0.0731927860728932,0.0655916033252295,0.0668256232677626,0.0686131325317744,0.0579443370257858,0.0553213252980351,0.0599477583243366,0.0684115206512139,0.0578894082374932,0.065284044694018,0.0750725981679983,0.071293771464477,0.0699775127413934,0.0721893683662324,0.0642815199996935,0.0664217385636749,0.0599993926664134,0.0644408496540825,0.062522863921314,0.0596502711694276,0.0607357925422791,0.0605780986401302,0.0753543834259563,0.0711344880687696,0.0610201341225392,0.0682431184357669,0.0598231764300739,0.0588368908600589,0.0684119699793531,0.0616739226428745,0.0631831728895813,0.0616302000423013,0.0655055437886833,0.0649653562095738,0.062406303393439,0.0647066640956481,0.0632903667710164,0.0621180907645506,0.0629434235672533,0.0663999560759204,0.0641954758826995,0.0652081684729436,0.0682096976841245,0.249075272711095,0.260177554143934,0.256823240241718,0.628262671940113,1,0.374727436170435,0.374110342623088,0.286361490818291,0.342472955503434,0.327186920597744,0.325903312577991,0.339288589270222,0.35647673539934,0.348621467424585,0.343127576189398,0.323445246866896,0.319004611687467,0.332610661395535,0.356550420194518,0.328131660237711,0.337454407536016,0.329048324376796,0.333446682784968,0.336659423542065,0.310891716656798,0.312989038256069,0.298295218448551,0.081797706472015,0.0874995940989405,0.0861122546261849,0.0920820621339972,0.0927459466451432,0.0924390098097104,0.0919722387578935,0.0874323330872613,0.0801596819123732,0.0712495667526408,0.0794850304771688,0.0772639783276399,0.0819594547510211,0.0810750629637265
"AA.SEMITIC.AKKADIAN",0,0,0,0,0,0,0,0,0,0,0,0,0,0,0,0,0,0,0,0,0,0,0,0,0,0,0,0,0,0,0,0,0,0,0,0,0,0,0.0132849748312938,0.01373647278179,0.0144699084248623,0.0146049285334367,0.0154869778390436,0.0342467000404696,0.0370963394679209,0.0464023307551289,0.0373868123426455,0.0406727664157509,0.0340832198497461,0.0365378802990833,0.03145232570943,0.0302108524851786,0.0352645515433567,0.034919553503829,0.0357578407123572,0.0309054156176436,0.0361723239863188,0.0338070015631636,0.0401588217725656,0.0297725210692046,0.028795922211207,0.0359673934968131,0.035440405623281,0.0336453423392494,0.0326883199504963,0.0329019300866275,0.0322623827239027,0.0323465850134267,0.0312003140434764,0.031768572504004,0.0320103399842143,0.0316355155710671,0.0312873478672004,0.0316101778527765,0.0317842647864759,0.0317019600322366,0.0312617977639123,0.0316111197418888,0.0315078915020597,0.0316738070219273,0.0309486339465956,0.0306806166698359,0.0306577469469101,0.0337896365668751,0.0346962533163002,0.0343061033895998,0.0326578640357828,0.0392751866084397,0.0361379205441199,0.0373179713248035,0.031069766402308,0.0295911022566875,0.0316866545662675,0.026687467563228,0.0537353974251702,0.0529587554767207,0.0840957870606258,0.0784717547803492,0.0721090622181435,0.0663050687445544,0.0735438018002884,0.0692369400845913,0.0692791160745231,0.0680249467268027,0.0706267973892364,0.0664765506544347,0.0687031047803124,0.0730475152512614,0.0772811685020086,0.072558461128387,0.0731341178512716,0.0741384904834668,0.0711260498120572,0.0735647469463665,0.0733074477544986,0.0736747135030801,0.0863873434032521,0.0774158857019515,0.0788723640007268,0.0809821098501729,0.0683900369079429,0.0652941714950552,0.0707546175310515,0.08074415313757,0.0683252060366022,0.0770528830822038,0.0886060316334241,0.0841459909980894,0.0825924486284177,0.0852030383008902,0.0758696319766563,0.0783956704835187,0.0708155600621358,0.0760576841919978,0.0737939407135873,0.0704035019855442,0.0716847116872039,0.0714985901032548,0.0889386146808975,0.0839579933805412,0.0720203118884764,0.0805453928389635,0.070607577099078,0.0694434925655872,0.0807446834666686,0.0727919597030992,0.0745732844256457,0.0727403551732971,0.0773143121024805,0.0766767442163198,0.0736563676699983,0.0763714173435437,0.0746998022854392,0.0733161985812011,0.0742903151857808,0.078369961238786,0.0757680765764398,0.0769633285575329,0.0805059472855991,0.293976391273358,0.307080095205915,0.303121094838523,0.443721324959458,0.374727436170435,1,0.959767680967216,0.550636207495512,0.658531315957743,0.629138242664049,0.626670030021742,0.652408190460239,0.685458778272767,0.670354111251653,0.659790067093719,0.621943486738759,0.613404718110741,0.639567396579962,0.685600464628885,0.630954855124529,0.648881295586577,0.632717482018426,0.641174957868831,0.64735264391558,0.597804667493839,0.601837546384157,0.573583226331158,0.0965434838285703,0.10327325804407,0.101635821106905,0.108681813463516,0.109465377286149,0.109103108554102,0.108552192086681,0.103193871803632,0.0946101704826922,0.084093817446209,0.0938138987688042,0.091192454702352,0.0967343906770879,0.0956905684490892
"AA.SEMITIC.AKKADIAN_2",0,0,0,0,0,0,0,0,0,0,0,0,0,0,0,0,0,0,0,0,0,0,0,0,0,0,0,0,0,0,0,0,0,0,0,0,0,0,0.013263097403986,0.0137138518368078,0.0144460796729275,0.0145808774331235,0.0154614741978102,0.0341903032689151,0.0370352499679105,0.0463259163372697,0.0373252444977919,0.0406057873283256,0.0340270922940565,0.0364777104583139,0.0314005306568907,0.0301611018655843,0.0352064785945759,0.0348620486908277,0.0356989554249703,0.0308545212055594,0.0361127561362766,0.0337513288781503,0.0400926890387627,0.0297234922849026,0.0287485016701117,0.0359081631221477,0.0353820430815653,0.0335899358713697,0.0326344894876906,0.0328477478549788,0.0322092536858893,0.0322933173127894,0.0311489339986411,0.0317162566626528,0.0319576260050765,0.0315834188451764,0.0312358244968281,0.0315581228525267,0.031731923103392,0.0316497538869539,0.0312103164689323,0.0315590631905551,0.0314560049448993,0.0316216472384514,0.0308976683634432,0.030630092452103,0.0306072603905734,0.0337339924781857,0.0346391162295221,0.0342496087938138,0.0326040837271602,0.0392105090271165,0.0360784093489691,0.0372565168459429,0.0310186013406825,0.0295423722292091,0.0316344736257159,0.0266435191825153,0.0536469070617367,0.0528715440715079,0.0839572998228497,0.0783425290849509,0.071990314475905,0.0661958789011396,0.0734226913579837,0.0691229220948735,0.0691650286302398,0.0679129246231833,0.0705104906106774,0.0663670784180862,0.0685899658997545,0.0729272220835874,0.0771539034399641,0.072438973325131,0.0730136820681911,0.0740164007198911,0.0710089208747265,0.0734436020120196,0.0731867265352463,0.0735533874780363,0.0862450824769335,0.0772883987903524,0.0787424785901835,0.0808487501529225,0.0682774135812124,0.0651866463767433,0.0706381002608734,0.0806111853026113,0.0682126894720366,0.0769259939559619,0.0884601170162939,0.0840074210854865,0.0824564370579039,0.0850627276642121,0.0757446914043543,0.0782665700821985,0.0706989424330326,0.0759324339391188,0.0736724183475896,0.0702875629253304,0.0715666627568195,0.0713808476741228,0.0887921523727451,0.0838197330586048,0.0719017102984821,0.0804127523184364,0.0704913019721033,0.0693291344294299,0.0806117147583748,0.0726720873791227,0.0744504786522179,0.0726205678306144,0.0771869924602264,0.0765504745079391,0.0735350718565007,0.0762456504412691,0.074576788164964,0.0731954629512648,0.0741679754003623,0.0782409031749289,0.0756433032435127,0.0768365869078673,0.0803733717232098,0.29349227691018,0.306574401928671,0.302621921162848,0.442990613674341,0.374110342623088,0.959767680967215,1,0.549729430948661,0.657446859932968,0.62810219055667,0.62563804251692,0.651333817874437,0.684329978648786,0.669250185687198,0.658703538183084,0.620919282809622,0.612394575652727,0.63851416995328,0.684471431678684,0.629915811456567,0.647812731019775,0.631675535692218,0.640119083942799,0.646286596701368,0.596820214883018,0.600846452510113,0.572638661098751,0.0963844979760322,0.103103189735745,0.101468449296542,0.108502838455741,0.109285111921351,0.10892343976611,0.108373430536762,0.103023934226958,0.0944543683713898,0.083955333451954,0.0936594079416224,0.0910422808161304,0.0965750904430206,0.095532987160312
"AA.SEMITIC.AMHARIC",0,0,0,0,0,0,0,0,0,0,0,0,0,0,0,0,0,0,0,0,0,0,0,0,0,0,0,0,0,0,0,0,0,0,0,0,0,0,0.0101521928499585,0.010497221299241,0.0110577026088453,0.011160883096447,0.0118349328983781,0.0261708514845315,0.0283485062703113,0.0354600152801156,0.028570481598028,0.0310815619628694,0.0260459221982927,0.027921739546786,0.024035429516184,0.0230867129585154,0.0269486794353672,0.0266850367356542,0.0273256441521308,0.0236174884365875,0.0276423865008199,0.0258348400284218,0.0306888126202414,0.0227517461916472,0.0220054429378325,0.0274857814732065,0.0270830646754987,0.0257113022996724,0.0249799591111657,0.0251431970039166,0.0246544638113049,0.0247188100289313,0.0238428457088611,0.0242771009146976,0.0244618562578663,0.0241754206585922,0.0239093557455104,0.0241560579269551,0.0242890927385388,0.0242261965909648,0.0238898307122145,0.0241567777055044,0.0240778921214807,0.0242046824523536,0.0236505152820084,0.0234457002096926,0.0234282234857608,0.0258215699399649,0.0265143938405028,0.0262162466970901,0.0249566851250634,0.0300135509273039,0.0276160958691596,0.0285178742504046,0.0237430830185979,0.0226131084603249,0.0242145003669109,0.0203941912438322,0.0410638427589977,0.040470343792221,0.0642648299263185,0.0599670227397166,0.0551047416472188,0.0506694106216019,0.0562011496654781,0.0529099058903778,0.052942136194828,0.0519837174363241,0.0539720154968969,0.0508004547102428,0.052501956381404,0.0558218943926195,0.0590571932778078,0.0554481660391571,0.0558880748941091,0.056655602479577,0.0543535372492261,0.0562171556545715,0.0560205311935429,0.0563011905665664,0.0660160053867406,0.0591601422868496,0.0602731627297725,0.0618854011419615,0.0522627142709911,0.0498968970144076,0.0540696938701188,0.0617035579343555,0.0522131714215058,0.0588827407375415,0.0677114960498905,0.0643031950765299,0.0631159996216814,0.0651109759120859,0.0579785167125815,0.0599088801791107,0.0541162653041026,0.0581222235980106,0.0563923023412895,0.0538013762574868,0.0547804588780913,0.0546382273542995,0.0679656513854824,0.0641595299139745,0.05503691988062,0.0615516680807432,0.0539573276186887,0.0530677504213112,0.0617039632044709,0.0556266023998407,0.0569878659582098,0.0555871669364593,0.0590825211559562,0.0585953006517821,0.0562871709362845,0.05836197410551,0.0570845491456376,0.0560272184535046,0.0567716248038082,0.0598892335321378,0.0579009094893052,0.0588143044163146,0.0615215243379124,0.224652666297248,0.234666334449536,0.231640921474862,0.339085660291673,0.286361490818291,0.550636207495512,0.549729430948661,1,0.581754215811562,0.555788033353868,0.553607585628169,0.576344975604154,0.605542248883443,0.592198610540013,0.582866211190167,0.549432102375573,0.541888854959975,0.56500126909666,0.605667416256653,0.557392849908177,0.573229275694738,0.558949974985723,0.56642140741706,0.571878847047595,0.5281075889923,0.531670281060919,0.506710086446915,0.0737771865344996,0.078919986316965,0.0776686798013821,0.0830531290857836,0.0836519176524648,0.0833750769299223,0.082954074233831,0.0788593204570139,0.0722997753857393,0.0642633247743966,0.071691275625445,0.0696880045582457,0.0739230748908676,0.0731254004733931
"AA.SEMITIC.UGARITIC",0,0,0,0,0,0,0,0,0,0,0,0,0,0,0,0,0,0,0,0,0,0,0,0,0,0,0,0,0,0,0,0,0,0,0,0,0,0,0.012141477124703,0.0125541126100851,0.0132244181391424,0.0133478164579537,0.0141539438012783,0.0312989320957133,0.0339032902041346,0.0424082728458907,0.0341687607683322,0.0371718779528266,0.0311495233823949,0.0333929001349302,0.0287450821675783,0.0276104681434951,0.0322291725286525,0.0319138700265261,0.0326800020738599,0.0282452470942705,0.0330588089028741,0.0308970804496416,0.0367021708432656,0.0272098658896203,0.0263173273003519,0.0328715177049543,0.0323898900547148,0.0307493359643056,0.0298746888092727,0.0300699125574828,0.0294854139209934,0.0295623685396573,0.0285147622824307,0.0290341081740889,0.0292550656367673,0.028912504051533,0.0285943047123742,0.0288893472649433,0.0290484497510272,0.028973229338227,0.0285709538217218,0.0288902080814112,0.0287958651618028,0.0289474995845012,0.0282847454267101,0.0280397976058729,0.0280188963831549,0.0308812101369098,0.0317097902933499,0.0313532223306407,0.0298468543725123,0.0358945941434177,0.0330273667201246,0.0341058452074084,0.0283954514655825,0.0270440626125994,0.0289592412827502,0.024390356854265,0.049110149391302,0.0484003565184565,0.0768572833480515,0.0717173368937517,0.0659023099797704,0.0605978924037949,0.0672135550545812,0.0632774043531723,0.0633159500654128,0.0621697327304743,0.0645476303705525,0.06075461409221,0.0627895186614363,0.066759986127366,0.0706292297466154,0.0663130270987622,0.066839134450966,0.0677570562004111,0.0650039098854262,0.0672326973574616,0.0669975450676049,0.0673331985966266,0.0789515951000336,0.0707523512295073,0.072083463871554,0.0740116143795735,0.0625033979529575,0.0596740076402869,0.0646644484562193,0.0737941396745457,0.0624441473671375,0.0704205938825914,0.0809793108266774,0.076903166006169,0.0754833440356227,0.0778692284797277,0.06933919053684,0.0716478015155333,0.0647201453887674,0.0695110562497837,0.0674421633833423,0.0643435550094465,0.0655144852130932,0.0653443839533898,0.0812832669511143,0.0767313501915403,0.0658211987912927,0.0736124875713633,0.0645300644574626,0.0634661779304587,0.0737946243558267,0.0665264273979364,0.0681544254668164,0.0664792647027804,0.070659520527898,0.0700768309854962,0.0673164318721484,0.0697977849738594,0.0682700533637493,0.0670055426711819,0.0678958126657804,0.0716243051814582,0.0692463764679934,0.0703387477198013,0.0735764372746991,0.268672517274208,0.280648326304064,0.277030094955658,0.405528229082348,0.342472955503434,0.658531315957743,0.657446859932968,0.581754215811563,1,0.819670254557219,0.816454553543315,0.84998741339479,0.804632480241385,0.786901719364641,0.774501012974103,0.730074435060254,0.720051118126912,0.71160605657742,0.762824130234117,0.702023428233663,0.721969040961709,0.70398459132592,0.713394688011099,0.720268207252398,0.665139318097934,0.669626446521208,0.638189657557752,0.0882335507089223,0.09438406290255,0.0928875675483465,0.0993270795613547,0.100043198511452,0.0997121118832115,0.0992086152810906,0.0943115097939032,0.0864666463630766,0.0768554832672316,0.0857389133472454,0.0833431087958101,0.0884080253438884,0.087454049603291
"AA.SEMITIC.PHOENICIAN",0,0,0,0,0,0,0,0,0,0,0,0,0,0,0,0,0,0,0,0,0,0,0,0,0,0,0,0,0,0,0,0,0,0,0,0,0,0,0.0115995509954937,0.011993768791737,0.012634155713938,0.0127520462372333,0.0135221926643704,0.0299019266947391,0.032390041145632,0.0405154099830133,0.0326436626214694,0.0355127378228806,0.0297591867322528,0.0319024319713509,0.0274620660277064,0.0263780946873678,0.0307906465126922,0.0304894173117591,0.0312213536042757,0.0269845407346451,0.0315832526619819,0.0295180114088676,0.0350639957534981,0.0259953730279679,0.0251426722589157,0.0314043210724426,0.030944190527171,0.0293768613927406,0.0285412534865802,0.0287277635627131,0.0281693536039313,0.0282428734083475,0.0272420263055534,0.0277381915655722,0.0279492867502724,0.0276220151558683,0.0273180184161475,0.0275998919558507,0.027751893016503,0.0276800300129148,0.0272957097757628,0.0276007143503925,0.0275105823593817,0.0276554486883051,0.0270222760873262,0.0267882613369088,0.0267682930252861,0.0295028494561697,0.0302944465312016,0.0299537937239423,0.0285146614199546,0.0342924646608275,0.0315532138785236,0.0325835552515135,0.0271280408415007,0.0258369702613795,0.0276666663042685,0.023301710757558,0.0469181530723063,0.0462400412956051,0.0734268135923073,0.0685162849640029,0.0629608076084793,0.0578931489091326,0.0642135261991944,0.0604530627631562,0.0604898880151579,0.0593948312694275,0.0616665931526692,0.0580428754373136,0.0599869534995849,0.0637802019959557,0.0674767446994918,0.0633531926632413,0.0638558175908603,0.0647327685609279,0.0621025069584291,0.0642318140991058,0.0640071576631644,0.0643278295374937,0.0754276472403114,0.0675943707432406,0.0688660701265679,0.0707081590186397,0.0597136035838555,0.0570105010798609,0.0617781971468102,0.0705003911411985,0.0596569976054665,0.0672774211477214,0.0773648573288363,0.0734706483108655,0.072114199076335,0.0743935912783301,0.0662442854652253,0.0684498532475527,0.0618314080866941,0.0664084800752543,0.0644319307590535,0.0614716265490377,0.0625902931222942,0.0624277842103997,0.0776552465895158,0.073306501371976,0.0628833167597639,0.0703268469494448,0.0616498112815199,0.0606334105671215,0.070500854189078,0.0635570679930139,0.0651124015349367,0.0635120103709529,0.0675056834734624,0.0669490018611503,0.0643118111837452,0.0666824108682402,0.0652228684635648,0.0640147982994379,0.0648653317309174,0.0684274056555082,0.0661556140858183,0.0671992281297452,0.0702924057319336,0.256680512033339,0.268121789410659,0.264665055225166,0.387427767234541,0.327186920597744,0.629138242664049,0.62810219055667,0.555788033353868,0.819670254557219,1,0.813401402074045,0.846808864988385,0.768718286196072,0.75177892512276,0.739931715373913,0.697488085923055,0.687912152556946,0.679844030276823,0.728776021925766,0.670689115680961,0.689744470280658,0.672562743664233,0.681552827428439,0.688119552064912,0.635451301364915,0.63973815002711,0.609704519607113,0.0842953094133228,0.0901712979034907,0.0887415975468278,0.094893686556575,0.0955778420506035,0.0952615332367128,0.0947805098445526,0.0901019831508467,0.0826072695765475,0.0734250938568046,0.0819120184022844,0.0796231488698394,0.0844619964980098,0.0835506007808437
"AA.SEMITIC.BIBLICAL_HEBREW",0,0,0,0,0,0,0,0,0,0,0,0,0,0,0,0,0,0,0,0,0,0,0,0,0,0,0,0,0,0,0,0,0,0,0,0,0,0,0.0115540440520738,0.0119467152671646,0.0125845898463062,0.0127020178657188,0.0134691428819496,0.0297846165258567,0.0322629696951636,0.0403564613762573,0.0325155961723018,0.0353734155205417,0.0296424365556838,0.0317772734917478,0.0273543278328918,0.0262746090901298,0.0306698497500194,0.0303698023207091,0.0310988671069524,0.0268786759499738,0.0314593463752247,0.0294022074026979,0.0349264339399894,0.0258933889106499,0.0250440334267441,0.0312811167636951,0.0308227913861147,0.0292616111412635,0.0284292814621416,0.0286150598286173,0.0280588406038052,0.0281320719779553,0.0271351513627035,0.0276293700849275,0.0278396371085524,0.0275136494543573,0.0272108453437684,0.0274916130472863,0.0276430177828163,0.0275714367095924,0.0271886242238435,0.0274924322154394,0.0274026538270307,0.0275469518215559,0.0269162632606695,0.0266831665885476,0.0266632766158906,0.0293871049328302,0.0301755964425416,0.0298362800721868,0.0284027937205602,0.0341579296904952,0.0314294254388468,0.032455724613429,0.0270216130823448,0.0257356075841275,0.0275581254289697,0.0232102943196768,0.0467340854529602,0.0460586340201177,0.0731387481445204,0.0682474843264261,0.0627138020208822,0.0576660245788178,0.0639616059908459,0.0602158954704061,0.0602525762508968,0.0591618155926089,0.0614246649809166,0.0578151637052408,0.0597516148300197,0.0635299817896165,0.0672120223490847,0.0631046476846373,0.0636053007321248,0.0644788112795249,0.0618588686252312,0.0639798221443227,0.0637560470724723,0.0640754608983782,0.0751317321935489,0.0673291869265475,0.068595897224357,0.0704307592991996,0.059479337310899,0.0567868395219278,0.061535831134261,0.070223806529261,0.0594229534070589,0.0670134807763406,0.0770613422887702,0.0731824108922793,0.0718312832308503,0.074101733002918,0.0659843982547872,0.0681813132325088,0.0615888333188895,0.0661479487023973,0.0641791537137505,0.0612304632632882,0.0623447411238718,0.0621828697611257,0.0773505923046926,0.073018907928787,0.0626366151814916,0.0700509431798708,0.0614079489478037,0.06039553574032,0.0702242677605276,0.063307723178011,0.0648569548910338,0.0632628423244006,0.0672408475914928,0.0666863499325634,0.0640595053872621,0.0664208048198977,0.0649669884397601,0.063763657733275,0.0646108543824292,0.0681589537060543,0.0658960747477632,0.0669355945224147,0.0700166370809117,0.255673512232863,0.267069903600158,0.263626730750536,0.385907824480752,0.325903312577991,0.626670030021742,0.62563804251692,0.553607585628169,0.816454553543315,0.813401402074045,1,0.85712561037179,0.76570247812132,0.74882957294326,0.737028841743792,0.694751725621313,0.685213360214347,0.677176890502867,0.725916913913018,0.668057892140373,0.687038489454729,0.669924169573383,0.67887898376264,0.685419946059984,0.632958321556602,0.637228352207514,0.607312548651741,0.0839646050716187,0.0898175410939918,0.0883934496866117,0.0945214030408849,0.0952028744805592,0.0948878065980892,0.0944086703396896,0.0897484982745052,0.0822831876923309,0.0731370351558226,0.0815906641025977,0.079310774181204,0.0841306382154993,0.0832228180534
"AA.SEMITIC.HEBREW",0,0,0,0,0,0,0,0,0,0,0,0,0,0,0,0,0,0,0,0,0,0,0,0,0,0,0,0,0,0,0,0,0,0,0,0,0,0,0.012028583802308,0.0124373825394588,0.0131014554645737,0.0132237064068305,0.0140223382540861,0.0310079098094289,0.0335880521954511,0.0420139542000263,0.0338510543734975,0.0368262481123504,0.030859890321315,0.0330824078116389,0.0284778059708615,0.027353741762546,0.0319295007236956,0.0316171299527465,0.032376138386427,0.0279826184409699,0.0327514230112618,0.0306097946417913,0.0363609084117633,0.0269568643700644,0.0260726247419252,0.0325658732757169,0.0320887238734727,0.0304634239074119,0.0295969093561999,0.029790317883962,0.0292112540057257,0.0292874930885051,0.0282496276354429,0.0287641445690939,0.0289830475352878,0.0286436711403795,0.0283284304676345,0.0286207296691544,0.0287783527958433,0.0287038317940146,0.0283052966971561,0.0286215824816184,0.0285281167769921,0.0286783412794978,0.0280217495118373,0.0277790792535259,0.0277583723735926,0.030594071893669,0.0314149477843291,0.0310616952453988,0.0295693337283151,0.0355608406843245,0.0327202731827651,0.0337887238111394,0.028131426188927,0.0267926027574239,0.0286899738016299,0.02416357156353,0.0486535156661666,0.0479503225566616,0.0761426525022079,0.0710504980608732,0.065289540161839,0.0600344438766234,0.0665885930781958,0.0626890413116254,0.0627272286199028,0.0615916689901017,0.0639474565720588,0.0601897083426664,0.0622056920561173,0.0661392415046521,0.0699725083014072,0.0656964383698654,0.0662176538949614,0.0671270406667486,0.0643994935297999,0.0666075573929988,0.0663745915853137,0.0667071241561789,0.0782174910212889,0.0700944849818078,0.0714132207337035,0.0733234430016339,0.0619222317420085,0.0591191495357956,0.0640631884651915,0.0731079904098741,0.0618635320772517,0.0697658123657477,0.0802263527351218,0.0761881085363107,0.0747814882889006,0.0771451884123518,0.06869446407469,0.0709816092333002,0.0641183675190912,0.0688647317537914,0.0668150757715424,0.0637452787350594,0.0649053214495131,0.0647368018174942,0.0805274826287469,0.0760178902915621,0.0652091831576715,0.0729280273358962,0.0639300539895315,0.0628760596431454,0.073108470584514,0.0659078544402241,0.0675207151325756,0.0658611302710641,0.070002517434345,0.0694252458289611,0.0666905133312847,0.0691487944300746,0.0676352679035323,0.0663825148259421,0.0672645069531538,0.0709583313717544,0.0686025130053358,0.069684727221172,0.072892312240437,0.266174358870598,0.278038814985495,0.274454226508867,0.401757565213705,0.339288589270222,0.652408190460239,0.651333817874437,0.576344975604154,0.84998741339479,0.846808864988385,0.85712561037179,1,0.797150883639223,0.779584986105169,0.767299583390625,0.723286090633699,0.713355972043393,0.704989433975546,0.755731274102962,0.695495906384514,0.715256061736579,0.697438834280594,0.706761434438956,0.713571042640789,0.658954750379822,0.663400156792626,0.632255671929822,0.0874131415788031,0.0935064653637358,0.0920238846535866,0.0984035210931136,0.0991129814590302,0.0987849733252006,0.0982861583119542,0.0934345868650561,0.0856626661814213,0.0761408691588165,0.0849416997391404,0.0825681717470432,0.0875859939217686,0.0866408883943861
"AA.SEMITIC.ARAMAIC_ANCIENT",0,0,0,0,0,0,0,0,0,0,0,0,0,0,0,0,0,0,0,0,0,0,0,0,0,0,0,0,0,0,0,0,0,0,0,0,0,0,0.0126379442778993,0.0130674525014689,0.0137651669425034,0.0138936110404583,0.0147327010738366,0.0325787509806848,0.0352896017541015,0.0441423546446312,0.0355659274567564,0.038691842635596,0.0324232329185777,0.0347583417444381,0.029920473676005,0.0287394650832274,0.0335470291099261,0.0332188338325617,0.0340162931552019,0.0294002002578924,0.0344105894626445,0.0321604675495277,0.0382029291190118,0.0283224821321356,0.02739344748164,0.0342156398944214,0.0337143184041361,0.0320066817659804,0.0310962701336397,0.0312994766155414,0.0306910777261318,0.0307711790328026,0.0296807359699011,0.0302213180071871,0.0304513104597062,0.0300947414704906,0.0297635309039137,0.0300706377987898,0.0302362460137502,0.0301579498249285,0.0297392251912007,0.0300715338141958,0.0299733331958708,0.0301311679770091,0.0294413136841514,0.0291863499034731,0.0291645940260509,0.0321439482968932,0.0330064092428978,0.0326352611529479,0.031067297541823,0.037362330464665,0.0343778616034654,0.035500439267387,0.0295565465125895,0.0281498991297084,0.0301433897953822,0.0253876828722206,0.0511182721107147,0.0503794556814006,0.0799999912965411,0.0746498715200387,0.0685970671241173,0.063075750972601,0.0699619292426162,0.0658648286408609,0.0659049504941118,0.06471186412904,0.0671869944253952,0.0632388810386535,0.0653569932166521,0.0694898138015165,0.0735172714786553,0.0690245785389547,0.0695721985141072,0.0705276542467014,0.0676619312905636,0.0699818542776568,0.0697370865689582,0.0700864650303174,0.0821799398275356,0.0736454274208211,0.0750309694949042,0.077037962419198,0.0650591729816536,0.0621140883972412,0.0673085892233053,0.0768115951349075,0.06499749962887,0.0733001044571451,0.0842905692099034,0.0800477501046874,0.0785698713619278,0.0810533150441431,0.0721744823367744,0.0745774928278712,0.0673665636133044,0.0723533756692046,0.0701998854064893,0.0669745743865761,0.0681933841339411,0.0680163274035571,0.0846069541541821,0.0798689087109231,0.0685126392847558,0.0766225152450059,0.0671687102390033,0.0660613212032058,0.0768120996348921,0.0692467048142135,0.0709412720128925,0.0691976136280872,0.0735488008553573,0.0729422850342135,0.0700690127115013,0.0726518287816657,0.0710616279550402,0.069745411195964,0.0706720844885513,0.0745530357245281,0.07207787308419,0.0732149115902412,0.0765849908453166,0.279658584160734,0.292124086146004,0.288357904675985,0.422110350299184,0.35647673539934,0.685458778272767,0.684329978648786,0.605542248883443,0.804632480241385,0.768718286196072,0.76570247812132,0.797150883639223,1,0.919843825530646,0.905348097633692,0.853415928243459,0.841699234829807,0.740703754450395,0.794016144223605,0.730729290733965,0.751490483104268,0.73277064613292,0.742565523340652,0.749720102002903,0.69233698279255,0.697007590692946,0.664285345852744,0.0918414362476378,0.0982434439757963,0.0966857566611219,0.103388581462536,0.104133982643522,0.103789357824328,0.103265273156839,0.0981679241576679,0.0900022828696899,0.0799981176100973,0.0892447927217613,0.0867510232972673,0.0920230451813748,0.091030061203535
"AA.SEMITIC.CLASSICAL_SYRIAC",0,0,0,0,0,0,0,0,0,0,0,0,0,0,0,0,0,0,0,0,0,0,0,0,0,0,0,0,0,0,0,0,0,0,0,0,0,0,0.0123594564297605,0.0127795000744152,0.0134618397844787,0.0135874535075199,0.0144080534785389,0.0318608505012905,0.0345119653728933,0.0431696403260325,0.034782202003732,0.0378392349836571,0.0317087594119181,0.0339924121292703,0.029261150597338,0.0281061665331075,0.0328077917986323,0.0324868285832673,0.0332667152116578,0.0287523418463792,0.033652322864698,0.031451784301203,0.0373610950921314,0.0276983721559014,0.0267898095738826,0.0334616691759752,0.0329713947309992,0.0313013873181595,0.0304110373802554,0.0306097660345431,0.0300147737319799,0.0300931099382485,0.0290266957154358,0.0295553655678762,0.0297802899411428,0.0294315782527932,0.0291076661926774,0.0294080057259936,0.0295699646231216,0.0294933937573953,0.029083896077011,0.0294088819969382,0.0293128453127374,0.0294672020702674,0.0287925493033321,0.0285432038663553,0.028521927398191,0.0314356290643466,0.0322790849500601,0.0319161154238575,0.0303827032241347,0.0365390197438896,0.0336203161917241,0.0347181569022995,0.0289052428784137,0.0275295921666791,0.0294791545704804,0.0248282436931225,0.0499918375191662,0.0492693015380836,0.078237123464764,0.0730048981267146,0.067085472422324,0.0616858231669515,0.0684202586435069,0.0644134411372537,0.0644526788713528,0.0632858831788102,0.0657064718744954,0.0618453585232899,0.0639167962984271,0.067958546667589,0.0718972558902868,0.0675035632596249,0.0680391159629865,0.0689735174160942,0.0661709431020036,0.0684397446134582,0.0682003705693455,0.068542050179234,0.0803690349762797,0.0720225878072966,0.0733775982836584,0.0753403654123302,0.0636255387855417,0.0607453516441362,0.0658253872276422,0.0751189863236279,0.0635652244575271,0.0716848743287515,0.0824331548455503,0.0782838298669637,0.0768385174389331,0.0792672363279522,0.0705840562489135,0.0729341143605722,0.0658820841026623,0.0707590075146516,0.0686529712409762,0.0654987326918513,0.0666906849300858,0.0665175297953062,0.0827425679785614,0.0781089293953789,0.0670029050221913,0.0749340729698739,0.0656885905956976,0.0646056038189107,0.0751194797065264,0.0677207947935356,0.0693780207631104,0.0676727853734375,0.0719280904903639,0.0713349397610561,0.0685249824371027,0.0710508839590065,0.0694957245597349,0.0682085117561168,0.0691147650147567,0.072910196190297,0.070489575863356,0.0716015587591088,0.0748973754522386,0.273496069466578,0.285686883516254,0.28200369305729,0.412808789812204,0.348621467424585,0.670354111251653,0.669250185687199,0.592198610540013,0.786901719364641,0.75177892512276,0.74882957294326,0.779584986105169,0.919843825530646,1,0.9188190118783,0.850947285054692,0.839264484066096,0.724381717404704,0.776519323338025,0.714627049477497,0.734930751320792,0.716623421874484,0.726202460634412,0.73319938207234,0.677080748686342,0.68164843577026,0.64964725341866,0.089817632107647,0.0960785661519231,0.0945552038017206,0.10111032615926,0.101839301791413,0.101502271073142,0.100989735056928,0.0960047104772013,0.0880190060382043,0.0782352910665942,0.087278207829775,0.0848393907349884,0.089995239134108,0.0890241364025487
"AA.SEMITIC.SYRIAC_2",0,0,0,0,0,0,0,0,0,0,0,0,0,0,0,0,0,0,0,0,0,0,0,0,0,0,0,0,0,0,0,0,0,0,0,0,0,0,0.0121646849779255,0.0125781091963159,0.0132496959823549,0.0133733301711547,0.0141809983883673,0.0313587585084831,0.0339680947229534,0.042489334232534,0.0342340727214464,0.0372429302209051,0.0312090642075502,0.0334567290675259,0.0288000270182717,0.0276632442337102,0.032290777051549,0.0319748718637597,0.0327424683358847,0.0282992365341107,0.0331219992360475,0.0309561387421964,0.0367723252886538,0.0272618762477738,0.0263676316136509,0.0329343500399545,0.032451801781481,0.0308081118503381,0.0299317928490721,0.0301273897581462,0.0295417738804492,0.0296188755941887,0.0285692668876716,0.0290896054841797,0.0293109852964873,0.0289677689211555,0.0286489613591683,0.028944567871475,0.0291039744743569,0.0290286102813327,0.0286255658344044,0.0289454303333525,0.0288509070817624,0.0290028313464125,0.028338810365725,0.0280933943388355,0.0280724531644293,0.0309402380941203,0.0317704020419275,0.0314131525165997,0.0299039052081162,0.0359632049445422,0.0330904969530685,0.0341710369004349,0.0284497280138995,0.0270957560457136,0.0290145954883565,0.0244369778556559,0.0492040210946459,0.0484928714866485,0.0770041923717806,0.071854421155497,0.0660282790954985,0.0607137223788509,0.0673420305525989,0.0633983560872525,0.0634369754777795,0.0622885672031888,0.0646710100809545,0.0608707436332829,0.0629095378253352,0.0668875946500577,0.0707642341435549,0.0664397812806331,0.0669668942618953,0.0678865705748924,0.0651281617523129,0.0673612094450764,0.0671256076728567,0.0674619027875566,0.079102507300579,0.0708875909672768,0.0722212479675182,0.074153084043078,0.0626228702107972,0.0597880716537746,0.0647880514588087,0.0739351936455457,0.0625635063703143,0.0705551994820486,0.0811340989089197,0.0770501627324061,0.0756276268400235,0.0780180717882101,0.0694717290854874,0.0717847528637265,0.0648438548533813,0.069643923311527,0.0675710758552541,0.0644665446395494,0.0656397130203159,0.0654692866201846,0.081438636030961,0.0768780185000597,0.0659470128668607,0.0737531943230502,0.0646534105914612,0.0635874904962094,0.0739356792532719,0.0666535894842797,0.0682846993936583,0.066606336639886,0.0707945828242182,0.0702107794986058,0.0674451040142859,0.0699312001038547,0.0684005483077897,0.0671336205634707,0.0680255922666134,0.0717612116175318,0.0693787376069842,0.0704731968742301,0.0737170751179668,0.269186071949786,0.28118477216622,0.277559624741524,0.406303376910034,0.343127576189398,0.659790067093719,0.658703538183084,0.582866211190167,0.774501012974103,0.739931715373913,0.737028841743792,0.767299583390625,0.905348097633692,0.9188190118783,1,0.837537290926951,0.826038598043998,0.712966257543385,0.764282232099911,0.703365312463551,0.723349050277026,0.705330224225324,0.714758307860562,0.721644965505372,0.666410700114172,0.670906405468965,0.639409526585925,0.0884022049239834,0.0945644735277059,0.0930651176941577,0.0995169385266026,0.100234426303846,0.09990270681934,0.0993982478075287,0.0944917817372595,0.0866319232249299,0.0770023888501923,0.0859027991822209,0.0835024151648928,0.0885770130588753,0.0876212138392449
"AA.SEMITIC.ACHAEMENID_ARAMAIC",0,0,0,0,0,0,0,0,0,0,0,0,0,0,0,0,0,0,0,0,0,0,0,0,0,0,0,0,0,0,0,0,0,0,0,0,0,0,0.0114668998028048,0.0118566093675769,0.0124896728951874,0.0126062152353912,0.0133675543524742,0.0295599715413636,0.0320196321883476,0.040052080199075,0.0322703532768101,0.0351066180489617,0.0294188639374294,0.0315375992590918,0.0271480128532612,0.0260764376902566,0.030438528056973,0.0301407436801363,0.0308643096295067,0.0266759484870657,0.0312220700492901,0.029180446668585,0.0346630077446567,0.0256980927937683,0.0248551434171678,0.0310451847017796,0.0305903161589464,0.0290409108285579,0.0282148588427444,0.0283992360101072,0.0278472119663553,0.0279198910063534,0.0269304894812319,0.0274209806497674,0.027629661773093,0.0273061328207401,0.0270056125543857,0.0272842626192109,0.0274345254124085,0.0273634842262458,0.0269835590331652,0.027285075608939,0.0271959743574898,0.0273391840109677,0.0267132523023933,0.0264819137189897,0.0264621737627882,0.0291654581063149,0.0299480025640366,0.0296112454249108,0.0281885708800755,0.0339002997969232,0.0311923747860641,0.0322109332881431,0.0268178075424416,0.0255415015038415,0.0273502733435055,0.0230352349495822,0.0463816022207935,0.0457112452559803,0.0725871126071447,0.0677327402455381,0.0622407947196045,0.0572310892092104,0.0634791873579421,0.0597617281692275,0.0597981322916871,0.0587155984947708,0.0609613807583329,0.0573791034812405,0.0593009492800612,0.063050818602755,0.0667050880494521,0.0626286925019257,0.0631255694660115,0.0639924917209887,0.0613923095016308,0.0634972661194363,0.063275178829851,0.0635921835358039,0.074565064941046,0.0668213689346685,0.0680785253033561,0.0698995482689393,0.059030725363981,0.056358535243686,0.0610717084614401,0.069694156402152,0.058974766725351,0.0665080439399535,0.0764801213075147,0.0726304460366703,0.0712895090067804,0.0735428343296078,0.0654867230837853,0.0676670682349095,0.0611243108868528,0.0656490399822665,0.063695094267214,0.0607686437713923,0.0618745173964372,0.0617138669186315,0.0767671897084653,0.0724681762641666,0.062164190047734,0.069522596842737,0.0609447908028211,0.0599400135354912,0.0696946141546667,0.0628302363357925,0.0643677832539533,0.0627856939877545,0.0667336958827782,0.0661833804203154,0.0635763483661917,0.0659198381327546,0.0644769868949041,0.0632827320886463,0.0641235389131087,0.0676448773510651,0.0653990657405457,0.066430745128753,0.0694885494912109,0.253745141856128,0.265055578040494,0.261638374687936,0.382997185790105,0.323445246866896,0.621943486738759,0.620919282809622,0.549432102375573,0.730074435060254,0.697488085923055,0.694751725621313,0.723286090633699,0.853415928243459,0.850947285054692,0.837537290926951,1,0.862648609198092,0.672069408526926,0.720441819287317,0.663019188530069,0.681856628184977,0.664871389909266,0.673758664061775,0.680250292355689,0.628184349992878,0.632422174724048,0.60273200560678,0.0833313175022485,0.0891401088326513,0.087726758372426,0.0938084927671551,0.0944848243340072,0.0941721327930124,0.0936966103315957,0.0890715867559146,0.0816625819038649,0.0725854125383486,0.0809752815457601,0.0787125872741942,0.0834960983717209,0.0825951252759942
"AA.SEMITIC.AMEDYA_ARAMAIC",0,0,0,0,0,0,0,0,0,0,0,0,0,0,0,0,0,0,0,0,0,0,0,0,0,0,0,0,0,0,0,0,0,0,0,0,0,0,0.0113094687718759,0.0116938279473013,0.0123182000373385,0.0124331423477974,0.013184028909774,0.0291541376303663,0.0315800291751475,0.0395021983316982,0.0318273080708543,0.0346246332782807,0.0290149673168891,0.0311046141585185,0.0267752931361049,0.0257184298120046,0.0300206322931332,0.0297269362489972,0.0304405682375487,0.026309709822427,0.0307934169032678,0.0287798233195541,0.0341871133758053,0.0253452792773861,0.0245139028971195,0.0306189600449822,0.0301703364702631,0.0286422031909682,0.027827492214317,0.0280093380359772,0.0274648928248479,0.0275365740418607,0.0265607561796978,0.0270445133109912,0.0272503294154412,0.0269312422474746,0.0266348478753166,0.0269096723056872,0.0270578721152667,0.0269878062657135,0.0266130971306653,0.0269104741337401,0.0268225961686293,0.0269638396722521,0.0263465014872862,0.0261183389909074,0.0260988700479448,0.0287650405378219,0.0295368413086845,0.0292047075659863,0.027801565163589,0.0334348767760886,0.0307641293313955,0.0317687038693865,0.0264496212705403,0.0251908378560926,0.0269747767574446,0.0227189802645177,0.045744821261744,0.0450836677424894,0.0715905517086967,0.0668028258564817,0.0613862801910877,0.0564453537854835,0.0626076707248372,0.0589412491698842,0.0589771534939129,0.0579094819888623,0.0601244315231711,0.0565913359442276,0.0584867963929887,0.0621851831176419,0.065789282473366,0.0617688524583337,0.0622589077134967,0.0631139278443879,0.0605494439719621,0.0626255012799192,0.0624064630647617,0.0627191155588242,0.0735413483963109,0.0659039669183978,0.0671438635720304,0.068939885401496,0.0582202824273243,0.0555847792627636,0.0602332445183503,0.0687373133948181,0.0581650920544261,0.0655949436161876,0.0754301126259993,0.0716332902061481,0.0703107631303571,0.0725331521639789,0.0645876446489396,0.0667380554681324,0.0602851247560572,0.0647477330709273,0.0628206134111809,0.0599343406553275,0.0610250315520097,0.0608665866721229,0.0757132398157171,0.0714732482631374,0.0613107272378748,0.0685681092059714,0.0601080693339992,0.0591170868258257,0.0687377648627701,0.061967629262394,0.0634840669356333,0.0619236984438794,0.0658174975448497,0.0652747374576043,0.0627034977929672,0.0650148133872371,0.063591771301098,0.0624139126235736,0.0632431758671673,0.0667161692467321,0.0645011907683754,0.0655187060536022,0.0685345292963645,0.2502614313535,0.261416584622746,0.258046296640161,0.377738951843815,0.319004611687467,0.613404718110741,0.612394575652727,0.541888854959975,0.720051118126912,0.687912152556946,0.685213360214347,0.713355972043393,0.841699234829807,0.839264484066096,0.826038598043998,0.862648609198092,1,0.66284245253536,0.710550750185364,0.653916484558555,0.672495301778809,0.655743256747855,0.664508515991711,0.670911019609182,0.619559899484589,0.623739542394361,0.594456994692904,0.0821872475750101,0.0879162890145686,0.086522342684827,0.0925205799066442,0.0931876260016034,0.0928792274563186,0.0924102335242008,0.0878487076891568,0.0805414223334029,0.0715888749804362,0.0798635580396045,0.0776319286851458,0.0823497661397092,0.0814611626578921
"AA.SEMITIC.SABEAN",0,0,0,0,0,0,0,0,0,0,0,0,0,0,0,0,0,0,0,0,0,0,0,0,0,0,0,0,0,0,0,0,0,0,0,0,0,0,0.0117918354482321,0.0121925881485627,0.0128435906927756,0.0129634354740214,0.0137463485318951,0.0303976075717451,0.0329269672161569,0.0411870293792367,0.0331847929466851,0.0361014284851458,0.0302525014249487,0.0324312749994146,0.0279173016087436,0.0268153613973649,0.0313010595982035,0.0309948369546731,0.0317389064728206,0.0274318604325864,0.0321068046905189,0.0300073281653426,0.0356452476689304,0.0264262954040458,0.0255594595102124,0.0319249069721367,0.0314571488945477,0.0298638383212674,0.0290143786367923,0.0292039804694883,0.0286363138116007,0.028711052345549,0.0276936143128551,0.0281980044486063,0.0284125989344504,0.0280799021956203,0.0277708661361229,0.0280574122618032,0.0282119330269488,0.0281388787584295,0.0277481876879147,0.028058248289087,0.0279666221901946,0.0281138899519654,0.0274702213199665,0.0272323273333411,0.0272120280092617,0.0299919148746594,0.0307966341654065,0.0304503343948602,0.0289873457564679,0.0348609269920781,0.0320762679575244,0.0331236891836152,0.0275777393245799,0.0262652668126045,0.0281252935210875,0.0236879805970222,0.0476959100208736,0.0470065572614888,0.074644001626,0.069652071716705,0.0640045018376499,0.0588528371297906,0.0652779866036027,0.0614551863879665,0.0614926220880305,0.0603794127097411,0.0626888333343117,0.0590050456577958,0.0609813504835366,0.0648374792337646,0.0685952991101025,0.0644033914153496,0.0649143482998846,0.0658058363875892,0.0631319732342208,0.0652965776599748,0.0650681971195524,0.06539418473549,0.0766780028684375,0.0687148750275541,0.0700076552285842,0.0718802802211176,0.0607034692769864,0.0579555577466874,0.0628022873753162,0.071669068198931,0.0606459249476577,0.0683926713942239,0.0786473258708033,0.0746885629877596,0.073309628046771,0.0756268054770313,0.0673424095376724,0.0695845387691599,0.0628563803869681,0.0675093259832918,0.0655000116312957,0.0624906347912115,0.0636278453744835,0.0634626425706271,0.0789425288816091,0.0745216950035188,0.0639257264318474,0.0714926471846218,0.0626717732719711,0.061638523797202,0.0716695389227031,0.0646106463635425,0.0661917624947268,0.0645648418263464,0.0686247175988756,0.0680588079380628,0.0653779008472924,0.0677877976962355,0.0663040606212112,0.0650759644137944,0.0659405970423438,0.0695617190659059,0.0672522682627781,0.0683131821793798,0.07145763503892,0.260935476023249,0.272566414169333,0.269052378089881,0.393850113774275,0.332610661395535,0.639567396579962,0.63851416995328,0.56500126909666,0.71160605657742,0.679844030276823,0.677176890502867,0.704989433975546,0.740703754450395,0.724381717404704,0.712966257543385,0.672069408526927,0.66284245253536,1,0.819383384017787,0.754074641174927,0.775499112433326,0.756181213827067,0.76628901792009,0.773672171169736,0.714455775198279,0.719275599750573,0.68550794413692,0.0856926632803178,0.0916660573710617,0.0902126570323247,0.0964667285299197,0.0971622251926545,0.0968406729631179,0.0963516757002663,0.0915955935955561,0.083976640996951,0.0746422533826353,0.0832698647221378,0.0809430528567865,0.0858621135180673,0.0849356096965641
"AA.SEMITIC.ARABIC_QURANIC",0,0,0,0,0,0,0,0,0,0,0,0,0,0,0,0,0,0,0,0,0,0,0,0,0,0,0,0,0,0,0,0,0,0,0,0,0,0,0.0126405565783473,0.0130701535825366,0.0137680122432089,0.0138964828909387,0.0147357463667077,0.0325854851048358,0.0352968962191225,0.044151478999849,0.0355732790391171,0.0386998403538663,0.0324299348966855,0.0347655263964443,0.0299266583263776,0.0287454056156321,0.0335539633800293,0.0332257002637307,0.0340233244235707,0.0294062773662113,0.0344177022332259,0.0321671152132568,0.0382108257774127,0.0283283364729315,0.0273991097882268,0.0342227123683506,0.033721287253431,0.0320132976417334,0.0311026978246165,0.0313059463098988,0.03069742166264,0.0307775395264877,0.0296868710657811,0.0302275648429724,0.0304576048356116,0.0301009621425316,0.0297696831137514,0.0300768534885306,0.0302424959351987,0.0301641835623232,0.0297453723769756,0.0300777496891457,0.0299795287724625,0.0301373961785168,0.029447399290737,0.0291923828082914,0.029170622433865,0.032150592546044,0.033013231765276,0.0326420069579187,0.0310737192440794,0.0373700533688387,0.0343849676091015,0.0355077773131452,0.0295626559381415,0.0281557177970874,0.0301496205231758,0.0253929305813324,0.0511288384086979,0.0503898692638435,0.0800165275312726,0.074665301869194,0.0686112463407081,0.0630887889168188,0.0699763905802423,0.065878443095679,0.0659185732422355,0.0647252402626846,0.0672008821757901,0.0632519527023383,0.0653705027003866,0.069504177551485,0.0735324677160334,0.0690388461234189,0.0695865792932394,0.0705422325213585,0.0676759172118127,0.0699963197338465,0.0697515014309388,0.070100952109859,0.0821969266640738,0.0736606501484114,0.0750464786181377,0.0770538863938029,0.0650726209050649,0.0621269275629614,0.0673225021077044,0.0768274723187255,0.0650109348042169,0.0733152558054578,0.0843079923197752,0.0800642962113057,0.0785861119866404,0.0810700690040075,0.0721894010156668,0.0745929082161369,0.0673804884811813,0.0723683313258777,0.070214395930358,0.066988418229121,0.0682074799080643,0.0680303865795306,0.0846244426617574,0.0798854178504966,0.0685268010498625,0.0766383533454515,0.0671825942100028,0.0660749762736174,0.0768279769229917,0.0692610183128356,0.0709559357835648,0.069211916979416,0.0735640036099508,0.0729573624201935,0.070083496183597,0.0726668461294796,0.0710763166036416,0.0697598277786696,0.0706866926173663,0.0745684460574382,0.0720927717936641,0.0732300453289364,0.076600821189358,0.279716390416928,0.292184469058313,0.28841750910745,0.422197601756615,0.356550420194518,0.685600464628885,0.684471431678684,0.605667416256653,0.762824130234117,0.728776021925766,0.725916913913018,0.755731274102962,0.794016144223605,0.776519323338025,0.764282232099911,0.720441819287317,0.710550750185364,0.819383384017787,1,0.865527695785879,0.890118727268943,0.867945622174136,0.87954737073905,0.888021762093524,0.820053118196334,0.825585318075565,0.786826766123948,0.0918604201440514,0.0982637511861357,0.0967057418928879,0.103409952188006,0.10415550744562,0.103810811391457,0.103286618394118,0.0981882157578376,0.0900208866076626,0.0800146534575322,0.0892632398842808,0.0867689549902737,0.092042066616892,0.091048877386328
"AA.SEMITIC.STANDARD_ARABIC",0,0,0,0,0,0,0,0,0,0,0,0,0,0,0,0,0,0,0,0,0,0,0,0,0,0,0,0,0,0,0,0,0,0,0,0,0,0,0.0116330442525323,0.0120284003374891,0.0126706363522797,0.0127888672799235,0.0135612374752264,0.0299882673571601,0.0324835661427638,0.0406323966699216,0.0327379199408508,0.0356152794864768,0.0298451152385261,0.0319945490157597,0.0275413616863604,0.026454260420498,0.0308795533193812,0.0305774543307246,0.0313115040611139,0.0270624575573951,0.03167444808842,0.0296032435306774,0.0351652416916409,0.0260704336670374,0.0252152707573346,0.0314949998408029,0.031033540686292,0.0294616859493116,0.0286236652574843,0.0288107138742833,0.0282506915282385,0.0283244236182602,0.0273206866079789,0.0278182845260888,0.0280299892400099,0.0277017726614735,0.0273968981428674,0.0276795855815673,0.0278320255394318,0.0277599550341867,0.0273745250871423,0.0276804103507418,0.0275900181070761,0.0277353027319484,0.0271003018694547,0.0268656114104525,0.0268455854410986,0.0295880377984247,0.0303819205795425,0.0300402841504138,0.0285969964072898,0.034391482832636,0.0316443225691306,0.0326776390131777,0.027206372015286,0.0259115735185573,0.0277465527383461,0.0233689935504994,0.0470536274334466,0.0463735576350904,0.0736388306903942,0.0687141230996793,0.0631426045171192,0.0580603131483297,0.0643989402845485,0.060627618655077,0.0606645502385765,0.059566331558641,0.0618446530668816,0.0582104720060979,0.0601601635189474,0.0639643648743513,0.0676715812026658,0.0635361225686241,0.0640401988063758,0.064919681938616,0.0622818255569775,0.064417280990067,0.0641919758673136,0.0645135736693376,0.0756454416685458,0.0677895468870886,0.0690649182534381,0.0709123261062848,0.0598860243158575,0.0571751167074237,0.0619565793132601,0.0707039583070944,0.0598292548898846,0.0674716821118115,0.0775882453766391,0.073682791980015,0.0723224260505289,0.0746083999097747,0.0664355632897971,0.0686474995642048,0.0620099438976848,0.0666002320054428,0.0646179754791678,0.0616491235046862,0.0627710201846162,0.0626080420344935,0.0778794731251318,0.0735181710731574,0.0630648899165606,0.0705299130131666,0.0618278227387253,0.0608084872063848,0.0707044226920067,0.0637405865805643,0.0653004110882254,0.0636953988563539,0.0677006035362324,0.0671423145271912,0.0644975090632093,0.06687495376305,0.0654111969858581,0.0641996385656303,0.0650526278796566,0.0686249871556023,0.066346635875195,0.0673932633145055,0.0704953723479654,0.257421667132332,0.26889598075771,0.265429265385305,0.388546450000532,0.328131660237711,0.630954855124529,0.629915811456567,0.557392849908177,0.702023428233663,0.670689115680961,0.668057892140373,0.695495906384514,0.730729290733965,0.714627049477497,0.703365312463551,0.663019188530069,0.653916484558554,0.754074641174927,0.865527695785879,1,0.85183274535339,0.830613354717862,0.84171608632904,0.849825975303996,0.784780813624798,0.790075061309517,0.752983600694857,0.08453870887477,0.0904316640555394,0.088997835494125,0.0951676884240971,0.0958538193907819,0.0955365972473656,0.0950541849186749,0.0903621491592151,0.0828457948879378,0.0736371059892214,0.0821485362026688,0.0798530576475464,0.0847058772619983,0.0837918499247781
"AA.SEMITIC.IRAQ_MUSLIM_BAGHDAD_ARABIC",0,0,0,0,0,0,0,0,0,0,0,0,0,0,0,0,0,0,0,0,0,0,0,0,0,0,0,0,0,0,0,0,0,0,0,0,0,0,0.0119635577171513,0.0123701465032447,0.0130306294743559,0.0131522195324794,0.0139465340051078,0.0308402821803633,0.0334064764107866,0.041786828296555,0.0336680568086544,0.0366271667587089,0.0306930628802014,0.0329035655220642,0.028323855990833,0.0272058684326148,0.031756891007773,0.0314462089018144,0.0322011141635958,0.0278313454266605,0.0325743700134414,0.0304443192087962,0.0361643426675647,0.0268111365448363,0.0259316770838642,0.0323898233529969,0.0319152534030118,0.0302987397492664,0.0294369095441023,0.02962927251242,0.0290533390323816,0.0291291659694611,0.0280969111791704,0.0286086466530508,0.0288263662377964,0.0284888244992965,0.0281752880061263,0.0284660070488278,0.0286227780706448,0.0285486599266331,0.028152279295967,0.0284668552510187,0.0283738948185814,0.0285233072129077,0.0278702649563865,0.0276289065646374,0.0276083116253415,0.0304286814572766,0.0312451197228225,0.0308937768542288,0.0294094829890556,0.0353686000770688,0.0325433885797811,0.0336060632030422,0.0279793487253615,0.0266477629244804,0.0285348768500495,0.0240329441772971,0.0483904965356625,0.0476911048624506,0.0757310281009453,0.0706664016607265,0.0649365872898984,0.0597098998634616,0.066228617573587,0.0623501466415865,0.0623881275106686,0.0612587066747939,0.0636017589550369,0.0598643249754662,0.061869410354518,0.0657816951782547,0.0695942394745684,0.0653412858210585,0.065859683674043,0.0667641543341221,0.0640513522174776,0.0662474793679962,0.0660157729649674,0.0663465078768873,0.0777946501186954,0.0697155567534851,0.0710271634680219,0.0729270591440689,0.0615874824165249,0.0587995535704446,0.0637168652057779,0.0727127712811591,0.061529100080014,0.0693886609295955,0.0797926519993992,0.0757762384013863,0.0743772222917113,0.0767281443385378,0.0683231043083097,0.0705978852436419,0.0637717459637255,0.0684924515265503,0.0664538759097569,0.0634006740840476,0.0645544456499127,0.0643868370288758,0.0800921539958065,0.0756069403502581,0.0648566646927635,0.0725337810809929,0.0635844504502358,0.0625361539588299,0.0727132488599924,0.0655515589838546,0.0671557006101506,0.0655050874038483,0.0696240863792283,0.0690499354830807,0.0663299868495064,0.0687749785703699,0.0672696341130071,0.066023653372846,0.0669008774827986,0.0705747332213663,0.0682316503230815,0.0693080141283529,0.0724982590600366,0.264735429998263,0.276535747296293,0.272970536974182,0.399585678474811,0.337454407536016,0.648881295586577,0.647812731019775,0.573229275694738,0.721969040961708,0.689744470280658,0.687038489454729,0.715256061736579,0.751490483104268,0.734930751320792,0.723349050277026,0.681856628184977,0.672495301778809,0.775499112433326,0.890118727268943,0.85183274535339,1,0.920400174199516,0.932703077892281,0.925608680957062,0.85476315722147,0.860529516168501,0.82013044749797,0.0869405893248109,0.0930009728236852,0.0915264068907612,0.0978715552484655,0.0985771802975296,0.0982509453637036,0.0977548269262189,0.0929294828975468,0.085199576933559,0.0757292543982432,0.0844825080095597,0.0821218112231864,0.0871125072343172,0.0861725109129322
"AA.SEMITIC.OGADEN_ARABIC",0,0,0,0,0,0,0,0,0,0,0,0,0,0,0,0,0,0,0,0,0,0,0,0,0,0,0,0,0,0,0,0,0,0,0,0,0,0,0.011665542166592,0.0120620027129256,0.0127060328695043,0.012824594085458,0.013599121963624,0.0300720421726097,0.0325743117909316,0.0407459067801176,0.0328293761483264,0.0357147738464087,0.0299284901461659,0.0320839285523387,0.0276183008594385,0.0265281626822789,0.0309658180191615,0.0306628750908827,0.0313989754526061,0.027138058870418,0.031762933395406,0.0296859427488068,0.0352634788321156,0.026143263675625,0.0252857117944591,0.0315829838436072,0.0311202355630843,0.0295439897141087,0.028703627939085,0.0288911990923536,0.0283296122755066,0.0284035503424912,0.0273970093061622,0.0278959973070422,0.0281082934363701,0.027779159956468,0.0274734337445571,0.0277569108950374,0.027909776707093,0.0278375048666656,0.0274509981877681,0.0277577379682758,0.0276670932060687,0.0278127836960913,0.0271760089038326,0.026940662816759,0.0269205809031298,0.0296706945380274,0.0304667950992753,0.030124204279269,0.0286768845871536,0.0344875584108956,0.031732723717876,0.0327689268206743,0.0272823753657793,0.0259839597375967,0.0278240651303537,0.0234342768527529,0.0471850758064894,0.0465031061744025,0.0738445471253432,0.0689060819385445,0.0633189988375189,0.0582225096487483,0.0645788442874451,0.0607969871452098,0.0608340219002782,0.0597327352515887,0.0620174214477793,0.0583730879882574,0.0603282261327755,0.0641430548532981,0.0678606276106799,0.0637136162156954,0.0642191006339627,0.0651010406783085,0.0624558152169922,0.0645972362293089,0.0643713016972318,0.0646937979104975,0.0758567637446068,0.0679789228424328,0.0692578570688693,0.0711104258151444,0.0600533210981398,0.0573348403351154,0.062129660369796,0.0709014759225067,0.0599963930818713,0.0676601700844467,0.0778049948426911,0.0738886312246243,0.0725244649953966,0.0748168249200959,0.0666211567749961,0.0688392722844682,0.0621831740327973,0.0667862855069241,0.0647984913758024,0.0618213456568608,0.062946376452083,0.0627829430084188,0.0780970361610574,0.0737235504350423,0.0632410671345101,0.0707269444180152,0.0620005441026473,0.0609783609684402,0.0709019416047185,0.0639186514155159,0.0654828334276872,0.0638733374554942,0.0678897310206425,0.0673298823830257,0.0646776884265041,0.0670617747234935,0.0655939288152954,0.0643789858019582,0.0652343580153201,0.0688166969855075,0.0665319809339791,0.067581532217456,0.0706923072604819,0.258140796797274,0.269647164908992,0.266170764967716,0.389631888073854,0.329048324376795,0.632717482018426,0.631675535692218,0.558949974985723,0.703984591325919,0.672562743664233,0.669924169573383,0.697438834280594,0.73277064613292,0.716623421874484,0.705330224225324,0.664871389909266,0.655743256747854,0.756181213827067,0.867945622174136,0.830613354717862,0.920400174199516,1,0.926863261299043,0.902551511243874,0.833470769211175,0.839093486552845,0.799700769920443,0.0847748750610316,0.0906842927211714,0.089246458635807,0.0954335475829322,0.096121595315745,0.0958034869848672,0.0953197269956624,0.090614583628979,0.0830772317727319,0.0738428176060687,0.0823780252350917,0.0800761340623267,0.0849425104475907,0.0840259296960442
"AA.SEMITIC.ARABIC_GULF_SPOKEN",0,0,0,0,0,0,0,0,0,0,0,0,0,0,0,0,0,0,0,0,0,0,0,0,0,0,0,0,0,0,0,0,0,0,0,0,0,0,0.0118214743858838,0.012223234383539,0.0128758732314388,0.0129960192441608,0.0137809001645789,0.0304740123689063,0.0330097295929442,0.0412905535338257,0.033268203371928,0.0361921699132047,0.0303285414958502,0.0325127914471206,0.0279874721233695,0.0268827621703873,0.0313797352342346,0.0310727428959541,0.0318186826428844,0.02750081078426,0.0321875055777214,0.030082751989945,0.0357348424803469,0.0264927182544396,0.0256237035568801,0.0320051506569675,0.0315362168631332,0.0299389014822088,0.0290873066693445,0.0292773850688076,0.0287082915731089,0.0287832179633716,0.0277632225864418,0.0282688805136112,0.0284840143855935,0.0281504814090172,0.0278406685832106,0.0281279349464478,0.0282828441016234,0.0282096062102136,0.0278179331324166,0.0281287730750974,0.028036916672768,0.028184554594047,0.0275392680922485,0.027300776155875,0.0272804258091703,0.0300672999577475,0.0308740419212998,0.0305268717216033,0.0290602058415104,0.0349485504028809,0.0321568920902361,0.0332069460237244,0.0276470563448186,0.026331284915459,0.028195986826194,0.0237475206561667,0.0478157943348599,0.0471247088780044,0.0748316203321786,0.0698271431396389,0.0641653780174205,0.0590007645307431,0.0654420637045313,0.061609654828925,0.0616471846241266,0.0605311771790307,0.0628464025635306,0.059153355636939,0.06113462793155,0.06500044911347,0.0687677143208176,0.0645652702094609,0.0650775113910258,0.0659712402460787,0.0632906563015629,0.0654607014897747,0.0652317469117796,0.0655585539019924,0.0768707340642087,0.0688875907939526,0.0701836204154774,0.07206095227622,0.0608560482668343,0.0581012298237924,0.0629601417727994,0.0718492093697631,0.0607983592990566,0.0685645772974386,0.0788450069865373,0.0748762936995227,0.073493892786937,0.0758168944739624,0.0675116755935265,0.0697594404471181,0.0630143707479666,0.0676790115858863,0.06566464679513,0.0626477058457156,0.0637877748231471,0.063622156779812,0.0791409519940977,0.0747090062903499,0.0640864046085716,0.0716723449188518,0.0628292996204929,0.0617934530592146,0.0718496812767058,0.0647730460957651,0.0663581363836986,0.0647271264282461,0.0687972067533596,0.0682298746709715,0.0655422290840219,0.0679581832412413,0.0664707167730406,0.0652395337292206,0.066106339623559,0.0697365633862318,0.0674213077473204,0.0684848882853794,0.071637244769649,0.261591340866252,0.273251513532446,0.26972864487585,0.39484006135432,0.333446682784968,0.641174957868832,0.640119083942799,0.56642140741706,0.713394688011099,0.681552827428439,0.67887898376264,0.706761434438956,0.742565523340652,0.726202460634412,0.714758307860562,0.673758664061775,0.664508515991711,0.76628901792009,0.87954737073905,0.84171608632904,0.932703077892281,0.926863261299043,1,0.914615833515706,0.844611695616647,0.850309571299096,0.810390295880081,0.0859080529467802,0.0918964612442439,0.0904394077641268,0.0967091989548942,0.0974064437578838,0.0970840833024755,0.0965938569383998,0.0918258203570869,0.0841877174182288,0.0748298676945805,0.0834791646517036,0.0811465043133043,0.0860779290999908,0.0851490964986195
"AA.SEMITIC.CAIRO_ARABIC",0,0,0,0,0,0,0,0,0,0,0,0,0,0,0,0,0,0,0,0,0,0,0,0,0,0,0,0,0,0,0,0,0,0,0,0,0,0,0.0119353736523312,0.0123410045858381,0.0129999315737451,0.0131212351868027,0.0139136783924457,0.0307676278301613,0.0333277765525308,0.0416883857842871,0.0335887407123979,0.0365408795131827,0.0306207553531098,0.0328260504345448,0.0282571299038215,0.0271417761301809,0.031682077286319,0.0313721270934601,0.0321252539295145,0.0277657796090264,0.0324976304533841,0.0303725976786066,0.0360791457552399,0.0267479741621951,0.0258705865550176,0.0323135185528298,0.0318400666072501,0.0302273611790073,0.0293675612961721,0.0295594710907353,0.0289848944099799,0.0290605427119611,0.028030719734732,0.0285412496486856,0.0287584563238909,0.0284217097751215,0.0281089119194917,0.0283989460786044,0.0285553477751133,0.0284814042405801,0.0280859574138588,0.0283997922825782,0.0283070508487796,0.0284561112534464,0.0278046074510978,0.027563817657814,0.0275432712366194,0.0303569967669145,0.0311715116456601,0.0308209964798632,0.0293401993533272,0.0352852777961272,0.0324667220066024,0.0335268931529569,0.0279134342376527,0.0265849854217231,0.028467653634532,0.0239763267335127,0.0482764969275789,0.0475787528997179,0.075552618947468,0.0704999238878014,0.0647836079647973,0.0595692337064585,0.0660725944494651,0.0622032605215845,0.0622411519143334,0.0611143917978534,0.0634519242537344,0.0597232950197111,0.061723656765741,0.0656267249256997,0.0694302875296007,0.0651873530964833,0.0657045296941326,0.0666068695783744,0.063900458352509,0.0660914118087614,0.0658602512657884,0.0661902070236794,0.0776113794300387,0.0695513190060719,0.0708598358029157,0.0727552556546175,0.0614423930010202,0.0586610320312498,0.0635667593341339,0.0725414726167072,0.0613841482031576,0.0692251932919863,0.0796046743652127,0.0755977227402907,0.0742020024696673,0.076547386152328,0.068162146937094,0.0704315688834993,0.0636215108025444,0.0683310952026912,0.0662973221161052,0.063251313103788,0.0644023665841664,0.0642351528199398,0.0799034707869173,0.0754288235259768,0.0647038736514247,0.0723629040863755,0.0634346565247654,0.0623888296378838,0.0725419490704477,0.0653971308922164,0.0669974934393584,0.065350768791184,0.0694600641201354,0.0688872658238127,0.0661737249169705,0.068612956661849,0.0671111585346637,0.0658681131087943,0.0667432706310511,0.0704084714033684,0.0680709084015764,0.0691447364806052,0.0723274657491332,0.264111759289627,0.275884277088922,0.272327465783324,0.398644323994011,0.336659423542065,0.64735264391558,0.646286596701368,0.571878847047595,0.720268207252398,0.688119552064912,0.685419946059985,0.713571042640789,0.749720102002903,0.73319938207234,0.721644965505372,0.680250292355689,0.670911019609182,0.773672171169737,0.888021762093524,0.849825975303996,0.925608680957062,0.902551511243874,0.914615833515706,1,0.86361558621641,0.869441664961501,0.828624199821906,0.0867357723913397,0.092781878678919,0.0913107865673129,0.0976409868571568,0.0983449495761188,0.0980194831951546,0.0975245335265706,0.0927105571706342,0.084998861523,0.0755508494233015,0.0842834818888851,0.0819283464942668,0.0869072852921002,0.0859695034388425
"AA.SEMITIC.SYRIAN_ARABIC",0,0,0,0,0,0,0,0,0,0,0,0,0,0,0,0,0,0,0,0,0,0,0,0,0,0,0,0,0,0,0,0,0,0,0,0,0,0,0.0110218474346372,0.011396431623965,0.0120049247422226,0.0121169438507429,0.0128487339368879,0.0284126923670716,0.0307768888681527,0.0384975821700368,0.0310178789904353,0.0337440628884793,0.0282770614198081,0.0303135645611391,0.0260943464203833,0.0250643611441107,0.0292571504197516,0.0289709236255566,0.0296664065930547,0.0256406037773839,0.0300102816449706,0.0280478975823127,0.03331766995067,0.0247007005384998,0.02389046764349,0.0298402615569599,0.0294030473344464,0.0279137773957854,0.0271197860714269,0.0272970072073965,0.0267664082752425,0.0268362665023423,0.0258852655475053,0.0263567198133143,0.026557301622115,0.0262463294487426,0.0259574729501479,0.0262253080716691,0.0263697388777463,0.0263014549362341,0.0259362753683717,0.026226089507707,0.0261404464466707,0.0262780978589046,0.0256764597601116,0.0254540998707023,0.0254351260600507,0.0280334907548836,0.0287856631617376,0.0284619762128849,0.0270945183949941,0.0325845641608167,0.0299817389118486,0.0309607652054613,0.0257769570108177,0.0245501868567857,0.0262887567931838,0.0221411933130536,0.0445814433057637,0.0439371041801083,0.0697698675871474,0.0651039027247475,0.0598251101350214,0.0550098409011768,0.0610154383805508,0.0574422609108672,0.0574772521195323,0.0564367335349423,0.058595352682756,0.0551521104555044,0.0569993657338944,0.0606036954381138,0.0641161356808288,0.0601979528606492,0.0606755450770388,0.0615088204170495,0.0590095562552567,0.061032815470647,0.0608193478146043,0.0611240489600891,0.071671051798412,0.064227903481931,0.0654362672014578,0.0671866127740876,0.056739629726129,0.0541711524281036,0.0587013983561614,0.066989192559472,0.0566858429495603,0.0639267392310354,0.0735117811553376,0.0698115191631849,0.0685226264705596,0.0706884959170453,0.0629450577955923,0.065040779570772,0.0587519591805831,0.0631010748640144,0.0612229655286905,0.0584100961878355,0.0594730487370723,0.0593186334123442,0.0737877078812177,0.0696555473916908,0.0597514786373493,0.066824291555509,0.0585794066152274,0.0576136266802189,0.0669896325457338,0.0603916743918802,0.0618695461660296,0.0603488608177758,0.0641436331892904,0.0636146765251095,0.0611088283837722,0.0633613628190492,0.0619745114042863,0.060826607916943,0.0616347814163713,0.0650194499576788,0.0628608026019195,0.0638524405349115,0.0667915656469786,0.243896806365617,0.254768262834853,0.251483687696609,0.368132330644538,0.310891716656798,0.597804667493839,0.596820214883018,0.5281075889923,0.665139318097934,0.635451301364915,0.632958321556602,0.658954750379822,0.69233698279255,0.677080748686342,0.666410700114172,0.628184349992878,0.619559899484589,0.714455775198279,0.820053118196334,0.784780813624798,0.85476315722147,0.833470769211175,0.844611695616647,0.86361558621641,1,0.817339873746277,0.778968418652373,0.0800970692891585,0.0856804102901571,0.0843219146712744,0.0901676052929273,0.0908176871348607,0.0905171317521317,0.0900600652292172,0.0856145476866039,0.078493100519009,0.0697682335012811,0.0778324756056432,0.0756576008372837,0.0802554546971331,0.0793894500947922
"AA.SEMITIC.TUNISIAN_ARABIC_MAGHRIB",0,0,0,0,0,0,0,0,0,0,0,0,0,0,0,0,0,0,0,0,0,0,0,0,0,0,0,0,0,0,0,0,0,0,0,0,0,0,0.0110962024510304,0.0114733136408183,0.0120859117438393,0.0121986865498685,0.0129354134003966,0.0286043686009568,0.0309845143220428,0.0387572925652612,0.0312271301994085,0.0339717053380891,0.0284678226672206,0.0305180643605827,0.0262703827488994,0.0252334490392942,0.0294545234928213,0.0291663657702496,0.0298665405689272,0.025813579090779,0.0302127354529108,0.0282371128565121,0.0335424358903238,0.024867335125338,0.0240516362791301,0.0300415683841868,0.0296014046497267,0.0281020878753279,0.0273027401678141,0.0274811568638337,0.0269469784326409,0.0270173079336947,0.0260598913854642,0.0265345261516267,0.0267364611150388,0.0264233910772942,0.0261325859099471,0.0264022278868952,0.026547633044597,0.0264788884494946,0.0261112453261425,0.0264030145946164,0.0263167937727968,0.0264553738018596,0.0258496769632806,0.0256258170011003,0.0256067151903098,0.0282226088384898,0.0289798555118834,0.0286539849228986,0.0272773020318911,0.0328043844601551,0.0301840001662806,0.031169631116376,0.0259508521833351,0.0247158060560187,0.0264661046428892,0.0222905610847925,0.044882196329927,0.0442335103970294,0.0702405454548062,0.0655431033018803,0.0602286991949495,0.05538094544116,0.0614270575712473,0.057829774916756,0.057865002181301,0.0568174641041192,0.058990645616643,0.0555241747669875,0.0573838919032757,0.0610125369498943,0.0645486726350817,0.0606040571728651,0.0610848712971326,0.0619237680360907,0.0594076434678349,0.0614445518897688,0.0612296441492794,0.0615364008538528,0.0721545553365433,0.0646611944383358,0.0658777099586117,0.0676398636219013,0.0571224036779054,0.0545365990513415,0.0590974066898788,0.0674411115812573,0.0570682540477699,0.0643579984887667,0.0740077025265338,0.070282478018549,0.0689848902647865,0.0711653709875718,0.0633696944848605,0.0654795543097522,0.0591483086051159,0.0635267640675502,0.0616359847282869,0.0588041393539501,0.0598742627386292,0.0597188057052338,0.0742854906950031,0.0701254540383671,0.0601545709682808,0.0672750981306808,0.0589745919745795,0.0580022967449867,0.0674415545357317,0.0607990855782582,0.0622869272944383,0.0607559831774372,0.0645763556458109,0.0640438305615744,0.0615210775972722,0.0637888079637082,0.0623926006437496,0.0612369532293445,0.0620505787869831,0.0654580808039278,0.0632848708931633,0.0642831985626266,0.067242151448321,0.245542170370437,0.256486967296323,0.253180233927374,0.370615805909668,0.312989038256069,0.601837546384157,0.600846452510113,0.531670281060919,0.669626446521208,0.63973815002711,0.637228352207514,0.663400156792626,0.697007590692946,0.68164843577026,0.670906405468965,0.632422174724048,0.62373954239436,0.719275599750573,0.825585318075565,0.790075061309517,0.860529516168501,0.839093486552845,0.850309571299096,0.8694416649615,0.817339873746277,1,0.849564597543474,0.0806374159901415,0.0862584230370658,0.0848907628053891,0.0907758893223927,0.0914303567127834,0.0911277737388958,0.0906676237774737,0.0861921161146272,0.079022626608937,0.0702389003451544,0.0783575450219913,0.0761679982260962,0.0807968698895534,0.0799250230918105
"AA.SEMITIC.MOROCCAN_ARABIC_2",0,0,0,0,0,0,0,0,0,0,0,0,0,0,0,0,0,0,0,0,0,0,0,0,0,0,0,0,0,0,0,0,0,0,0,0,0,0,0.0105752717492025,0.0109346787922221,0.0115185174019702,0.0116259977967706,0.0123281377120842,0.0272614863061897,0.0295298919084008,0.0369377634330133,0.0297611177575268,0.0323768439986208,0.0271313507609992,0.0290853402591662,0.0250370735169287,0.0240488204805067,0.0280717291843327,0.027797099531866,0.028464403395565,0.0246017153083909,0.0287943455530253,0.0269114720273318,0.0319677273586007,0.0236998944269007,0.0229224899948684,0.0286312142228014,0.0282117147474987,0.0267827860309059,0.0260209651046596,0.0261910057157001,0.0256819052286319,0.0257489329878056,0.0248364640400368,0.0252888162439497,0.0254812710160371,0.0251828986007631,0.0249057457924632,0.0251627289534863,0.0253013078108223,0.0252357905514081,0.0248854070798256,0.0251634787278327,0.0250813056938414,0.0252133798401829,0.0246361185029033,0.0244227680396011,0.0244045629968487,0.0268976489258952,0.0276193453249704,0.0273087733028037,0.0259967212066804,0.0312643250483629,0.0287669592948666,0.0297063180698785,0.0247325438746541,0.0235554791557278,0.0252236069030439,0.0212440915668395,0.042775122839072,0.0421568906059678,0.066942979751402,0.0624660672660195,0.0574011571885495,0.052780989744256,0.0585432565273288,0.0551148546215573,0.0551484280803319,0.0541500685169837,0.056221226208699,0.0529174949179643,0.0546899043688275,0.0581481963041756,0.0615183218924517,0.0577588933273057,0.0582171347885104,0.0590166480474973,0.0566186473637878,0.0585599295443585,0.0583551110249856,0.0586474664975962,0.0687671330794759,0.0616255611621364,0.0627849652258974,0.0644643914922603,0.0544406921672015,0.0519762826778344,0.0563229751959483,0.0642749702150445,0.0543890846865045,0.0613365992786361,0.0705332810217028,0.0669829437173334,0.0657462734983972,0.0678243877261356,0.0603946929410167,0.0624055016928779,0.0563714874314237,0.0605443886164343,0.05874237523224,0.0560434758098928,0.0570633603738326,0.0569152015437521,0.0707980279369867,0.0668332915035338,0.057330509041603,0.0641167505573178,0.056205926233042,0.0552792771097248,0.0642753923742436,0.0579447657818637,0.0593627581569887,0.0579036868989092,0.0615447052756487,0.0610371805162618,0.0586328626181934,0.0607941304019074,0.0594634704854224,0.058362076967457,0.0591375054450913,0.0623850362984779,0.0603138515417272,0.061265310966329,0.0640853506147944,0.234014762168946,0.244445736391152,0.241294243424696,0.35321659633927,0.298295218448551,0.573583226331158,0.572638661098751,0.506710086446915,0.638189657557752,0.609704519607113,0.607312548651741,0.632255671929822,0.664285345852744,0.64964725341866,0.639409526585925,0.60273200560678,0.594456994692904,0.68550794413692,0.786826766123948,0.752983600694857,0.82013044749797,0.799700769920443,0.810390295880081,0.828624199821906,0.778968418652373,0.849564597543474,1,0.0768517509492669,0.0822088699535156,0.0809054169321429,0.0865142558543249,0.0871379981242518,0.0868496204392136,0.0864110730254565,0.082145675925943,0.0753127706900901,0.0669414118743106,0.0746789125256973,0.0725921578475654,0.0770037190054728,0.0761728025860498
"Man.WESTERN_MANDE.MENDE",0,0,0,0,0,0,0,0,0,0,0,0,0,0,0,0,0,0,0,0,0,0,0,0,0,0,0,0,0,0,0,0,0,0,0,0,0,0,0.0116656665685142,0.0120621313427228,0.012706168367271,0.0128247308475675,0.0135992669853372,0.0300723628623638,0.0325746591650134,0.0407463412964949,0.0328297262424272,0.0357151547105341,0.029928809305074,0.0320842706969492,0.0276185953823731,0.0265284455799257,0.0309661482401857,0.0306632020813085,0.0313993102928427,0.0271383482720281,0.0317632721169082,0.0296862593211774,0.0352638548836086,0.0261435424686897,0.0252859814425479,0.0315833206461184,0.0311205674308248,0.0295443047726851,0.0287039340360016,0.0288915071895383,0.0283299143839015,0.0284038532393654,0.0273973014692326,0.0278962947913455,0.0281085931846099,0.027779456194812,0.0274737267226216,0.0277572068961163,0.0279100743383406,0.0278378017272026,0.0274512909265787,0.0277580339781747,0.0276673882493274,0.0278130802930005,0.0271762987101438,0.0269409501133278,0.0269208679855441,0.0296710109477904,0.0304671199986942,0.0301245255252823,0.0286771903988778,0.0344879261879345,0.0317330621172207,0.0327692762701405,0.0272826663063877,0.0259842368318363,0.0278243618475687,0.0234345267570473,0.0471855789904857,0.0465036020858407,0.0738453346072681,0.0689068167564309,0.0633196740744731,0.0582231305364882,0.064579532959454,0.0607976354873059,0.0608346706373147,0.0597333722444497,0.0620180828046475,0.0583737104817723,0.0603288694759808,0.0641437388780267,0.0678613512797894,0.063714295660869,0.0642197854696473,0.0651017349190456,0.0624564812489134,0.0645979250974503,0.0643719881559961,0.0646944878083775,0.0758575726849099,0.0679796477730485,0.0692585956381033,0.0711111841402636,0.0600539615097441,0.0573354517567056,0.0621303229235856,0.0709022320193739,0.0599970328863924,0.0676608916158671,0.0778058245590275,0.0738894191766643,0.0725252383999,0.0748176227704396,0.0666218672263269,0.0688400063898932,0.0621838371572593,0.066786997719196,0.0647991823901387,0.061822004922767,0.0629470477153736,0.062783612528847,0.078097868991737,0.0737243366266525,0.0632417415403968,0.0707276986536697,0.0620012052795347,0.0609790112447158,0.0709026977065517,0.0639193330471951,0.0654835317398813,0.0638740186039431,0.0678904550001122,0.0673306003922417,0.0646783781525918,0.067062489873596,0.0655946283122162,0.0643796723426662,0.06523505367776,0.0688174308501884,0.0665326904343343,0.0675822529102784,0.070693061126764,0.0860802844644824,0.0899172271426582,0.0887579780058689,0.096858097889313,0.081797706472015,0.0965434838285703,0.0963844979760321,0.0737771865344996,0.0882335507089222,0.0842953094133228,0.0839646050716187,0.0874131415788031,0.0918414362476378,0.089817632107647,0.0884022049239834,0.0833313175022485,0.0821872475750101,0.0856926632803178,0.0918604201440514,0.08453870887477,0.0869405893248109,0.0847748750610316,0.0859080529467802,0.0867357723913397,0.0800970692891585,0.0806374159901415,0.0768517509492669,1,0.50219945838075,0.151553892398673,0.16206049878829,0.163228907189674,0.16268871146106,0.161867214334212,0.153877174141978,0.141077618510822,0.125396196162286,0.139890260782687,0.135981303806205,0.144245141882665,0.142688650087719
"Man.WESTERN_MANDE.BAMBARA",0,0,0,0,0,0,0,0,0,0,0,0,0,0,0,0,0,0,0,0,0,0,0,0,0,0,0,0,0,0,0,0,0,0,0,0,0,0,0.0124788473132531,0.0129029485297053,0.0135918795604542,0.0137187066971643,0.0145472335665944,0.0321686225389843,0.0348453468658703,0.0435866539324055,0.0351181939505174,0.0382047575065171,0.032015062267724,0.034320774799524,0.0295438098422394,0.0283776687689096,0.0331247111769676,0.0328006474950029,0.0335880677357425,0.0290300860590823,0.0339774003129846,0.0317556048079123,0.0377219988403384,0.0279659351463771,0.0270485959575559,0.033784904932237,0.0332898944942606,0.031603755007847,0.030704804395123,0.0309054527446453,0.0303047128869952,0.030383805811727,0.0293070901539803,0.0298408668945042,0.0300679640105443,0.0297158838086365,0.0293888427964304,0.0296920835740233,0.029855606974892,0.0297782964436828,0.0293648430642654,0.0296929683096413,0.0295960039224595,0.0297518517479631,0.0290706819153014,0.0288189278309715,0.0287974458346478,0.0317392935133836,0.0325908970829337,0.0322244213141499,0.030676196534414,0.0368919823417166,0.0339450844593452,0.0350535301809998,0.0291844640969548,0.0277955247624733,0.0297639197079108,0.0250680815829956,0.0504747527414297,0.0497452371484502,0.0789928847998572,0.073710116785494,0.067733510130741,0.0622817009038671,0.0690811902285379,0.0650356673403139,0.0650752841062715,0.0638972173057008,0.0663411886011462,0.0624427773528297,0.0645342249712378,0.0686150181696838,0.0725917748564096,0.0681556396759519,0.0686963657549207,0.0696397934152615,0.0668101465656338,0.0691008644306483,0.068859178061655,0.0692041582560578,0.081145390323766,0.0727183174648756,0.074086417181758,0.0760681444081425,0.064240153945316,0.0613321445376652,0.066461252662503,0.0758446268236951,0.0641792569880451,0.0723773417141747,0.0832294493462047,0.0790400423803635,0.0775807684056673,0.08003294843115,0.0712658898622236,0.0736386492565645,0.0665184972226126,0.0714425311364425,0.0693161508021031,0.066131442682632,0.0673349090381429,0.0671600812452945,0.0835418513733896,0.0788634523909634,0.0676501451393142,0.0756579272288713,0.0663231345913156,0.0652296862906886,0.0758451249726138,0.0683749696407202,0.0700482042166427,0.0683264964553171,0.072622907315067,0.0720240268200516,0.0691869256415614,0.0717372270726384,0.0701670450179849,0.0688673978913252,0.0697824054489775,0.0736145000396007,0.0711704968073454,0.0722932213260091,0.0756208752175674,0.0920806985357276,0.0961851036761841,0.0949450465486249,0.103609802964462,0.0874995940989406,0.10327325804407,0.103103189735745,0.078919986316965,0.09438406290255,0.0901712979034907,0.0898175410939918,0.0935064653637358,0.0982434439757963,0.0960785661519231,0.0945644735277059,0.0891401088326513,0.0879162890145686,0.0916660573710618,0.0982637511861357,0.0904316640555394,0.0930009728236852,0.0906842927211714,0.0918964612442439,0.092781878678919,0.0856804102901571,0.0862584230370658,0.0822088699535156,0.502199458380749,1,0.162118287186149,0.173357279501457,0.174607134360137,0.174029283109456,0.173150521732726,0.164603518353188,0.150911741765833,0.134137211652811,0.14964161667623,0.145460177323656,0.154300064266415,0.152635073814358
"NC.KWA.FONGBE",0,0,0,0,0,0,0,0,0,0,0,0,0,0,0,0,0,0,0,0,0,0,0,0,0,0,0,0,0,0,0,0,0,0,0,0,0,0,0.012280990424539,0.0126983673542777,0.0133763751204926,0.0135011913645262,0.0143165816241007,0.0316585767462914,0.0342928605869714,0.0428955708924387,0.0345613815769154,0.0375990064892505,0.0315074512317629,0.0337766058110245,0.0290753814570359,0.0279277299956694,0.0325995062338741,0.0322805807053181,0.0330555160974949,0.0285698029606062,0.0334386756580733,0.0312521075690402,0.0371239021460467,0.0275225245669266,0.0266197301411944,0.0332492323650844,0.0327620705066027,0.0311026654055329,0.0302179679980029,0.0304154349913338,0.0298242200934959,0.0299020589697075,0.0288424150498164,0.0293677285563174,0.0295912249608745,0.029244727124996,0.0289228714729063,0.0292213042521898,0.0293822349271027,0.0293061501838839,0.0288992522656582,0.0292221749599869,0.0291267479801858,0.0292801247789117,0.0286097551540251,0.0283619927268247,0.0283408513357548,0.0312360548963141,0.0320741559661173,0.0317134908105721,0.0301898137258483,0.03630704587592,0.033406872184632,0.0344977430761528,0.028721733275745,0.0273548161047242,0.0292920013967468,0.0246706175782252,0.049674456264893,0.0489565074201774,0.0777404224509946,0.0725414147405187,0.0666595694662116,0.0612942007561911,0.0679858815814987,0.064004502003293,0.0640434906303003,0.0628841025286516,0.0652893237260723,0.0614527232765546,0.0635110101944349,0.0675271008586274,0.0714408045497153,0.0670750059863094,0.0676071586468409,0.0685356279014158,0.0657508461829796,0.0680052438416228,0.0677673895022884,0.0681068999039917,0.0798587991779714,0.0715653407768087,0.0729117487503243,0.0748620549348889,0.0632216017769087,0.0603596999687265,0.0654074841258945,0.0746420813070844,0.0631616703641464,0.0712297713268234,0.0819098146488924,0.0777868323300567,0.0763506957013963,0.0787639954763054,0.0701359419683497,0.0724710803565474,0.065463821051647,0.0703097825277223,0.0682171167654594,0.0650829034091795,0.0662672883461269,0.0660952325146853,0.0822172634226577,0.0776130422423626,0.0665775262585535,0.0744583419056206,0.0652715559694608,0.0641954447091309,0.0746425715576619,0.0672908583907437,0.0689375631936054,0.0672431537662028,0.071471443391354,0.0708820583752462,0.0680899405191777,0.0705998059473316,0.0690545197286676,0.0677754790034207,0.0686759787668864,0.072447314034639,0.0700420614067787,0.0711469846995303,0.0744218773681027,0.0906207239030102,0.0946600521328573,0.0934396565845231,0.101967029979086,0.0861122546261849,0.101635821106905,0.101468449296542,0.0776686798013821,0.0928875675483465,0.0887415975468278,0.0883934496866117,0.0920238846535866,0.0966857566611219,0.0945552038017206,0.0930651176941577,0.087726758372426,0.086522342684827,0.0902126570323247,0.0967057418928879,0.088997835494125,0.0915264068907612,0.089246458635807,0.0904394077641268,0.0913107865673129,0.0843219146712744,0.0848907628053891,0.0809054169321429,0.151553892398673,0.162118287186149,1,0.349594309788185,0.277137956255811,0.276220785744879,0.274826008075135,0.26126013026953,0.239528423859959,0.212903744348949,0.237512470314809,0.230875653551127,0.24490639868549,0.242263711416385
"NC.KWA.TWI_FANTE",0,0,0,0,0,0,0,0,0,0,0,0,0,0,0,0,0,0,0,0,0,0,0,0,0,0,0,0,0,0,0,0,0,0,0,0,0,0,0.0131323808469364,0.0135786927980558,0.0143037040467677,0.0144371732862892,0.0153090911900943,0.0338533353200518,0.0366702431962779,0.0458693439317954,0.0369573796391413,0.0402055905602424,0.0336917328968049,0.0361181986056202,0.0310910577538442,0.029863844349289,0.0348594955688506,0.0345184602485689,0.0353471187158455,0.0305504295851364,0.0357568411487045,0.0334186873109191,0.0396975491921359,0.0294305476991374,0.0284651662587678,0.0355542645334294,0.0350333297522329,0.033258884938478,0.032312855107955,0.032524011673629,0.0318918102849465,0.0319750454094578,0.0308419407463074,0.0314036720719524,0.0316426625605942,0.0312721434586248,0.030927974881428,0.031247096774637,0.0314191841096036,0.031337824724892,0.030902718251941,0.031248027845015,0.0311459853062214,0.0313099950859153,0.0305931514993721,0.0303282127248043,0.0303056056882733,0.0334015217725901,0.0342977249334434,0.0339120563499572,0.0322827490162132,0.0388240636453125,0.0357228328715991,0.0368893293435501,0.0307128926025011,0.0292512127008383,0.0313226950606887,0.0263809297594612,0.0531181814726926,0.0523504601952145,0.0831298453574449,0.0775704118818104,0.0712808025298959,0.0655434749326495,0.0726990623947561,0.068441670188608,0.0684833617363462,0.0672435980386371,0.0698155633031438,0.0657129871656426,0.0679139666276786,0.0722084762962651,0.0763935009251201,0.0717250395507756,0.0722940841607972,0.0732869203600166,0.0703090812087852,0.0727197669605294,0.0724654231607009,0.0728284704184982,0.0853950804072467,0.0765266707352816,0.077966419621351,0.0800519324911161,0.0676044947180133,0.0645441890592377,0.0699419152762217,0.0798167089988122,0.0675404085075464,0.0761678376391334,0.0875882843228914,0.0831794726420397,0.0816437745831829,0.0842243784796412,0.0749981776019157,0.0774952015050399,0.0700021578087171,0.0751840698103945,0.0729463281604647,0.0695948327169066,0.070861326177425,0.0706773424247049,0.0879170472523,0.0829936344042326,0.0711930716049765,0.0796202317023402,0.0697965637812362,0.0686458501648416,0.0798172332364405,0.071955856112288,0.0737167201685329,0.0719048443228496,0.0764262638313027,0.0757960191825047,0.0728103353094713,0.0754941993577012,0.0738417848178715,0.0724740734735876,0.0734370011722184,0.07746978756204,0.0748977886881509,0.0760793117563614,0.0795812392288069,0.096903084993984,0.101222443192826,0.0999174426537322,0.109035983680983,0.0920820621339972,0.108681813463516,0.108502838455741,0.0830531290857836,0.0993270795613547,0.094893686556575,0.0945214030408849,0.0984035210931136,0.103388581462536,0.10111032615926,0.0995169385266026,0.0938084927671551,0.0925205799066442,0.0964667285299197,0.103409952188006,0.0951676884240971,0.0978715552484655,0.0954335475829322,0.0967091989548942,0.0976409868571568,0.0901676052929273,0.0907758893223927,0.0865142558543249,0.16206049878829,0.173357279501457,0.349594309788185,1,0.296350787915344,0.29537003375507,0.293878561901197,0.27937221772962,0.256133941730802,0.227663482982819,0.253978230439655,0.246881310538321,0.261884749373562,0.259058855493871
"NC.DEFOID.OKA",0,0,0,0,0,0,0,0,0,0,0,0,0,0,0,0,0,0,0,0,0,0,0,0,0,0,0,0,0,0,0,0,0,0,0,0,0,0,0.0132270614398413,0.0136765911685019,0.0144068295344968,0.0145412610478724,0.0154194652226179,0.0340974078836843,0.0369346248349356,0.0462000483737576,0.0372238314468697,0.0404954610107497,0.0339346403546256,0.0363786001655883,0.0313152151108752,0.0300791538596029,0.0351108222511402,0.0347673281667774,0.0356019610172151,0.0307706891725131,0.0360146374279797,0.0336596261905922,0.0399837568142106,0.0296427332683916,0.0286703917125472,0.0358106002950524,0.0352859097277175,0.0334986716901747,0.0325458212635767,0.0327585002058149,0.0321217408315688,0.0322055760567802,0.0310643020431837,0.0316300832860208,0.0318707968256026,0.0314976063901814,0.0311509564590453,0.0314723791269889,0.0316457071608887,0.0315637611990077,0.0311255177367084,0.0314733169101097,0.0313705386747058,0.0315357309165415,0.0308137190991509,0.0305468701941542,0.030524100167557,0.0336423368937943,0.0345450014151291,0.0341565522748973,0.0325154981157923,0.039103973694203,0.0359803839612261,0.0371552905287167,0.0309343235003194,0.0294621053176442,0.0315485224543876,0.0265711284827635,0.0535011478954976,0.0527278915740252,0.0837291870258196,0.0781296716744138,0.0717947160940034,0.0660160240568335,0.0732232011942161,0.0689351144458517,0.0689771065773534,0.0677284045490149,0.0703189129245548,0.0661867584230338,0.0684036062978783,0.0727290781146386,0.0769442755368203,0.0722421559327893,0.0728153031866265,0.0738152974420351,0.0708159889487475,0.0732440550338024,0.0729878774901882,0.0733535422116443,0.0860107537522674,0.0770784054620386,0.0785285345129658,0.0806290833154625,0.0680919031870137,0.0650095336269838,0.0704461758580949,0.0803921639311512,0.0680273549338697,0.0767169852850942,0.0882197700213242,0.0837791721085002,0.0822324021195471,0.0848316114090272,0.0755388923439643,0.0780539190530078,0.0705068527214828,0.0757261247804429,0.0734722496731718,0.0700965909358887,0.0713722154407432,0.0711869052194264,0.088550903234495,0.083591994031806,0.071706352654989,0.0801942700913167,0.0702997764216976,0.0691407664994972,0.0803926919483782,0.0724746366136378,0.0742481959804142,0.0724232570442419,0.076977274653894,0.0763424861270499,0.0733352763538298,0.0760384902703223,0.0743741623089904,0.0729965901692797,0.073966460292631,0.0780283218829739,0.075437779655738,0.0766278211568155,0.0801549964935489,0.0976017276581345,0.101952227155725,0.100637817947615,0.109822100966433,0.0927459466451432,0.109465377286149,0.109285111921351,0.0836519176524648,0.100043198511452,0.0955778420506035,0.0952028744805592,0.0991129814590302,0.104133982643522,0.101839301791413,0.100234426303846,0.0944848243340072,0.0931876260016033,0.0971622251926545,0.10415550744562,0.0958538193907819,0.0985771802975296,0.096121595315745,0.0974064437578838,0.0983449495761188,0.0908176871348607,0.0914303567127834,0.0871379981242518,0.163228907189674,0.174607134360137,0.277137956255811,0.296350787915344,1,0.90106820944932,0.39837586089083,0.378711352835718,0.347210013824265,0.308616033234766,0.344287775006003,0.334667333293355,0.35500569286489,0.351174968024586
"NC.DEFOID.YORUBA",0,0,0,0,0,0,0,0,0,0,0,0,0,0,0,0,0,0,0,0,0,0,0,0,0,0,0,0,0,0,0,0,0,0,0,0,0,0,0.013183287317874,0.0136313293563731,0.0143591510447526,0.0144931376655503,0.0153684354792093,0.0339845646721926,0.0368123920336671,0.0460471522402054,0.0371006415346388,0.0403614438477184,0.0338223358119608,0.0362582074927417,0.0312115793901272,0.0299796088052677,0.0349946252089941,0.0346522678965449,0.0354841385824339,0.0306688555258651,0.035895449266758,0.0335482317898825,0.039851433103804,0.0295446325203579,0.0285755088672997,0.0356920873817974,0.0351691332446586,0.0333878099581884,0.032438112929719,0.03265008802447,0.0320154359650375,0.0320989937428816,0.0309614967033391,0.0315254055289924,0.031765322442363,0.0313933670570481,0.0310478643419005,0.0313682232818851,0.0315409776976361,0.0314593029307252,0.0310225098074038,0.0313691579614721,0.0312667198641277,0.0314313654127032,0.0307117430476864,0.0304457772622373,0.0304230825916008,0.0335309997109171,0.0344306769211978,0.0340435133287894,0.0324078901344714,0.0389745615703022,0.0358613091596828,0.0370323274483127,0.030831948316229,0.0293646023463717,0.031444114617765,0.0264831930161972,0.0533240892355662,0.0525533919569078,0.0834520905851806,0.0778711064751292,0.0715571160289246,0.0657975482070006,0.0729808736481854,0.068706978051286,0.0687488312124886,0.0675042616844139,0.0700861969365805,0.0659677175386311,0.06817722889586,0.0724883858376397,0.0766896333309641,0.0720030750939071,0.0725743255532137,0.0735710103909786,0.0705816279191585,0.0730016584733107,0.0727463287330495,0.073110783310273,0.085726106611073,0.0768233193616914,0.078268649302383,0.080362246471677,0.067866557346696,0.0647943886934723,0.0702130387015035,0.0801261111570604,0.067802222711907,0.0764630952819285,0.0879278122807174,0.0835019102453964,0.0819602591937416,0.084550866564725,0.0752889011647609,0.0777956045522251,0.0702735147586557,0.0754755139673513,0.073229097916976,0.0698646107084529,0.071136013614813,0.0709513166659352,0.0882578496294949,0.0833153516226902,0.0714690450231142,0.0799288722343533,0.0700671237647673,0.068911949512487,0.0801266374268478,0.0722347863946688,0.0740024762790669,0.0721835768627032,0.0767225232395502,0.0760898355051251,0.0730925779021578,0.0757868457034287,0.074128025730058,0.0727550125780814,0.0737216729776958,0.077770092094404,0.0751881231025713,0.0763742262366842,0.0798897286100695,0.0972787209230286,0.101614822718114,0.100304763464017,0.109458651679962,0.0924390098097104,0.109103108554102,0.10892343976611,0.0833750769299223,0.0997121118832115,0.0952615332367128,0.0948878065980892,0.0987849733252006,0.103789357824328,0.101502271073142,0.09990270681934,0.0941721327930124,0.0928792274563186,0.0968406729631179,0.103810811391457,0.0955365972473656,0.0982509453637036,0.0958034869848672,0.0970840833024755,0.0980194831951546,0.0905171317521317,0.0911277737388958,0.0868496204392136,0.16268871146106,0.174029283109456,0.276220785744879,0.29537003375507,0.90106820944932,1,0.39705746121432,0.377458031602969,0.346060944277522,0.30759468802205,0.34314837642352,0.333559772953313,0.353830824012179,0.350012776713077
"NC.PLATOID.GWARA",0,0,0,0,0,0,0,0,0,0,0,0,0,0,0,0,0,0,0,0,0,0,0,0,0,0,0,0,0,0,0,0,0,0,0,0,0,0,0.0131167182698018,0.0135624979187102,0.0142866444693343,0.0144199545242964,0.0152908325190718,0.0338129595129613,0.0366265077518599,0.0458146370095838,0.036913301736129,0.0401576386183415,0.0336515498278362,0.0360751215674032,0.0310539764282306,0.0298282266824615,0.0348179197461125,0.0344772911679191,0.0353049613203338,0.0305139930497168,0.0357141950901482,0.0333788298948233,0.0396502031751779,0.0293954468115813,0.0284312167512585,0.0355118600816236,0.0349915466029379,0.03321921811364,0.0322743165831081,0.0324852213089949,0.0318537739270025,0.0319369097796016,0.0308051565347047,0.031366217901085,0.0316049233532961,0.031234846157793,0.0308910880596213,0.0312098293461965,0.0313817114380173,0.031300449088082,0.0308658615529211,0.0312107593061162,0.0311088384702456,0.0312726526406394,0.0305566640108706,0.030292041220437,0.0302694611466066,0.0333616848292913,0.0342568191168535,0.0338716105081433,0.0322442463979539,0.0387777594070626,0.0356802273736441,0.0368453326019826,0.0306762623025562,0.0292163257004879,0.0312853374685528,0.0263494660551979,0.0530548290901914,0.0522880234497075,0.0830306990084107,0.0774778960940318,0.0711957881611493,0.0654653032938759,0.0726123565121256,0.0683600419636085,0.0684016837871505,0.067163398716567,0.0697322964790866,0.0656346133549661,0.0678329677781004,0.0721223555202272,0.0763023888019819,0.0716394953545219,0.0722078612829547,0.073199513357701,0.0702252257814614,0.0726330363842153,0.0723789959322282,0.0727416101949925,0.0852932323836944,0.0764353997847039,0.0778734315276105,0.0799564570718427,0.0675238649658373,0.0644672092372607,0.0698584977561447,0.0797215141231916,0.0674598551889758,0.0760769946574909,0.0874838205340867,0.0830802671041058,0.081546400623969,0.0841239267154159,0.0749087296369702,0.0774027754183094,0.0699186684392685,0.0750944001376652,0.0728593273717412,0.0695118291512695,0.0707768121049158,0.0705930477838244,0.0878121913583012,0.0828946505097134,0.0711081618701416,0.0795252711590046,0.0697133196173106,0.0685639784208135,0.0797220377355782,0.0718700366283892,0.0736288005575188,0.0718190856791058,0.0763351126328778,0.0757056196570279,0.0727234967151392,0.075404159803226,0.073753716046188,0.0723876359281592,0.0733494151732436,0.0773773917857191,0.074808460453902,0.0759885743567518,0.0794863251905667,0.0967875117357156,0.101101718372038,0.0997982742659966,0.108905939896482,0.0919722387578935,0.108552192086681,0.108373430536762,0.082954074233831,0.0992086152810906,0.0947805098445526,0.0944086703396896,0.0982861583119542,0.103265273156839,0.100989735056928,0.0993982478075287,0.0936966103315957,0.0924102335242008,0.0963516757002663,0.103286618394118,0.0950541849186749,0.0977548269262189,0.0953197269956624,0.0965938569383997,0.0975245335265706,0.0900600652292172,0.0906676237774737,0.0864110730254565,0.161867214334212,0.173150521732726,0.274826008075135,0.293878561901197,0.39837586089083,0.39705746121432,1,0.418943621688364,0.384095748883198,0.341401750188766,0.380863067040433,0.370220601048433,0.392719599175366,0.388481918613979
"NC.BANTOID.TIV_1",0,0,0,0,0,0,0,0,0,0,0,0,0,0,0,0,0,0,0,0,0,0,0,0,0,0,0,0,0,0,0,0,0,0,0,0,0,0,0.0124692548128133,0.0128930300223032,0.0135814314711885,0.0137081611157718,0.0145360510958995,0.032143894491745,0.0348185612183865,0.0435531488348174,0.0350911985652498,0.0381753894772444,0.0319904522623946,0.0342943923910294,0.0295210994907308,0.0283558548310262,0.033099248183587,0.0327754336096476,0.0335622485597849,0.0290077706074785,0.033951281856747,0.0317311942477507,0.037693001908059,0.0279444377084761,0.027027803679062,0.0337589344473607,0.0332643045243249,0.0315794611747546,0.0306812015861237,0.0308816956970908,0.0302814176286752,0.0303604497546092,0.0292845617690955,0.0298179281949893,0.0300448507412851,0.029693041183725,0.0293662515682204,0.0296692592443722,0.0298326569446649,0.0297554058421262,0.0293422702846697,0.0296701432998932,0.0295732534493174,0.0297289814744663,0.0290483352576288,0.0287967746968755,0.0287753092137804,0.0317148954917278,0.0325658444328968,0.0321996503743451,0.0306526157163014,0.0368636234438188,0.0339189908443316,0.0350265845028263,0.0291620299748233,0.027774158319178,0.0297410401577631,0.0250488117275695,0.0504359527564856,0.0497069979427569,0.0789321629027808,0.0736534557566396,0.0676814433244559,0.0622338249079264,0.0690280874594266,0.064985674368054,0.0650252606805702,0.0638480994609413,0.0662901920735935,0.062394777537287,0.0644846174581493,0.0685622737474267,0.0725359734979381,0.0681032483783298,0.0686435588007063,0.06958626124741,0.0667587895496988,0.0690477465379612,0.0688062459534833,0.0691509609613201,0.0810830137938805,0.0726624188329943,0.0740294668904722,0.0760096707614686,0.0641907724848728,0.0612849984665029,0.0664101638416053,0.0757863249951766,0.0641299223391442,0.0723217051906402,0.0831654707983934,0.0789792842332153,0.0775211320036525,0.0799714270362843,0.0712111077126638,0.0735820431648598,0.0664673643977732,0.0713876132025864,0.0692628674186009,0.0660806073869436,0.0672831486368533,0.0671084552342765,0.0834776326818769,0.0788028299886888,0.0675981424157682,0.0755997689164886,0.0662721519418955,0.0651795441758981,0.0757868227611678,0.0683224097439695,0.0699943581030642,0.0682739738199448,0.0725670820250483,0.0719686618899738,0.069133741593549,0.071682082605768,0.0701131075513823,0.0688144594645635,0.0697287636551355,0.0735579125114194,0.0711157879865072,0.0722376494658878,0.075562745387097,0.0920099160252095,0.0961111661059776,0.0948720622113768,0.103530158021659,0.0874323330872614,0.103193871803632,0.103023934226958,0.0788593204570139,0.0943115097939032,0.0901019831508467,0.0897484982745052,0.0934345868650561,0.0981679241576679,0.0960047104772013,0.0944917817372595,0.0890715867559146,0.0878487076891568,0.0915955935955561,0.0981882157578376,0.0903621491592151,0.0929294828975468,0.090614583628979,0.0918258203570869,0.0927105571706342,0.0856145476866039,0.0861921161146272,0.082145675925943,0.153877174141978,0.164603518353188,0.26126013026953,0.27937221772962,0.378711352835718,0.377458031602969,0.418943621688364,1,0.515831307128584,0.399100318959736,0.445230791733715,0.432789696837227,0.459091135900644,0.454137266558251
"NC.BANTOID.CUNG",0,0,0,0,0,0,0,0,0,0,0,0,0,0,0,0,0,0,0,0,0,0,0,0,0,0,0,0,0,0,0,0,0,0,0,0,0,0,0.0114320579605472,0.0118205834041169,0.0124517233865716,0.0125679116162569,0.0133269374265283,0.0294701544257267,0.0319223414652194,0.0399303831157844,0.032172300744931,0.0349999476088867,0.0293294755731519,0.0314417731790295,0.0270655244040981,0.025997205191127,0.030346041472861,0.030049161905211,0.0307705293204436,0.0265948943917791,0.0311272026955745,0.0290917827282595,0.0345576852016169,0.0256200098846263,0.0247796217852425,0.0309508548090588,0.0304973683710918,0.0289526708638327,0.0281291288130044,0.0283129457556951,0.0277625990209793,0.0278350572278237,0.0268486619705217,0.0273376627958767,0.0275457098476655,0.0272231639286448,0.026923556784398,0.0272013601790883,0.0273511664031496,0.0272803410735693,0.0269015702721617,0.0272021706985707,0.0271133401786881,0.0272561146937901,0.0266320848605463,0.0264014491927145,0.026381769215797,0.0290768397083008,0.0298570064273988,0.0295212725150668,0.0281029207255471,0.0337972947198472,0.031097597660544,0.0321130613021751,0.0267363224125322,0.0254638943927893,0.0272671703317129,0.0229652430567181,0.0462406730685358,0.045572352963905,0.0723665587721162,0.0675269362800464,0.0620516778712057,0.057057194205613,0.0632863076894524,0.0595801438925944,0.0596164374021845,0.0585371928527927,0.0607761513721243,0.0572047587405731,0.05912076506671,0.0628592405202958,0.0665024065753337,0.062438397037373,0.0629337642552237,0.0637980523920891,0.0612057707509421,0.0633043315191546,0.0630829190353532,0.0633989605317072,0.0743385011552552,0.066618334144455,0.0678716706800017,0.0696871605201538,0.0588513622181565,0.0561872914699894,0.0608861438477075,0.0694823927305928,0.0587955736082259,0.0663059611786432,0.0762477386785333,0.0724097605342738,0.0710728979026325,0.0733193765618626,0.0652877435762555,0.0674614638119161,0.0609385864421772,0.0654495672795515,0.0635015585718466,0.0605840000109248,0.0616865134710547,0.0615263511250635,0.0765339348304789,0.0722479838137645,0.0619753059604075,0.0693113544499201,0.0607596118247107,0.0597578875439469,0.0694828490922398,0.0626393284861498,0.0641722036126226,0.0625949214787436,0.0665309274845885,0.065982284139687,0.0633831734767983,0.0657195426177184,0.0642810754414796,0.0630904493437908,0.0639287014011191,0.0674393403544283,0.0652003525773094,0.066228897237637,0.0692774105502835,0.084356499946123,0.0881166066516064,0.0869805718399944,0.0949184842988371,0.0801596819123732,0.0946101704826922,0.0944543683713898,0.0722997753857393,0.0864666463630766,0.0826072695765475,0.0822831876923309,0.0856626661814213,0.0900022828696899,0.0880190060382043,0.0866319232249299,0.0816625819038649,0.0805414223334029,0.083976640996951,0.0900208866076626,0.0828457948879378,0.085199576933559,0.0830772317727319,0.0841877174182288,0.084998861523,0.078493100519009,0.079022626608937,0.0753127706900901,0.141077618510822,0.150911741765833,0.239528423859959,0.256133941730802,0.347210013824265,0.346060944277522,0.384095748883198,0.515831307128584,1,0.365903018818106,0.408196343192042,0.396790102796412,0.420903779221551,0.416361974414337
"NC.BANTOID.NGONI_2",0,0,0,0,0,0,0,0,0,0,0,0,0,0,0,0,0,0,0,0,0,0,0,0,0,0,0,0,0,0,0,0,0,0,0,0,0,0,0.0101613324472828,0.0105066715113397,0.0110676573989749,0.0111709307756817,0.0118455873966377,0.026194412014531,0.0283740272524168,0.0354919384582469,0.0285962024152964,0.0311095434014362,0.0260693702596476,0.0279468763285457,0.0240570676145279,0.0231074969667686,0.0269729402115464,0.026709060165267,0.0273502442939787,0.023638750279946,0.0276672717926414,0.0258580980612711,0.0307164404828967,0.0227722286432406,0.0220252535236209,0.0275105257800297,0.0271074464331248,0.0257344491166384,0.0250024475302518,0.0251658323792939,0.0246766592004993,0.0247410633463513,0.0238643104320065,0.0242989565797584,0.0244838782504846,0.024197184785144,0.0239308803448779,0.0241778046220442,0.0243109591993402,0.0242480064289783,0.0239113377340059,0.0241785250485802,0.0240995684471435,0.0242264729220822,0.0236718068580633,0.0234668073992495,0.0234493149417494,0.025844816026305,0.0265382636474087,0.026239848094513,0.024979152591547,0.0300405708799192,0.027640957492618,0.0285435477074641,0.0237644579295392,0.0226334661021302,0.0242362996753,0.0204125512866798,0.0411008108301279,0.0405067775608957,0.0643226848820231,0.0600210085582167,0.055154350156115,0.0507150261862965,0.0562517452249494,0.0529575384798538,0.0529897977999076,0.0520305162168249,0.0540206042595131,0.0508461882484846,0.0525492217108904,0.0558721485243294,0.0591103600146535,0.0554980837187616,0.0559383886053742,0.056706607164031,0.054402469480021,0.0562677656235695,0.0560709641497099,0.0563518761887034,0.066075436852938,0.0592134017044099,0.0603274241533833,0.0619411139968144,0.0523097642207477,0.0499418171172053,0.0541183705685152,0.0617591070833256,0.052260176769894,0.058935750422015,0.0677724538958718,0.0643610845707849,0.0631728203332052,0.0651695926178579,0.0580307123617426,0.0599628136542798,0.0541649839288257,0.0581745486205085,0.056443069987571,0.0538498114006872,0.0548297754486868,0.0546874158797649,0.0680268380369503,0.064217290072454,0.0550864673323983,0.0616070804895902,0.0540059031584186,0.0531155251116588,0.0617595127182888,0.0556766807182854,0.0570391697656655,0.0556372097527951,0.0591357106944381,0.0586480515658917,0.056337843937131,0.0584145149654264,0.057135939992949,0.0560776574299338,0.0568227339383391,0.0599431493202471,0.0579530352719083,0.0588672524904122,0.0615769096096004,0.0749798892727727,0.0783220429255561,0.0773122835775617,0.0843678607719821,0.0712495667526408,0.084093817446209,0.083955333451954,0.0642633247743966,0.0768554832672316,0.0734250938568046,0.0731370351558226,0.0761408691588165,0.0799981176100973,0.0782352910665942,0.0770023888501923,0.0725854125383486,0.0715888749804362,0.0746422533826353,0.0800146534575322,0.0736371059892214,0.0757292543982432,0.0738428176060688,0.0748298676945805,0.0755508494233015,0.0697682335012811,0.0702389003451544,0.0669414118743106,0.125396196162286,0.134137211652811,0.212903744348949,0.227663482982819,0.308616033234766,0.30759468802205,0.341401750188766,0.399100318959736,0.365903018818106,1,0.561960097416429,0.546257232677957,0.579454306044593,0.57320164573914
"NC.BANTOID.J15_GANDA",0,0,0,0,0,0,0,0,0,0,0,0,0,0,0,0,0,0,0,0,0,0,0,0,0,0,0,0,0,0,0,0,0,0,0,0,0,0,0.0113358418313608,0.0117210973112547,0.0123469254026836,0.012462135752292,0.0132147733404543,0.0292221234766925,0.0316536720672028,0.0395943152867382,0.0319015276037012,0.03470537601974,0.0290826286256946,0.0311771484088889,0.0268377316478376,0.0257784037765621,0.030090638757381,0.0297962578302148,0.0305115539693347,0.0263710626194657,0.0308652254587458,0.0288469362854839,0.0342668358449029,0.0254043830754093,0.0245710679711254,0.0306903617766568,0.0302406920364226,0.0287089952343232,0.0278923843964598,0.0280746542725799,0.0275289394451468,0.0276007878188173,0.0266226944030414,0.0271075796293725,0.0273138756856641,0.0269940444239624,0.0266969588764215,0.0269724241822564,0.0271209695856451,0.0270507403463824,0.0266751574102293,0.0269732278801283,0.0268851449884335,0.0270267178641425,0.0264079400804648,0.0261792455216868,0.0261597311782194,0.0288321190311173,0.0296057195989509,0.0292728113386225,0.0278663968852747,0.0335128450707867,0.0308358695898659,0.0318427867404571,0.026511300333385,0.0252495815052111,0.0270376804540165,0.0227719596776128,0.0458514956702945,0.0451888003773772,0.0717574969398876,0.0669586063741706,0.0615294296220371,0.0565769812476619,0.0627536683713704,0.0590786969228976,0.0591146849738362,0.0580445237175266,0.0602646383923918,0.0567233038287755,0.058623184387108,0.0623301955462996,0.0659426994636008,0.06191289402678,0.0624040920638593,0.0632611060546945,0.0606906419468501,0.0627715405063267,0.0625519915060922,0.0628653730885841,0.0737128427781404,0.0660576513464542,0.0673004393709249,0.0691006494245679,0.0583560489255262,0.0557143999124616,0.0603737051334943,0.068897605031106,0.0583007298517123,0.0657479074188905,0.0756060115021855,0.0718003351011657,0.0704747239649344,0.072702295487616,0.064738259485823,0.0668936849448361,0.0604257063530635,0.0648987212252105,0.062967107628353,0.0600741042430938,0.0611673385709909,0.061008524206354,0.0758897989289459,0.0716399199491416,0.0614537004834905,0.0687280062673922,0.0602482380474942,0.0592549446225868,0.0688980575518565,0.0621121343674204,0.0636321082899538,0.062068101104652,0.0659709803310802,0.0654269545571474,0.0628497189029556,0.0651664243581364,0.0637400638160782,0.0625594584368657,0.0633906554767582,0.0668717476859707,0.0646516039995618,0.0656714920745,0.068694348051282,0.0836465266478296,0.0873749870028678,0.0862485134507046,0.0941196177098998,0.0794850304771688,0.0938138987688042,0.0936594079416224,0.071691275625445,0.0857389133472454,0.0819120184022844,0.0815906641025977,0.0849416997391404,0.0892447927217613,0.087278207829775,0.0859027991822208,0.0809752815457601,0.0798635580396045,0.0832698647221378,0.0892632398842808,0.0821485362026688,0.0844825080095597,0.0823780252350917,0.0834791646517036,0.0842834818888851,0.0778324756056432,0.0783575450219913,0.0746789125256972,0.139890260782687,0.14964161667623,0.237512470314809,0.253978230439655,0.344287775006003,0.34314837642352,0.380863067040433,0.445230791733715,0.408196343192042,0.561960097416428,1,0.664854933168126,0.705259410535594,0.697649237524016
"NC.BANTOID.GIKUYU",0,0,0,0,0,0,0,0,0,0,0,0,0,0,0,0,0,0,0,0,0,0,0,0,0,0,0,0,0,0,0,0,0,0,0,0,0,0,0.0110190841259775,0.0113935744025797,0.0120019149643523,0.0121139059883455,0.0128455126059845,0.0284055689660874,0.0307691727348972,0.0384879303668507,0.0310101024380807,0.0337356028492939,0.0282699720231207,0.0303059645888156,0.0260878042563895,0.025058077209715,0.029249815303058,0.0289636602693354,0.0296589688709554,0.0256341753720845,0.0300027577092928,0.0280408656397337,0.0333093168132817,0.0246945077781569,0.0238844780182013,0.0298327802473467,0.0293956756396555,0.0279067790787374,0.0271129868174774,0.0272901635219938,0.0267596976173229,0.0268295383301317,0.025878775802581,0.0263501118691803,0.0265506433897284,0.0262397491807902,0.0259509651019662,0.0262187330740267,0.0263631276695776,0.0262948608476642,0.0259297728346767,0.0262195143141493,0.0261338927248502,0.0262715096262327,0.0256700223652896,0.0254477182241576,0.0254287491704667,0.0280264624242681,0.0287784462525252,0.0284548404558526,0.0270877254759527,0.032576394821797,0.0299742221321746,0.0309530029722141,0.0257704944201359,0.0245440318320187,0.0262821658881899,0.0221356422517111,0.0445702662060008,0.0439260886238522,0.0697523754488801,0.0650875803995435,0.0598101112661038,0.0549960492777097,0.0610001410821396,0.0574278594506812,0.0574628418866328,0.0564225841724669,0.0585806621287046,0.0551382831633626,0.0569850753128136,0.060588501368571,0.0641000610006082,0.0601828605156116,0.0606603329939342,0.0614933994218749,0.0589947618554275,0.0610175138155919,0.0608040996784375,0.0611087244317097,0.0716530830105788,0.0642118007801891,0.0654198615485137,0.0671697682886241,0.0567254044239645,0.0541575710738436,0.0586866812151944,0.0669723975696118,0.0566716311323824,0.0639107120347646,0.0734933508746919,0.0697940165823705,0.0685054470305217,0.070670773467695,0.0629292767185703,0.0650244730712958,0.0587372293634141,0.0630852546716519,0.0612076162007471,0.0583954520797978,0.0594581381341478,0.059303761523184,0.0737692084224496,0.0696380839148605,0.0597364982287266,0.0668075379082981,0.0585647200590454,0.0575991822565898,0.0669728374455639,0.0603765334785434,0.0618540347326057,0.0603337306383128,0.0641275516151163,0.0635987275666825,0.0610935076713728,0.0633454773693907,0.0619589736548247,0.060811357960582,0.0616193288412712,0.0650031488057911,0.0628450426486799,0.0638364319662103,0.0667748202045434,0.0813091897090817,0.0849334656052818,0.0838384691311218,0.0914896309316037,0.0772639783276399,0.091192454702352,0.0910422808161304,0.0696880045582457,0.0833431087958101,0.0796231488698394,0.079310774181204,0.0825681717470431,0.0867510232972673,0.0848393907349884,0.0835024151648928,0.0787125872741942,0.0776319286851458,0.0809430528567865,0.0867689549902737,0.0798530576475464,0.0821218112231864,0.0800761340623267,0.0811465043133043,0.0819283464942668,0.0756576008372837,0.0761679982260962,0.0725921578475654,0.135981303806205,0.145460177323656,0.230875653551127,0.246881310538321,0.334667333293355,0.333559772953313,0.370220601048433,0.432789696837227,0.396790102796412,0.546257232677957,0.664854933168126,1,0.723594526110044,0.715786506179126
"NC.BANTOID.LUGURU",0,0,0,0,0,0,0,0,0,0,0,0,0,0,0,0,0,0,0,0,0,0,0,0,0,0,0,0,0,0,0,0,0,0,0,0,0,0,0.0116887344706877,0.0120859832215832,0.0127312937767087,0.0128500907046195,0.0136261584242968,0.0301318285020306,0.0326390728910994,0.0408269138561029,0.0328946443428115,0.0357857785098804,0.0299879910793143,0.0321477147199204,0.0276732088974012,0.0265809034128202,0.0310273812673857,0.0307238360572399,0.0314613998625983,0.0271920121376473,0.0318260813914234,0.0297449614726488,0.035333586274433,0.0261952391871409,0.0253359824041606,0.031645774081308,0.0311821058093532,0.0296027262206392,0.0287606937195096,0.0289486377836265,0.0283859344741171,0.0284600195376244,0.0274514773936344,0.0279514574342577,0.0281641756302431,0.027834387798949,0.0275280537717154,0.0278120945040837,0.0279652642291807,0.0278928487048612,0.0275055736107196,0.0278129232216292,0.0277220982482618,0.0278680783860436,0.0272300376196525,0.0269942236402221,0.026974101801672,0.0297296829468497,0.0305273662383336,0.0301840943123517,0.0287338971990292,0.034556123243182,0.0317958116539307,0.0328340748356453,0.0273366155491244,0.026035618536411,0.0278793822489638,0.0234808666183437,0.0472788846163376,0.0465955591581034,0.0739913577208801,0.069043074354631,0.0634448835546715,0.0583382620183942,0.0647072337076258,0.060917857842331,0.060954966226322,0.0598514901058971,0.0621407184944923,0.0584891397232127,0.060448164884532,0.0642705778790211,0.067995541555458,0.063840285473001,0.0643467748465612,0.0652304682789116,0.0625799838358502,0.0647256622145718,0.0644992785012823,0.0648224158703675,0.0760075748348549,0.0681140719703639,0.06939554885029,0.0712518006947964,0.060172713310261,0.0574488279263769,0.0622531805590919,0.0710424353881659,0.0601156721152096,0.0677946854989345,0.0779596792178178,0.0740355294639091,0.0726686511311568,0.0749655685044266,0.0667536065235861,0.068976131876054,0.0623068006127888,0.0669190635485083,0.0649273174771072,0.0619442528846263,0.0630715203574026,0.0629077619911527,0.0782523011445234,0.0738701204766473,0.0633667969153787,0.0708675568969961,0.062123807595453,0.0610995922554768,0.071042901996202,0.0640457283040003,0.0656130200717552,0.0640003242551405,0.068024702826009,0.0674637411514099,0.0648062743590542,0.0671951004661269,0.0657243363284817,0.0645069778828034,0.0653640506645748,0.0689535116950645,0.066664253391776,0.0677158912917327,0.070832850877212,0.0862505011914423,0.0900950311101608,0.0889334896529519,0.0970496268614214,0.0819594547510212,0.0967343906770879,0.0965750904430206,0.0739230748908676,0.0884080253438884,0.0844619964980098,0.0841306382154993,0.0875859939217686,0.0920230451813748,0.089995239134108,0.0885770130588753,0.0834960983717209,0.0823497661397092,0.0858621135180673,0.092042066616892,0.0847058772619983,0.0871125072343172,0.0849425104475907,0.0860779290999908,0.0869072852921002,0.0802554546971331,0.0807968698895534,0.0770037190054728,0.144245141882665,0.154300064266415,0.24490639868549,0.261884749373562,0.35500569286489,0.353830824012179,0.392719599175366,0.459091135900644,0.420903779221551,0.579454306044593,0.705259410535594,0.723594526110043,1,0.766917034074917
"NC.BANTOID.SWAHILI_CHIRAZI",0,0,0,0,0,0,0,0,0,0,0,0,0,0,0,0,0,0,0,0,0,0,0,0,0,0,0,0,0,0,0,0,0,0,0,0,0,0,0.01156260599898,0.0119555681970443,0.0125939154633468,0.0127114305009898,0.0134791239834329,0.0298066879585226,0.0322868776733849,0.0403863669121949,0.0325396913554943,0.035399628446874,0.0296644026280664,0.0318008215522565,0.0273745983374445,0.0262940794856896,0.0306925771711714,0.0303923073963215,0.0311219124448282,0.0268985939800033,0.0314826588407262,0.0294239954569558,0.0349523156374858,0.0259125768088502,0.0250625919231069,0.0313042971548801,0.0308456321423173,0.0292832950088211,0.0284503485445728,0.028636264579254,0.0280796331767274,0.0281529188178626,0.0271552594498988,0.0276498444053171,0.0278602672440907,0.0275340380217507,0.0272310095228259,0.0275119852849388,0.0276635022166228,0.0275918680993439,0.0272087719362813,0.0275128050601238,0.0274229601428191,0.0275673650671571,0.0269362091441984,0.0267029397393673,0.0266830350275515,0.0294088817956348,0.0301979576048704,0.0298583897893303,0.0284238411746573,0.0341832418997196,0.0314527157318979,0.0324797754297223,0.0270416370337411,0.0257546785608989,0.0275785469546011,0.0232274939518355,0.0467687170292769,0.0460927650635232,0.073192946490621,0.0682980580765908,0.0627602751207566,0.0577087571007389,0.0640090037566894,0.0602605175349924,0.0602972254972122,0.0592056565474895,0.0614701827855852,0.0578580067444212,0.0597958928465674,0.0635770597069742,0.067261828786053,0.0631514104146885,0.0636524344634282,0.0645265923124047,0.0619047081898422,0.064027233408967,0.0638032925120362,0.0641229430346525,0.0751874074098722,0.0673790801865266,0.068646729160549,0.0704829509317537,0.0595234135603726,0.0568289205372644,0.0615814313169004,0.0702758448026432,0.0594669878741065,0.0670631400871254,0.077118447413021,0.0732366415939886,0.0718845127001557,0.074156644954159,0.0660332949797734,0.0682318379476006,0.0616344727779838,0.0661969666239309,0.0642267126899931,0.0612758371577564,0.0623909407368363,0.0622289494218027,0.0774079117732257,0.0730730174691362,0.0626830310832441,0.0701028533555226,0.0614534543653126,0.0604402909245694,0.0702763063756981,0.0633546363940379,0.0649050161414297,0.0633097222821602,0.0672906753889642,0.0667357668280602,0.0641069756999498,0.0664700249372669,0.0650151312288275,0.0638109088126021,0.0646587332638226,0.0682094618519623,0.0659449060219708,0.0669851961167871,0.0700685218345557,0.0853198064334613,0.0891228515631893,0.0879738438365729,0.0960024030454872,0.0810750629637265,0.0956905684490892,0.095532987160312,0.0731254004733931,0.0874540496032909,0.0835506007808437,0.0832228180533999,0.0866408883943861,0.0910300612035349,0.0890241364025487,0.0876212138392449,0.0825951252759942,0.0814611626578921,0.0849356096965641,0.091048877386328,0.0837918499247781,0.0861725109129322,0.0840259296960441,0.0851490964986195,0.0859695034388425,0.0793894500947922,0.0799250230918105,0.0761728025860497,0.142688650087719,0.152635073814358,0.242263711416385,0.259058855493871,0.351174968024586,0.350012776713077,0.388481918613979,0.454137266558251,0.416361974414337,0.57320164573914,0.697649237524016,0.715786506179126,0.766917034074917,1
