year_col,year_mean,year_sd
year_from,1055.342412451362,1149.6608746744796
