Hypothesis,Estimate,Est.Error,CI.Lower,CI.Upper,Evid.Ratio,Post.Prob,Star
(violent_external) > 0,1.045399097064504,0.5851796553900647,0.11475810631893467,1.9869234141970786,25.936026936026938,0.962875,*
(year_scaled) > 0,-0.019308471309816954,0.16124782552209815,-0.28083132513318354,0.250628528671426,0.8003825812985259,0.44456249999999997,
