parameter,Estimate,l-95% CI,u-95% CI
intercept,0.0918968509750775,0.027466292426661883,0.1912091534018157
beta,0.22105140247617527,0.06283239172872364,0.4429881003621423
effect,0.12915455150109778,-0.010648219739394942,0.31801092627480243
