Estimate,Est.Error,l-95% CI,u-95% CI,Rhat,Bulk_ESS,Tail_ESS,parameter
-2.411249921307562,0.5461576392328183,-3.6449520870952243,-1.4254587166618211,1.0003622302817299,6050.663053647719,7749.990034494733,Intercept
1.0524452405002491,0.6215075364636714,-0.15837449045503574,2.3026795471939594,1.0005595490609425,6899.185654074403,6460.285406448369,violent_external
-0.0188871015754759,0.1616449274152895,-0.3296920055831771,0.30805790003056954,1.0001918600678852,20400.32476575894,12647.364607685593,year_scaled
