Estimate,Est.Error,l-95% CI,u-95% CI,Rhat,Bulk_ESS,Tail_ESS,parameter
-1.2279299404519146,0.23635361312952197,-1.6968575126582341,-0.7619934284988594,1.0000665633223857,10533.6468028242,8605.095569793673,Intercept
0.7435991777116622,0.40315293495936716,-0.025920178112689204,1.5642390983300531,1.0001723365002753,8703.20520418185,8028.728209797403,violent_external
0.05411000469987377,0.13961929929717434,-0.2162073493159435,0.33311629035442947,0.9999883004687995,18433.30173376939,10925.490713255665,year_scaled
