Hypothesis,Estimate,Est.Error,CI.Lower,CI.Upper,Evid.Ratio,Post.Prob,Star
(violent_external) > 0,0.7435991777116622,0.40315293495936716,0.12514698180765518,1.4004480012440668,33.85838779956427,0.9713125,*
(year_scaled) > 0,0.05411000469987377,0.13961929929717434,-0.17350171042051102,0.28825646328641535,1.8383892141209863,0.6476875000000001,
