parameter,Estimate,l-95% CI,u-95% CI
intercept,0.22915422800463991,0.1548761380484008,0.3182136281190811
beta,0.38483196829418576,0.22759437852198391,0.5810142585772794
effect,0.15567774028954587,-0.004538660866389526,0.3462534340035499
