parameter,Estimate,l-95% CI,u-95% CI
intercept,0.31019803490336795,0.23622864109982758,0.4008159103570867
beta,0.553470519393533,0.3852629476644489,0.7395473263924834
effect,0.24327248449016506,0.06550483079723181,0.43816301281404285
