Hypothesis,Estimate,Est.Error,CI.Lower,CI.Upper,Evid.Ratio,Post.Prob,Star
(violent_external) > 0,1.0260213286515072,0.39801965378428494,0.4201797609326895,1.699065157307719,162.26530612244898,0.993875,*
(year_scaled) > 0,-0.07537339961433655,0.11902992148975267,-0.2681246573602767,0.11997928659488101,0.35524309673047605,0.262125,
