Estimate,Est.Error,l-95% CI,u-95% CI,Rhat,Bulk_ESS,Tail_ESS,parameter
-0.8061127901675583,0.19327938399217587,-1.1734683218466737,-0.40206663373847895,0.9999951005804584,12625.242590504293,10641.11025564964,Intercept
1.0299067714866164,0.4084993727885857,0.2851317537681828,1.891536790779652,1.000219049030444,8778.659133577183,8360.126299314948,violent_external
-0.07452323680176696,0.11783499162375914,-0.3038278697843264,0.15919422438281766,1.000132164298365,21567.84691592197,11975.212301312766,year_scaled
