Hypothesis,Estimate,Est.Error,CI.Lower,CI.Upper,Evid.Ratio,Post.Prob,Star
(violent_external) > 0,1.0948581863706595,0.4297118136567373,0.4152537497491046,1.7751668915273142,94.80838323353294,0.9895625,*
(year_scaled) > 0,-0.13207875161962684,0.13321272245560054,-0.34851997737074586,0.0856083539790829,0.193228428667313,0.1619375,
