parameter,Estimate,l-95% CI,u-95% CI
intercept,0.19020951437643935,0.12891204241308865,0.2643274996929439
beta,0.4118771040837797,0.2376552712620442,0.603068351043254
effect,0.22166758970734035,0.043380528651461706,0.41451726246410514
