Estimate,Est.Error,l-95% CI,u-95% CI,Rhat,Bulk_ESS,Tail_ESS,parameter
-1.4678843334228677,0.2280726699400044,-1.9307308883619407,-1.0296563630306397,1.0003894351362965,12301.225438232426,9403.582889857113,Intercept
1.1061783282510178,0.4346683895135811,0.25779392138476076,1.9636381366913227,1.0001749010404148,7856.088278272271,6227.757877473345,violent_external
-0.13096100731184915,0.13298029597110214,-0.3922502797562615,0.13150853696606338,1.0002348248231578,17247.1861462134,10556.189266560847,year_scaled
