Estimate,Est.Error,l-95% CI,u-95% CI,Rhat,Bulk_ESS,Tail_ESS,parameter
-1.671584889674399,0.29454979574953993,-2.2777040298515323,-1.0893269139002273,1.000270233885541,8896.048707621467,8947.034078357165,Intercept
0.6914436231131728,0.39052909479516507,-0.0518509362395352,1.478549783074343,1.0005068296165593,10777.460824402368,8519.758638692916,violent_external
-0.13872479464546977,0.14706691186121315,-0.42542074301780547,0.15652425983585075,1.0001893372868698,17316.802642757317,12470.668314320288,year_scaled
