parameter,Estimate,l-95% CI,u-95% CI
intercept,0.16208577914213768,0.09298641423729925,0.2517450463451516
beta,0.2791698854781345,0.15386880381379212,0.4618019478152906
effect,0.11708410633599682,-0.007699020888705588,0.2801674061307589
