Hypothesis,Estimate,Est.Error,CI.Lower,CI.Upper,Evid.Ratio,Post.Prob,Star
(violent_external) > 0,0.6914436231131728,0.39052909479516507,0.07597657042854758,1.3312886490481468,27.985507246376812,0.9655,*
(year_scaled) > 0,-0.13872479464546977,0.14706691186121315,-0.37658009847584256,0.10639559956256892,0.20918984280532044,0.173,
