Estimate,Est.Error,l-95% CI,u-95% CI,Rhat,Bulk_ESS,Tail_ESS,parameter
-1.7816576926908902,0.49263214515780257,-2.7877354288564673,-0.8019418723390521,1.0001584693602499,5698.997469768613,7164.220115176265,Intercept
0.5228847367675756,0.6321238868205438,-0.7779745366728549,1.757757309769589,1.0008239409111335,7687.766980393468,6259.100795506217,violent_external
-0.28281178945047547,0.16678476408620005,-0.6112605944581585,0.044358456966277306,1.0000652149728573,17332.516112778474,12007.068341573397,year_scaled
