parameter,Estimate,l-95% CI,u-95% CI
intercept,0.15416309963245922,0.06025654487258438,0.30491218042537777
beta,0.24078011991946743,0.06767286229672832,0.5187537447847119
effect,0.08661702028700818,-0.08521844503979797,0.31931757560394464
