Hypothesis,Estimate,Est.Error,CI.Lower,CI.Upper,Evid.Ratio,Post.Prob,Star
(violent_external) > 0,0.5228847367675756,0.6321238868205438,-0.4825554754271104,1.5015099384106751,4.882352941176471,0.83,
(year_scaled) > 0,-0.28281178945047547,0.16678476408620005,-0.5564758791497633,-0.010200537342374898,0.04670940730079812,0.044625000000000005,
