Hypothesis,Estimate,Est.Error,CI.Lower,CI.Upper,Evid.Ratio,Post.Prob,Star
(violent_external) > 0,1.5129810522102283,0.5530873868908683,0.6576083967212952,2.406663068022292,189.47619047619048,0.99475,*
(year_scaled) > 0,-0.24842263624619712,0.1883291161584179,-0.5546317102668318,0.06132105655353662,0.1001856563295056,0.0910625,
