Estimate,Est.Error,l-95% CI,u-95% CI,Rhat,Bulk_ESS,Tail_ESS,parameter
-3.109139603129722,0.5773371239740746,-4.294418358178025,-1.9795621648319754,1.000549975521755,7698.464228677052,7952.323955450612,Intercept
1.5041529837835006,0.5552705138288855,0.4327041353201124,2.6075432840006685,1.0004825590159696,11448.206189334418,8883.83731235184,violent_external
-0.24778820488079217,0.1913672288364988,-0.6214010278467731,0.1393173482494515,1.0001288223151659,17771.528845794972,11667.533752260859,year_scaled
