parameter,Estimate,l-95% CI,u-95% CI
intercept,0.04906762120987754,0.013460839185280111,0.12136551914914506
beta,0.18268687811149045,0.054683434970035964,0.39691446881792275
effect,0.13361925690161292,0.02308475114178912,0.3166319932461516
