parameter,Estimate,l-95% CI,u-95% CI
intercept,0.06104361790556756,0.012139683519192066,0.16772943673427237
beta,0.07856468596950554,0.008554258451616543,0.25900819699866207
effect,0.01752106806393798,-0.06071881978283097,0.14897572573271006
