Estimate,Est.Error,l-95% CI,u-95% CI,Rhat,Bulk_ESS,Tail_ESS,parameter
-2.928089968436743,0.6929398165801187,-4.399061629637533,-1.6018054009996312,1.0004459184148815,5770.81465199763,7582.100192545304,Intercept
0.1496046837309447,0.7584735842997131,-1.476310827299652,1.5286260339340556,1.0001604047691683,9196.493827052676,7575.733248367394,violent_external
-0.4232097216251555,0.22142144794247667,-0.8507824654044425,0.017925579049882793,0.9999938126156308,13658.499706679495,10897.20008528315,year_scaled
