Hypothesis,Estimate,Est.Error,CI.Lower,CI.Upper,Evid.Ratio,Post.Prob,Star
(violent_external) > 0,0.1496046837309447,0.7584735842997131,-1.098824185681534,1.290188696728722,1.5563189007828726,0.6088125000000001,
(year_scaled) > 0,-0.4232097216251555,0.22142144794247667,-0.7870660290634134,-0.05857429030475839,0.030927835051546393,0.030000000000000006,
