entry_id,entrytag_name,entrytag_level,entrytag_path,Glottocode,Glottolog_Name,ID,Name,tip_name
23,Old Chinese,4,Language[1747]->Sino-Tibetan[1946]->Sinitic[3038]->Old Chinese[4344],oldc1244,Old Chinese,OLD_CHINESE,OLD_CHINESE,ST.CHINESE.OLD_CHINESE
174,Classical Syriac,11,Language[1747]->Afro-Asiatic[1977]->Semitic[3237]->West Semitic[4434]->Central Semitic[5695]->Northwest Semitic[7096]->Aramaic[8598]->Imperial-Middle-Modern Aramaic[9970]->Middle-Modern Aramaic[11126]->Eastern Aramaic[12053]->Classical Syriac[12890],clas1252,Classical Syriac,SYRIAC,SYRIAC,AA.SEMITIC.SYRIAC
176,Jewish Babylonian Aramaic (ca. 200-1200 CE),13,Language[1747]->Afro-Asiatic[1977]->Semitic[3237]->West Semitic[4434]->Central Semitic[5695]->Northwest Semitic[7096]->Aramaic[8598]->Imperial-Middle-Modern Aramaic[9970]->Middle-Modern Aramaic[11126]->Eastern Aramaic[12053]->Central Eastern Aramaic[12891]->North-Eastern Neo-Aramaic[13595]->Jewish Babylonian Aramaic (ca. 200-1200 CE)[14063],jewi1240,Jewish Babylonian Aramaic (ca. 200-1200 CE),ACHAEMENID_ARAMAIC,ACHAEMENID_ARAMAIC,AA.SEMITIC.ACHAEMENID_ARAMAIC
177,East Greek,6,Language[1747]->Indo-European[1904]->Classical Indo-European[2479]->Graeco-Phrygian[4027]->Greek[5341]->East Greek[29393],,,OMEO,OMEO,Aus.PAMA_NYUNGAN.OMEO
178,Literary Chinese,5,Language[1747]->Sino-Tibetan[1946]->Sinitic[3038]->Classical-Middle-Modern Sinitic[4342]->Literary Chinese[5612],,,NAHUATL_CHIGNAUTLA,NAHUATL_CHIGNAUTLA,UA.AZTECAN.NAHUATL_CHIGNAUTLA
180,Old Chinese,4,Language[1747]->Sino-Tibetan[1946]->Sinitic[3038]->Old Chinese[4344],oldc1244,Old Chinese,OLD_CHINESE,OLD_CHINESE,ST.CHINESE.OLD_CHINESE
182,Ancient Greek,7,Language[1747]->Indo-European[1904]->Classical Indo-European[2479]->Graeco-Phrygian[4027]->Greek[5341]->East Greek[29393]->Ancient Greek[30700],,,ALLENTIAC,ALLENTIAC,Hur.HUARPE.ALLENTIAC
184,Middle Chinese,6,Language[1747]->Sino-Tibetan[1946]->Sinitic[3038]->Classical-Middle-Modern Sinitic[4342]->Middle-Modern Sinitic[5613]->Middle Chinese[7037],midd1344,Middle Chinese,MIDDLE_CHINESE,MIDDLE_CHINESE,ST.CHINESE.MIDDLE_CHINESE
185,Japanese,5,Language[1747]->Japonic[1889]->Japanesic[2444]->Japan-Taiwan Japanese[3890]->Japanese[5264],nucl1643,Japanese,TOKYO_JAPANESE,TOKYO_JAPANESE,Jap.JAPANESE.TOKYO_JAPANESE
186,Wu Chinese,7,Language[1747]->Sino-Tibetan[1946]->Sinitic[3038]->Classical-Middle-Modern Sinitic[4342]->Middle-Modern Sinitic[5613]->Wu-Hui Chinese[7035]->Wu Chinese[8558],wuch1236,Wu Chinese,SUZHOU_WU,SUZHOU_WU,ST.CHINESE.SUZHOU_WU
187,Old Chinese,4,Language[1747]->Sino-Tibetan[1946]->Sinitic[3038]->Old Chinese[4344],oldc1244,Old Chinese,OLD_CHINESE,OLD_CHINESE,ST.CHINESE.OLD_CHINESE
189,Ancient Hebrew,9,Language[1747]->Afro-Asiatic[1977]->Semitic[3237]->West Semitic[4434]->Central Semitic[5695]->Northwest Semitic[7096]->Canaanite[8597]->Hebrewic[9968]->Ancient Hebrew[11121],anci1244,Ancient Hebrew,BIBLICAL_HEBREW,BIBLICAL_HEBREW,AA.SEMITIC.BIBLICAL_HEBREW
190,Tamil,13,Language[1747]->Dravidian[1908]->South Dravidian[2492]->South Dravidian I[4058]->Tamil-Kannada[5382]->Tamil-Kota[6773]->Tamil-Toda[8325]->Tamil-Irula[9751]->Tamil-Kodagu[10977]->Tamil-Malayalam[11959]->Tamiloid[12845]->Tamil-Paliyan[13570]->Tamil[14047],tami1289,Tamil,TAMIL,TAMIL,Dra.SOUTHERN_DRAVIDIAN.TAMIL
191,Eastern Panjabi,12,Language[1747]->Indo-European[1904]->Classical Indo-European[2479]->Indo-Iranian[4034]->Indo-Aryan[5357]->Middle-Modern Indo-Aryan[6751]->Continental Indo-Aryan[8297]->Indo-Aryan Northwestern zone[9715]->Sindhi-Lahnda[10938]->Greater Panjabic[11897]->Eastern Panjabic[12772]->Eastern Panjabi[13468],panj1256,Eastern Panjabi,PUNJABI_MAJHI,PUNJABI_MAJHI,IE.INDIC.PUNJABI_MAJHI
192,Fijian,11,Language[1747]->Austronesian[1807]->Malayo-Polynesian[2158]->Eastern Malayo-Polynesian[3548]->Oceanic[4923]->Central Pacific linkage[6264]->Tokalau Fijian[7757]->Eastern Fijian[9241]->Nuclear Eastern Fijian[10468]->Viwa-Lomaiviti-East Viti Levu[11402]->Fijian[12243],fiji1243,Fijian,FIJIAN_2,FIJIAN_2,An.OCEANIC.FIJIAN_2
193,Fijian,11,Language[1747]->Austronesian[1807]->Malayo-Polynesian[2158]->Eastern Malayo-Polynesian[3548]->Oceanic[4923]->Central Pacific linkage[6264]->Tokalau Fijian[7757]->Eastern Fijian[9241]->Nuclear Eastern Fijian[10468]->Viwa-Lomaiviti-East Viti Levu[11402]->Fijian[12243],fiji1243,Fijian,FIJIAN_2,FIJIAN_2,An.OCEANIC.FIJIAN_2
195,Bengali,12,Language[1747]->Indo-European[1904]->Classical Indo-European[2479]->Indo-Iranian[4034]->Indo-Aryan[5357]->Middle-Modern Indo-Aryan[6751]->Continental Indo-Aryan[8297]->Indo-Aryan Eastern zone[9719]->Oriya-Gauda-Kamrupa[10949]->Gauda-Kamrupa[11932]->Gauda-Banga[12812]->Bengali[13516],beng1280,Bengali,BENGALI,BENGALI,IE.INDIC.BENGALI
196,Ionic-Attic Ancient Greek,8,Language[1747]->Indo-European[1904]->Classical Indo-European[2479]->Graeco-Phrygian[4027]->Greek[5341]->South Greek[6723]->Central Greek[8272]->Ionic-Attic Ancient Greek[9686],anci1242,Ionic-Attic Ancient Greek,GREEK_ANCIENT,GREEK_ANCIENT,IE.GREEK.GREEK_ANCIENT
197,Tibetan,9,Language[1747]->Sino-Tibetan[1946]->Bodic[3022]->Bodish[4302]->Early Old Tibetan[5558]->Middle Old Tibetan[6951]->Late Old Tibetan[8465]->Central Tibetan[9859]->Tibetan[11041],tibe1272,Tibetan,TIBETAN_WRITTEN,TIBETAN_WRITTEN,ST.BODIC.TIBETAN_WRITTEN
198,Ancient Greek,7,Language[1747]->Indo-European[1904]->Classical Indo-European[2479]->Graeco-Phrygian[4027]->Greek[5341]->East Greek[29393]->Ancient Greek[30700],,,TZOTZIL_ZINACANTAN_1600,TZOTZIL_ZINACANTAN_1600,May.MAYAN.TZOTZIL_ZINACANTAN_1600
199,Ionic,8,Language[1747]->Indo-European[1904]->Classical Indo-European[2479]->Graeco-Phrygian[4027]->Greek[5341]->East Greek[29393]->Ancient Greek[30700]->Ionic[32455],,,TAPARITA,TAPARITA,Oto.OTOMACO.TAPARITA
200,Tibetan,9,Language[1747]->Sino-Tibetan[1946]->Bodic[3022]->Bodish[4302]->Early Old Tibetan[5558]->Middle Old Tibetan[6951]->Late Old Tibetan[8465]->Central Tibetan[9859]->Tibetan[11041],tibe1272,Tibetan,TIBETAN_WRITTEN,TIBETAN_WRITTEN,ST.BODIC.TIBETAN_WRITTEN
201,Jewish Babylonian Aramaic (ca. 200-1200 CE),13,Language[1747]->Afro-Asiatic[1977]->Semitic[3237]->West Semitic[4434]->Central Semitic[5695]->Northwest Semitic[7096]->Aramaic[8598]->Imperial-Middle-Modern Aramaic[9970]->Middle-Modern Aramaic[11126]->Eastern Aramaic[12053]->Central Eastern Aramaic[12891]->North-Eastern Neo-Aramaic[13595]->Jewish Babylonian Aramaic (ca. 200-1200 CE)[14063],jewi1240,Jewish Babylonian Aramaic (ca. 200-1200 CE),ACHAEMENID_ARAMAIC,ACHAEMENID_ARAMAIC,AA.SEMITIC.ACHAEMENID_ARAMAIC
202,Old Chinese,4,Language[1747]->Sino-Tibetan[1946]->Sinitic[3038]->Old Chinese[4344],oldc1244,Old Chinese,OLD_CHINESE,OLD_CHINESE,ST.CHINESE.OLD_CHINESE
203,Old Chinese,4,Language[1747]->Sino-Tibetan[1946]->Sinitic[3038]->Old Chinese[4344],oldc1244,Old Chinese,OLD_CHINESE,OLD_CHINESE,ST.CHINESE.OLD_CHINESE
207,Old Chinese,4,Language[1747]->Sino-Tibetan[1946]->Sinitic[3038]->Old Chinese[4344],oldc1244,Old Chinese,OLD_CHINESE,OLD_CHINESE,ST.CHINESE.OLD_CHINESE
210,Jewish Babylonian Aramaic (ca. 200-1200 CE),13,Language[1747]->Afro-Asiatic[1977]->Semitic[3237]->West Semitic[4434]->Central Semitic[5695]->Northwest Semitic[7096]->Aramaic[8598]->Imperial-Middle-Modern Aramaic[9970]->Middle-Modern Aramaic[11126]->Eastern Aramaic[12053]->Central Eastern Aramaic[12891]->North-Eastern Neo-Aramaic[13595]->Jewish Babylonian Aramaic (ca. 200-1200 CE)[14063],jewi1240,Jewish Babylonian Aramaic (ca. 200-1200 CE),ACHAEMENID_ARAMAIC,ACHAEMENID_ARAMAIC,AA.SEMITIC.ACHAEMENID_ARAMAIC
212,Old Chinese,4,Language[1747]->Sino-Tibetan[1946]->Sinitic[3038]->Old Chinese[4344],oldc1244,Old Chinese,OLD_CHINESE,OLD_CHINESE,ST.CHINESE.OLD_CHINESE
224,Old Norse,8,Language[1747]->Indo-European[1904]->Classical Indo-European[2479]->Germanic[4033]->Northwest Germanic[5354]->North Germanic[6739]->West Scandinavian[8287]->Old Norse[9699],oldn1244,Old Norse,OLD_NORSE,OLD_NORSE,IE.GERMANIC.OLD_NORSE
227,Eastern Panjabi,12,Language[1747]->Indo-European[1904]->Classical Indo-European[2479]->Indo-Iranian[4034]->Indo-Aryan[5357]->Middle-Modern Indo-Aryan[6751]->Continental Indo-Aryan[8297]->Indo-Aryan Northwestern zone[9715]->Sindhi-Lahnda[10938]->Greater Panjabic[11897]->Eastern Panjabic[12772]->Eastern Panjabi[13468],panj1256,Eastern Panjabi,PUNJABI_MAJHI,PUNJABI_MAJHI,IE.INDIC.PUNJABI_MAJHI
228,Korean,3,Language[1747]->Koreanic[1826]->Korean[2251],kore1280,Korean,KOREAN,KOREAN,Kor.KOREAN.KOREAN
230,Akkadian,5,Language[1747]->Afro-Asiatic[1977]->Semitic[3237]->East Semitic[4432]->Akkadian[5692],akka1240,Akkadian,AKKADIAN_2,AKKADIAN_2,AA.SEMITIC.AKKADIAN_2
231,Corsican,12,Language[1747]->Indo-European[1904]->Classical Indo-European[2479]->Italic[4031]->Latino-Faliscan[5349]->Latinic[6736]->Imperial Latin[8284]->Romance[9690]->Southern Romance[10910]->Sardo-Corsican[11858]->Corsic[12724]->Corsican[13421],cors1241,Corsican,CORSICAN,CORSICAN,IE.ROMANCE.CORSICAN
240,Middle Chinese,6,Language[1747]->Sino-Tibetan[1946]->Sinitic[3038]->Classical-Middle-Modern Sinitic[4342]->Middle-Modern Sinitic[5613]->Middle Chinese[7037],midd1344,Middle Chinese,MIDDLE_CHINESE,MIDDLE_CHINESE,ST.CHINESE.MIDDLE_CHINESE
244,Japanese,5,Language[1747]->Japonic[1889]->Japanesic[2444]->Japan-Taiwan Japanese[3890]->Japanese[5264],nucl1643,Japanese,EI_JAPANESE,EI_JAPANESE,Jap.JAPANESE.EI_JAPANESE
245,Old Chinese,4,Language[1747]->Sino-Tibetan[1946]->Sinitic[3038]->Old Chinese[4344],oldc1244,Old Chinese,OLD_CHINESE,OLD_CHINESE,ST.CHINESE.OLD_CHINESE
249,Tuvinian,7,Language[1747]->Turkic[1876]->Common Turkic[2411]->Central Siberian Turkic[3827]->South Siberian Turkic[5204]->Sayan[6587]->Tuvinian[8169],tuvi1240,Tuvinian,TUVAN,TUVAN,Alt.TURKIC.TUVAN
250,Middle Chinese,6,Language[1747]->Sino-Tibetan[1946]->Sinitic[3038]->Classical-Middle-Modern Sinitic[4342]->Middle-Modern Sinitic[5613]->Middle Chinese[7037],midd1344,Middle Chinese,MIDDLE_CHINESE,MIDDLE_CHINESE,ST.CHINESE.MIDDLE_CHINESE
255,Old Chinese,4,Language[1747]->Sino-Tibetan[1946]->Sinitic[3038]->Old Chinese[4344],oldc1244,Old Chinese,OLD_CHINESE,OLD_CHINESE,ST.CHINESE.OLD_CHINESE
256,Etruscan,3,Language[1747]->Language Isolates[43177]->Etruscan[43286],etru1241,Etruscan,ETRUSCAN,ETRUSCAN,Etr.ETRUSCAN.ETRUSCAN
263,English,13,Language[1747]->Indo-European[1904]->Classical Indo-European[2479]->Germanic[4033]->Northwest Germanic[5354]->West Germanic[6740]->North Sea Germanic[8290]->Anglo-Frisian[9705]->Anglic[10924]->Later Anglic[11872]->Middle-Modern English[12745]->Macro-English[13445]->English[13951],stan1293,English,ENGLISH,ENGLISH,IE.GERMANIC.ENGLISH
284,Nuclear Dhuwal,9,Language[1747]->Pama-Nyungan[1984]->Yuulngu[3279]->Southern Yolngu[4514]->Southern-Eastern Yolngu[5793]->Dhuwal-Dhuwala[7230]->Western Dhuwal-Dhuwala[8746]->Dhuwal[10095]->Nuclear Dhuwal[34897],nucl1333,Nuclear Dhuwal,DJAPU,DJAPU,Aus.PAMA_NYUNGAN.DJAPU
294,Middle Chinese,6,Language[1747]->Sino-Tibetan[1946]->Sinitic[3038]->Classical-Middle-Modern Sinitic[4342]->Middle-Modern Sinitic[5613]->Middle Chinese[7037],midd1344,Middle Chinese,MIDDLE_CHINESE,MIDDLE_CHINESE,ST.CHINESE.MIDDLE_CHINESE
308,Akkadian,5,Language[1747]->Afro-Asiatic[1977]->Semitic[3237]->East Semitic[4432]->Akkadian[5692],akka1240,Akkadian,AKKADIAN,AKKADIAN,AA.SEMITIC.AKKADIAN
310,Classical Nahuatl,8,Language[1747]->Uto-Aztecan[1803]->Southern Uto-Aztecan[2140]->Corachol-Aztecan[3471]->Aztec[4741]->Western Nahuatl[5989]->Central Nahuatl[7402]->Classical Nahuatl[8925],clas1250,Classical Nahuatl,CLASSICAL_NAHUATL,CLASSICAL_NAHUATL,UA.AZTECAN.CLASSICAL_NAHUATL
325,Old Chinese,4,Language[1747]->Sino-Tibetan[1946]->Sinitic[3038]->Old Chinese[4344],oldc1244,Old Chinese,OLD_CHINESE,OLD_CHINESE,ST.CHINESE.OLD_CHINESE
337,Chachapoyas Quechua,7,Language[1747]->Quechuan[1831]->Quechua II[2262]->Chinchay[3643]->Quechua IIB[5055]->San Martin-Amazonas Quechua[6418]->Chachapoyas Quechua[8002],chac1250,Chachapoyas Quechua,QUECHUA_CHACHAPOYAS,QUECHUA_CHACHAPOYAS,Que.QUECHUAN.QUECHUA_CHACHAPOYAS
338,Kwak'wala,5,Language[1747]->Wakashan[1875]->Northern Wakashan[2409]->Kwakiutlan[3820]->Kwak'wala[5190],kwak1269,Kwak'wala,KWAKWALA,KWAKWALA,Wak.NORTHERN_WAKASHAN.KWAKWALA
354,Akkadian,5,Language[1747]->Afro-Asiatic[1977]->Semitic[3237]->East Semitic[4432]->Akkadian[5692],akka1240,Akkadian,AKKADIAN,AKKADIAN,AA.SEMITIC.AKKADIAN
355,Jewish Babylonian Aramaic (ca. 200-1200 CE),13,Language[1747]->Afro-Asiatic[1977]->Semitic[3237]->West Semitic[4434]->Central Semitic[5695]->Northwest Semitic[7096]->Aramaic[8598]->Imperial-Middle-Modern Aramaic[9970]->Middle-Modern Aramaic[11126]->Eastern Aramaic[12053]->Central Eastern Aramaic[12891]->North-Eastern Neo-Aramaic[13595]->Jewish Babylonian Aramaic (ca. 200-1200 CE)[14063],jewi1240,Jewish Babylonian Aramaic (ca. 200-1200 CE),ACHAEMENID_ARAMAIC,ACHAEMENID_ARAMAIC,AA.SEMITIC.ACHAEMENID_ARAMAIC
358,Bengali,12,Language[1747]->Indo-European[1904]->Classical Indo-European[2479]->Indo-Iranian[4034]->Indo-Aryan[5357]->Middle-Modern Indo-Aryan[6751]->Continental Indo-Aryan[8297]->Indo-Aryan Eastern zone[9719]->Oriya-Gauda-Kamrupa[10949]->Gauda-Kamrupa[11932]->Gauda-Banga[12812]->Bengali[13516],beng1280,Bengali,BENGALI,BENGALI,IE.INDIC.BENGALI
361,Ionic-Attic Ancient Greek,8,Language[1747]->Indo-European[1904]->Classical Indo-European[2479]->Graeco-Phrygian[4027]->Greek[5341]->South Greek[6723]->Central Greek[8272]->Ionic-Attic Ancient Greek[9686],anci1242,Ionic-Attic Ancient Greek,GREEK_ANCIENT,GREEK_ANCIENT,IE.GREEK.GREEK_ANCIENT
364,Bengali,12,Language[1747]->Indo-European[1904]->Classical Indo-European[2479]->Indo-Iranian[4034]->Indo-Aryan[5357]->Middle-Modern Indo-Aryan[6751]->Continental Indo-Aryan[8297]->Indo-Aryan Eastern zone[9719]->Oriya-Gauda-Kamrupa[10949]->Gauda-Kamrupa[11932]->Gauda-Banga[12812]->Bengali[13516],beng1280,Bengali,BENGALI,BENGALI,IE.INDIC.BENGALI
374,Hindi,13,Language[1747]->Indo-European[1904]->Classical Indo-European[2479]->Indo-Iranian[4034]->Indo-Aryan[5357]->Middle-Modern Indo-Aryan[6751]->Continental Indo-Aryan[8297]->Midlands Indo-Aryan[9718]->Shaurasenic[10945]->Indo-Aryan Central zone[11905]->Western Hindi[12783]->Hindustani[13478]->Hindi[13972],hind1269,Hindi,HINDI,HINDI,IE.INDIC.HINDI
378,Marathi,13,Language[1747]->Indo-European[1904]->Classical Indo-European[2479]->Indo-Iranian[4034]->Indo-Aryan[5357]->Middle-Modern Indo-Aryan[6751]->Continental Indo-Aryan[8297]->Indo-Aryan Southern zone[9716]->Marathic[10941]->Marathi-Konkani[11898]->Old-Modern Marathi[12776]->Modern Marathi[13475]->Marathi[13964],mara1378,Marathi,MARATHI,MARATHI,IE.INDIC.MARATHI
381,Eastern Panjabi,12,Language[1747]->Indo-European[1904]->Classical Indo-European[2479]->Indo-Iranian[4034]->Indo-Aryan[5357]->Middle-Modern Indo-Aryan[6751]->Continental Indo-Aryan[8297]->Indo-Aryan Northwestern zone[9715]->Sindhi-Lahnda[10938]->Greater Panjabic[11897]->Eastern Panjabic[12772]->Eastern Panjabi[13468],panj1256,Eastern Panjabi,PUNJABI_MAJHI,PUNJABI_MAJHI,IE.INDIC.PUNJABI_MAJHI
383,Marathi,13,Language[1747]->Indo-European[1904]->Classical Indo-European[2479]->Indo-Iranian[4034]->Indo-Aryan[5357]->Middle-Modern Indo-Aryan[6751]->Continental Indo-Aryan[8297]->Indo-Aryan Southern zone[9716]->Marathic[10941]->Marathi-Konkani[11898]->Old-Modern Marathi[12776]->Modern Marathi[13475]->Marathi[13964],mara1378,Marathi,MARATHI,MARATHI,IE.INDIC.MARATHI
386,Kapingamarangi,13,Language[1747]->Austronesian[1807]->Malayo-Polynesian[2158]->Central-Eastern Malayo-Polynesian[27860]->Eastern Malayo-Polynesian[28256]->Oceanic[29007]->Central Pacific linkage[30197]->Tokelau-Fijian[31779]->Polynesian[33552]->Nuclear Polynesian[35286]->Northern Outlier Polynesian-East Polynesian[36899]->Carolinean Outlier Polynesian[38205]->Kapingamarangi[39247],kapi1249,Kapingamarangi,KAPINGAMARANGI,KAPINGAMARANGI,An.OCEANIC.KAPINGAMARANGI
387,Eastern Panjabi,12,Language[1747]->Indo-European[1904]->Classical Indo-European[2479]->Indo-Iranian[4034]->Indo-Aryan[5357]->Middle-Modern Indo-Aryan[6751]->Continental Indo-Aryan[8297]->Indo-Aryan Northwestern zone[9715]->Sindhi-Lahnda[10938]->Greater Panjabic[11897]->Eastern Panjabic[12772]->Eastern Panjabi[13468],panj1256,Eastern Panjabi,PUNJABI_MAJHI,PUNJABI_MAJHI,IE.INDIC.PUNJABI_MAJHI
389,Iban,11,Language[1747]->Austronesian[1807]->Malayo-Polynesian[2158]->Malayo-Sumbawan[3523]->North and East Malayo-Sumbawan[4858]->Malayic[6155]->Ibanic[7582]->Iban-Mualang-Seberuang[9081]->Iban-Seberuang[10313]->Northern Iban[11319]->Iban[12179],iban1264,Iban,IBAN,IBAN,An.MALAYO_SUMBAWAN.IBAN
390,English,13,Language[1747]->Indo-European[1904]->Classical Indo-European[2479]->Germanic[4033]->Northwest Germanic[5354]->West Germanic[6740]->North Sea Germanic[8290]->Anglo-Frisian[9705]->Anglic[10924]->Later Anglic[11872]->Middle-Modern English[12745]->Macro-English[13445]->English[13951],stan1293,English,ENGLISH,ENGLISH,IE.GERMANIC.ENGLISH
392,Eastern Panjabi,12,Language[1747]->Indo-European[1904]->Classical Indo-European[2479]->Indo-Iranian[4034]->Indo-Aryan[5357]->Middle-Modern Indo-Aryan[6751]->Continental Indo-Aryan[8297]->Indo-Aryan Northwestern zone[9715]->Sindhi-Lahnda[10938]->Greater Panjabic[11897]->Eastern Panjabic[12772]->Eastern Panjabi[13468],panj1256,Eastern Panjabi,PUNJABI_MAJHI,PUNJABI_MAJHI,IE.INDIC.PUNJABI_MAJHI
395,Hindi,13,Language[1747]->Indo-European[1904]->Classical Indo-European[2479]->Indo-Iranian[4034]->Indo-Aryan[5357]->Middle-Modern Indo-Aryan[6751]->Continental Indo-Aryan[8297]->Midlands Indo-Aryan[9718]->Shaurasenic[10945]->Indo-Aryan Central zone[11905]->Western Hindi[12783]->Hindustani[13478]->Hindi[13972],hind1269,Hindi,HINDI,HINDI,IE.INDIC.HINDI
400,English,13,Language[1747]->Indo-European[1904]->Classical Indo-European[2479]->Germanic[4033]->Northwest Germanic[5354]->West Germanic[6740]->North Sea Germanic[8290]->Anglo-Frisian[9705]->Anglic[10924]->Later Anglic[11872]->Middle-Modern English[12745]->Macro-English[13445]->English[13951],stan1293,English,ENGLISH,ENGLISH,IE.GERMANIC.ENGLISH
406,Old Chinese,4,Language[1747]->Sino-Tibetan[1946]->Sinitic[3038]->Old Chinese[4344],oldc1244,Old Chinese,OLD_CHINESE,OLD_CHINESE,ST.CHINESE.OLD_CHINESE
415,Hindi,13,Language[1747]->Indo-European[1904]->Classical Indo-European[2479]->Indo-Iranian[4034]->Indo-Aryan[5357]->Middle-Modern Indo-Aryan[6751]->Continental Indo-Aryan[8297]->Midlands Indo-Aryan[9718]->Shaurasenic[10945]->Indo-Aryan Central zone[11905]->Western Hindi[12783]->Hindustani[13478]->Hindi[13972],hind1269,Hindi,HINDI,HINDI,IE.INDIC.HINDI
416,Russian,7,Language[1747]->Indo-European[1904]->Classical Indo-European[2479]->Balto-Slavic[4026]->Slavic[5339]->East Slavic[6720]->Russian[8263],russ1263,Russian,NINILCHIK_RUSSIAN,NINILCHIK_RUSSIAN,IE.SLAVIC.NINILCHIK_RUSSIAN
418,Tikopia,11,Language[1747]->Austronesian[1807]->Malayo-Polynesian[2158]->Central-Eastern Malayo-Polynesian[27860]->Eastern Malayo-Polynesian[28256]->Oceanic[29007]->Central Pacific linkage[30197]->Tokelau-Fijian[31779]->Polynesian[33552]->Nuclear Polynesian[35286]->Tikopia[36903],tiko1237,Tikopia,TIKOPIA,TIKOPIA,An.OCEANIC.TIKOPIA
419,Odia,11,Language[1747]->Indo-European[1904]->Classical Indo-European[2479]->Indo-Iranian[4034]->Indo-Aryan[5357]->Middle-Modern Indo-Aryan[6751]->Continental Indo-Aryan[8297]->Indo-Aryan Eastern zone[9719]->Oriya-Gauda-Kamrupa[10949]->Macro-Oriya[11931]->Odia[12811],oriy1255,Odia,ORIYA,ORIYA,IE.INDIC.ORIYA
420,English,13,Language[1747]->Indo-European[1904]->Classical Indo-European[2479]->Germanic[4033]->Northwest Germanic[5354]->West Germanic[6740]->North Sea Germanic[8290]->Anglo-Frisian[9705]->Anglic[10924]->Later Anglic[11872]->Middle-Modern English[12745]->Macro-English[13445]->English[13951],stan1293,English,ENGLISH,ENGLISH,IE.GERMANIC.ENGLISH
422,Ancient Greek,7,Language[1747]->Indo-European[1904]->Classical Indo-European[2479]->Graeco-Phrygian[4027]->Greek[5341]->East Greek[29393]->Ancient Greek[30700],,,COERUNA,COERUNA,Hui.UNCLASSIFIED_HUITOTOAN.COERUNA
423,Jewish Babylonian Aramaic (ca. 200-1200 CE),13,Language[1747]->Afro-Asiatic[1977]->Semitic[3237]->West Semitic[4434]->Central Semitic[5695]->Northwest Semitic[7096]->Aramaic[8598]->Imperial-Middle-Modern Aramaic[9970]->Middle-Modern Aramaic[11126]->Eastern Aramaic[12053]->Central Eastern Aramaic[12891]->North-Eastern Neo-Aramaic[13595]->Jewish Babylonian Aramaic (ca. 200-1200 CE)[14063],jewi1240,Jewish Babylonian Aramaic (ca. 200-1200 CE),ACHAEMENID_ARAMAIC,ACHAEMENID_ARAMAIC,AA.SEMITIC.ACHAEMENID_ARAMAIC
424,Jewish Babylonian Aramaic (ca. 200-1200 CE),13,Language[1747]->Afro-Asiatic[1977]->Semitic[3237]->West Semitic[4434]->Central Semitic[5695]->Northwest Semitic[7096]->Aramaic[8598]->Imperial-Middle-Modern Aramaic[9970]->Middle-Modern Aramaic[11126]->Eastern Aramaic[12053]->Central Eastern Aramaic[12891]->North-Eastern Neo-Aramaic[13595]->Jewish Babylonian Aramaic (ca. 200-1200 CE)[14063],jewi1240,Jewish Babylonian Aramaic (ca. 200-1200 CE),ACHAEMENID_ARAMAIC,ACHAEMENID_ARAMAIC,AA.SEMITIC.ACHAEMENID_ARAMAIC
430,Spanish,15,Language[1747]->Indo-European[1904]->Classical Indo-European[2479]->Italic[4031]->Latino-Faliscan[5349]->Latinic[6736]->Imperial Latin[8284]->Romance[9690]->Italo-Western Romance[10909]->Western Romance[11855]->Shifted Western Romance[12721]->Southwestern Shifted Romance[13415]->West Ibero-Romance[13935]->Castilic[14285]->Spanish[14455],stan1288,Spanish,SPANISH,SPANISH,IE.ROMANCE.SPANISH
432,Spanish,15,Language[1747]->Indo-European[1904]->Classical Indo-European[2479]->Italic[4031]->Latino-Faliscan[5349]->Latinic[6736]->Imperial Latin[8284]->Romance[9690]->Italo-Western Romance[10909]->Western Romance[11855]->Shifted Western Romance[12721]->Southwestern Shifted Romance[13415]->West Ibero-Romance[13935]->Castilic[14285]->Spanish[14455],stan1288,Spanish,SPANISH,SPANISH,IE.ROMANCE.SPANISH
435,Western Farsi,11,Language[1747]->Indo-European[1904]->Classical Indo-European[2479]->Indo-Iranian[4034]->Iranian[5358]->Southwestern Iranian[6761]->Middle-Modern Persian[8310]->Modern Southwestern Iranian[9735]->Farsic-Caucasian Tat[10970]->Farsic[11958]->Western Farsi[12840],west2369,Western Farsi,PERSIAN,PERSIAN,IE.IRANIAN.PERSIAN
436,Spanish,15,Language[1747]->Indo-European[1904]->Classical Indo-European[2479]->Italic[4031]->Latino-Faliscan[5349]->Latinic[6736]->Imperial Latin[8284]->Romance[9690]->Italo-Western Romance[10909]->Western Romance[11855]->Shifted Western Romance[12721]->Southwestern Shifted Romance[13415]->West Ibero-Romance[13935]->Castilic[14285]->Spanish[14455],stan1288,Spanish,SPANISH,SPANISH,IE.ROMANCE.SPANISH
437,Spanish,15,Language[1747]->Indo-European[1904]->Classical Indo-European[2479]->Italic[4031]->Latino-Faliscan[5349]->Latinic[6736]->Imperial Latin[8284]->Romance[9690]->Italo-Western Romance[10909]->Western Romance[11855]->Shifted Western Romance[12721]->Southwestern Shifted Romance[13415]->West Ibero-Romance[13935]->Castilic[14285]->Spanish[14455],stan1288,Spanish,SPANISH,SPANISH,IE.ROMANCE.SPANISH
438,Portuguese,17,Language[1747]->Indo-European[1904]->Classical Indo-European[2479]->Italic[4031]->Latino-Faliscan[5349]->Latinic[6736]->Imperial Latin[8284]->Romance[9690]->Italo-Western Romance[10909]->Western Romance[11855]->Shifted Western Romance[12721]->Southwestern Shifted Romance[13415]->West Ibero-Romance[13935]->Galician Romance[14287]->Macro-Portuguese[14461]->Brazil-Portugal Portuguese[14577]->Portuguese[14640],port1283,Portuguese,PORTUGUESE,PORTUGUESE,IE.ROMANCE.PORTUGUESE
439,Hindi,13,Language[1747]->Indo-European[1904]->Classical Indo-European[2479]->Indo-Iranian[4034]->Indo-Aryan[5357]->Middle-Modern Indo-Aryan[6751]->Continental Indo-Aryan[8297]->Midlands Indo-Aryan[9718]->Shaurasenic[10945]->Indo-Aryan Central zone[11905]->Western Hindi[12783]->Hindustani[13478]->Hindi[13972],hind1269,Hindi,HINDI,HINDI,IE.INDIC.HINDI
440,Kannada,9,Language[1747]->Dravidian[1908]->South Dravidian[2492]->South Dravidian I[4058]->Tamil-Kannada[5382]->Badaga-Kannada[6772]->Kannadoid[8322]->Nuclear Kannaoid[9749]->Kannada[10976],nucl1305,Kannada,KANNADA,KANNADA,Dra.SOUTHERN_DRAVIDIAN.KANNADA
441,Hindi,13,Language[1747]->Indo-European[1904]->Classical Indo-European[2479]->Indo-Iranian[4034]->Indo-Aryan[5357]->Middle-Modern Indo-Aryan[6751]->Continental Indo-Aryan[8297]->Midlands Indo-Aryan[9718]->Shaurasenic[10945]->Indo-Aryan Central zone[11905]->Western Hindi[12783]->Hindustani[13478]->Hindi[13972],hind1269,Hindi,HINDI,HINDI,IE.INDIC.HINDI
448,Portuguese,17,Language[1747]->Indo-European[1904]->Classical Indo-European[2479]->Italic[4031]->Latino-Faliscan[5349]->Latinic[6736]->Imperial Latin[8284]->Romance[9690]->Italo-Western Romance[10909]->Western Romance[11855]->Shifted Western Romance[12721]->Southwestern Shifted Romance[13415]->West Ibero-Romance[13935]->Galician Romance[14287]->Macro-Portuguese[14461]->Brazil-Portugal Portuguese[14577]->Portuguese[14640],port1283,Portuguese,PORTUGUESE,PORTUGUESE,IE.ROMANCE.PORTUGUESE
451,Spanish,15,Language[1747]->Indo-European[1904]->Classical Indo-European[2479]->Italic[4031]->Latino-Faliscan[5349]->Latinic[6736]->Imperial Latin[8284]->Romance[9690]->Italo-Western Romance[10909]->Western Romance[11855]->Shifted Western Romance[12721]->Southwestern Shifted Romance[13415]->West Ibero-Romance[13935]->Castilic[14285]->Spanish[14455],stan1288,Spanish,SPANISH,SPANISH,IE.ROMANCE.SPANISH
455,Shan,13,Language[1747]->Tai-Kadai[1796]->Kam-Tai[2121]->Daic-Beic[3431]->Daic[4700]->Central-Southwestern Tai[5949]->Wenma-Southwestern Tai[7358]->Sapa-Southwestern Tai[8872]->Southwestern Tai[10143]->Southwestern Tai P[11243]->Shan Tai[12126]->Northern Shan[12930]->Shan[13618],shan1277,Shan,NORTHERN_SHAN,NORTHERN_SHAN,TK.KAM_TAI.NORTHERN_SHAN
456,Ancient Hebrew,9,Language[1747]->Afro-Asiatic[1977]->Semitic[3237]->West Semitic[4434]->Central Semitic[5695]->Northwest Semitic[7096]->Canaanite[8597]->Hebrewic[9968]->Ancient Hebrew[11121],anci1244,Ancient Hebrew,BIBLICAL_HEBREW,BIBLICAL_HEBREW,AA.SEMITIC.BIBLICAL_HEBREW
460,Spanish,15,Language[1747]->Indo-European[1904]->Classical Indo-European[2479]->Italic[4031]->Latino-Faliscan[5349]->Latinic[6736]->Imperial Latin[8284]->Romance[9690]->Italo-Western Romance[10909]->Western Romance[11855]->Shifted Western Romance[12721]->Southwestern Shifted Romance[13415]->West Ibero-Romance[13935]->Castilic[14285]->Spanish[14455],stan1288,Spanish,SPANISH,SPANISH,IE.ROMANCE.SPANISH
469,Korean,3,Language[1747]->Koreanic[1826]->Korean[2251],kore1280,Korean,KOREAN,KOREAN,Kor.KOREAN.KOREAN
470,Ancient Greek,7,Language[1747]->Indo-European[1904]->Classical Indo-European[2479]->Graeco-Phrygian[4027]->Greek[5341]->East Greek[29393]->Ancient Greek[30700],,,COMMON_TOCHARIAN,COMMON_TOCHARIAN,IE.TOCHARIAN.COMMON_TOCHARIAN
472,Hindi,13,Language[1747]->Indo-European[1904]->Classical Indo-European[2479]->Indo-Iranian[4034]->Indo-Aryan[5357]->Middle-Modern Indo-Aryan[6751]->Continental Indo-Aryan[8297]->Midlands Indo-Aryan[9718]->Shaurasenic[10945]->Indo-Aryan Central zone[11905]->Western Hindi[12783]->Hindustani[13478]->Hindi[13972],hind1269,Hindi,HINDI,HINDI,IE.INDIC.HINDI
476,Eastern Cham,10,Language[1747]->Austronesian[1807]->Malayo-Polynesian[2158]->Malayo-Sumbawan[3523]->North and East Malayo-Sumbawan[4858]->Aceh-Chamic[6154]->Chamic[7578]->Coastal Chamic[9076]->Cham[10309]->Eastern Cham[11311],east2563,Eastern Cham,CHAM_EASTERN,CHAM_EASTERN,An.MALAYO_SUMBAWAN.CHAM_EASTERN
477,English,13,Language[1747]->Indo-European[1904]->Classical Indo-European[2479]->Germanic[4033]->Northwest Germanic[5354]->West Germanic[6740]->North Sea Germanic[8290]->Anglo-Frisian[9705]->Anglic[10924]->Later Anglic[11872]->Middle-Modern English[12745]->Macro-English[13445]->English[13951],stan1293,English,ENGLISH,ENGLISH,IE.GERMANIC.ENGLISH
478,Sanskrit,6,Language[1747]->Indo-European[1904]->Classical Indo-European[2479]->Indo-Iranian[4034]->Indo-Aryan[5357]->Sanskrit[6749],sans1269,Sanskrit,SANSKRIT,SANSKRIT,IE.INDIC.SANSKRIT
479,Akkadian,5,Language[1747]->Afro-Asiatic[1977]->Semitic[3237]->East Semitic[4432]->Akkadian[5692],akka1240,Akkadian,AKKADIAN_2,AKKADIAN_2,AA.SEMITIC.AKKADIAN_2
481,Spanish,15,Language[1747]->Indo-European[1904]->Classical Indo-European[2479]->Italic[4031]->Latino-Faliscan[5349]->Latinic[6736]->Imperial Latin[8284]->Romance[9690]->Italo-Western Romance[10909]->Western Romance[11855]->Shifted Western Romance[12721]->Southwestern Shifted Romance[13415]->West Ibero-Romance[13935]->Castilic[14285]->Spanish[14455],stan1288,Spanish,SPANISH,SPANISH,IE.ROMANCE.SPANISH
482,Spanish,15,Language[1747]->Indo-European[1904]->Classical Indo-European[2479]->Italic[4031]->Latino-Faliscan[5349]->Latinic[6736]->Imperial Latin[8284]->Romance[9690]->Italo-Western Romance[10909]->Western Romance[11855]->Shifted Western Romance[12721]->Southwestern Shifted Romance[13415]->West Ibero-Romance[13935]->Castilic[14285]->Spanish[14455],stan1288,Spanish,SPANISH,SPANISH,IE.ROMANCE.SPANISH
483,English,13,Language[1747]->Indo-European[1904]->Classical Indo-European[2479]->Germanic[4033]->Northwest Germanic[5354]->West Germanic[6740]->North Sea Germanic[8290]->Anglo-Frisian[9705]->Anglic[10924]->Later Anglic[11872]->Middle-Modern English[12745]->Macro-English[13445]->English[13951],stan1293,English,ENGLISH,ENGLISH,IE.GERMANIC.ENGLISH
484,English,13,Language[1747]->Indo-European[1904]->Classical Indo-European[2479]->Germanic[4033]->Northwest Germanic[5354]->West Germanic[6740]->North Sea Germanic[8290]->Anglo-Frisian[9705]->Anglic[10924]->Later Anglic[11872]->Middle-Modern English[12745]->Macro-English[13445]->English[13951],stan1293,English,ENGLISH,ENGLISH,IE.GERMANIC.ENGLISH
485,Lule Saami,7,Language[1747]->Uralic[1967]->Saami[3097]->Western Saami[4412]->Central Western Saami[5674]->Lule-Pite Saami[7077]->Lule Saami[8584],lule1254,Lule Saami,LULE_SAAMI,LULE_SAAMI,Ura.SAAMI.LULE_SAAMI
486,English,13,Language[1747]->Indo-European[1904]->Classical Indo-European[2479]->Germanic[4033]->Northwest Germanic[5354]->West Germanic[6740]->North Sea Germanic[8290]->Anglo-Frisian[9705]->Anglic[10924]->Later Anglic[11872]->Middle-Modern English[12745]->Macro-English[13445]->English[13951],stan1293,English,ENGLISH,ENGLISH,IE.GERMANIC.ENGLISH
487,Spanish,15,Language[1747]->Indo-European[1904]->Classical Indo-European[2479]->Italic[4031]->Latino-Faliscan[5349]->Latinic[6736]->Imperial Latin[8284]->Romance[9690]->Italo-Western Romance[10909]->Western Romance[11855]->Shifted Western Romance[12721]->Southwestern Shifted Romance[13415]->West Ibero-Romance[13935]->Castilic[14285]->Spanish[14455],stan1288,Spanish,SPANISH,SPANISH,IE.ROMANCE.SPANISH
490,Latin,8,Language[1747]->Indo-European[1904]->Classical Indo-European[2479]->Italic[4031]->Latino-Faliscan[5349]->Latinic[6736]->Imperial Latin[8284]->Latin[9691],lati1261,Latin,LATIN,LATIN,IE.ROMANCE.LATIN
491,English,13,Language[1747]->Indo-European[1904]->Classical Indo-European[2479]->Germanic[4033]->Northwest Germanic[5354]->West Germanic[6740]->North Sea Germanic[8290]->Anglo-Frisian[9705]->Anglic[10924]->Later Anglic[11872]->Middle-Modern English[12745]->Macro-English[13445]->English[13951],stan1293,English,ENGLISH,ENGLISH,IE.GERMANIC.ENGLISH
492,Latin,8,Language[1747]->Indo-European[1904]->Classical Indo-European[2479]->Italic[4031]->Latino-Faliscan[5349]->Latinic[6736]->Imperial Latin[8284]->Latin[9691],lati1261,Latin,LATIN,LATIN,IE.ROMANCE.LATIN
493,Hindi,13,Language[1747]->Indo-European[1904]->Classical Indo-European[2479]->Indo-Iranian[4034]->Indo-Aryan[5357]->Middle-Modern Indo-Aryan[6751]->Continental Indo-Aryan[8297]->Midlands Indo-Aryan[9718]->Shaurasenic[10945]->Indo-Aryan Central zone[11905]->Western Hindi[12783]->Hindustani[13478]->Hindi[13972],hind1269,Hindi,HINDI,HINDI,IE.INDIC.HINDI
494,Border Kuna,7,Language[1747]->Chibchan[1963]->Core Chibchan[3082]->Isthmic Chibchan[4381]->Eastern Isthmic Chibchan[5644]->Kuna[7057]->Border Kuna[8568],bord1248,Border Kuna,CUNA,CUNA,Chi.KUNA.CUNA
495,Spanish,15,Language[1747]->Indo-European[1904]->Classical Indo-European[2479]->Italic[4031]->Latino-Faliscan[5349]->Latinic[6736]->Imperial Latin[8284]->Romance[9690]->Italo-Western Romance[10909]->Western Romance[11855]->Shifted Western Romance[12721]->Southwestern Shifted Romance[13415]->West Ibero-Romance[13935]->Castilic[14285]->Spanish[14455],stan1288,Spanish,SPANISH,SPANISH,IE.ROMANCE.SPANISH
498,Spanish,15,Language[1747]->Indo-European[1904]->Classical Indo-European[2479]->Italic[4031]->Latino-Faliscan[5349]->Latinic[6736]->Imperial Latin[8284]->Romance[9690]->Italo-Western Romance[10909]->Western Romance[11855]->Shifted Western Romance[12721]->Southwestern Shifted Romance[13415]->West Ibero-Romance[13935]->Castilic[14285]->Spanish[14455],stan1288,Spanish,SPANISH,SPANISH,IE.ROMANCE.SPANISH
499,English,13,Language[1747]->Indo-European[1904]->Classical Indo-European[2479]->Germanic[4033]->Northwest Germanic[5354]->West Germanic[6740]->North Sea Germanic[8290]->Anglo-Frisian[9705]->Anglic[10924]->Later Anglic[11872]->Middle-Modern English[12745]->Macro-English[13445]->English[13951],stan1293,English,ENGLISH,ENGLISH,IE.GERMANIC.ENGLISH
501,English,13,Language[1747]->Indo-European[1904]->Classical Indo-European[2479]->Germanic[4033]->Northwest Germanic[5354]->West Germanic[6740]->North Sea Germanic[8290]->Anglo-Frisian[9705]->Anglic[10924]->Later Anglic[11872]->Middle-Modern English[12745]->Macro-English[13445]->English[13951],stan1293,English,ENGLISH,ENGLISH,IE.GERMANIC.ENGLISH
502,English,13,Language[1747]->Indo-European[1904]->Classical Indo-European[2479]->Germanic[4033]->Northwest Germanic[5354]->West Germanic[6740]->North Sea Germanic[8290]->Anglo-Frisian[9705]->Anglic[10924]->Later Anglic[11872]->Middle-Modern English[12745]->Macro-English[13445]->English[13951],stan1293,English,ENGLISH,ENGLISH,IE.GERMANIC.ENGLISH
510,Northern Paiute,6,Language[1747]->Uto-Aztecan[1803]->Northern Uto-Aztecan[2141]->Numic[3478]->Western Numic[4750]->Northern Paiute[6000],nort2954,Northern Paiute,NORTHERN_PAIUTE_BANNOCK,NORTHERN_PAIUTE_BANNOCK,UA.NUMIC.NORTHERN_PAIUTE_BANNOCK
511,English,13,Language[1747]->Indo-European[1904]->Classical Indo-European[2479]->Germanic[4033]->Northwest Germanic[5354]->West Germanic[6740]->North Sea Germanic[8290]->Anglo-Frisian[9705]->Anglic[10924]->Later Anglic[11872]->Middle-Modern English[12745]->Macro-English[13445]->English[13951],stan1293,English,ENGLISH,ENGLISH,IE.GERMANIC.ENGLISH
512,English,13,Language[1747]->Indo-European[1904]->Classical Indo-European[2479]->Germanic[4033]->Northwest Germanic[5354]->West Germanic[6740]->North Sea Germanic[8290]->Anglo-Frisian[9705]->Anglic[10924]->Later Anglic[11872]->Middle-Modern English[12745]->Macro-English[13445]->English[13951],stan1293,English,ENGLISH,ENGLISH,IE.GERMANIC.ENGLISH
513,English,13,Language[1747]->Indo-European[1904]->Classical Indo-European[2479]->Germanic[4033]->Northwest Germanic[5354]->West Germanic[6740]->North Sea Germanic[8290]->Anglo-Frisian[9705]->Anglic[10924]->Later Anglic[11872]->Middle-Modern English[12745]->Macro-English[13445]->English[13951],stan1293,English,ENGLISH,ENGLISH,IE.GERMANIC.ENGLISH
515,English,13,Language[1747]->Indo-European[1904]->Classical Indo-European[2479]->Germanic[4033]->Northwest Germanic[5354]->West Germanic[6740]->North Sea Germanic[8290]->Anglo-Frisian[9705]->Anglic[10924]->Later Anglic[11872]->Middle-Modern English[12745]->Macro-English[13445]->English[13951],stan1293,English,ENGLISH,ENGLISH,IE.GERMANIC.ENGLISH
516,English,13,Language[1747]->Indo-European[1904]->Classical Indo-European[2479]->Germanic[4033]->Northwest Germanic[5354]->West Germanic[6740]->North Sea Germanic[8290]->Anglo-Frisian[9705]->Anglic[10924]->Later Anglic[11872]->Middle-Modern English[12745]->Macro-English[13445]->English[13951],stan1293,English,ENGLISH,ENGLISH,IE.GERMANIC.ENGLISH
519,English,13,Language[1747]->Indo-European[1904]->Classical Indo-European[2479]->Germanic[4033]->Northwest Germanic[5354]->West Germanic[6740]->North Sea Germanic[8290]->Anglo-Frisian[9705]->Anglic[10924]->Later Anglic[11872]->Middle-Modern English[12745]->Macro-English[13445]->English[13951],stan1293,English,ENGLISH,ENGLISH,IE.GERMANIC.ENGLISH
520,Coastal Chamic,8,Language[1747]->Austronesian[1807]->Malayo-Polynesian[2158]->Malayo-Sumbawan[3523]->North and East Malayo-Sumbawan[4858]->Aceh-Chamic[6154]->Chamic[7578]->Coastal Chamic[9076],,,CARIB_1665,CARIB_1665,Arw.NORTHERN_ARAWAKAN.CARIB_1665
525,English,13,Language[1747]->Indo-European[1904]->Classical Indo-European[2479]->Germanic[4033]->Northwest Germanic[5354]->West Germanic[6740]->North Sea Germanic[8290]->Anglo-Frisian[9705]->Anglic[10924]->Later Anglic[11872]->Middle-Modern English[12745]->Macro-English[13445]->English[13951],stan1293,English,ENGLISH,ENGLISH,IE.GERMANIC.ENGLISH
532,Sakhalin Nivkh,3,Language[1747]->Nivkh[1771]->Sakhalin Nivkh[41673],,,OLD_LOW_FRANCONIAN,OLD_LOW_FRANCONIAN,IE.GERMANIC.OLD_LOW_FRANCONIAN
533,Russian,7,Language[1747]->Indo-European[1904]->Classical Indo-European[2479]->Balto-Slavic[4026]->Slavic[5339]->East Slavic[6720]->Russian[8263],russ1263,Russian,RUSSIAN,RUSSIAN,IE.SLAVIC.RUSSIAN
534,Latin,8,Language[1747]->Indo-European[1904]->Classical Indo-European[2479]->Italic[4031]->Latino-Faliscan[5349]->Latinic[6736]->Imperial Latin[8284]->Latin[9691],lati1261,Latin,LATIN,LATIN,IE.ROMANCE.LATIN
535,Sanskrit,6,Language[1747]->Indo-European[1904]->Classical Indo-European[2479]->Indo-Iranian[4034]->Indo-Aryan[5357]->Sanskrit[6749],sans1269,Sanskrit,SANSKRIT,SANSKRIT,IE.INDIC.SANSKRIT
537,Tagalog,8,Language[1747]->Austronesian[1807]->Malayo-Polynesian[2158]->Greater Central Philippine[3531]->Central Philippine[4880]->Tagalogic[6196]->Tagalog-Filipino[7671]->Tagalog[9163],taga1270,Tagalog,MARINDUQUE_TAGALOG,MARINDUQUE_TAGALOG,An.GREATER_CENTRAL_PHILIPPINE.MARINDUQUE_TAGALOG
538,English,13,Language[1747]->Indo-European[1904]->Classical Indo-European[2479]->Germanic[4033]->Northwest Germanic[5354]->West Germanic[6740]->North Sea Germanic[8290]->Anglo-Frisian[9705]->Anglic[10924]->Later Anglic[11872]->Middle-Modern English[12745]->Macro-English[13445]->English[13951],stan1293,English,ENGLISH,ENGLISH,IE.GERMANIC.ENGLISH
543,Titan,12,Language[1747]->Austronesian[1807]->Malayo-Polynesian[2158]->Central-Eastern Malayo-Polynesian[27860]->Eastern Malayo-Polynesian[28256]->Oceanic[29007]->Admiralty Islands[30204]->Eastern Admiralty Islands[31793]->Manus[33590]->East Manus[35382]->Koro-Lele-Nali-Titan[37094]->Titan[38480],tita1241,Titan,SIVISA_TITAN,SIVISA_TITAN,An.OCEANIC.SIVISA_TITAN
545,Ekari,4,Language[1747]->Nuclear Trans New Guinea[1804]->Paniai Lakes[2142]->Ekari[3484],ekar1243,Ekari,KAPAUKU,KAPAUKU,TNG.WISSEL_LAKES_KEMANDOGA.KAPAUKU
548,Tiwi,3,Language[1747]->Language Isolates[43177]->Tiwi[43359],tiwi1244,Tiwi,TIWI,TIWI,Aus.TIWIAN.TIWI
550,Iban,11,Language[1747]->Austronesian[1807]->Malayo-Polynesian[2158]->Malayo-Sumbawan[3523]->North and East Malayo-Sumbawan[4858]->Malayic[6155]->Ibanic[7582]->Iban-Mualang-Seberuang[9081]->Iban-Seberuang[10313]->Northern Iban[11319]->Iban[12179],iban1264,Iban,IBAN,IBAN,An.MALAYO_SUMBAWAN.IBAN
553,Akacari,6,Language[1747]->Great Andamanese[1943]->North Andamanese-Akakede[3013]->Northern Great Andamanese[4293]->Bo-Cari[5539]->Akacari[6915],akac1240,Akacari,AKA_CARI,AKA_CARI,GA.GREAT_ANDAMANESE.AKA_CARI
557,Burushaski,3,Language[1747]->Language Isolates[43177]->Burushaski[43285],buru1296,Burushaski,CENTRAL_YASIN_BURUSHASKI,CENTRAL_YASIN_BURUSHASKI,Brs.BURUSHASKI.CENTRAL_YASIN_BURUSHASKI
563,Hindi,13,Language[1747]->Indo-European[1904]->Classical Indo-European[2479]->Indo-Iranian[4034]->Indo-Aryan[5357]->Middle-Modern Indo-Aryan[6751]->Continental Indo-Aryan[8297]->Midlands Indo-Aryan[9718]->Shaurasenic[10945]->Indo-Aryan Central zone[11905]->Western Hindi[12783]->Hindustani[13478]->Hindi[13972],hind1269,Hindi,HINDI,HINDI,IE.INDIC.HINDI
564,Nepali,11,Language[1747]->Indo-European[1904]->Classical Indo-European[2479]->Indo-Iranian[4034]->Indo-Aryan[5357]->Middle-Modern Indo-Aryan[6751]->Continental Indo-Aryan[8297]->Midlands Indo-Aryan[9718]->Indo-Aryan Northern zone[10943]->Eastern Pahari[11900]->Nepali[12779],nepa1254,Nepali,NEPALI,NEPALI,IE.INDIC.NEPALI
565,Egyptian Arabic,10,Language[1747]->Afro-Asiatic[1977]->Semitic[3237]->West Semitic[4434]->Central Semitic[5695]->Arabian[7095]->Arabic[8595]->Egyptic Arabic[9962]->Egypto-Sudanic Arabic[11098]->Egyptian Arabic[12035],egyp1253,Egyptian Arabic,CAIRO_ARABIC,CAIRO_ARABIC,AA.SEMITIC.CAIRO_ARABIC
567,English,13,Language[1747]->Indo-European[1904]->Classical Indo-European[2479]->Germanic[4033]->Northwest Germanic[5354]->West Germanic[6740]->North Sea Germanic[8290]->Anglo-Frisian[9705]->Anglic[10924]->Later Anglic[11872]->Middle-Modern English[12745]->Macro-English[13445]->English[13951],stan1293,English,ENGLISH,ENGLISH,IE.GERMANIC.ENGLISH
570,English,13,Language[1747]->Indo-European[1904]->Classical Indo-European[2479]->Germanic[4033]->Northwest Germanic[5354]->West Germanic[6740]->North Sea Germanic[8290]->Anglo-Frisian[9705]->Anglic[10924]->Later Anglic[11872]->Middle-Modern English[12745]->Macro-English[13445]->English[13951],stan1293,English,ENGLISH,ENGLISH,IE.GERMANIC.ENGLISH
571,Abkhaz,4,Language[1747]->Abkhaz-Adyge[1919]->Abkhaz-Abaza[2560]->Abkhaz[4160],abkh1244,Abkhaz,ABKHAZ,ABKHAZ,NWC.NORTHWEST_CAUCASIAN.ABKHAZ
572,Kilivila,13,Language[1747]->Austronesian[1807]->Malayo-Polynesian[2158]->Central-Eastern Malayo-Polynesian[27860]->Eastern Malayo-Polynesian[28256]->Oceanic[29007]->Western Oceanic linkage[30199]->Papuan Tip linkage[31782]->Peripheral Papuan Tip linkage[33561]->Kilivila-Misima[35306]->Kilivilic[36966]->Kilivila-Muyuw[38291]->Kilivila[39363],kili1267,Kilivila,KILIVILA,KILIVILA,An.OCEANIC.KILIVILA
574,Konso,10,Language[1747]->Afro-Asiatic[1977]->Cushitic[3239]->East Cushitic[4438]->Lowland East Cushitic[5702]->Southern Lowland East Cushitic[7107]->Mainstream Lowland East Cushitic[8613]->Oromoid[9987]->Konsoid[11138]->Konso[12068],kons1243,Konso,KOMSO,KOMSO,AA.LOWLAND_EAST_CUSHITIC.KOMSO
576,Kuy,6,Language[1747]->Austroasiatic[1937]->Katuic[2621]->West Katuic[4258]->Kuy-Souei[5519]->Kuy[6896],kuyy1240,Kuy,KUI_THAILAND_2,KUI_THAILAND_2,AuA.KATUIC.KUI_THAILAND_2
577,Ganda,13,Language[1747]->Atlantic-Congo[1822]->Volta-Congo[2237]->Benue-Congo[3616]->Bantoid[5004]->Southern Bantoid[6347]->Narrow Bantu[7890]->East Bantu[9419]->Northeast Savanna Bantu[10697]->Great Lakes Bantu[11687]->West Nyanza[12559]->North Nyanza[13238]->Ganda[13807],gand1255,Ganda,J15_GANDA,J15_GANDA,NC.BANTOID.J15_GANDA
578,Dandami Maria,9,Language[1747]->Dravidian[1908]->South Dravidian[2492]->South Dravidian II[4059]->Gondi[5384]->Southeast Gondi[6779]->General Southeast Gondi[30814]->South Bastar Gondi-Koya[32621]->Dandami Maria[34328],dand1238,Dandami Maria,SOUTH_BASTAR_GONDI,SOUTH_BASTAR_GONDI,Dra.SOUTH_CENTRAL_DRAVIDIAN.SOUTH_BASTAR_GONDI
580,Urdu,13,Language[1747]->Indo-European[1904]->Classical Indo-European[2479]->Indo-Iranian[4034]->Indo-Aryan[5357]->Middle-Modern Indo-Aryan[6751]->Continental Indo-Aryan[8297]->Midlands Indo-Aryan[9718]->Shaurasenic[10945]->Indo-Aryan Central zone[11905]->Western Hindi[12783]->Hindustani[13478]->Urdu[13970],urdu1245,Urdu,URDU,URDU,IE.INDIC.URDU
581,Mentawai,7,Language[1747]->Austronesian[1807]->Malayo-Polynesian[2158]->Northwest Sumatra-Barrier Islands[3522]->Nuclear Barrier Islands[4855]->Mentawai-Nias-Sikule[6148]->Mentawai[7574],ment1249,Mentawai,MENTAWAI,MENTAWAI,An.NORTHWEST_SUMATRA_BARRIER_ISLANDS.MENTAWAI
582,Thai,12,Language[1747]->Tai-Kadai[1796]->Kam-Tai[2121]->Daic-Beic[3431]->Daic[4700]->Central-Southwestern Tai[5949]->Wenma-Southwestern Tai[7358]->Sapa-Southwestern Tai[8872]->Southwestern Tai[10143]->Southwestern Thai PH[11242]->Lao-Thai[12119]->Thai[12917],thai1261,Thai,THAI_2,THAI_2,TK.KAM_TAI.THAI_2
586,Northern Thai,13,Language[1747]->Tai-Kadai[1796]->Kam-Tai[2121]->Daic-Beic[3431]->Daic[4700]->Central-Southwestern Tai[5949]->Wenma-Southwestern Tai[7358]->Sapa-Southwestern Tai[8872]->Southwestern Tai[10143]->Southwestern Tai P[11243]->Shan Tai[12126]->Southern Shan[12931]->Northern Thai[13620],nort2740,Northern Thai,LAMPANG_THAI,LAMPANG_THAI,TK.KAM_TAI.LAMPANG_THAI
588,Nyakyusa-Ngonde,11,Language[1747]->Atlantic-Congo[1822]->Volta-Congo[2237]->Benue-Congo[3616]->Bantoid[5004]->Southern Bantoid[6347]->Narrow Bantu[7890]->East Bantu[9419]->Corridor Bantu[10699]->Nyakyusa-Ndali[11693]->Nyakyusa-Ngonde[12577],nyak1260,Nyakyusa-Ngonde,NYAKYUSA_2,NYAKYUSA_2,NC.BANTOID.NYAKYUSA_2
589,Spanish,15,Language[1747]->Indo-European[1904]->Classical Indo-European[2479]->Italic[4031]->Latino-Faliscan[5349]->Latinic[6736]->Imperial Latin[8284]->Romance[9690]->Italo-Western Romance[10909]->Western Romance[11855]->Shifted Western Romance[12721]->Southwestern Shifted Romance[13415]->West Ibero-Romance[13935]->Castilic[14285]->Spanish[14455],stan1288,Spanish,SPANISH,SPANISH,IE.ROMANCE.SPANISH
590,Middle Chinese,6,Language[1747]->Sino-Tibetan[1946]->Sinitic[3038]->Classical-Middle-Modern Sinitic[4342]->Middle-Modern Sinitic[5613]->Middle Chinese[7037],midd1344,Middle Chinese,MIDDLE_CHINESE,MIDDLE_CHINESE,ST.CHINESE.MIDDLE_CHINESE
591,Korean,3,Language[1747]->Koreanic[1826]->Korean[2251],kore1280,Korean,KOREAN,KOREAN,Kor.KOREAN.KOREAN
592,Urdu,13,Language[1747]->Indo-European[1904]->Classical Indo-European[2479]->Indo-Iranian[4034]->Indo-Aryan[5357]->Middle-Modern Indo-Aryan[6751]->Continental Indo-Aryan[8297]->Midlands Indo-Aryan[9718]->Shaurasenic[10945]->Indo-Aryan Central zone[11905]->Western Hindi[12783]->Hindustani[13478]->Urdu[13970],urdu1245,Urdu,URDU,URDU,IE.INDIC.URDU
594,Wolof,6,Language[1747]->Atlantic-Congo[1822]->North-Central Atlantic[2240]->Wolof-BKK[3620]->Wolofic[5020]->Wolof[6386],nucl1347,Wolof,WOLOF,WOLOF,NC.NORTHERN_ATLANTIC.WOLOF
595,Samoan,13,Language[1747]->Austronesian[1807]->Malayo-Polynesian[2158]->Eastern Malayo-Polynesian[3548]->Oceanic[4923]->Central Pacific linkage[6264]->Tokalau Fijian[7757]->Polynesian[9240]->Nuclear Polynesian[10467]->Ellicean[11397]->Pukapukic[12239]->Samoan-Tokelauan[12968]->Samoan[13642],samo1305,Samoan,SAMOAN,SAMOAN,An.OCEANIC.SAMOAN
598,Masai,8,Language[1747]->Nilotic[1844]->Eastern Nilotic[2297]->Teso-Lotuxo-Maa[3688]->Lotuxo-Maa[5095]->Ongamo-Maa[6469]->Nuclear Maa[8044]->Masai[9572],masa1300,Masai,MAASAI,MAASAI,ESu.NILOTIC.MAASAI
599,Nepali,11,Language[1747]->Indo-European[1904]->Classical Indo-European[2479]->Indo-Iranian[4034]->Indo-Aryan[5357]->Middle-Modern Indo-Aryan[6751]->Continental Indo-Aryan[8297]->Midlands Indo-Aryan[9718]->Indo-Aryan Northern zone[10943]->Eastern Pahari[11900]->Nepali[12779],nepa1254,Nepali,NEPALI,NEPALI,IE.INDIC.NEPALI
600,Tarifiyt-Beni-Iznasen-Eastern Middle Atlas Berber,6,Language[1747]->Afro-Asiatic[1977]->Berber[3240]->Greater Zenatic[4445]->Zenatic[5710]->Tarifiyt-Beni-Iznasen-Eastern Middle Atlas Berber[7118],tari1263,Tarifiyt-Beni-Iznasen-Eastern Middle Atlas Berber,TARIFIT_GUELAIA,TARIFIT_GUELAIA,AA.BERBER.TARIFIT_GUELAIA
604,Bambara,11,Language[1747]->Mande[1836]->Western Mande[2273]->Manding-Kpelle[3658]->Central Mande[5063]->Manding-Jogo[6435]->Manding-Vai[8014]->Manding-Mokole[9552]->Manding[10850]->East Manding[11819]->Bambara[12699],bamb1269,Bambara,BAMBARA,BAMBARA,Man.WESTERN_MANDE.BAMBARA
605,Burmese,9,Language[1747]->Sino-Tibetan[1946]->Burmo-Qiangic[3021]->Lolo-Burmese[4298]->Burmish[5546]->Southern Burmish[6927]->Mranmaic[8437]->Nuclear Mranmaic[9834]->Burmese[11030],nucl1310,Burmese,YANGON_BURMESE,YANGON_BURMESE,ST.BURMESE_LOLO.YANGON_BURMESE
609,Farefare,17,Language[1747]->Atlantic-Congo[1822]->Volta-Congo[2237]->North Volta-Congo[3614]->Gur[4994]->Central Gur[6317]->Northern Central Gur[7833]->Bwamu-Oti-Volta[9340]->Oti-Volta[10608]->Nuclear Oti-Volta[11581]->Gurma-Yom-Oti-Volta Occidental[12445]->Oti-Volta Occidental[13126]->Nuclear Oti-Volta Occidental[13734]->Northwest Oti-Volta[14127]->Mossi-Farefare[14364]->Farefareic[14512]->Farefare[14600],fare1241,Farefare,FRAFRA,FRAFRA,NC.GUR.FRAFRA
610,Somali,10,Language[1747]->Afro-Asiatic[1977]->Cushitic[3239]->East Cushitic[4438]->Lowland East Cushitic[5702]->Southern Lowland East Cushitic[7107]->Mainstream Lowland East Cushitic[8613]->Omo-Tana[9986]->Eastern Omo-Tana[11136]->Somali[12061],soma1255,Somali,SOMALI,SOMALI,AA.LOWLAND_EAST_CUSHITIC.SOMALI
611,Javanese,6,Language[1747]->Austronesian[1807]->Malayo-Polynesian[2158]->Javanesic[3535]->Modern Javanese[4889]->Javanese[6209],java1254,Javanese,MALANG,MALANG,An.JAVANESE.MALANG
612,Marshallese,11,Language[1747]->Austronesian[1807]->Malayo-Polynesian[2158]->Central-Eastern Malayo-Polynesian[27860]->Eastern Malayo-Polynesian[28256]->Oceanic[29007]->Micronesian[30198]->Nuclear Micronesian[31780]->Central Micronesian[33555]->Western Micronesian[35292]->Marshallese[36916],mars1254,Marshallese,MARSHALLESE,MARSHALLESE,An.OCEANIC.MARSHALLESE
613,Maori,16,Language[1747]->Austronesian[1807]->Malayo-Polynesian[2158]->Eastern Malayo-Polynesian[3548]->Oceanic[4923]->Central Pacific linkage[6264]->Tokalau Fijian[7757]->Polynesian[9240]->Nuclear Polynesian[10467]->Northern Outlier Polynesian-East Polynesian[11395]->Solomons Northern Outlier Polynesian-East Polynesian[12234]->Central Northern Outlier Polynesian-East Polynesian[12964]->East Polynesian[13640]->East Polynesian Proximal[14077]->Southern East Polynesian Proximal[14331]->Maori[14492],maor1246,Maori,MAORI,MAORI,An.OCEANIC.MAORI
614,North-Central Ju,4,Language[1747]->Kxa[1952]->Ju-Kung[3058]->North-Central Ju[4363],kung1261,North-Central Ju,KUNG,KUNG,Kxa.KXA.KUNG
616,Balinese,7,Language[1747]->Austronesian[1807]->Malayo-Polynesian[2158]->Malayo-Sumbawan[3523]->North and East Malayo-Sumbawan[4858]->Bali-Sasak-Sumbawa[6153]->Balinese[7575],bali1278,Balinese,BALI,BALI,An.MALAYO_SUMBAWAN.BALI
618,English,13,Language[1747]->Indo-European[1904]->Classical Indo-European[2479]->Germanic[4033]->Northwest Germanic[5354]->West Germanic[6740]->North Sea Germanic[8290]->Anglo-Frisian[9705]->Anglic[10924]->Later Anglic[11872]->Middle-Modern English[12745]->Macro-English[13445]->English[13951],stan1293,English,ENGLISH,ENGLISH,IE.GERMANIC.ENGLISH
619,Sakhalin Nivkh,3,Language[1747]->Nivkh[1771]->Sakhalin Nivkh[27704],,,DYARIM,DYARIM,AA.WEST_CHADIC.DYARIM
620,Tohono O'odham,6,Language[1747]->Uto-Aztecan[1803]->Southern Uto-Aztecan[2140]->Tepiman[3475]->Piman[4746]->Tohono O'odham[5991],toho1245,Tohono O'odham,UPPER_PIMA,UPPER_PIMA,UA.TEPIMAN.UPPER_PIMA
622,Spanish,15,Language[1747]->Indo-European[1904]->Classical Indo-European[2479]->Italic[4031]->Latino-Faliscan[5349]->Latinic[6736]->Imperial Latin[8284]->Romance[9690]->Italo-Western Romance[10909]->Western Romance[11855]->Shifted Western Romance[12721]->Southwestern Shifted Romance[13415]->West Ibero-Romance[13935]->Castilic[14285]->Spanish[14455],stan1288,Spanish,SPANISH,SPANISH,IE.ROMANCE.SPANISH
623,Hindi,13,Language[1747]->Indo-European[1904]->Classical Indo-European[2479]->Indo-Iranian[4034]->Indo-Aryan[5357]->Middle-Modern Indo-Aryan[6751]->Continental Indo-Aryan[8297]->Midlands Indo-Aryan[9718]->Shaurasenic[10945]->Indo-Aryan Central zone[11905]->Western Hindi[12783]->Hindustani[13478]->Hindi[13972],hind1269,Hindi,HINDI,HINDI,IE.INDIC.HINDI
625,Western Canadian Inuktitut,5,Language[1747]->Eskimo-Aleut[1966]->Eskimo[3088]->Inuit[4394]->Western Canadian Inuktitut[5657],west2618,Western Canadian Inuktitut,KANGIRYUARMIUTUN,KANGIRYUARMIUTUN,EA.ESKIMO.KANGIRYUARMIUTUN
627,Tikopia,11,Language[1747]->Austronesian[1807]->Malayo-Polynesian[2158]->Central-Eastern Malayo-Polynesian[27860]->Eastern Malayo-Polynesian[28256]->Oceanic[29007]->Central Pacific linkage[30197]->Tokelau-Fijian[31779]->Polynesian[33552]->Nuclear Polynesian[35286]->Tikopia[36903],tiko1237,Tikopia,TIKOPIA,TIKOPIA,An.OCEANIC.TIKOPIA
629,Nepali,11,Language[1747]->Indo-European[1904]->Classical Indo-European[2479]->Indo-Iranian[4034]->Indo-Aryan[5357]->Middle-Modern Indo-Aryan[6751]->Continental Indo-Aryan[8297]->Midlands Indo-Aryan[9718]->Indo-Aryan Northern zone[10943]->Eastern Pahari[11900]->Nepali[12779],nepa1254,Nepali,NEPALI,NEPALI,IE.INDIC.NEPALI
630,Alyawarr,7,Language[1747]->Pama-Nyungan[1984]->Arandic-Thura-Yura[3283]->Arandic[4521]->South Arandic[5803]->Upper Arrernte[7243]->Alyawarr[8761],alya1239,Alyawarr,ALYAWARR_MACDONALDDOWNS_ALYAWARA,ALYAWARR_MACDONALDDOWNS_ALYAWARA,Aus.PAMA_NYUNGAN.ALYAWARR_MACDONALDDOWNS_ALYAWARA
631,Cha'palaa,4,Language[1747]->Barbacoan[1934]->Cayapa-Colorado[2606]->Cha'palaa[4229],chac1249,Cha'palaa,CAYAPA,CAYAPA,Bar.BARBACOAN.CAYAPA
632,Ionic-Attic Ancient Greek,8,Language[1747]->Indo-European[1904]->Classical Indo-European[2479]->Graeco-Phrygian[4027]->Greek[5341]->South Greek[6723]->Central Greek[8272]->Ionic-Attic Ancient Greek[9686],anci1242,Ionic-Attic Ancient Greek,GREEK_ANCIENT,GREEK_ANCIENT,IE.GREEK.GREEK_ANCIENT
633,Konkan Marathi,14,Language[1747]->Indo-European[1904]->Classical Indo-European[2479]->Indo-Iranian[4034]->Indo-Aryan[5357]->Middle-Modern Indo-Aryan[6751]->Continental Indo-Aryan[8297]->Indo-Aryan Southern zone[9716]->Marathic[10941]->Marathi-Konkani[11898]->Old-Modern Marathi[12776]->Modern Marathi[13475]->Western Marathi[13967]->Konkan Marathi[14300],konk1267,Konkan Marathi,KONKANI,KONKANI,IE.INDIC.KONKANI
634,Old Chinese,4,Language[1747]->Sino-Tibetan[1946]->Sinitic[3038]->Old Chinese[4344],oldc1244,Old Chinese,OLD_CHINESE,OLD_CHINESE,ST.CHINESE.OLD_CHINESE
635,Tagalog,8,Language[1747]->Austronesian[1807]->Malayo-Polynesian[2158]->Greater Central Philippine[3531]->Central Philippine[4880]->Tagalogic[6196]->Tagalog-Filipino[7671]->Tagalog[9163],taga1270,Tagalog,TAGALOG,TAGALOG,An.GREATER_CENTRAL_PHILIPPINE.TAGALOG
636,Balinese,7,Language[1747]->Austronesian[1807]->Malayo-Polynesian[2158]->Malayo-Sumbawan[3523]->North and East Malayo-Sumbawan[4858]->Bali-Sasak-Sumbawa[6153]->Balinese[7575],bali1278,Balinese,BALI,BALI,An.MALAYO_SUMBAWAN.BALI
637,Spanish,15,Language[1747]->Indo-European[1904]->Classical Indo-European[2479]->Italic[4031]->Latino-Faliscan[5349]->Latinic[6736]->Imperial Latin[8284]->Romance[9690]->Italo-Western Romance[10909]->Western Romance[11855]->Shifted Western Romance[12721]->Southwestern Shifted Romance[13415]->West Ibero-Romance[13935]->Castilic[14285]->Spanish[14455],stan1288,Spanish,SPANISH,SPANISH,IE.ROMANCE.SPANISH
639,Middle Chinese,6,Language[1747]->Sino-Tibetan[1946]->Sinitic[3038]->Classical-Middle-Modern Sinitic[4342]->Middle-Modern Sinitic[5613]->Middle Chinese[7037],midd1344,Middle Chinese,MIDDLE_CHINESE,MIDDLE_CHINESE,ST.CHINESE.MIDDLE_CHINESE
645,Urdu,13,Language[1747]->Indo-European[1904]->Classical Indo-European[2479]->Indo-Iranian[4034]->Indo-Aryan[5357]->Middle-Modern Indo-Aryan[6751]->Continental Indo-Aryan[8297]->Midlands Indo-Aryan[9718]->Shaurasenic[10945]->Indo-Aryan Central zone[11905]->Western Hindi[12783]->Hindustani[13478]->Urdu[13970],urdu1245,Urdu,URDU,URDU,IE.INDIC.URDU
646,Lakota,7,Language[1747]->Siouan[1788]->Core Siouan[2099]->Mississippi Valley[3407]->Dakotan[4670]->Sioux[5930]->Lakota[7339],lako1247,Lakota,LAKOTA,LAKOTA,Sio.SIOUAN.LAKOTA
647,English,13,Language[1747]->Indo-European[1904]->Classical Indo-European[2479]->Germanic[4033]->Northwest Germanic[5354]->West Germanic[6740]->North Sea Germanic[8290]->Anglo-Frisian[9705]->Anglic[10924]->Later Anglic[11872]->Middle-Modern English[12745]->Macro-English[13445]->English[13951],stan1293,English,ENGLISH,ENGLISH,IE.GERMANIC.ENGLISH
648,English,13,Language[1747]->Indo-European[1904]->Classical Indo-European[2479]->Germanic[4033]->Northwest Germanic[5354]->West Germanic[6740]->North Sea Germanic[8290]->Anglo-Frisian[9705]->Anglic[10924]->Later Anglic[11872]->Middle-Modern English[12745]->Macro-English[13445]->English[13951],stan1293,English,ENGLISH,ENGLISH,IE.GERMANIC.ENGLISH
649,Tamil,13,Language[1747]->Dravidian[1908]->South Dravidian[2492]->South Dravidian I[4058]->Tamil-Kannada[5382]->Tamil-Kota[6773]->Tamil-Toda[8325]->Tamil-Irula[9751]->Tamil-Kodagu[10977]->Tamil-Malayalam[11959]->Tamiloid[12845]->Tamil-Paliyan[13570]->Tamil[14047],tami1289,Tamil,TAMIL,TAMIL,Dra.SOUTHERN_DRAVIDIAN.TAMIL
650,Titan,12,Language[1747]->Austronesian[1807]->Malayo-Polynesian[2158]->Central-Eastern Malayo-Polynesian[27860]->Eastern Malayo-Polynesian[28256]->Oceanic[29007]->Admiralty Islands[30204]->Eastern Admiralty Islands[31793]->Manus[33590]->East Manus[35382]->Koro-Lele-Nali-Titan[37094]->Titan[38480],tita1241,Titan,SIVISA_TITAN,SIVISA_TITAN,An.OCEANIC.SIVISA_TITAN
651,Ekari,4,Language[1747]->Nuclear Trans New Guinea[1804]->Paniai Lakes[2142]->Ekari[3484],ekar1243,Ekari,KAPAUKU,KAPAUKU,TNG.WISSEL_LAKES_KEMANDOGA.KAPAUKU
652,Tiwi,3,Language[1747]->Language Isolates[43177]->Tiwi[43359],tiwi1244,Tiwi,TIWI,TIWI,Aus.TIWIAN.TIWI
654,Latin,8,Language[1747]->Indo-European[1904]->Classical Indo-European[2479]->Italic[4031]->Latino-Faliscan[5349]->Latinic[6736]->Imperial Latin[8284]->Latin[9691],lati1261,Latin,LATIN,LATIN,IE.ROMANCE.LATIN
655,Spanish,15,Language[1747]->Indo-European[1904]->Classical Indo-European[2479]->Italic[4031]->Latino-Faliscan[5349]->Latinic[6736]->Imperial Latin[8284]->Romance[9690]->Italo-Western Romance[10909]->Western Romance[11855]->Shifted Western Romance[12721]->Southwestern Shifted Romance[13415]->West Ibero-Romance[13935]->Castilic[14285]->Spanish[14455],stan1288,Spanish,SPANISH,SPANISH,IE.ROMANCE.SPANISH
657,Chuukese,17,Language[1747]->Austronesian[1807]->Malayo-Polynesian[2158]->Central-Eastern Malayo-Polynesian[27860]->Eastern Malayo-Polynesian[28256]->Oceanic[29007]->Micronesian[30198]->Nuclear Micronesian[31780]->Central Micronesian[33555]->Western Micronesian[35292]->Chuukic-Ponapeic[36915]->Trukic[38215]->Nuclear Trukic[39259]->Central Trukic[40348]->Eastern Trukic[41163]->Mortlockese-Trukese[41753]->Chuukese[42203],chuu1238,Chuukese,TRUKESE,TRUKESE,An.OCEANIC.TRUKESE
658,Spanish,15,Language[1747]->Indo-European[1904]->Classical Indo-European[2479]->Italic[4031]->Latino-Faliscan[5349]->Latinic[6736]->Imperial Latin[8284]->Romance[9690]->Italo-Western Romance[10909]->Western Romance[11855]->Shifted Western Romance[12721]->Southwestern Shifted Romance[13415]->West Ibero-Romance[13935]->Castilic[14285]->Spanish[14455],stan1288,Spanish,SPANISH,SPANISH,IE.ROMANCE.SPANISH
660,Remun,11,Language[1747]->Austronesian[1807]->Malayo-Polynesian[2158]->Malayo-Sumbawan[3523]->North and East Malayo-Sumbawan[4858]->Malayic[6155]->Ibanic[7582]->Iban-Mualang-Seberuang[9081]->Iban-Seberuang[10313]->Northern Iban[11319]->Remun[12180],remu1237,Remun,REMUN,REMUN,An.MALAYO_SUMBAWAN.REMUN
662,Spanish,15,Language[1747]->Indo-European[1904]->Classical Indo-European[2479]->Italic[4031]->Latino-Faliscan[5349]->Latinic[6736]->Imperial Latin[8284]->Romance[9690]->Italo-Western Romance[10909]->Western Romance[11855]->Shifted Western Romance[12721]->Southwestern Shifted Romance[13415]->West Ibero-Romance[13935]->Castilic[14285]->Spanish[14455],stan1288,Spanish,SPANISH,SPANISH,IE.ROMANCE.SPANISH
666,English,13,Language[1747]->Indo-European[1904]->Classical Indo-European[2479]->Germanic[4033]->Northwest Germanic[5354]->West Germanic[6740]->North Sea Germanic[8290]->Anglo-Frisian[9705]->Anglic[10924]->Later Anglic[11872]->Middle-Modern English[12745]->Macro-English[13445]->English[13951],stan1293,English,ENGLISH,ENGLISH,IE.GERMANIC.ENGLISH
667,Russian,7,Language[1747]->Indo-European[1904]->Classical Indo-European[2479]->Balto-Slavic[4026]->Slavic[5339]->East Slavic[6720]->Russian[8263],russ1263,Russian,NINILCHIK_RUSSIAN,NINILCHIK_RUSSIAN,IE.SLAVIC.NINILCHIK_RUSSIAN
671,Fijian,10,Language[1747]->Austronesian[1807]->Malayo-Polynesian[2158]->Central-Eastern Malayo-Polynesian[27860]->Eastern Malayo-Polynesian[28256]->Oceanic[29007]->Central Pacific linkage[30197]->Tokelau-Fijian[31779]->East Fijian[33553]->Fijian[35287],fiji1243,Fijian,FIJIAN,FIJIAN,An.OCEANIC.FIJIAN
673,Pawnee,6,Language[1747]->Caddoan[1805]->Northern Caddoan[2153]->Pawnee-Kitsai[3510]->Pawnee-Arikara[4828]->Pawnee[6119],pawn1254,Pawnee,PAWNEE_2,PAWNEE_2,Cad.CADDOAN.PAWNEE_2
674,Spanish,15,Language[1747]->Indo-European[1904]->Classical Indo-European[2479]->Italic[4031]->Latino-Faliscan[5349]->Latinic[6736]->Imperial Latin[8284]->Romance[9690]->Italo-Western Romance[10909]->Western Romance[11855]->Shifted Western Romance[12721]->Southwestern Shifted Romance[13415]->West Ibero-Romance[13935]->Castilic[14285]->Spanish[14455],stan1288,Spanish,SPANISH,SPANISH,IE.ROMANCE.SPANISH
675,Russian,7,Language[1747]->Indo-European[1904]->Classical Indo-European[2479]->Balto-Slavic[4026]->Slavic[5339]->East Slavic[6720]->Russian[8263],russ1263,Russian,NINILCHIK_RUSSIAN,NINILCHIK_RUSSIAN,IE.SLAVIC.NINILCHIK_RUSSIAN
676,Latin,8,Language[1747]->Indo-European[1904]->Classical Indo-European[2479]->Italic[4031]->Latino-Faliscan[5349]->Latinic[6736]->Imperial Latin[8284]->Latin[9691],lati1261,Latin,LATIN,LATIN,IE.ROMANCE.LATIN
677,English,13,Language[1747]->Indo-European[1904]->Classical Indo-European[2479]->Germanic[4033]->Northwest Germanic[5354]->West Germanic[6740]->North Sea Germanic[8290]->Anglo-Frisian[9705]->Anglic[10924]->Later Anglic[11872]->Middle-Modern English[12745]->Macro-English[13445]->English[13951],stan1293,English,ENGLISH,ENGLISH,IE.GERMANIC.ENGLISH
679,Santali,7,Language[1747]->Austroasiatic[1937]->Mundaic[2612]->North Munda[4234]->Kherwarian[5478]->Santalic[6841]->Santali[8374],sant1410,Santali,RAUTNAGAR_SANTALI,RAUTNAGAR_SANTALI,AuA.MUNDA.RAUTNAGAR_SANTALI
680,Hindi,13,Language[1747]->Indo-European[1904]->Classical Indo-European[2479]->Indo-Iranian[4034]->Indo-Aryan[5357]->Middle-Modern Indo-Aryan[6751]->Continental Indo-Aryan[8297]->Midlands Indo-Aryan[9718]->Shaurasenic[10945]->Indo-Aryan Central zone[11905]->Western Hindi[12783]->Hindustani[13478]->Hindi[13972],hind1269,Hindi,HINDI,HINDI,IE.INDIC.HINDI
681,Akkadian,5,Language[1747]->Afro-Asiatic[1977]->Semitic[3237]->East Semitic[4432]->Akkadian[5692],akka1240,Akkadian,AKKADIAN,AKKADIAN,AA.SEMITIC.AKKADIAN
682,Tlongsai,9,Language[1747]->Sino-Tibetan[1946]->Kuki-Chin-Naga[3024]->Kuki-Chin[4313]->Central Kuki-Chin[5578]->Maraic[6979]->Nuclear Maraic[8497]->Mara Chin[9899]->Tlongsai[34545],,,COMMON_TOCHARIAN,COMMON_TOCHARIAN,IE.TOCHARIAN.COMMON_TOCHARIAN
684,Huron-Wyandot,4,Language[1747]->Iroquoian[1798]->Northern Iroquoian[2125]->Huron-Wyandot[3439],wyan1247,Huron-Wyandot,WENDAT_HURON,WENDAT_HURON,Iro.NORTHERN_IROQUOIAN.WENDAT_HURON
685,Southern Sama,9,Language[1747]->Austronesian[1807]->Malayo-Polynesian[2158]->Basap-Greater Barito[3550]->Greater Barito linkage[4928]->Sama-Bajaw[6281]->Sulu-Borneo[7792]->Inner Sulu Sama[9303]->Southern Sama[10578],sout2918,Southern Sama,SIBUTU_SOUTHERN_SAMA,SIBUTU_SOUTHERN_SAMA,An.SAMA_BAJAW.SIBUTU_SOUTHERN_SAMA
686,Highland Popoluca,5,Language[1747]->Mixe-Zoque[1961]->Zoque[3076]->Gulf Zoque[4372]->Highland Popoluca[5634],high1276,Highland Popoluca,SOTEAPAN_ZOQUE,SOTEAPAN_ZOQUE,MZ.MIXE_ZOQUE.SOTEAPAN_ZOQUE
688,Konkan Marathi,14,Language[1747]->Indo-European[1904]->Classical Indo-European[2479]->Indo-Iranian[4034]->Indo-Aryan[5357]->Middle-Modern Indo-Aryan[6751]->Continental Indo-Aryan[8297]->Indo-Aryan Southern zone[9716]->Marathic[10941]->Marathi-Konkani[11898]->Old-Modern Marathi[12776]->Modern Marathi[13475]->Western Marathi[13967]->Konkan Marathi[14300],konk1267,Konkan Marathi,KONKANI,KONKANI,IE.INDIC.KONKANI
689,Enlhet Norte,4,Language[1747]->Lengua-Mascoy[1921]->Lengua[2563]->Enlhet Norte[4164],nort2971,Enlhet Norte,SANAPANA_ENLHET,SANAPANA_ENLHET,Mas.MASCOIAN.SANAPANA_ENLHET
690,Konkan Marathi,14,Language[1747]->Indo-European[1904]->Classical Indo-European[2479]->Indo-Iranian[4034]->Indo-Aryan[5357]->Middle-Modern Indo-Aryan[6751]->Continental Indo-Aryan[8297]->Indo-Aryan Southern zone[9716]->Marathic[10941]->Marathi-Konkani[11898]->Old-Modern Marathi[12776]->Modern Marathi[13475]->Western Marathi[13967]->Konkan Marathi[14300],konk1267,Konkan Marathi,KONKANI,KONKANI,IE.INDIC.KONKANI
691,Fur,3,Language[1747]->Furan[1864]->Fur[2346],furr1244,Fur,FUR,FUR,Fur.FUR.FUR
694,Eyak,4,Language[1747]->Athabaskan-Eyak-Tlingit[1886]->Athabaskan-Eyak[2438]->Eyak[3882],eyak1241,Eyak,EYAK,EYAK,NDe.EYAK.EYAK
710,Hidatsa,5,Language[1747]->Siouan[1788]->Core Siouan[2099]->Missouri River Siouan[3406]->Hidatsa[4667],hida1246,Hidatsa,HIDATSA,HIDATSA,Sio.SIOUAN.HIDATSA
711,Kwoma,4,Language[1747]->Sepik[1784]->Nukuma[2089]->Kwoma[3391],kwom1262,Kwoma,KWOMA,KWOMA,Sep.MIDDLE_SEPIK.KWOMA
712,Spanish,15,Language[1747]->Indo-European[1904]->Classical Indo-European[2479]->Italic[4031]->Latino-Faliscan[5349]->Latinic[6736]->Imperial Latin[8284]->Romance[9690]->Italo-Western Romance[10909]->Western Romance[11855]->Shifted Western Romance[12721]->Southwestern Shifted Romance[13415]->West Ibero-Romance[13935]->Castilic[14285]->Spanish[14455],stan1288,Spanish,SPANISH,SPANISH,IE.ROMANCE.SPANISH
713,English,13,Language[1747]->Indo-European[1904]->Classical Indo-European[2479]->Germanic[4033]->Northwest Germanic[5354]->West Germanic[6740]->North Sea Germanic[8290]->Anglo-Frisian[9705]->Anglic[10924]->Later Anglic[11872]->Middle-Modern English[12745]->Macro-English[13445]->English[13951],stan1293,English,ENGLISH,ENGLISH,IE.GERMANIC.ENGLISH
714,Tamil,13,Language[1747]->Dravidian[1908]->South Dravidian[2492]->South Dravidian I[4058]->Tamil-Kannada[5382]->Tamil-Kota[6773]->Tamil-Toda[8325]->Tamil-Irula[9751]->Tamil-Kodagu[10977]->Tamil-Malayalam[11959]->Tamiloid[12845]->Tamil-Paliyan[13570]->Tamil[14047],tami1289,Tamil,TAMIL,TAMIL,Dra.SOUTHERN_DRAVIDIAN.TAMIL
717,Igbo,7,Language[1747]->Atlantic-Congo[1822]->Volta-Congo[2237]->Benue-Congo[3616]->Igboid[5015]->Nuclear Igboid[6377]->Igbo[7958],nucl1417,Igbo,IGBO_ONITSHA,IGBO_ONITSHA,NC.IGBOID.IGBO_ONITSHA
721,Batek,9,Language[1747]->Austroasiatic[1937]->Aslian[2614]->Central-Northern Aslian[4241]->North Aslian[5493]->Maniq-Menraq-Batek[6864]->Menraq-Batek[8395]->Batekic[9787]->Batek[10990],bate1262,Batek,BATEK_NONG,BATEK_NONG,AuA.ASLIAN.BATEK_NONG
722,English,13,Language[1747]->Indo-European[1904]->Classical Indo-European[2479]->Germanic[4033]->Northwest Germanic[5354]->West Germanic[6740]->North Sea Germanic[8290]->Anglo-Frisian[9705]->Anglic[10924]->Later Anglic[11872]->Middle-Modern English[12745]->Macro-English[13445]->English[13951],stan1293,English,ENGLISH,ENGLISH,IE.GERMANIC.ENGLISH
723,Trumai,3,Language[1747]->Language Isolates[43177]->Trumai[43219],trum1247,Trumai,TRUMAI,TRUMAI,Tru.TRUMAI.TRUMAI
724,Portuguese,17,Language[1747]->Indo-European[1904]->Classical Indo-European[2479]->Italic[4031]->Latino-Faliscan[5349]->Latinic[6736]->Imperial Latin[8284]->Romance[9690]->Italo-Western Romance[10909]->Western Romance[11855]->Shifted Western Romance[12721]->Southwestern Shifted Romance[13415]->West Ibero-Romance[13935]->Galician Romance[14287]->Macro-Portuguese[14461]->Brazil-Portugal Portuguese[14577]->Portuguese[14640],port1283,Portuguese,PORTUGUESE,PORTUGUESE,IE.ROMANCE.PORTUGUESE
726,Sanskrit,6,Language[1747]->Indo-European[1904]->Classical Indo-European[2479]->Indo-Iranian[4034]->Indo-Aryan[5357]->Sanskrit[6749],sans1269,Sanskrit,SANSKRIT,SANSKRIT,IE.INDIC.SANSKRIT
727,Chru,11,Language[1747]->Austronesian[1807]->Malayo-Polynesian[2158]->Malayo-Sumbawan[3523]->North and East Malayo-Sumbawan[4858]->Aceh-Chamic[6154]->Chamic[7578]->Highlands Chamic[9077]->Chru-Northern Cham[10310]->Chruic[11314]->Chru[12178],chru1239,Chru,CHRU,CHRU,An.MALAYO_SUMBAWAN.CHRU
728,Sowa,11,Language[1747]->Austronesian[1807]->Malayo-Polynesian[2158]->Central-Eastern Malayo-Polynesian[27860]->Eastern Malayo-Polynesian[28256]->Oceanic[29007]->North and Central Vanuatu[30203]->Central Vanuatu[31790]->South Pentecost[33580]->Seke-Sowa[35353]->Sowa[37048],sowa1244,Sowa,SOWA,SOWA,An.OCEANIC.SOWA
729,Kikuyu,13,Language[1747]->Atlantic-Congo[1822]->Volta-Congo[2237]->Benue-Congo[3616]->Bantoid[5004]->Southern Bantoid[6347]->Narrow Bantu[7890]->East Bantu[9419]->Northeast Savanna Bantu[10697]->Central Kenya Bantu[11684]->Western Central Kenya Bantu[12553]->Kikuyu-Embu[13223]->Kikuyu[13798],kiku1240,Kikuyu,GIKUYU,GIKUYU,NC.BANTOID.GIKUYU
732,North Marquesan,17,Language[1747]->Austronesian[1807]->Malayo-Polynesian[2158]->Central-Eastern Malayo-Polynesian[27860]->Eastern Malayo-Polynesian[28256]->Oceanic[29007]->Central Pacific linkage[30197]->Tokelau-Fijian[31779]->Polynesian[33552]->Nuclear Polynesian[35286]->Northern Outlier Polynesian-East Polynesian[36899]->Solomons Northern Outlier Polynesian-East Polynesian[38206]->Central Northern Outlier Polynesian-East Polynesian[39249]->East Polynesian[40337]->Central Eastern Polynesian[41158]->Marquesan[41741]->North Marquesan[42163],nort2845,North Marquesan,LANGUE_DE_ISLES_MARQUISES,LANGUE_DE_ISLES_MARQUISES,An.OCEANIC.LANGUE_DE_ISLES_MARQUISES
733,English,13,Language[1747]->Indo-European[1904]->Classical Indo-European[2479]->Germanic[4033]->Northwest Germanic[5354]->West Germanic[6740]->North Sea Germanic[8290]->Anglo-Frisian[9705]->Anglic[10924]->Later Anglic[11872]->Middle-Modern English[12745]->Macro-English[13445]->English[13951],stan1293,English,ENGLISH,ENGLISH,IE.GERMANIC.ENGLISH
736,Spanish,15,Language[1747]->Indo-European[1904]->Classical Indo-European[2479]->Italic[4031]->Latino-Faliscan[5349]->Latinic[6736]->Imperial Latin[8284]->Romance[9690]->Italo-Western Romance[10909]->Western Romance[11855]->Shifted Western Romance[12721]->Southwestern Shifted Romance[13415]->West Ibero-Romance[13935]->Castilic[14285]->Spanish[14455],stan1288,Spanish,SPANISH,SPANISH,IE.ROMANCE.SPANISH
737,Nama (Namibia),6,Language[1747]->Khoe-Kwadi[1857]->Khoe[2330]->Khoekhoe[3727]->North Khoekhoe[5139]->Nama (Namibia)[6524],nama1264,Nama (Namibia),KHOEKHOEGOWAB,KHOEKHOEGOWAB,KK.KHOE_KWADI.KHOEKHOEGOWAB
739,Nakanai,11,Language[1747]->Austronesian[1807]->Malayo-Polynesian[2158]->Central-Eastern Malayo-Polynesian[27860]->Eastern Malayo-Polynesian[28256]->Oceanic[29007]->Western Oceanic linkage[30199]->Meso Melanesian linkage[31783]->Willaumez linkage[33562]->Nakanai-Meramera[35309]->Nakanai[36973],naka1262,Nakanai,NAKANAI_2,NAKANAI_2,An.OCEANIC.NAKANAI_2
742,Northern Thai,13,Language[1747]->Tai-Kadai[1796]->Kam-Tai[2121]->Daic-Beic[3431]->Daic[4700]->Central-Southwestern Tai[5949]->Wenma-Southwestern Tai[7358]->Sapa-Southwestern Tai[8872]->Southwestern Tai[10143]->Southwestern Tai P[11243]->Shan Tai[12126]->Southern Shan[12931]->Northern Thai[13620],nort2740,Northern Thai,LAMPANG_THAI,LAMPANG_THAI,TK.KAM_TAI.LAMPANG_THAI
745,Halia,16,Language[1747]->Austronesian[1807]->Malayo-Polynesian[2158]->Central-Eastern Malayo-Polynesian[27860]->Eastern Malayo-Polynesian[28256]->Oceanic[29007]->Western Oceanic linkage[30199]->Meso Melanesian linkage[31783]->New Ireland-Northwest Solomonic linkage[33563]->St George linkage[35314]->Northwest Solomonic[36990]->North Bougainville Oceanic[38338]->Nuclear North Bougainville Oceanic[39408]->Buka[40499]->Haliaic[41209]->Halia[41771],hali1244,Halia,HALIA_2,HALIA_2,An.OCEANIC.HALIA_2
748,Lamet,6,Language[1747]->Austroasiatic[1937]->Khasi-Palaung[2616]->Palaungic[4246]->East Palaungic[5498]->Lamet[6873],lame1256,Lamet,LAMPANGLAMET,LAMPANGLAMET,AuA.PALAUNG_KHMUIC.LAMPANGLAMET
749,Korean,3,Language[1747]->Koreanic[1826]->Korean[2251],kore1280,Korean,KOREAN,KOREAN,Kor.KOREAN.KOREAN
750,Mekeo,13,Language[1747]->Austronesian[1807]->Malayo-Polynesian[2158]->Central-Eastern Malayo-Polynesian[27860]->Eastern Malayo-Polynesian[28256]->Oceanic[29007]->Western Oceanic linkage[30199]->Papuan Tip linkage[31782]->Peripheral Papuan Tip linkage[33561]->Central Papuan Oceanic[35308]->West Central Papuan linkage[36969]->Nuclear West Central Papuan linkage[38302]->Mekeo[39367],meke1243,Mekeo,MEKEO,MEKEO,An.OCEANIC.MEKEO
751,Vietnamese,5,Language[1747]->Austroasiatic[1937]->Vietic[2623]->Viet-Muong[4266]->Vietnamese[5526],viet1252,Vietnamese,VIETNAMESE,VIETNAMESE,AuA.VIET_MUONG.VIETNAMESE
752,Coastal Chamic,8,Language[1747]->Austronesian[1807]->Malayo-Polynesian[2158]->Malayo-Sumbawan[3523]->North and East Malayo-Sumbawan[4858]->Aceh-Chamic[6154]->Chamic[7578]->Coastal Chamic[9076],,,COLAC,COLAC,Aus.PAMA_NYUNGAN.COLAC
755,Uighur,8,Language[1747]->Turkic[1876]->Common Turkic[2411]->Turkestan Turkic[3828]->Uyghur-Uzbek[5206]->Modern Uyghur-Uzbek[6591]->Uighur-Ili[8173]->Uighur[9625],uigh1240,Uighur,UYGHUR,UYGHUR,Alt.TURKIC.UYGHUR
757,Gilbertese,10,Language[1747]->Austronesian[1807]->Malayo-Polynesian[2158]->Central-Eastern Malayo-Polynesian[27860]->Eastern Malayo-Polynesian[28256]->Oceanic[29007]->Micronesian[30198]->Nuclear Micronesian[31780]->Central Micronesian[33555]->Gilbertese[35293],gilb1244,Gilbertese,KIRIBATI,KIRIBATI,An.OCEANIC.KIRIBATI
759,English,13,Language[1747]->Indo-European[1904]->Classical Indo-European[2479]->Germanic[4033]->Northwest Germanic[5354]->West Germanic[6740]->North Sea Germanic[8290]->Anglo-Frisian[9705]->Anglic[10924]->Later Anglic[11872]->Middle-Modern English[12745]->Macro-English[13445]->English[13951],stan1293,English,ENGLISH,ENGLISH,IE.GERMANIC.ENGLISH
760,Hindi,13,Language[1747]->Indo-European[1904]->Classical Indo-European[2479]->Indo-Iranian[4034]->Indo-Aryan[5357]->Middle-Modern Indo-Aryan[6751]->Continental Indo-Aryan[8297]->Midlands Indo-Aryan[9718]->Shaurasenic[10945]->Indo-Aryan Central zone[11905]->Western Hindi[12783]->Hindustani[13478]->Hindi[13972],hind1269,Hindi,HINDI,HINDI,IE.INDIC.HINDI
763,Maori,16,Language[1747]->Austronesian[1807]->Malayo-Polynesian[2158]->Eastern Malayo-Polynesian[3548]->Oceanic[4923]->Central Pacific linkage[6264]->Tokalau Fijian[7757]->Polynesian[9240]->Nuclear Polynesian[10467]->Northern Outlier Polynesian-East Polynesian[11395]->Solomons Northern Outlier Polynesian-East Polynesian[12234]->Central Northern Outlier Polynesian-East Polynesian[12964]->East Polynesian[13640]->East Polynesian Proximal[14077]->Southern East Polynesian Proximal[14331]->Maori[14492],maor1246,Maori,SOUTH_ISLAND_MAORI,SOUTH_ISLAND_MAORI,An.OCEANIC.SOUTH_ISLAND_MAORI
764,Pará-Maranhão Gavião,8,Language[1747]->Nuclear-Macro-Je[1800]->Je[2134]->Je Setentrional[3455]->Core Northern Je[4720]->Eastern Timbira[5967]->Southeastern Timbira[7368]->Pará-Maranhão Gavião[8881],,,CARIB_1665,CARIB_1665,Arw.NORTHERN_ARAWAKAN.CARIB_1665
765,Oneida,5,Language[1747]->Iroquoian[1798]->Northern Iroquoian[2125]->Mohawk-Oneida[3444]->Oneida[4707],onei1249,Oneida,ONEIDA,ONEIDA,Iro.NORTHERN_IROQUOIAN.ONEIDA
766,Garo,5,Language[1747]->Sino-Tibetan[1946]->Brahmaputran[3027]->Bodo-Garo[4319]->Garo[5584],garo1247,Garo,GARO,GARO,ST.BODO_GARO.GARO
768,Mundurukú,4,Language[1747]->Tupian[1770]->Mundurukuic[2050]->Mundurukú[3349],mund1330,Mundurukú,MUNDURUKU,MUNDURUKU,Tup.MUNDURUKU.MUNDURUKU
769,Wogeo,13,Language[1747]->Austronesian[1807]->Malayo-Polynesian[2158]->Central-Eastern Malayo-Polynesian[27860]->Eastern Malayo-Polynesian[28256]->Oceanic[29007]->Western Oceanic linkage[30199]->North New Guinea linkage[31781]->Schouten linkage[33559]->Kairiru-Manam[35302]->Manamic linkage[36948]->Kis-Wogeo[38263]->Wogeo[39303],woge1237,Wogeo,WOGEO,WOGEO,An.OCEANIC.WOGEO
770,Northern Thai,13,Language[1747]->Tai-Kadai[1796]->Kam-Tai[2121]->Daic-Beic[3431]->Daic[4700]->Central-Southwestern Tai[5949]->Wenma-Southwestern Tai[7358]->Sapa-Southwestern Tai[8872]->Southwestern Tai[10143]->Southwestern Tai P[11243]->Shan Tai[12126]->Southern Shan[12931]->Northern Thai[13620],nort2740,Northern Thai,TAI_CHIENGMAI,TAI_CHIENGMAI,TK.KAM_TAI.TAI_CHIENGMAI
771,Portuguese,17,Language[1747]->Indo-European[1904]->Classical Indo-European[2479]->Italic[4031]->Latino-Faliscan[5349]->Latinic[6736]->Imperial Latin[8284]->Romance[9690]->Italo-Western Romance[10909]->Western Romance[11855]->Shifted Western Romance[12721]->Southwestern Shifted Romance[13415]->West Ibero-Romance[13935]->Galician Romance[14287]->Macro-Portuguese[14461]->Brazil-Portugal Portuguese[14577]->Portuguese[14640],port1283,Portuguese,PORTUGUESE,PORTUGUESE,IE.ROMANCE.PORTUGUESE
775,Urdu,13,Language[1747]->Indo-European[1904]->Classical Indo-European[2479]->Indo-Iranian[4034]->Indo-Aryan[5357]->Middle-Modern Indo-Aryan[6751]->Continental Indo-Aryan[8297]->Midlands Indo-Aryan[9718]->Shaurasenic[10945]->Indo-Aryan Central zone[11905]->Western Hindi[12783]->Hindustani[13478]->Urdu[13970],urdu1245,Urdu,URDU,URDU,IE.INDIC.URDU
778,Ionic-Attic Ancient Greek,8,Language[1747]->Indo-European[1904]->Classical Indo-European[2479]->Graeco-Phrygian[4027]->Greek[5341]->South Greek[6723]->Central Greek[8272]->Ionic-Attic Ancient Greek[9686],anci1242,Ionic-Attic Ancient Greek,GREEK_ANCIENT,GREEK_ANCIENT,IE.GREEK.GREEK_ANCIENT
781,Classical Syriac,11,Language[1747]->Afro-Asiatic[1977]->Semitic[3237]->West Semitic[4434]->Central Semitic[5695]->Northwest Semitic[7096]->Aramaic[8598]->Imperial-Middle-Modern Aramaic[9970]->Middle-Modern Aramaic[11126]->Eastern Aramaic[12053]->Classical Syriac[12890],clas1252,Classical Syriac,SYRIAC_2,SYRIAC_2,AA.SEMITIC.SYRIAC_2
782,Levantine Arabic,8,Language[1747]->Afro-Asiatic[1977]->Semitic[3237]->West Semitic[4434]->Central Semitic[5695]->Arabian[7095]->Arabic[8595]->Levantine Arabic[9965],nort3139,Levantine Arabic,SAN_ANDRES_ARABIC_3,SAN_ANDRES_ARABIC_3,AA.SEMITIC.SAN_ANDRES_ARABIC_3
788,Ugaritic,9,Language[1747]->Afro-Asiatic[1977]->Semitic[3237]->West Semitic[4434]->Central Semitic[5695]->Northwest Semitic[7096]->Canaanite[8597]->Ugarito-Phoenician[9969]->Ugaritic[11123],ugar1238,Ugaritic,UGARITIC,UGARITIC,AA.SEMITIC.UGARITIC
793,Ionic-Attic Ancient Greek,8,Language[1747]->Indo-European[1904]->Classical Indo-European[2479]->Graeco-Phrygian[4027]->Greek[5341]->South Greek[6723]->Central Greek[8272]->Ionic-Attic Ancient Greek[9686],anci1242,Ionic-Attic Ancient Greek,GREEK_ANCIENT,GREEK_ANCIENT,IE.GREEK.GREEK_ANCIENT
794,English,13,Language[1747]->Indo-European[1904]->Classical Indo-European[2479]->Germanic[4033]->Northwest Germanic[5354]->West Germanic[6740]->North Sea Germanic[8290]->Anglo-Frisian[9705]->Anglic[10924]->Later Anglic[11872]->Middle-Modern English[12745]->Macro-English[13445]->English[13951],stan1293,English,ENGLISH,ENGLISH,IE.GERMANIC.ENGLISH
799,Latin,8,Language[1747]->Indo-European[1904]->Classical Indo-European[2479]->Italic[4031]->Latino-Faliscan[5349]->Latinic[6736]->Imperial Latin[8284]->Latin[9691],lati1261,Latin,LATIN,LATIN,IE.ROMANCE.LATIN
802,Burmese,9,Language[1747]->Sino-Tibetan[1946]->Burmo-Qiangic[3021]->Lolo-Burmese[4298]->Burmish[5546]->Southern Burmish[6927]->Mranmaic[8437]->Nuclear Mranmaic[9834]->Burmese[11030],nucl1310,Burmese,BURMESE,BURMESE,ST.BURMESE_LOLO.BURMESE
809,TGB Celtic,6,Language[1747]->Indo-European[1904]->Classical Indo-European[2479]->Celtic[4029]->Nuclear Celtic[5345]->TGB Celtic[6727],,,DJADJALA,DJADJALA,Aus.PAMA_NYUNGAN.DJADJALA
810,TGB Celtic,6,Language[1747]->Indo-European[1904]->Classical Indo-European[2479]->Celtic[4029]->Nuclear Celtic[5345]->TGB Celtic[6727],,,OLD_OR_MIDDLE_JAVANESE,OLD_OR_MIDDLE_JAVANESE,An.JAVANESE.OLD_OR_MIDDLE_JAVANESE
812,English,13,Language[1747]->Indo-European[1904]->Classical Indo-European[2479]->Germanic[4033]->Northwest Germanic[5354]->West Germanic[6740]->North Sea Germanic[8290]->Anglo-Frisian[9705]->Anglic[10924]->Later Anglic[11872]->Middle-Modern English[12745]->Macro-English[13445]->English[13951],stan1293,English,ENGLISH,ENGLISH,IE.GERMANIC.ENGLISH
814,Latin,8,Language[1747]->Indo-European[1904]->Classical Indo-European[2479]->Italic[4031]->Latino-Faliscan[5349]->Latinic[6736]->Imperial Latin[8284]->Latin[9691],lati1261,Latin,LATIN,LATIN,IE.ROMANCE.LATIN
815,Latin,8,Language[1747]->Indo-European[1904]->Classical Indo-European[2479]->Italic[4031]->Latino-Faliscan[5349]->Latinic[6736]->Imperial Latin[8284]->Latin[9691],lati1261,Latin,LATIN,LATIN,IE.ROMANCE.LATIN
817,Old English (ca. 450-1100),10,Language[1747]->Indo-European[1904]->Classical Indo-European[2479]->Germanic[4033]->Northwest Germanic[5354]->West Germanic[6740]->North Sea Germanic[8290]->Anglo-Frisian[9705]->Anglic[10924]->Old English (ca. 450-1100)[11873],olde1238,Old English (ca. 450-1100),OLD_ENGLISH,OLD_ENGLISH,IE.GERMANIC.OLD_ENGLISH
818,Sanskrit,6,Language[1747]->Indo-European[1904]->Classical Indo-European[2479]->Indo-Iranian[4034]->Indo-Aryan[5357]->Sanskrit[6749],sans1269,Sanskrit,SANSKRIT,SANSKRIT,IE.INDIC.SANSKRIT
819,Urdu,13,Language[1747]->Indo-European[1904]->Classical Indo-European[2479]->Indo-Iranian[4034]->Indo-Aryan[5357]->Middle-Modern Indo-Aryan[6751]->Continental Indo-Aryan[8297]->Midlands Indo-Aryan[9718]->Shaurasenic[10945]->Indo-Aryan Central zone[11905]->Western Hindi[12783]->Hindustani[13478]->Urdu[13970],urdu1245,Urdu,URDU,URDU,IE.INDIC.URDU
824,East Greek,6,Language[1747]->Indo-European[1904]->Classical Indo-European[2479]->Graeco-Phrygian[4027]->Greek[5341]->East Greek[29393],,,ZAPOTEC_1578,ZAPOTEC_1578,OM.ZAPOTECAN.ZAPOTEC_1578
826,German,13,Language[1747]->Indo-European[1904]->Classical Indo-European[2479]->Germanic[4033]->Northwest Germanic[5354]->West Germanic[6740]->High German[8288]->Upper German[9701]->Middle-Modern High German[10918]->Modern High German[11864]->Upper Franconian[12729]->Global German[13429]->German[13942],stan1295,German,STANDARD_GERMAN,STANDARD_GERMAN,IE.GERMANIC.STANDARD_GERMAN
828,Sicilian,12,Language[1747]->Indo-European[1904]->Classical Indo-European[2479]->Italic[4031]->Latino-Faliscan[5349]->Latinic[6736]->Imperial Latin[8284]->Romance[9690]->Italo-Western Romance[10909]->Italo-Dalmatian[11856]->Italian Romance[12723]->Sicilian[13419],sici1248,Sicilian,SICILIAN_UnnamedInSource,SICILIAN_UnnamedInSource,IE.ROMANCE.SICILIAN_UnnamedInSource
833,Dobu,12,Language[1747]->Austronesian[1807]->Malayo-Polynesian[2158]->Central-Eastern Malayo-Polynesian[27860]->Eastern Malayo-Polynesian[28256]->Oceanic[29007]->Western Oceanic linkage[30199]->Papuan Tip linkage[31782]->Nuclear Papuan Tip linkage[33560]->North Papuan Mainland-D'Entrecasteaux linkage[35305]->Dobu-Duau linkage[36960]->Dobu[38280],dobu1241,Dobu,DOBU,DOBU,An.OCEANIC.DOBU
834,Vietnamese,5,Language[1747]->Austroasiatic[1937]->Vietic[2623]->Viet-Muong[4266]->Vietnamese[5526],viet1252,Vietnamese,VIETNAMESE,VIETNAMESE,AuA.VIET_MUONG.VIETNAMESE
839,German,13,Language[1747]->Indo-European[1904]->Classical Indo-European[2479]->Germanic[4033]->Northwest Germanic[5354]->West Germanic[6740]->High German[8288]->Upper German[9701]->Middle-Modern High German[10918]->Modern High German[11864]->Upper Franconian[12729]->Global German[13429]->German[13942],stan1295,German,STANDARD_GERMAN,STANDARD_GERMAN,IE.GERMANIC.STANDARD_GERMAN
841,Tibetan,9,Language[1747]->Sino-Tibetan[1946]->Bodic[3022]->Bodish[4302]->Early Old Tibetan[5558]->Middle Old Tibetan[6951]->Late Old Tibetan[8465]->Central Tibetan[9859]->Tibetan[11041],tibe1272,Tibetan,TIBETAN_WRITTEN,TIBETAN_WRITTEN,ST.BODIC.TIBETAN_WRITTEN
842,English,13,Language[1747]->Indo-European[1904]->Classical Indo-European[2479]->Germanic[4033]->Northwest Germanic[5354]->West Germanic[6740]->North Sea Germanic[8290]->Anglo-Frisian[9705]->Anglic[10924]->Later Anglic[11872]->Middle-Modern English[12745]->Macro-English[13445]->English[13951],stan1293,English,ENGLISH,ENGLISH,IE.GERMANIC.ENGLISH
843,Assyrian Neo-Aramaic,13,Language[1747]->Afro-Asiatic[1977]->Semitic[3237]->West Semitic[4434]->Central Semitic[5695]->Northwest Semitic[7096]->Aramaic[8598]->Imperial-Middle-Modern Aramaic[9970]->Middle-Modern Aramaic[11126]->Eastern Aramaic[12053]->Central Eastern Aramaic[12891]->North-Eastern Neo-Aramaic[13595]->Assyrian Neo-Aramaic[14064],assy1241,Assyrian Neo-Aramaic,URMI,URMI,AA.SEMITIC.URMI
846,Middle Chinese,6,Language[1747]->Sino-Tibetan[1946]->Sinitic[3038]->Classical-Middle-Modern Sinitic[4342]->Middle-Modern Sinitic[5613]->Middle Chinese[7037],midd1344,Middle Chinese,MIDDLE_CHINESE,MIDDLE_CHINESE,ST.CHINESE.MIDDLE_CHINESE
848,Jewish Babylonian Aramaic (ca. 200-1200 CE),13,Language[1747]->Afro-Asiatic[1977]->Semitic[3237]->West Semitic[4434]->Central Semitic[5695]->Northwest Semitic[7096]->Aramaic[8598]->Imperial-Middle-Modern Aramaic[9970]->Middle-Modern Aramaic[11126]->Eastern Aramaic[12053]->Central Eastern Aramaic[12891]->North-Eastern Neo-Aramaic[13595]->Jewish Babylonian Aramaic (ca. 200-1200 CE)[14063],jewi1240,Jewish Babylonian Aramaic (ca. 200-1200 CE),ACHAEMENID_ARAMAIC,ACHAEMENID_ARAMAIC,AA.SEMITIC.ACHAEMENID_ARAMAIC
849,Seneca,4,Language[1747]->Iroquoian[1798]->Northern Iroquoian[2125]->Seneca[3445],sene1264,Seneca,SENECA,SENECA,Iro.NORTHERN_IROQUOIAN.SENECA
850,TGB Celtic,6,Language[1747]->Indo-European[1904]->Classical Indo-European[2479]->Celtic[4029]->Nuclear Celtic[5345]->TGB Celtic[6727],,,ZAPOTEC_1578,ZAPOTEC_1578,OM.ZAPOTECAN.ZAPOTEC_1578
851,English,13,Language[1747]->Indo-European[1904]->Classical Indo-European[2479]->Germanic[4033]->Northwest Germanic[5354]->West Germanic[6740]->North Sea Germanic[8290]->Anglo-Frisian[9705]->Anglic[10924]->Later Anglic[11872]->Middle-Modern English[12745]->Macro-English[13445]->English[13951],stan1293,English,ENGLISH,ENGLISH,IE.GERMANIC.ENGLISH
852,Early Irish,9,Language[1747]->Indo-European[1904]->Classical Indo-European[2479]->Celtic[4029]->Nuclear Celtic[5345]->TGB Celtic[6727]->Insular Celtic[8279]->Goidelic[9688]->Early Irish[10905],oldi1245,Early Irish,OLD_IRISH,OLD_IRISH,IE.CELTIC.OLD_IRISH
853,TGB Celtic,6,Language[1747]->Indo-European[1904]->Classical Indo-European[2479]->Celtic[4029]->Nuclear Celtic[5345]->TGB Celtic[6727],,,NAHUATL_CUATLAMAYAN_ANTONIO_SANTOS,NAHUATL_CUATLAMAYAN_ANTONIO_SANTOS,UA.AZTECAN.NAHUATL_CUATLAMAYAN_ANTONIO_SANTOS
854,Early Irish,9,Language[1747]->Indo-European[1904]->Classical Indo-European[2479]->Celtic[4029]->Nuclear Celtic[5345]->TGB Celtic[6727]->Insular Celtic[8279]->Goidelic[9688]->Early Irish[10905],oldi1245,Early Irish,OLD_IRISH,OLD_IRISH,IE.CELTIC.OLD_IRISH
857,Spanish,15,Language[1747]->Indo-European[1904]->Classical Indo-European[2479]->Italic[4031]->Latino-Faliscan[5349]->Latinic[6736]->Imperial Latin[8284]->Romance[9690]->Italo-Western Romance[10909]->Western Romance[11855]->Shifted Western Romance[12721]->Southwestern Shifted Romance[13415]->West Ibero-Romance[13935]->Castilic[14285]->Spanish[14455],stan1288,Spanish,SPANISH,SPANISH,IE.ROMANCE.SPANISH
858,Classical Syriac,11,Language[1747]->Afro-Asiatic[1977]->Semitic[3237]->West Semitic[4434]->Central Semitic[5695]->Northwest Semitic[7096]->Aramaic[8598]->Imperial-Middle-Modern Aramaic[9970]->Middle-Modern Aramaic[11126]->Eastern Aramaic[12053]->Classical Syriac[12890],clas1252,Classical Syriac,SYRIAC_2,SYRIAC_2,AA.SEMITIC.SYRIAC_2
859,Jewish Babylonian Aramaic (ca. 200-1200 CE),13,Language[1747]->Afro-Asiatic[1977]->Semitic[3237]->West Semitic[4434]->Central Semitic[5695]->Northwest Semitic[7096]->Aramaic[8598]->Imperial-Middle-Modern Aramaic[9970]->Middle-Modern Aramaic[11126]->Eastern Aramaic[12053]->Central Eastern Aramaic[12891]->North-Eastern Neo-Aramaic[13595]->Jewish Babylonian Aramaic (ca. 200-1200 CE)[14063],jewi1240,Jewish Babylonian Aramaic (ca. 200-1200 CE),ACHAEMENID_ARAMAIC,ACHAEMENID_ARAMAIC,AA.SEMITIC.ACHAEMENID_ARAMAIC
860,Kinshasa Lingala,18,Language[1747]->Atlantic-Congo[1822]->Volta-Congo[2237]->Benue-Congo[3616]->Bantoid[5004]->Southern Bantoid[6347]->Narrow Bantu[7890]->Central-Western Bantu[9421]->North Zaire River[10708]->Rivers Bantu[11708]->Ngiri[12602]->Ngiri Riverain Ubangi[13314]->Ngiri Riverain Ubangi-Ripuaire[13881]->Bobangic[14238]->Bobangic Riverain[14428]->Bobangi-Bangala-Lingala[14544]->Lingala-Bangala[14617]->Kinshasa Lingala[14676],ling1263,Kinshasa Lingala,LINGALA_2,LINGALA_2,NC.BANTOID.LINGALA_2
862,English,13,Language[1747]->Indo-European[1904]->Classical Indo-European[2479]->Germanic[4033]->Northwest Germanic[5354]->West Germanic[6740]->North Sea Germanic[8290]->Anglo-Frisian[9705]->Anglic[10924]->Later Anglic[11872]->Middle-Modern English[12745]->Macro-English[13445]->English[13951],stan1293,English,ENGLISH,ENGLISH,IE.GERMANIC.ENGLISH
863,Jewish Babylonian Aramaic (ca. 200-1200 CE),13,Language[1747]->Afro-Asiatic[1977]->Semitic[3237]->West Semitic[4434]->Central Semitic[5695]->Northwest Semitic[7096]->Aramaic[8598]->Imperial-Middle-Modern Aramaic[9970]->Middle-Modern Aramaic[11126]->Eastern Aramaic[12053]->Central Eastern Aramaic[12891]->North-Eastern Neo-Aramaic[13595]->Jewish Babylonian Aramaic (ca. 200-1200 CE)[14063],jewi1240,Jewish Babylonian Aramaic (ca. 200-1200 CE),ACHAEMENID_ARAMAIC,ACHAEMENID_ARAMAIC,AA.SEMITIC.ACHAEMENID_ARAMAIC
867,Tibetan,9,Language[1747]->Sino-Tibetan[1946]->Bodic[3022]->Bodish[4302]->Early Old Tibetan[5558]->Middle Old Tibetan[6951]->Late Old Tibetan[8465]->Central Tibetan[9859]->Tibetan[11041],tibe1272,Tibetan,TIBETAN_LHASA,TIBETAN_LHASA,ST.BODIC.TIBETAN_LHASA
871,English,13,Language[1747]->Indo-European[1904]->Classical Indo-European[2479]->Germanic[4033]->Northwest Germanic[5354]->West Germanic[6740]->North Sea Germanic[8290]->Anglo-Frisian[9705]->Anglic[10924]->Later Anglic[11872]->Middle-Modern English[12745]->Macro-English[13445]->English[13951],stan1293,English,ENGLISH,ENGLISH,IE.GERMANIC.ENGLISH
873,English,13,Language[1747]->Indo-European[1904]->Classical Indo-European[2479]->Germanic[4033]->Northwest Germanic[5354]->West Germanic[6740]->North Sea Germanic[8290]->Anglo-Frisian[9705]->Anglic[10924]->Later Anglic[11872]->Middle-Modern English[12745]->Macro-English[13445]->English[13951],stan1293,English,ENGLISH,ENGLISH,IE.GERMANIC.ENGLISH
877,Thai,12,Language[1747]->Tai-Kadai[1796]->Kam-Tai[2121]->Daic-Beic[3431]->Daic[4700]->Central-Southwestern Tai[5949]->Wenma-Southwestern Tai[7358]->Sapa-Southwestern Tai[8872]->Southwestern Tai[10143]->Southwestern Thai PH[11242]->Lao-Thai[12119]->Thai[12917],thai1261,Thai,THAI_3,THAI_3,TK.KAM_TAI.THAI_3
880,Tunisian Arabic,10,Language[1747]->Afro-Asiatic[1977]->Semitic[3237]->West Semitic[4434]->Central Semitic[5695]->Arabian[7095]->Arabic[8595]->North African Arabic[9966]->Malta-Tunisian Arabic[11113]->Tunisian Arabic[12047],tuni1259,Tunisian Arabic,TUNISIAN_ARABIC_MAGHRIB,TUNISIAN_ARABIC_MAGHRIB,AA.SEMITIC.TUNISIAN_ARABIC_MAGHRIB
882,Jewish Babylonian Aramaic (ca. 200-1200 CE),13,Language[1747]->Afro-Asiatic[1977]->Semitic[3237]->West Semitic[4434]->Central Semitic[5695]->Northwest Semitic[7096]->Aramaic[8598]->Imperial-Middle-Modern Aramaic[9970]->Middle-Modern Aramaic[11126]->Eastern Aramaic[12053]->Central Eastern Aramaic[12891]->North-Eastern Neo-Aramaic[13595]->Jewish Babylonian Aramaic (ca. 200-1200 CE)[14063],jewi1240,Jewish Babylonian Aramaic (ca. 200-1200 CE),ACHAEMENID_ARAMAIC,ACHAEMENID_ARAMAIC,AA.SEMITIC.ACHAEMENID_ARAMAIC
883,Mandarin Chinese,8,Language[1747]->Sino-Tibetan[1946]->Sinitic[3038]->Classical-Middle-Modern Sinitic[4342]->Middle-Modern Sinitic[5613]->Northern Chinese[7030]->Mandarinic[8557]->Mandarin Chinese[9940],mand1415,Mandarin Chinese,KUNMING_MANDARIN,KUNMING_MANDARIN,ST.CHINESE.KUNMING_MANDARIN
885,Fon,8,Language[1747]->Atlantic-Congo[1822]->Volta-Congo[2237]->Kwa Volta-Congo[3615]->Gbe[5003]->Eastern Gbe[6344]->Fongbeic[7881]->Fon[9395],fonn1241,Fon,FONGBE,FONGBE,NC.KWA.FONGBE
886,English,13,Language[1747]->Indo-European[1904]->Classical Indo-European[2479]->Germanic[4033]->Northwest Germanic[5354]->West Germanic[6740]->North Sea Germanic[8290]->Anglo-Frisian[9705]->Anglic[10924]->Later Anglic[11872]->Middle-Modern English[12745]->Macro-English[13445]->English[13951],stan1293,English,ENGLISH,ENGLISH,IE.GERMANIC.ENGLISH
888,Early Irish,9,Language[1747]->Indo-European[1904]->Classical Indo-European[2479]->Celtic[4029]->Nuclear Celtic[5345]->TGB Celtic[6727]->Insular Celtic[8279]->Goidelic[9688]->Early Irish[10905],oldi1245,Early Irish,OLD_IRISH,OLD_IRISH,IE.CELTIC.OLD_IRISH
891,Spanish,15,Language[1747]->Indo-European[1904]->Classical Indo-European[2479]->Italic[4031]->Latino-Faliscan[5349]->Latinic[6736]->Imperial Latin[8284]->Romance[9690]->Italo-Western Romance[10909]->Western Romance[11855]->Shifted Western Romance[12721]->Southwestern Shifted Romance[13415]->West Ibero-Romance[13935]->Castilic[14285]->Spanish[14455],stan1288,Spanish,SPANISH,SPANISH,IE.ROMANCE.SPANISH
892,English,13,Language[1747]->Indo-European[1904]->Classical Indo-European[2479]->Germanic[4033]->Northwest Germanic[5354]->West Germanic[6740]->North Sea Germanic[8290]->Anglo-Frisian[9705]->Anglic[10924]->Later Anglic[11872]->Middle-Modern English[12745]->Macro-English[13445]->English[13951],stan1293,English,ENGLISH,ENGLISH,IE.GERMANIC.ENGLISH
893,Coptic,4,Language[1747]->Afro-Asiatic[1977]->Egyptian[3238]->Coptic[4436],copt1239,Coptic,COPTIC,COPTIC,AA.EGYPTIAN_COPTIC.COPTIC
894,English,13,Language[1747]->Indo-European[1904]->Classical Indo-European[2479]->Germanic[4033]->Northwest Germanic[5354]->West Germanic[6740]->North Sea Germanic[8290]->Anglo-Frisian[9705]->Anglic[10924]->Later Anglic[11872]->Middle-Modern English[12745]->Macro-English[13445]->English[13951],stan1293,English,ENGLISH,ENGLISH,IE.GERMANIC.ENGLISH
897,Korean,3,Language[1747]->Koreanic[1826]->Korean[2251],kore1280,Korean,KOREAN,KOREAN,Kor.KOREAN.KOREAN
899,Javanese,6,Language[1747]->Austronesian[1807]->Malayo-Polynesian[2158]->Javanesic[3535]->Modern Javanese[4889]->Javanese[6209],java1254,Javanese,YOGYAKARTA,YOGYAKARTA,An.JAVANESE.YOGYAKARTA
900,Jewish Babylonian Aramaic (ca. 200-1200 CE),13,Language[1747]->Afro-Asiatic[1977]->Semitic[3237]->West Semitic[4434]->Central Semitic[5695]->Northwest Semitic[7096]->Aramaic[8598]->Imperial-Middle-Modern Aramaic[9970]->Middle-Modern Aramaic[11126]->Eastern Aramaic[12053]->Central Eastern Aramaic[12891]->North-Eastern Neo-Aramaic[13595]->Jewish Babylonian Aramaic (ca. 200-1200 CE)[14063],jewi1240,Jewish Babylonian Aramaic (ca. 200-1200 CE),ACHAEMENID_ARAMAIC,ACHAEMENID_ARAMAIC,AA.SEMITIC.ACHAEMENID_ARAMAIC
902,English,13,Language[1747]->Indo-European[1904]->Classical Indo-European[2479]->Germanic[4033]->Northwest Germanic[5354]->West Germanic[6740]->North Sea Germanic[8290]->Anglo-Frisian[9705]->Anglic[10924]->Later Anglic[11872]->Middle-Modern English[12745]->Macro-English[13445]->English[13951],stan1293,English,ENGLISH,ENGLISH,IE.GERMANIC.ENGLISH
903,Middle Chinese,6,Language[1747]->Sino-Tibetan[1946]->Sinitic[3038]->Classical-Middle-Modern Sinitic[4342]->Middle-Modern Sinitic[5613]->Middle Chinese[7037],midd1344,Middle Chinese,MIDDLE_CHINESE,MIDDLE_CHINESE,ST.CHINESE.MIDDLE_CHINESE
904,Ancient Greek,7,Language[1747]->Indo-European[1904]->Classical Indo-European[2479]->Graeco-Phrygian[4027]->Greek[5341]->East Greek[29393]->Ancient Greek[30700],,,NAHUATL_XAALITLA_TEPECUAUILCO,NAHUATL_XAALITLA_TEPECUAUILCO,UA.AZTECAN.NAHUATL_XAALITLA_TEPECUAUILCO
905,East Greek,6,Language[1747]->Indo-European[1904]->Classical Indo-European[2479]->Graeco-Phrygian[4027]->Greek[5341]->East Greek[29393],,,ZAPOTEC_1578,ZAPOTEC_1578,OM.ZAPOTECAN.ZAPOTEC_1578
906,English,13,Language[1747]->Indo-European[1904]->Classical Indo-European[2479]->Germanic[4033]->Northwest Germanic[5354]->West Germanic[6740]->North Sea Germanic[8290]->Anglo-Frisian[9705]->Anglic[10924]->Later Anglic[11872]->Middle-Modern English[12745]->Macro-English[13445]->English[13951],stan1293,English,ENGLISH,ENGLISH,IE.GERMANIC.ENGLISH
910,Portuguese,17,Language[1747]->Indo-European[1904]->Classical Indo-European[2479]->Italic[4031]->Latino-Faliscan[5349]->Latinic[6736]->Imperial Latin[8284]->Romance[9690]->Italo-Western Romance[10909]->Western Romance[11855]->Shifted Western Romance[12721]->Southwestern Shifted Romance[13415]->West Ibero-Romance[13935]->Galician Romance[14287]->Macro-Portuguese[14461]->Brazil-Portugal Portuguese[14577]->Portuguese[14640],port1283,Portuguese,PORTUGUESE,PORTUGUESE,IE.ROMANCE.PORTUGUESE
911,Italian,12,Language[1747]->Indo-European[1904]->Classical Indo-European[2479]->Italic[4031]->Latino-Faliscan[5349]->Latinic[6736]->Imperial Latin[8284]->Romance[9690]->Italo-Western Romance[10909]->Italo-Dalmatian[11856]->Italian Romance[12723]->Italian[13418],ital1282,Italian,ITALIAN,ITALIAN,IE.ROMANCE.ITALIAN
914,Spanish,15,Language[1747]->Indo-European[1904]->Classical Indo-European[2479]->Italic[4031]->Latino-Faliscan[5349]->Latinic[6736]->Imperial Latin[8284]->Romance[9690]->Italo-Western Romance[10909]->Western Romance[11855]->Shifted Western Romance[12721]->Southwestern Shifted Romance[13415]->West Ibero-Romance[13935]->Castilic[14285]->Spanish[14455],stan1288,Spanish,SPANISH,SPANISH,IE.ROMANCE.SPANISH
915,English,13,Language[1747]->Indo-European[1904]->Classical Indo-European[2479]->Germanic[4033]->Northwest Germanic[5354]->West Germanic[6740]->North Sea Germanic[8290]->Anglo-Frisian[9705]->Anglic[10924]->Later Anglic[11872]->Middle-Modern English[12745]->Macro-English[13445]->English[13951],stan1293,English,ENGLISH,ENGLISH,IE.GERMANIC.ENGLISH
918,Old Chinese,4,Language[1747]->Sino-Tibetan[1946]->Sinitic[3038]->Old Chinese[4344],oldc1244,Old Chinese,OLD_CHINESE,OLD_CHINESE,ST.CHINESE.OLD_CHINESE
919,Croatian Standard,12,Language[1747]->Indo-European[1904]->Classical Indo-European[2479]->Balto-Slavic[4026]->Slavic[5339]->South Slavic[6721]->Western South Slavic[8267]->Serbian-Croatian-Bosnian[9673]->Shtokavski[34042]->New Shtokavian[35835]->Eastern Herzegovinian Shtokavian[37496]->Croatian Standard[38792],croa1245,Croatian Standard,CROATIAN,CROATIAN,IE.SLAVIC.CROATIAN
921,Urdu,13,Language[1747]->Indo-European[1904]->Classical Indo-European[2479]->Indo-Iranian[4034]->Indo-Aryan[5357]->Middle-Modern Indo-Aryan[6751]->Continental Indo-Aryan[8297]->Midlands Indo-Aryan[9718]->Shaurasenic[10945]->Indo-Aryan Central zone[11905]->Western Hindi[12783]->Hindustani[13478]->Urdu[13970],urdu1245,Urdu,URDU,URDU,IE.INDIC.URDU
923,Old English (ca. 450-1100),10,Language[1747]->Indo-European[1904]->Classical Indo-European[2479]->Germanic[4033]->Northwest Germanic[5354]->West Germanic[6740]->North Sea Germanic[8290]->Anglo-Frisian[9705]->Anglic[10924]->Old English (ca. 450-1100)[11873],olde1238,Old English (ca. 450-1100),OLD_ENGLISH,OLD_ENGLISH,IE.GERMANIC.OLD_ENGLISH
924,Standard Arabic,8,Language[1747]->Afro-Asiatic[1977]->Semitic[3237]->West Semitic[4434]->Central Semitic[5695]->Arabian[7095]->Arabic[8595]->Standard Arabic[9967],stan1318,Standard Arabic,CLASSICAL_ARABIC,CLASSICAL_ARABIC,AA.SEMITIC.CLASSICAL_ARABIC
925,Jewish Babylonian Aramaic (ca. 200-1200 CE),13,Language[1747]->Afro-Asiatic[1977]->Semitic[3237]->West Semitic[4434]->Central Semitic[5695]->Northwest Semitic[7096]->Aramaic[8598]->Imperial-Middle-Modern Aramaic[9970]->Middle-Modern Aramaic[11126]->Eastern Aramaic[12053]->Central Eastern Aramaic[12891]->North-Eastern Neo-Aramaic[13595]->Jewish Babylonian Aramaic (ca. 200-1200 CE)[14063],jewi1240,Jewish Babylonian Aramaic (ca. 200-1200 CE),ACHAEMENID_ARAMAIC,ACHAEMENID_ARAMAIC,AA.SEMITIC.ACHAEMENID_ARAMAIC
926,Hindi,13,Language[1747]->Indo-European[1904]->Classical Indo-European[2479]->Indo-Iranian[4034]->Indo-Aryan[5357]->Middle-Modern Indo-Aryan[6751]->Continental Indo-Aryan[8297]->Midlands Indo-Aryan[9718]->Shaurasenic[10945]->Indo-Aryan Central zone[11905]->Western Hindi[12783]->Hindustani[13478]->Hindi[13972],hind1269,Hindi,HINDI,HINDI,IE.INDIC.HINDI
927,Jewish Babylonian Aramaic (ca. 200-1200 CE),13,Language[1747]->Afro-Asiatic[1977]->Semitic[3237]->West Semitic[4434]->Central Semitic[5695]->Northwest Semitic[7096]->Aramaic[8598]->Imperial-Middle-Modern Aramaic[9970]->Middle-Modern Aramaic[11126]->Eastern Aramaic[12053]->Central Eastern Aramaic[12891]->North-Eastern Neo-Aramaic[13595]->Jewish Babylonian Aramaic (ca. 200-1200 CE)[14063],jewi1240,Jewish Babylonian Aramaic (ca. 200-1200 CE),ACHAEMENID_ARAMAIC,ACHAEMENID_ARAMAIC,AA.SEMITIC.ACHAEMENID_ARAMAIC
928,Lakota,7,Language[1747]->Siouan[1788]->Core Siouan[2099]->Mississippi Valley[3407]->Dakotan[4670]->Sioux[5930]->Lakota[7339],lako1247,Lakota,LAKOTA,LAKOTA,Sio.SIOUAN.LAKOTA
929,Tibetan,9,Language[1747]->Sino-Tibetan[1946]->Bodic[3022]->Bodish[4302]->Early Old Tibetan[5558]->Middle Old Tibetan[6951]->Late Old Tibetan[8465]->Central Tibetan[9859]->Tibetan[11041],tibe1272,Tibetan,LHASA_TIBETAN,LHASA_TIBETAN,ST.BODIC.LHASA_TIBETAN
931,English,13,Language[1747]->Indo-European[1904]->Classical Indo-European[2479]->Germanic[4033]->Northwest Germanic[5354]->West Germanic[6740]->North Sea Germanic[8290]->Anglo-Frisian[9705]->Anglic[10924]->Later Anglic[11872]->Middle-Modern English[12745]->Macro-English[13445]->English[13951],stan1293,English,ENGLISH,ENGLISH,IE.GERMANIC.ENGLISH
933,Jewish Babylonian Aramaic (ca. 200-1200 CE),13,Language[1747]->Afro-Asiatic[1977]->Semitic[3237]->West Semitic[4434]->Central Semitic[5695]->Northwest Semitic[7096]->Aramaic[8598]->Imperial-Middle-Modern Aramaic[9970]->Middle-Modern Aramaic[11126]->Eastern Aramaic[12053]->Central Eastern Aramaic[12891]->North-Eastern Neo-Aramaic[13595]->Jewish Babylonian Aramaic (ca. 200-1200 CE)[14063],jewi1240,Jewish Babylonian Aramaic (ca. 200-1200 CE),ACHAEMENID_ARAMAIC,ACHAEMENID_ARAMAIC,AA.SEMITIC.ACHAEMENID_ARAMAIC
935,English,13,Language[1747]->Indo-European[1904]->Classical Indo-European[2479]->Germanic[4033]->Northwest Germanic[5354]->West Germanic[6740]->North Sea Germanic[8290]->Anglo-Frisian[9705]->Anglic[10924]->Later Anglic[11872]->Middle-Modern English[12745]->Macro-English[13445]->English[13951],stan1293,English,ENGLISH,ENGLISH,IE.GERMANIC.ENGLISH
937,Latin,8,Language[1747]->Indo-European[1904]->Classical Indo-European[2479]->Italic[4031]->Latino-Faliscan[5349]->Latinic[6736]->Imperial Latin[8284]->Latin[9691],lati1261,Latin,LATIN,LATIN,IE.ROMANCE.LATIN
938,Ugaritic,9,Language[1747]->Afro-Asiatic[1977]->Semitic[3237]->West Semitic[4434]->Central Semitic[5695]->Northwest Semitic[7096]->Canaanite[8597]->Ugarito-Phoenician[9969]->Ugaritic[11123],ugar1238,Ugaritic,UGARITIC,UGARITIC,AA.SEMITIC.UGARITIC
939,Iamalele,13,Language[1747]->Austronesian[1807]->Malayo-Polynesian[2158]->Central-Eastern Malayo-Polynesian[27860]->Eastern Malayo-Polynesian[28256]->Oceanic[29007]->Western Oceanic linkage[30199]->Papuan Tip linkage[31782]->Nuclear Papuan Tip linkage[33560]->North Papuan Mainland-D'Entrecasteaux linkage[35305]->Bwaidoga linkage[36963]->Iamalelic[38287]->Iamalele[39358],iama1237,Iamalele,IAMALELE,IAMALELE,An.OCEANIC.IAMALELE
940,Latin,8,Language[1747]->Indo-European[1904]->Classical Indo-European[2479]->Italic[4031]->Latino-Faliscan[5349]->Latinic[6736]->Imperial Latin[8284]->Latin[9691],lati1261,Latin,LATIN,LATIN,IE.ROMANCE.LATIN
941,Language,1,Language[1747],,,KAWA,KAWA,TAP.GREATER_ALOR.KAWA
942,Portuguese,17,Language[1747]->Indo-European[1904]->Classical Indo-European[2479]->Italic[4031]->Latino-Faliscan[5349]->Latinic[6736]->Imperial Latin[8284]->Romance[9690]->Italo-Western Romance[10909]->Western Romance[11855]->Shifted Western Romance[12721]->Southwestern Shifted Romance[13415]->West Ibero-Romance[13935]->Galician Romance[14287]->Macro-Portuguese[14461]->Brazil-Portugal Portuguese[14577]->Portuguese[14640],port1283,Portuguese,PORTUGUESE,PORTUGUESE,IE.ROMANCE.PORTUGUESE
943,Eastern Canadian Inuktitut,5,Language[1747]->Eskimo-Aleut[1966]->Eskimo[3088]->Inuit[4394]->Eastern Canadian Inuktitut[5660],east2534,Eastern Canadian Inuktitut,INUKTITUT_EASTERN_CANADIAN,INUKTITUT_EASTERN_CANADIAN,EA.ESKIMO.INUKTITUT_EASTERN_CANADIAN
944,Ukrainian,8,Language[1747]->Indo-European[1904]->Classical Indo-European[2479]->Balto-Slavic[4026]->Slavic[5339]->East Slavic[6720]->Ukrainian-Rusyn[8266]->Ukrainian[9672],ukra1253,Ukrainian,UKRAINIAN,UKRAINIAN,IE.SLAVIC.UKRAINIAN
945,French,18,Language[1747]->Indo-European[1904]->Classical Indo-European[2479]->Italic[4031]->Latino-Faliscan[5349]->Latinic[6736]->Imperial Latin[8284]->Romance[9690]->Italo-Western Romance[10909]->Western Romance[11855]->Shifted Western Romance[12721]->Northwestern Shifted Romance[13414]->Gallo-Rhaetian[13934]->Oil[14282]->Central Oil[14449]->Macro-French[14570]->Global French[14636]->French[14711],stan1290,French,FRENCH,FRENCH,IE.ROMANCE.FRENCH
946,Tibetan,9,Language[1747]->Sino-Tibetan[1946]->Bodic[3022]->Bodish[4302]->Early Old Tibetan[5558]->Middle Old Tibetan[6951]->Late Old Tibetan[8465]->Central Tibetan[9859]->Tibetan[11041],tibe1272,Tibetan,TIBETAN_WRITTEN,TIBETAN_WRITTEN,ST.BODIC.TIBETAN_WRITTEN
948,Ancient Greek,7,Language[1747]->Indo-European[1904]->Classical Indo-European[2479]->Graeco-Phrygian[4027]->Greek[5341]->East Greek[29393]->Ancient Greek[30700],,,NAHUATL_XOXOCOTLA_PUENTE_DE_IXTLA,NAHUATL_XOXOCOTLA_PUENTE_DE_IXTLA,UA.AZTECAN.NAHUATL_XOXOCOTLA_PUENTE_DE_IXTLA
949,English,13,Language[1747]->Indo-European[1904]->Classical Indo-European[2479]->Germanic[4033]->Northwest Germanic[5354]->West Germanic[6740]->North Sea Germanic[8290]->Anglo-Frisian[9705]->Anglic[10924]->Later Anglic[11872]->Middle-Modern English[12745]->Macro-English[13445]->English[13951],stan1293,English,ENGLISH,ENGLISH,IE.GERMANIC.ENGLISH
950,Swahili,15,Language[1747]->Atlantic-Congo[1822]->Volta-Congo[2237]->Benue-Congo[3616]->Bantoid[5004]->Southern Bantoid[6347]->Narrow Bantu[7890]->East Bantu[9419]->Northeast Savanna Bantu[10697]->Northeast Coastal Bantu[11683]->Coastal NEC Bantu[12549]->Sabaki-Swahili[13214]->Swahili (G.40)[13783]->Mombasa-Lamu-Inland Swahili[14147]->Swahili[14378],swah1253,Swahili,TIKUU,TIKUU,NC.BANTOID.TIKUU
952,Amharic,9,Language[1747]->Afro-Asiatic[1977]->Semitic[3237]->West Semitic[4434]->Ethiosemitic[5697]->South Ethiopic[7101]->Transversal South Ethiopic[31201]->Amharic-Argobba[33016]->Amharic[34728],amha1245,Amharic,AMHARIC_3,AMHARIC_3,AA.SEMITIC.AMHARIC_3
953,Hindi,13,Language[1747]->Indo-European[1904]->Classical Indo-European[2479]->Indo-Iranian[4034]->Indo-Aryan[5357]->Middle-Modern Indo-Aryan[6751]->Continental Indo-Aryan[8297]->Midlands Indo-Aryan[9718]->Shaurasenic[10945]->Indo-Aryan Central zone[11905]->Western Hindi[12783]->Hindustani[13478]->Hindi[13972],hind1269,Hindi,HINDI,HINDI,IE.INDIC.HINDI
955,Old English (ca. 450-1100),10,Language[1747]->Indo-European[1904]->Classical Indo-European[2479]->Germanic[4033]->Northwest Germanic[5354]->West Germanic[6740]->North Sea Germanic[8290]->Anglo-Frisian[9705]->Anglic[10924]->Old English (ca. 450-1100)[11873],olde1238,Old English (ca. 450-1100),OLD_ENGLISH,OLD_ENGLISH,IE.GERMANIC.OLD_ENGLISH
957,Ancient Greek,7,Language[1747]->Indo-European[1904]->Classical Indo-European[2479]->Graeco-Phrygian[4027]->Greek[5341]->East Greek[29393]->Ancient Greek[30700],,,TOTONAC_OLINTLA,TOTONAC_OLINTLA,Tot.TOTONACAN.TOTONAC_OLINTLA
958,Latin,8,Language[1747]->Indo-European[1904]->Classical Indo-European[2479]->Italic[4031]->Latino-Faliscan[5349]->Latinic[6736]->Imperial Latin[8284]->Latin[9691],lati1261,Latin,LATIN,LATIN,IE.ROMANCE.LATIN
959,Latin,8,Language[1747]->Indo-European[1904]->Classical Indo-European[2479]->Italic[4031]->Latino-Faliscan[5349]->Latinic[6736]->Imperial Latin[8284]->Latin[9691],lati1261,Latin,LATIN,LATIN,IE.ROMANCE.LATIN
960,Tibetan,9,Language[1747]->Sino-Tibetan[1946]->Bodic[3022]->Bodish[4302]->Early Old Tibetan[5558]->Middle Old Tibetan[6951]->Late Old Tibetan[8465]->Central Tibetan[9859]->Tibetan[11041],tibe1272,Tibetan,TIBETAN_WRITTEN,TIBETAN_WRITTEN,ST.BODIC.TIBETAN_WRITTEN
961,Romanian,12,Language[1747]->Indo-European[1904]->Classical Indo-European[2479]->Italic[4031]->Latino-Faliscan[5349]->Latinic[6736]->Imperial Latin[8284]->Romance[9690]->Eastern Romance[10911]->Northern Romanian[11859]->Eastern Romanian[12726]->Romanian[13426],roma1327,Romanian,ROMANIAN,ROMANIAN,IE.ROMANCE.ROMANIAN
962,Amdo Tibetan,8,Language[1747]->Sino-Tibetan[1946]->Bodic[3022]->Bodish[4302]->Early Old Tibetan[5558]->Middle Old Tibetan[6951]->North-Eastern Tibetic[8466]->Amdo Tibetan[9864],amdo1237,Amdo Tibetan,MAQU_TIBETAN,MAQU_TIBETAN,ST.BODIC.MAQU_TIBETAN
963,Latin,8,Language[1747]->Indo-European[1904]->Classical Indo-European[2479]->Italic[4031]->Latino-Faliscan[5349]->Latinic[6736]->Imperial Latin[8284]->Latin[9691],lati1261,Latin,LATIN,LATIN,IE.ROMANCE.LATIN
964,Bengali,12,Language[1747]->Indo-European[1904]->Classical Indo-European[2479]->Indo-Iranian[4034]->Indo-Aryan[5357]->Middle-Modern Indo-Aryan[6751]->Continental Indo-Aryan[8297]->Indo-Aryan Eastern zone[9719]->Oriya-Gauda-Kamrupa[10949]->Gauda-Kamrupa[11932]->Gauda-Banga[12812]->Bengali[13516],beng1280,Bengali,BENGALI,BENGALI,IE.INDIC.BENGALI
965,East Greek,6,Language[1747]->Indo-European[1904]->Classical Indo-European[2479]->Graeco-Phrygian[4027]->Greek[5341]->East Greek[29393],,,NAHUATL_HUEYAPAN_TETELA_DEL_VOLCAN,NAHUATL_HUEYAPAN_TETELA_DEL_VOLCAN,UA.AZTECAN.NAHUATL_HUEYAPAN_TETELA_DEL_VOLCAN
966,Turkmen,7,Language[1747]->Turkic[1876]->Common Turkic[2411]->Oghuz[3825]->Nuclear Oghuz[5200]->East Oghuz[6584]->Turkmen[8166],turk1304,Turkmen,TURKMEN,TURKMEN,Alt.TURKIC.TURKMEN
968,English,13,Language[1747]->Indo-European[1904]->Classical Indo-European[2479]->Germanic[4033]->Northwest Germanic[5354]->West Germanic[6740]->North Sea Germanic[8290]->Anglo-Frisian[9705]->Anglic[10924]->Later Anglic[11872]->Middle-Modern English[12745]->Macro-English[13445]->English[13951],stan1293,English,ENGLISH,ENGLISH,IE.GERMANIC.ENGLISH
969,Tamil,13,Language[1747]->Dravidian[1908]->South Dravidian[2492]->South Dravidian I[4058]->Tamil-Kannada[5382]->Tamil-Kota[6773]->Tamil-Toda[8325]->Tamil-Irula[9751]->Tamil-Kodagu[10977]->Tamil-Malayalam[11959]->Tamiloid[12845]->Tamil-Paliyan[13570]->Tamil[14047],tami1289,Tamil,TAMIL,TAMIL,Dra.SOUTHERN_DRAVIDIAN.TAMIL
970,Latin,8,Language[1747]->Indo-European[1904]->Classical Indo-European[2479]->Italic[4031]->Latino-Faliscan[5349]->Latinic[6736]->Imperial Latin[8284]->Latin[9691],lati1261,Latin,LATIN,LATIN,IE.ROMANCE.LATIN
971,Sanskrit,6,Language[1747]->Indo-European[1904]->Classical Indo-European[2479]->Indo-Iranian[4034]->Indo-Aryan[5357]->Sanskrit[6749],sans1269,Sanskrit,SANSKRIT,SANSKRIT,IE.INDIC.SANSKRIT
972,Classical Syriac,11,Language[1747]->Afro-Asiatic[1977]->Semitic[3237]->West Semitic[4434]->Central Semitic[5695]->Northwest Semitic[7096]->Aramaic[8598]->Imperial-Middle-Modern Aramaic[9970]->Middle-Modern Aramaic[11126]->Eastern Aramaic[12053]->Classical Syriac[12890],clas1252,Classical Syriac,SYRIAC_2,SYRIAC_2,AA.SEMITIC.SYRIAC_2
973,Sadri,15,Language[1747]->Indo-European[1904]->Classical Indo-European[2479]->Indo-Iranian[4034]->Indo-Aryan[5357]->Middle-Modern Indo-Aryan[6751]->Continental Indo-Aryan[8297]->Midlands Indo-Aryan[9718]->Shaurasenic[10945]->Bihari[11907]->Magadhan[12793]->Sadanic[13499]->Sadri-Panchpargania[13991]->India-Nepal-Bangladesh Sadri[14310]->Sadri[14475],sadr1248,Sadri,SADRI,SADRI,IE.INDIC.SADRI
974,East Greek,6,Language[1747]->Indo-European[1904]->Classical Indo-European[2479]->Graeco-Phrygian[4027]->Greek[5341]->East Greek[29393],,,CAMBERRA_LANGUAGE,CAMBERRA_LANGUAGE,Aus.PAMA_NYUNGAN.CAMBERRA_LANGUAGE
975,English,13,Language[1747]->Indo-European[1904]->Classical Indo-European[2479]->Germanic[4033]->Northwest Germanic[5354]->West Germanic[6740]->North Sea Germanic[8290]->Anglo-Frisian[9705]->Anglic[10924]->Later Anglic[11872]->Middle-Modern English[12745]->Macro-English[13445]->English[13951],stan1293,English,ENGLISH,ENGLISH,IE.GERMANIC.ENGLISH
976,Assamese,13,Language[1747]->Indo-European[1904]->Classical Indo-European[2479]->Indo-Iranian[4034]->Indo-Aryan[5357]->Middle-Modern Indo-Aryan[6751]->Continental Indo-Aryan[8297]->Indo-Aryan Eastern zone[9719]->Oriya-Gauda-Kamrupa[10949]->Gauda-Kamrupa[11932]->Kamrupa[12813]->Eastern Kamrupa[13522]->Assamese[14020],assa1263,Assamese,ASSAMESE,ASSAMESE,IE.INDIC.ASSAMESE
977,Urdu,13,Language[1747]->Indo-European[1904]->Classical Indo-European[2479]->Indo-Iranian[4034]->Indo-Aryan[5357]->Middle-Modern Indo-Aryan[6751]->Continental Indo-Aryan[8297]->Midlands Indo-Aryan[9718]->Shaurasenic[10945]->Indo-Aryan Central zone[11905]->Western Hindi[12783]->Hindustani[13478]->Urdu[13970],urdu1245,Urdu,URDU,URDU,IE.INDIC.URDU
978,Latin,8,Language[1747]->Indo-European[1904]->Classical Indo-European[2479]->Italic[4031]->Latino-Faliscan[5349]->Latinic[6736]->Imperial Latin[8284]->Latin[9691],lati1261,Latin,LATIN,LATIN,IE.ROMANCE.LATIN
980,Japanese,5,Language[1747]->Japonic[1889]->Japanesic[2444]->Japan-Taiwan Japanese[3890]->Japanese[5264],nucl1643,Japanese,TOKYO_JAPANESE,TOKYO_JAPANESE,Jap.JAPANESE.TOKYO_JAPANESE
981,English,13,Language[1747]->Indo-European[1904]->Classical Indo-European[2479]->Germanic[4033]->Northwest Germanic[5354]->West Germanic[6740]->North Sea Germanic[8290]->Anglo-Frisian[9705]->Anglic[10924]->Later Anglic[11872]->Middle-Modern English[12745]->Macro-English[13445]->English[13951],stan1293,English,ENGLISH,ENGLISH,IE.GERMANIC.ENGLISH
982,Ionic-Attic Ancient Greek,8,Language[1747]->Indo-European[1904]->Classical Indo-European[2479]->Graeco-Phrygian[4027]->Greek[5341]->South Greek[6723]->Central Greek[8272]->Ionic-Attic Ancient Greek[9686],anci1242,Ionic-Attic Ancient Greek,GREEK_ANCIENT,GREEK_ANCIENT,IE.GREEK.GREEK_ANCIENT
983,Kyerung,12,Language[1747]->Sino-Tibetan[1946]->Bodic[3022]->Bodish[4302]->Early Old Tibetan[5558]->Middle Old Tibetan[6951]->Late Old Tibetan[8465]->Central Tibetan[9859]->South-Western Tibetic[11042]->Kyirong-Kagate[12020]->Gyalsumdo-Nubri-Kyirong[12884]->Kyerung[13591],kyer1238,Kyerung,KYIRONG,KYIRONG,ST.BODIC.KYIRONG
984,French,18,Language[1747]->Indo-European[1904]->Classical Indo-European[2479]->Italic[4031]->Latino-Faliscan[5349]->Latinic[6736]->Imperial Latin[8284]->Romance[9690]->Italo-Western Romance[10909]->Western Romance[11855]->Shifted Western Romance[12721]->Northwestern Shifted Romance[13414]->Gallo-Rhaetian[13934]->Oil[14282]->Central Oil[14449]->Macro-French[14570]->Global French[14636]->French[14711],stan1290,French,FRENCH,FRENCH,IE.ROMANCE.FRENCH
985,Latin,8,Language[1747]->Indo-European[1904]->Classical Indo-European[2479]->Italic[4031]->Latino-Faliscan[5349]->Latinic[6736]->Imperial Latin[8284]->Latin[9691],lati1261,Latin,LATIN,LATIN,IE.ROMANCE.LATIN
986,Latin,8,Language[1747]->Indo-European[1904]->Classical Indo-European[2479]->Italic[4031]->Latino-Faliscan[5349]->Latinic[6736]->Imperial Latin[8284]->Latin[9691],lati1261,Latin,LATIN,LATIN,IE.ROMANCE.LATIN
987,Gujarati,12,Language[1747]->Indo-European[1904]->Classical Indo-European[2479]->Indo-Iranian[4034]->Indo-Aryan[5357]->Middle-Modern Indo-Aryan[6751]->Continental Indo-Aryan[8297]->Midlands Indo-Aryan[9718]->Apabhramsic[10947]->Gujarati-Rajasthani[11925]->Gujaratic[12805]->Gujarati[13509],guja1252,Gujarati,GUJARATI,GUJARATI,IE.INDIC.GUJARATI
988,English,13,Language[1747]->Indo-European[1904]->Classical Indo-European[2479]->Germanic[4033]->Northwest Germanic[5354]->West Germanic[6740]->North Sea Germanic[8290]->Anglo-Frisian[9705]->Anglic[10924]->Later Anglic[11872]->Middle-Modern English[12745]->Macro-English[13445]->English[13951],stan1293,English,ENGLISH,ENGLISH,IE.GERMANIC.ENGLISH
989,French,18,Language[1747]->Indo-European[1904]->Classical Indo-European[2479]->Italic[4031]->Latino-Faliscan[5349]->Latinic[6736]->Imperial Latin[8284]->Romance[9690]->Italo-Western Romance[10909]->Western Romance[11855]->Shifted Western Romance[12721]->Northwestern Shifted Romance[13414]->Gallo-Rhaetian[13934]->Oil[14282]->Central Oil[14449]->Macro-French[14570]->Global French[14636]->French[14711],stan1290,French,FRENCH,FRENCH,IE.ROMANCE.FRENCH
991,English,13,Language[1747]->Indo-European[1904]->Classical Indo-European[2479]->Germanic[4033]->Northwest Germanic[5354]->West Germanic[6740]->North Sea Germanic[8290]->Anglo-Frisian[9705]->Anglic[10924]->Later Anglic[11872]->Middle-Modern English[12745]->Macro-English[13445]->English[13951],stan1293,English,ENGLISH,ENGLISH,IE.GERMANIC.ENGLISH
993,Latin,8,Language[1747]->Indo-European[1904]->Classical Indo-European[2479]->Italic[4031]->Latino-Faliscan[5349]->Latinic[6736]->Imperial Latin[8284]->Latin[9691],lati1261,Latin,LATIN,LATIN,IE.ROMANCE.LATIN
994,Classical Syriac,11,Language[1747]->Afro-Asiatic[1977]->Semitic[3237]->West Semitic[4434]->Central Semitic[5695]->Northwest Semitic[7096]->Aramaic[8598]->Imperial-Middle-Modern Aramaic[9970]->Middle-Modern Aramaic[11126]->Eastern Aramaic[12053]->Classical Syriac[12890],clas1252,Classical Syriac,CLASSICAL_SYRIAC,CLASSICAL_SYRIAC,AA.SEMITIC.CLASSICAL_SYRIAC
995,Tamil,13,Language[1747]->Dravidian[1908]->South Dravidian[2492]->South Dravidian I[4058]->Tamil-Kannada[5382]->Tamil-Kota[6773]->Tamil-Toda[8325]->Tamil-Irula[9751]->Tamil-Kodagu[10977]->Tamil-Malayalam[11959]->Tamiloid[12845]->Tamil-Paliyan[13570]->Tamil[14047],tami1289,Tamil,TAMIL,TAMIL,Dra.SOUTHERN_DRAVIDIAN.TAMIL
1004,Ancient Hebrew,9,Language[1747]->Afro-Asiatic[1977]->Semitic[3237]->West Semitic[4434]->Central Semitic[5695]->Northwest Semitic[7096]->Canaanite[8597]->Hebrewic[9968]->Ancient Hebrew[11121],anci1244,Ancient Hebrew,BIBLICAL_HEBREW,BIBLICAL_HEBREW,AA.SEMITIC.BIBLICAL_HEBREW
1005,Elamite,3,Language[1747]->Language Isolates[43177]->Elamite[43184],elam1244,Elamite,ELAMITE,ELAMITE,Ela.ELAMITE.ELAMITE
1010,Ionic-Attic Ancient Greek,8,Language[1747]->Indo-European[1904]->Classical Indo-European[2479]->Graeco-Phrygian[4027]->Greek[5341]->South Greek[6723]->Central Greek[8272]->Ionic-Attic Ancient Greek[9686],anci1242,Ionic-Attic Ancient Greek,GREEK_ANCIENT,GREEK_ANCIENT,IE.GREEK.GREEK_ANCIENT
1011,Ancient Hebrew,9,Language[1747]->Afro-Asiatic[1977]->Semitic[3237]->West Semitic[4434]->Central Semitic[5695]->Northwest Semitic[7096]->Canaanite[8597]->Hebrewic[9968]->Ancient Hebrew[11121],anci1244,Ancient Hebrew,BIBLICAL_HEBREW,BIBLICAL_HEBREW,AA.SEMITIC.BIBLICAL_HEBREW
1012,East Greek,6,Language[1747]->Indo-European[1904]->Classical Indo-European[2479]->Graeco-Phrygian[4027]->Greek[5341]->East Greek[29393],,,TAHITIAN_18TH_CENTURY,TAHITIAN_18TH_CENTURY,An.OCEANIC.TAHITIAN_18TH_CENTURY
1024,Language,1,Language[1747],,,ZAPOTEC_1578,ZAPOTEC_1578,OM.ZAPOTECAN.ZAPOTEC_1578
1028,Ancient Hebrew,9,Language[1747]->Afro-Asiatic[1977]->Semitic[3237]->West Semitic[4434]->Central Semitic[5695]->Northwest Semitic[7096]->Canaanite[8597]->Hebrewic[9968]->Ancient Hebrew[11121],anci1244,Ancient Hebrew,BIBLICAL_HEBREW,BIBLICAL_HEBREW,AA.SEMITIC.BIBLICAL_HEBREW
1031,Classical Syriac,11,Language[1747]->Afro-Asiatic[1977]->Semitic[3237]->West Semitic[4434]->Central Semitic[5695]->Northwest Semitic[7096]->Aramaic[8598]->Imperial-Middle-Modern Aramaic[9970]->Middle-Modern Aramaic[11126]->Eastern Aramaic[12053]->Classical Syriac[12890],clas1252,Classical Syriac,CLASSICAL_SYRIAC,CLASSICAL_SYRIAC,AA.SEMITIC.CLASSICAL_SYRIAC
1038,Language,1,Language[1747],,,GUARANI_ANTIGO,GUARANI_ANTIGO,Tup.TUPI_GUARANI.GUARANI_ANTIGO
1039,Language Isolates,2,Language[1747]->Language Isolates[43177],,,ALLENTIAC,ALLENTIAC,Hur.HUARPE.ALLENTIAC
1041,Korean,3,Language[1747]->Koreanic[1826]->Korean[2251],kore1280,Korean,KOREAN,KOREAN,Kor.KOREAN.KOREAN
1043,Acehnese,7,Language[1747]->Austronesian[1807]->Malayo-Polynesian[2158]->Malayo-Sumbawan[3523]->North and East Malayo-Sumbawan[4858]->Aceh-Chamic[6154]->Acehnese[7577],achi1257,Acehnese,ACEH,ACEH,An.MALAYO_SUMBAWAN.ACEH
1071,Portuguese,17,Language[1747]->Indo-European[1904]->Classical Indo-European[2479]->Italic[4031]->Latino-Faliscan[5349]->Latinic[6736]->Imperial Latin[8284]->Romance[9690]->Italo-Western Romance[10909]->Western Romance[11855]->Shifted Western Romance[12721]->Southwestern Shifted Romance[13415]->West Ibero-Romance[13935]->Galician Romance[14287]->Macro-Portuguese[14461]->Brazil-Portugal Portuguese[14577]->Portuguese[14640],port1283,Portuguese,PORTUGUESE,PORTUGUESE,IE.ROMANCE.PORTUGUESE
1076,Latin,8,Language[1747]->Indo-European[1904]->Classical Indo-European[2479]->Italic[4031]->Latino-Faliscan[5349]->Latinic[6736]->Imperial Latin[8284]->Latin[9691],lati1261,Latin,LATIN,LATIN,IE.ROMANCE.LATIN
1087,Bulgarian,9,Language[1747]->Indo-European[1904]->Classical Indo-European[2479]->Balto-Slavic[4026]->Slavic[5339]->South Slavic[6721]->Eastern South Slavic[8268]->Macedo-Bulgarian[9677]->Bulgarian[10900],bulg1262,Bulgarian,BULGARIAN,BULGARIAN,IE.SLAVIC.BULGARIAN
1101,Natchez,3,Language[1747]->Language Isolates[43177]->Natchez[43224],natc1249,Natchez,NATCHEZ,NATCHEZ,Nat.NATCHEZ.NATCHEZ
1108,East Greek,6,Language[1747]->Indo-European[1904]->Classical Indo-European[2479]->Graeco-Phrygian[4027]->Greek[5341]->East Greek[29393],,,GANDANGARA,GANDANGARA,Aus.PAMA_NYUNGAN.GANDANGARA
1109,Middle Chinese,6,Language[1747]->Sino-Tibetan[1946]->Sinitic[3038]->Classical-Middle-Modern Sinitic[4342]->Middle-Modern Sinitic[5613]->Middle Chinese[7037],midd1344,Middle Chinese,MIDDLE_CHINESE,MIDDLE_CHINESE,ST.CHINESE.MIDDLE_CHINESE
1110,Twana,5,Language[1747]->Salishan[1758]->Coast Salish[2017]->Central Salish[3328]->Twana[4593],twan1247,Twana,TWANA,TWANA,Sal.CENTRAL_SALISH.TWANA
1127,Korean,3,Language[1747]->Koreanic[1826]->Korean[2251],kore1280,Korean,KOREAN,KOREAN,Kor.KOREAN.KOREAN
1129,Aeolic,8,Language[1747]->Indo-European[1904]->Classical Indo-European[2479]->Graeco-Phrygian[4027]->Greek[5341]->East Greek[29393]->Ancient Greek[30700]->Aeolic[32456],,,NAHUATL_TLALNEPANTLA_TAMAZUNCHALE,NAHUATL_TLALNEPANTLA_TAMAZUNCHALE,UA.AZTECAN.NAHUATL_TLALNEPANTLA_TAMAZUNCHALE
1133,Ancient Hebrew,9,Language[1747]->Afro-Asiatic[1977]->Semitic[3237]->West Semitic[4434]->Central Semitic[5695]->Northwest Semitic[7096]->Canaanite[8597]->Hebrewic[9968]->Ancient Hebrew[11121],anci1244,Ancient Hebrew,BIBLICAL_HEBREW,BIBLICAL_HEBREW,AA.SEMITIC.BIBLICAL_HEBREW
1136,Mandarin Chinese,8,Language[1747]->Sino-Tibetan[1946]->Sinitic[3038]->Classical-Middle-Modern Sinitic[4342]->Middle-Modern Sinitic[5613]->Northern Chinese[7030]->Mandarinic[8557]->Mandarin Chinese[9940],mand1415,Mandarin Chinese,MANDARIN_2,MANDARIN_2,ST.CHINESE.MANDARIN_2
1140,Language,1,Language[1747],,,MIRRIPU_TIMOTE,MIRRIPU_TIMOTE,TC.TIMOTE_CUICA.MIRRIPU_TIMOTE
1149,Middle Chinese,6,Language[1747]->Sino-Tibetan[1946]->Sinitic[3038]->Classical-Middle-Modern Sinitic[4342]->Middle-Modern Sinitic[5613]->Middle Chinese[7037],midd1344,Middle Chinese,MIDDLE_CHINESE,MIDDLE_CHINESE,ST.CHINESE.MIDDLE_CHINESE
1153,Russian,7,Language[1747]->Indo-European[1904]->Classical Indo-European[2479]->Balto-Slavic[4026]->Slavic[5339]->East Slavic[6720]->Russian[8263],russ1263,Russian,NINILCHIK_RUSSIAN,NINILCHIK_RUSSIAN,IE.SLAVIC.NINILCHIK_RUSSIAN
1156,Russian,7,Language[1747]->Indo-European[1904]->Classical Indo-European[2479]->Balto-Slavic[4026]->Slavic[5339]->East Slavic[6720]->Russian[8263],russ1263,Russian,RUSSIAN,RUSSIAN,IE.SLAVIC.RUSSIAN
1162,Language,1,Language[1747],,,KITANEMUK,KITANEMUK,UA.TAKIC.KITANEMUK
1178,French,18,Language[1747]->Indo-European[1904]->Classical Indo-European[2479]->Italic[4031]->Latino-Faliscan[5349]->Latinic[6736]->Imperial Latin[8284]->Romance[9690]->Italo-Western Romance[10909]->Western Romance[11855]->Shifted Western Romance[12721]->Northwestern Shifted Romance[13414]->Gallo-Rhaetian[13934]->Oil[14282]->Central Oil[14449]->Macro-French[14570]->Global French[14636]->French[14711],stan1290,French,FRENCH,FRENCH,IE.ROMANCE.FRENCH
1180,Batak Mandailing,9,Language[1747]->Austronesian[1807]->Malayo-Polynesian[2158]->Northwest Sumatra-Barrier Islands[3522]->Batakic[4853]->Southern Batak[6145]->Tobaic[7569]->Angkola-Mandailing[9070]->Batak Mandailing[10306],bata1291,Batak Mandailing,BATAK_MANDAILING,BATAK_MANDAILING,An.NORTHWEST_SUMATRA_BARRIER_ISLANDS.BATAK_MANDAILING
1183,Akkadian,5,Language[1747]->Afro-Asiatic[1977]->Semitic[3237]->East Semitic[4432]->Akkadian[5692],akka1240,Akkadian,AKKADIAN,AKKADIAN,AA.SEMITIC.AKKADIAN
1187,Ancient Hebrew,9,Language[1747]->Afro-Asiatic[1977]->Semitic[3237]->West Semitic[4434]->Central Semitic[5695]->Northwest Semitic[7096]->Canaanite[8597]->Hebrewic[9968]->Ancient Hebrew[11121],anci1244,Ancient Hebrew,BIBLICAL_HEBREW,BIBLICAL_HEBREW,AA.SEMITIC.BIBLICAL_HEBREW
1191,Ancient Hebrew,9,Language[1747]->Afro-Asiatic[1977]->Semitic[3237]->West Semitic[4434]->Central Semitic[5695]->Northwest Semitic[7096]->Canaanite[8597]->Hebrewic[9968]->Ancient Hebrew[11121],anci1244,Ancient Hebrew,BIBLICAL_HEBREW,BIBLICAL_HEBREW,AA.SEMITIC.BIBLICAL_HEBREW
1192,Ma'anyan,8,Language[1747]->Austronesian[1807]->Malayo-Polynesian[2158]->Basap-Greater Barito[3550]->Greater Barito linkage[4928]->Southeast Barito[6278]->Maanyan-Paku[7784]->Ma'anyan[9298],maan1238,Ma'anyan,SAMIHIM,SAMIHIM,An.BARITO.SAMIHIM
1196,K'iche',8,Language[1747]->Mayan[1870]->Core Mayan[2397]->Quichean-Mamean[3799]->Greater Quichean[5167]->Core Quichean[6554]->Quiche-Achi[8129]->K'iche'[9601],kich1262,K'iche',KICHEE_SANTA_LUCIA_UTATLAN,KICHEE_SANTA_LUCIA_UTATLAN,May.MAYAN.KICHEE_SANTA_LUCIA_UTATLAN
1197,Tajik,13,Language[1747]->Indo-European[1904]->Classical Indo-European[2479]->Indo-Iranian[4034]->Iranian[5358]->Southwestern Iranian[6761]->Middle-Modern Persian[8310]->Modern Southwestern Iranian[9735]->Farsic-Caucasian Tat[10970]->Farsic[11958]->Eastern Farsic[12842]->Tajikic[13543]->Tajik[14034],taji1245,Tajik,TAJIK,TAJIK,IE.IRANIAN.TAJIK
1199,Tiv,12,Language[1747]->Atlantic-Congo[1822]->Volta-Congo[2237]->Benue-Congo[3616]->Bantoid[5004]->Southern Bantoid[6347]->Tivoid[7887]->Central Tivoid[9410]->Central Tivoid A[10676]->Tiv-Evand[11640]->Tiv-Iyive-Otanga[12492]->Tiv[13152],tivv1240,Tiv,TIV_2,TIV_2,NC.BANTOID.TIV_2
1210,Mende (Sierra Leone),9,Language[1747]->Mande[1836]->Western Mande[2273]->Manding-Kpelle[3658]->Southwest Mande[5062]->Mende-Loma[6434]->Mende-Bandi[8013]->Mende-Loko[9549]->Mende (Sierra Leone)[10844],mend1266,Mende (Sierra Leone),MENDE,MENDE,Man.WESTERN_MANDE.MENDE
1223,Toda,8,Language[1747]->Dravidian[1908]->South Dravidian[2492]->South Dravidian I[4058]->Tamil-Kannada[5382]->Tamil-Kota[6773]->Tamil-Toda[8325]->Toda[9752],toda1252,Toda,TODA,TODA,Dra.SOUTHERN_DRAVIDIAN.TODA
1227,Sabaic,7,Language[1747]->Afro-Asiatic[1977]->Semitic[3237]->West Semitic[4434]->Central Semitic[5695]->Sayhadic[7094]->Sabaic[8594],saba1279,Sabaic,SABEAN,SABEAN,AA.SEMITIC.SABEAN
1228,Tigak,11,Language[1747]->Austronesian[1807]->Malayo-Polynesian[2158]->Central-Eastern Malayo-Polynesian[27860]->Eastern Malayo-Polynesian[28256]->Oceanic[29007]->Western Oceanic linkage[30199]->Meso Melanesian linkage[31783]->New Ireland-Northwest Solomonic linkage[33563]->Tungak-Nalik[35313]->Tigak[36979],tiga1245,Tigak,TIGAK,TIGAK,An.OCEANIC.TIGAK
1229,Mandarin Chinese,8,Language[1747]->Sino-Tibetan[1946]->Sinitic[3038]->Classical-Middle-Modern Sinitic[4342]->Middle-Modern Sinitic[5613]->Northern Chinese[7030]->Mandarinic[8557]->Mandarin Chinese[9940],mand1415,Mandarin Chinese,MANDARIN_2,MANDARIN_2,ST.CHINESE.MANDARIN_2
1231,Mandarin Chinese,8,Language[1747]->Sino-Tibetan[1946]->Sinitic[3038]->Classical-Middle-Modern Sinitic[4342]->Middle-Modern Sinitic[5613]->Northern Chinese[7030]->Mandarinic[8557]->Mandarin Chinese[9940],mand1415,Mandarin Chinese,MANDARIN_2,MANDARIN_2,ST.CHINESE.MANDARIN_2
1234,Akan,10,Language[1747]->Atlantic-Congo[1822]->Volta-Congo[2237]->Kwa Volta-Congo[3615]->Nyo[5002]->Potou-Tano[6340]->Tano[7874]->Central Tano[9387]->Akanic[10674]->Akan[11637],akan1250,Akan,TWI_FANTE,TWI_FANTE,NC.KWA.TWI_FANTE
1240,Zande,9,Language[1747]->Atlantic-Congo[1822]->Volta-Congo[2237]->North Volta-Congo[3614]->Cameroun-Ubangian[4996]->Ubangi[6328]->Zandic[7857]->Zande-Nzakara[9366]->Zande[10647],zand1248,Zande,ZANDE,ZANDE,NC.UBANGI.ZANDE
1246,Shilluk,6,Language[1747]->Nilotic[1844]->Western Nilotic[2296]->Lwoo[3685]->Northern Lwoo[5090]->Shilluk[6458],shil1265,Shilluk,SHILLUK,SHILLUK,ESu.NILOTIC.SHILLUK
1247,French,18,Language[1747]->Indo-European[1904]->Classical Indo-European[2479]->Italic[4031]->Latino-Faliscan[5349]->Latinic[6736]->Imperial Latin[8284]->Romance[9690]->Italo-Western Romance[10909]->Western Romance[11855]->Shifted Western Romance[12721]->Northwestern Shifted Romance[13414]->Gallo-Rhaetian[13934]->Oil[14282]->Central Oil[14449]->Macro-French[14570]->Global French[14636]->French[14711],stan1290,French,FRENCH,FRENCH,IE.ROMANCE.FRENCH
1248,Akkadian,5,Language[1747]->Afro-Asiatic[1977]->Semitic[3237]->East Semitic[4432]->Akkadian[5692],akka1240,Akkadian,AKKADIAN,AKKADIAN,AA.SEMITIC.AKKADIAN
1249,Modern Greek,10,Language[1747]->Indo-European[1904]->Classical Indo-European[2479]->Graeco-Phrygian[4027]->Greek[5341]->East Greek[29393]->Koineic Greek[30702]->Modern Koineic Greek[32459]->Nuclear Modern Greek[34062]->Modern Greek[35856],mode1248,Modern Greek,GREEK,GREEK,IE.GREEK.GREEK
1251,Tsonga,16,Language[1747]->Atlantic-Congo[1822]->Volta-Congo[2237]->Benue-Congo[3616]->Bantoid[5004]->Southern Bantoid[6347]->Narrow Bantu[7890]->East Bantu[9419]->Southern Bantu[10692]->Nuclear Southern Bantu[11668]->Dimsuffix Southern Bantu[12529]->Nguni-Tsonga-Copi[13200]->Tsonga-Copi[13780]->Tswa-Ronga (S.50)[14145]->Tsongan[14373]->Tsonga[14519],tson1249,Tsonga,TSONGA,TSONGA,NC.BANTOID.TSONGA
1257,Ancient Hebrew,9,Language[1747]->Afro-Asiatic[1977]->Semitic[3237]->West Semitic[4434]->Central Semitic[5695]->Northwest Semitic[7096]->Canaanite[8597]->Hebrewic[9968]->Ancient Hebrew[11121],anci1244,Ancient Hebrew,BIBLICAL_HEBREW,BIBLICAL_HEBREW,AA.SEMITIC.BIBLICAL_HEBREW
1258,Ancient Hebrew,9,Language[1747]->Afro-Asiatic[1977]->Semitic[3237]->West Semitic[4434]->Central Semitic[5695]->Northwest Semitic[7096]->Canaanite[8597]->Hebrewic[9968]->Ancient Hebrew[11121],anci1244,Ancient Hebrew,BIBLICAL_HEBREW,BIBLICAL_HEBREW,AA.SEMITIC.BIBLICAL_HEBREW
1264,Ancient Hebrew,9,Language[1747]->Afro-Asiatic[1977]->Semitic[3237]->West Semitic[4434]->Central Semitic[5695]->Northwest Semitic[7096]->Canaanite[8597]->Hebrewic[9968]->Ancient Hebrew[11121],anci1244,Ancient Hebrew,BIBLICAL_HEBREW,BIBLICAL_HEBREW,AA.SEMITIC.BIBLICAL_HEBREW
1268,Sabaic,7,Language[1747]->Afro-Asiatic[1977]->Semitic[3237]->West Semitic[4434]->Central Semitic[5695]->Sayhadic[7094]->Sabaic[8594],saba1279,Sabaic,SABEAN,SABEAN,AA.SEMITIC.SABEAN
1274,Russian,7,Language[1747]->Indo-European[1904]->Classical Indo-European[2479]->Balto-Slavic[4026]->Slavic[5339]->East Slavic[6720]->Russian[8263],russ1263,Russian,NINILCHIK_RUSSIAN,NINILCHIK_RUSSIAN,IE.SLAVIC.NINILCHIK_RUSSIAN
1279,Mandar,6,Language[1747]->Austronesian[1807]->Malayo-Polynesian[2158]->South Sulawesi[3527]->Northern South Sulawesi[4865]->Mandar[6162],mand1442,Mandar,MANDAR,MANDAR,An.SOUTH_SULAWESI.MANDAR
1281,Otoro,6,Language[1747]->Heibanic[1956]->West-Central Heibanic[3066]->Central Heibanic[4369]->Ebang-Logol[5628]->Otoro[7048],otor1240,Otoro,UTORO,UTORO,Krd.HEIBAN.UTORO
1283,Wolio,9,Language[1747]->Austronesian[1807]->Malayo-Polynesian[2158]->Celebic[3536]->Kaili-Wolio[4892]->Southern Kaili-Wolio[6215]->Island Kaili-Wolio[7693]->Wolio-Kamaru[9188]->Wolio[10432],woli1241,Wolio,WOLIO,WOLIO,An.CELEBIC.WOLIO
1284,Phoenician,10,Language[1747]->Afro-Asiatic[1977]->Semitic[3237]->West Semitic[4434]->Central Semitic[5695]->Northwest Semitic[7096]->Canaanite[8597]->Ugarito-Phoenician[9969]->Phoenician-Punic[11124]->Phoenician[12051],phoe1239,Phoenician,PHOENICIAN,PHOENICIAN,AA.SEMITIC.PHOENICIAN
1288,Sanskrit,6,Language[1747]->Indo-European[1904]->Classical Indo-European[2479]->Indo-Iranian[4034]->Indo-Aryan[5357]->Sanskrit[6749],sans1269,Sanskrit,SANSKRIT,SANSKRIT,IE.INDIC.SANSKRIT
1289,Buginese,7,Language[1747]->Austronesian[1807]->Malayo-Polynesian[2158]->South Sulawesi[3527]->Tamanic-Bugis[4864]->Bugis[6161]->Buginese[7597],bugi1244,Buginese,BUGINESE,BUGINESE,An.SOUTH_SULAWESI.BUGINESE
1293,Spanish,15,Language[1747]->Indo-European[1904]->Classical Indo-European[2479]->Italic[4031]->Latino-Faliscan[5349]->Latinic[6736]->Imperial Latin[8284]->Romance[9690]->Italo-Western Romance[10909]->Western Romance[11855]->Shifted Western Romance[12721]->Southwestern Shifted Romance[13415]->West Ibero-Romance[13935]->Castilic[14285]->Spanish[14455],stan1288,Spanish,SPANISH,SPANISH,IE.ROMANCE.SPANISH
1295,Latin,8,Language[1747]->Indo-European[1904]->Classical Indo-European[2479]->Italic[4031]->Latino-Faliscan[5349]->Latinic[6736]->Imperial Latin[8284]->Latin[9691],lati1261,Latin,LATIN,LATIN,IE.ROMANCE.LATIN
1299,Russian,7,Language[1747]->Indo-European[1904]->Classical Indo-European[2479]->Balto-Slavic[4026]->Slavic[5339]->East Slavic[6720]->Russian[8263],russ1263,Russian,NINILCHIK_RUSSIAN,NINILCHIK_RUSSIAN,IE.SLAVIC.NINILCHIK_RUSSIAN
1300,Spanish,15,Language[1747]->Indo-European[1904]->Classical Indo-European[2479]->Italic[4031]->Latino-Faliscan[5349]->Latinic[6736]->Imperial Latin[8284]->Romance[9690]->Italo-Western Romance[10909]->Western Romance[11855]->Shifted Western Romance[12721]->Southwestern Shifted Romance[13415]->West Ibero-Romance[13935]->Castilic[14285]->Spanish[14455],stan1288,Spanish,SPANISH,SPANISH,IE.ROMANCE.SPANISH
1301,Mochica,3,Language[1747]->Language Isolates[43177]->Mochica[43305],moch1259,Mochica,MOCHICA,MOCHICA,Cmu.CHIMUAN.MOCHICA
1303,Akkadian,5,Language[1747]->Afro-Asiatic[1977]->Semitic[3237]->East Semitic[4432]->Akkadian[5692],akka1240,Akkadian,AKKADIAN,AKKADIAN,AA.SEMITIC.AKKADIAN
1304,English,13,Language[1747]->Indo-European[1904]->Classical Indo-European[2479]->Germanic[4033]->Northwest Germanic[5354]->West Germanic[6740]->North Sea Germanic[8290]->Anglo-Frisian[9705]->Anglic[10924]->Later Anglic[11872]->Middle-Modern English[12745]->Macro-English[13445]->English[13951],stan1293,English,ENGLISH,ENGLISH,IE.GERMANIC.ENGLISH
1307,English,13,Language[1747]->Indo-European[1904]->Classical Indo-European[2479]->Germanic[4033]->Northwest Germanic[5354]->West Germanic[6740]->North Sea Germanic[8290]->Anglo-Frisian[9705]->Anglic[10924]->Later Anglic[11872]->Middle-Modern English[12745]->Macro-English[13445]->English[13951],stan1293,English,ENGLISH,ENGLISH,IE.GERMANIC.ENGLISH
1308,Sabaic,7,Language[1747]->Afro-Asiatic[1977]->Semitic[3237]->West Semitic[4434]->Central Semitic[5695]->Sayhadic[7094]->Sabaic[8594],saba1279,Sabaic,SABEAN,SABEAN,AA.SEMITIC.SABEAN
1309,Latin,8,Language[1747]->Indo-European[1904]->Classical Indo-European[2479]->Italic[4031]->Latino-Faliscan[5349]->Latinic[6736]->Imperial Latin[8284]->Latin[9691],lati1261,Latin,LATIN,LATIN,IE.ROMANCE.LATIN
1312,Hindi,13,Language[1747]->Indo-European[1904]->Classical Indo-European[2479]->Indo-Iranian[4034]->Indo-Aryan[5357]->Middle-Modern Indo-Aryan[6751]->Continental Indo-Aryan[8297]->Midlands Indo-Aryan[9718]->Shaurasenic[10945]->Indo-Aryan Central zone[11905]->Western Hindi[12783]->Hindustani[13478]->Hindi[13972],hind1269,Hindi,HINDI,HINDI,IE.INDIC.HINDI
1319,Spanish,15,Language[1747]->Indo-European[1904]->Classical Indo-European[2479]->Italic[4031]->Latino-Faliscan[5349]->Latinic[6736]->Imperial Latin[8284]->Romance[9690]->Italo-Western Romance[10909]->Western Romance[11855]->Shifted Western Romance[12721]->Southwestern Shifted Romance[13415]->West Ibero-Romance[13935]->Castilic[14285]->Spanish[14455],stan1288,Spanish,SPANISH,SPANISH,IE.ROMANCE.SPANISH
1321,French,18,Language[1747]->Indo-European[1904]->Classical Indo-European[2479]->Italic[4031]->Latino-Faliscan[5349]->Latinic[6736]->Imperial Latin[8284]->Romance[9690]->Italo-Western Romance[10909]->Western Romance[11855]->Shifted Western Romance[12721]->Northwestern Shifted Romance[13414]->Gallo-Rhaetian[13934]->Oil[14282]->Central Oil[14449]->Macro-French[14570]->Global French[14636]->French[14711],stan1290,French,FRENCH,FRENCH,IE.ROMANCE.FRENCH
1322,Classical Syriac,11,Language[1747]->Afro-Asiatic[1977]->Semitic[3237]->West Semitic[4434]->Central Semitic[5695]->Northwest Semitic[7096]->Aramaic[8598]->Imperial-Middle-Modern Aramaic[9970]->Middle-Modern Aramaic[11126]->Eastern Aramaic[12053]->Classical Syriac[12890],clas1252,Classical Syriac,CLASSICAL_SYRIAC,CLASSICAL_SYRIAC,AA.SEMITIC.CLASSICAL_SYRIAC
1323,Luguru,13,Language[1747]->Atlantic-Congo[1822]->Volta-Congo[2237]->Benue-Congo[3616]->Bantoid[5004]->Southern Bantoid[6347]->Narrow Bantu[7890]->East Bantu[9419]->Northeast Savanna Bantu[10697]->Northeast Coastal Bantu[11683]->Ruvu[12551]->East Ruvu[13220]->Luguru[13795],lugu1238,Luguru,LUGURU,LUGURU,NC.BANTOID.LUGURU
1333,Classical Syriac,11,Language[1747]->Afro-Asiatic[1977]->Semitic[3237]->West Semitic[4434]->Central Semitic[5695]->Northwest Semitic[7096]->Aramaic[8598]->Imperial-Middle-Modern Aramaic[9970]->Middle-Modern Aramaic[11126]->Eastern Aramaic[12053]->Classical Syriac[12890],clas1252,Classical Syriac,CLASSICAL_SYRIAC,CLASSICAL_SYRIAC,AA.SEMITIC.CLASSICAL_SYRIAC
1334,English,13,Language[1747]->Indo-European[1904]->Classical Indo-European[2479]->Germanic[4033]->Northwest Germanic[5354]->West Germanic[6740]->North Sea Germanic[8290]->Anglo-Frisian[9705]->Anglic[10924]->Later Anglic[11872]->Middle-Modern English[12745]->Macro-English[13445]->English[13951],stan1293,English,ENGLISH,ENGLISH,IE.GERMANIC.ENGLISH
1335,Latin,8,Language[1747]->Indo-European[1904]->Classical Indo-European[2479]->Italic[4031]->Latino-Faliscan[5349]->Latinic[6736]->Imperial Latin[8284]->Latin[9691],lati1261,Latin,LATIN,LATIN,IE.ROMANCE.LATIN
1340,French,18,Language[1747]->Indo-European[1904]->Classical Indo-European[2479]->Italic[4031]->Latino-Faliscan[5349]->Latinic[6736]->Imperial Latin[8284]->Romance[9690]->Italo-Western Romance[10909]->Western Romance[11855]->Shifted Western Romance[12721]->Northwestern Shifted Romance[13414]->Gallo-Rhaetian[13934]->Oil[14282]->Central Oil[14449]->Macro-French[14570]->Global French[14636]->French[14711],stan1290,French,FRENCH,FRENCH,IE.ROMANCE.FRENCH
1341,French,18,Language[1747]->Indo-European[1904]->Classical Indo-European[2479]->Italic[4031]->Latino-Faliscan[5349]->Latinic[6736]->Imperial Latin[8284]->Romance[9690]->Italo-Western Romance[10909]->Western Romance[11855]->Shifted Western Romance[12721]->Northwestern Shifted Romance[13414]->Gallo-Rhaetian[13934]->Oil[14282]->Central Oil[14449]->Macro-French[14570]->Global French[14636]->French[14711],stan1290,French,FRENCH,FRENCH,IE.ROMANCE.FRENCH
1344,Tibetan,9,Language[1747]->Sino-Tibetan[1946]->Bodic[3022]->Bodish[4302]->Early Old Tibetan[5558]->Middle Old Tibetan[6951]->Late Old Tibetan[8465]->Central Tibetan[9859]->Tibetan[11041],tibe1272,Tibetan,TIBETAN_CENTRAL,TIBETAN_CENTRAL,ST.BODIC.TIBETAN_CENTRAL
1348,Modern Hebrew,9,Language[1747]->Afro-Asiatic[1977]->Semitic[3237]->West Semitic[4434]->Central Semitic[5695]->Northwest Semitic[7096]->Canaanite[8597]->Hebrewic[9968]->Modern Hebrew[11122],hebr1245,Modern Hebrew,HEBREW,HEBREW,AA.SEMITIC.HEBREW
1352,Sanskrit,6,Language[1747]->Indo-European[1904]->Classical Indo-European[2479]->Indo-Iranian[4034]->Indo-Aryan[5357]->Sanskrit[6749],sans1269,Sanskrit,SANSKRIT,SANSKRIT,IE.INDIC.SANSKRIT
1357,Latin,8,Language[1747]->Indo-European[1904]->Classical Indo-European[2479]->Italic[4031]->Latino-Faliscan[5349]->Latinic[6736]->Imperial Latin[8284]->Latin[9691],lati1261,Latin,LATIN,LATIN,IE.ROMANCE.LATIN
1369,Akkadian,5,Language[1747]->Afro-Asiatic[1977]->Semitic[3237]->East Semitic[4432]->Akkadian[5692],akka1240,Akkadian,AKKADIAN,AKKADIAN,AA.SEMITIC.AKKADIAN
1370,French,18,Language[1747]->Indo-European[1904]->Classical Indo-European[2479]->Italic[4031]->Latino-Faliscan[5349]->Latinic[6736]->Imperial Latin[8284]->Romance[9690]->Italo-Western Romance[10909]->Western Romance[11855]->Shifted Western Romance[12721]->Northwestern Shifted Romance[13414]->Gallo-Rhaetian[13934]->Oil[14282]->Central Oil[14449]->Macro-French[14570]->Global French[14636]->French[14711],stan1290,French,FRENCH,FRENCH,IE.ROMANCE.FRENCH
1371,Western Farsi,11,Language[1747]->Indo-European[1904]->Classical Indo-European[2479]->Indo-Iranian[4034]->Iranian[5358]->Southwestern Iranian[6761]->Middle-Modern Persian[8310]->Modern Southwestern Iranian[9735]->Farsic-Caucasian Tat[10970]->Farsic[11958]->Western Farsi[12840],west2369,Western Farsi,PERSIAN,PERSIAN,IE.IRANIAN.PERSIAN
1374,French,18,Language[1747]->Indo-European[1904]->Classical Indo-European[2479]->Italic[4031]->Latino-Faliscan[5349]->Latinic[6736]->Imperial Latin[8284]->Romance[9690]->Italo-Western Romance[10909]->Western Romance[11855]->Shifted Western Romance[12721]->Northwestern Shifted Romance[13414]->Gallo-Rhaetian[13934]->Oil[14282]->Central Oil[14449]->Macro-French[14570]->Global French[14636]->French[14711],stan1290,French,FRENCH,FRENCH,IE.ROMANCE.FRENCH
1376,Southern Sotho,16,Language[1747]->Atlantic-Congo[1822]->Volta-Congo[2237]->Benue-Congo[3616]->Bantoid[5004]->Southern Bantoid[6347]->Narrow Bantu[7890]->East Bantu[9419]->Southern Bantu[10692]->Nuclear Southern Bantu[11668]->Dimsuffix Southern Bantu[12529]->Sotho-Tswana (S.30)[13199]->Western Sotho-Tswana[13777]->Central Sotho-Tswana[14139]->Sesotho-Lozi[14367]->Southern Sotho[14513],sout2807,Southern Sotho,SOTHO_SOUTHERN,SOTHO_SOUTHERN,NC.BANTOID.SOTHO_SOUTHERN
1390,Jicarilla Apache,8,Language[1747]->Athabaskan-Eyak-Tlingit[1886]->Athabaskan-Eyak[2438]->Athabaskan[3881]->Apachean[5258]->Southwestern Apachean[6628]->Eastern Southwestern Apachean[8203]->Jicarilla Apache[9644],jica1244,Jicarilla Apache,JICARILLA_APACHE,JICARILLA_APACHE,NDe.ATHAPASKAN.JICARILLA_APACHE
1392,Classical Syriac,11,Language[1747]->Afro-Asiatic[1977]->Semitic[3237]->West Semitic[4434]->Central Semitic[5695]->Northwest Semitic[7096]->Aramaic[8598]->Imperial-Middle-Modern Aramaic[9970]->Middle-Modern Aramaic[11126]->Eastern Aramaic[12053]->Classical Syriac[12890],clas1252,Classical Syriac,CLASSICAL_SYRIAC,CLASSICAL_SYRIAC,AA.SEMITIC.CLASSICAL_SYRIAC
1396,East Greek,6,Language[1747]->Indo-European[1904]->Classical Indo-European[2479]->Graeco-Phrygian[4027]->Greek[5341]->East Greek[29393],,,ARAMAIC_ANCIENT,ARAMAIC_ANCIENT,AA.SEMITIC.ARAMAIC_ANCIENT
1399,Akkadian,5,Language[1747]->Afro-Asiatic[1977]->Semitic[3237]->East Semitic[4432]->Akkadian[5692],akka1240,Akkadian,AKKADIAN_2,AKKADIAN_2,AA.SEMITIC.AKKADIAN_2
1400,Literary Chinese,5,Language[1747]->Sino-Tibetan[1946]->Sinitic[3038]->Classical-Middle-Modern Sinitic[4342]->Literary Chinese[5612],,,SARDINIAN,SARDINIAN,IE.ROMANCE.SARDINIAN
1409,Language,1,Language[1747],,,GUARANI_ANTIGO,GUARANI_ANTIGO,Tup.TUPI_GUARANI.GUARANI_ANTIGO
1412,Japanese,5,Language[1747]->Japonic[1889]->Japanesic[2444]->Japan-Taiwan Japanese[3890]->Japanese[5264],nucl1643,Japanese,TOKYO_JAPANESE,TOKYO_JAPANESE,Jap.JAPANESE.TOKYO_JAPANESE
1415,East Greek,6,Language[1747]->Indo-European[1904]->Classical Indo-European[2479]->Graeco-Phrygian[4027]->Greek[5341]->East Greek[29393],,,NAHUATL_CHICHIQUILA,NAHUATL_CHICHIQUILA,UA.AZTECAN.NAHUATL_CHICHIQUILA
1420,Creek,3,Language[1747]->Muskogean[1845]->Creek[2302],cree1270,Creek,CREEK,CREEK,Mus.MUSKOGEAN.CREEK
1450,Spanish,15,Language[1747]->Indo-European[1904]->Classical Indo-European[2479]->Italic[4031]->Latino-Faliscan[5349]->Latinic[6736]->Imperial Latin[8284]->Romance[9690]->Italo-Western Romance[10909]->Western Romance[11855]->Shifted Western Romance[12721]->Southwestern Shifted Romance[13415]->West Ibero-Romance[13935]->Castilic[14285]->Spanish[14455],stan1288,Spanish,SPANISH,SPANISH,IE.ROMANCE.SPANISH
1451,Language,1,Language[1747],,,TOTONAC_OZELONACAXTLA,TOTONAC_OZELONACAXTLA,Tot.TOTONACAN.TOTONAC_OZELONACAXTLA
1455,Western Farsi,11,Language[1747]->Indo-European[1904]->Classical Indo-European[2479]->Indo-Iranian[4034]->Iranian[5358]->Southwestern Iranian[6761]->Middle-Modern Persian[8310]->Modern Southwestern Iranian[9735]->Farsic-Caucasian Tat[10970]->Farsic[11958]->Western Farsi[12840],west2369,Western Farsi,PERSIAN,PERSIAN,IE.IRANIAN.PERSIAN
1456,Language,1,Language[1747],,,DORASQUE,DORASQUE,Chi.DORASKE.DORASQUE
1458,Leseic,5,Language[1747]->Central Sudanic[1885]->Membi-Mangbutu-Efe[2436]->Mangbutu-Efe[3878]->Leseic[5252],,,NAHUATL_XOCHIATIPAN,NAHUATL_XOCHIATIPAN,UA.AZTECAN.NAHUATL_XOCHIATIPAN
1466,French,18,Language[1747]->Indo-European[1904]->Classical Indo-European[2479]->Italic[4031]->Latino-Faliscan[5349]->Latinic[6736]->Imperial Latin[8284]->Romance[9690]->Italo-Western Romance[10909]->Western Romance[11855]->Shifted Western Romance[12721]->Northwestern Shifted Romance[13414]->Gallo-Rhaetian[13934]->Oil[14282]->Central Oil[14449]->Macro-French[14570]->Global French[14636]->French[14711],stan1290,French,FRENCH,FRENCH,IE.ROMANCE.FRENCH
1469,Language Isolates,2,Language[1747]->Language Isolates[43177],,,NAHUATL_JICOCINGO_ZACATLAN,NAHUATL_JICOCINGO_ZACATLAN,UA.AZTECAN.NAHUATL_JICOCINGO_ZACATLAN
1474,Sharanahua,8,Language[1747]->Pano-Tacanan[1853]->Panoan[2317]->Mainline Pano[3710]->Pano Nawa[5121]->Headwaters Pano[6503]->Yaminawa Complex[8075]->Sharanahua[9583],shar1245,Sharanahua,SHARANAHUA,SHARANAHUA,Pan.PANOAN.SHARANAHUA
1495,English,13,Language[1747]->Indo-European[1904]->Classical Indo-European[2479]->Germanic[4033]->Northwest Germanic[5354]->West Germanic[6740]->North Sea Germanic[8290]->Anglo-Frisian[9705]->Anglic[10924]->Later Anglic[11872]->Middle-Modern English[12745]->Macro-English[13445]->English[13951],stan1293,English,ENGLISH,ENGLISH,IE.GERMANIC.ENGLISH
1511,Hausa,7,Language[1747]->Afro-Asiatic[1977]->Chadic[3241]->West Chadic[4451]->West Chadic A[5722]->West Chadic A.1[7147]->Hausa[8667],haus1257,Hausa,KANO,KANO,AA.WEST_CHADIC.KANO
1517,French,18,Language[1747]->Indo-European[1904]->Classical Indo-European[2479]->Italic[4031]->Latino-Faliscan[5349]->Latinic[6736]->Imperial Latin[8284]->Romance[9690]->Italo-Western Romance[10909]->Western Romance[11855]->Shifted Western Romance[12721]->Northwestern Shifted Romance[13414]->Gallo-Rhaetian[13934]->Oil[14282]->Central Oil[14449]->Macro-French[14570]->Global French[14636]->French[14711],stan1290,French,FRENCH,FRENCH,IE.ROMANCE.FRENCH
1521,Latin,8,Language[1747]->Indo-European[1904]->Classical Indo-European[2479]->Italic[4031]->Latino-Faliscan[5349]->Latinic[6736]->Imperial Latin[8284]->Latin[9691],lati1261,Latin,LATIN,LATIN,IE.ROMANCE.LATIN
1522,Language,1,Language[1747],,,NAHUATL_SAN_FRANCISCO_TLALNEPANTLA,NAHUATL_SAN_FRANCISCO_TLALNEPANTLA,UA.AZTECAN.NAHUATL_SAN_FRANCISCO_TLALNEPANTLA
1542,Portuguese,17,Language[1747]->Indo-European[1904]->Classical Indo-European[2479]->Italic[4031]->Latino-Faliscan[5349]->Latinic[6736]->Imperial Latin[8284]->Romance[9690]->Italo-Western Romance[10909]->Western Romance[11855]->Shifted Western Romance[12721]->Southwestern Shifted Romance[13415]->West Ibero-Romance[13935]->Galician Romance[14287]->Macro-Portuguese[14461]->Brazil-Portugal Portuguese[14577]->Portuguese[14640],port1283,Portuguese,PORTUGUESE,PORTUGUESE,IE.ROMANCE.PORTUGUESE
1544,Church Slavic,8,Language[1747]->Indo-European[1904]->Classical Indo-European[2479]->Balto-Slavic[4026]->Slavic[5339]->South Slavic[6721]->Eastern South Slavic[8268]->Church Slavic[9678],chur1257,Church Slavic,OLD_CHURCH_SLAVONIC,OLD_CHURCH_SLAVONIC,IE.SLAVIC.OLD_CHURCH_SLAVONIC
1555,Language,1,Language[1747],,,ZAPOTEC_1578,ZAPOTEC_1578,OM.ZAPOTECAN.ZAPOTEC_1578
1556,Classical Syriac,11,Language[1747]->Afro-Asiatic[1977]->Semitic[3237]->West Semitic[4434]->Central Semitic[5695]->Northwest Semitic[7096]->Aramaic[8598]->Imperial-Middle-Modern Aramaic[9970]->Middle-Modern Aramaic[11126]->Eastern Aramaic[12053]->Classical Syriac[12890],clas1252,Classical Syriac,SYRIAC,SYRIAC,AA.SEMITIC.SYRIAC
1570,Tamil,13,Language[1747]->Dravidian[1908]->South Dravidian[2492]->South Dravidian I[4058]->Tamil-Kannada[5382]->Tamil-Kota[6773]->Tamil-Toda[8325]->Tamil-Irula[9751]->Tamil-Kodagu[10977]->Tamil-Malayalam[11959]->Tamiloid[12845]->Tamil-Paliyan[13570]->Tamil[14047],tami1289,Tamil,TAMIL,TAMIL,Dra.SOUTHERN_DRAVIDIAN.TAMIL
1574,Akkadian,5,Language[1747]->Afro-Asiatic[1977]->Semitic[3237]->East Semitic[4432]->Akkadian[5692],akka1240,Akkadian,AKKADIAN_2,AKKADIAN_2,AA.SEMITIC.AKKADIAN_2
1619,Akkadian,5,Language[1747]->Afro-Asiatic[1977]->Semitic[3237]->East Semitic[4432]->Akkadian[5692],akka1240,Akkadian,AKKADIAN_2,AKKADIAN_2,AA.SEMITIC.AKKADIAN_2
1621,Akkadian,5,Language[1747]->Afro-Asiatic[1977]->Semitic[3237]->East Semitic[4432]->Akkadian[5692],akka1240,Akkadian,AKKADIAN,AKKADIAN,AA.SEMITIC.AKKADIAN
1654,Language,1,Language[1747],,,PAYAGUA,PAYAGUA,Pay.PAYAGUA.PAYAGUA
1677,Akkadian,5,Language[1747]->Afro-Asiatic[1977]->Semitic[3237]->East Semitic[4432]->Akkadian[5692],akka1240,Akkadian,AKKADIAN_2,AKKADIAN_2,AA.SEMITIC.AKKADIAN_2
1706,Unknown,2,Language[1747]->Unknown[14806],,,ZAPOTEC_1578,ZAPOTEC_1578,OM.ZAPOTECAN.ZAPOTEC_1578
1734,Unknown,2,Language[1747]->Unknown[14806],,,CARIB_1665,CARIB_1665,Arw.NORTHERN_ARAWAKAN.CARIB_1665
1805,Language,1,Language[1747],,,NESE,NESE,An.OCEANIC.NESE
1806,Yoruba,13,Language[1747]->Atlantic-Congo[1822]->Volta-Congo[2237]->Benue-Congo[3616]->Defoid[5014]->Yoruboid[6375]->Edekiri[7956]->Ede[9517]->Eastern Ede[10813]->Southeastern Ede[11800]->Nuclear Yoruba[12689]->Lucumi-Yoruba[13394]->Yoruba[13930],yoru1245,Yoruba,OKA,OKA,NC.DEFOID.OKA
1869,Yoruba,13,Language[1747]->Atlantic-Congo[1822]->Volta-Congo[2237]->Benue-Congo[3616]->Defoid[5014]->Yoruboid[6375]->Edekiri[7956]->Ede[9517]->Eastern Ede[10813]->Southeastern Ede[11800]->Nuclear Yoruba[12689]->Lucumi-Yoruba[13394]->Yoruba[13930],yoru1245,Yoruba,OKA,OKA,NC.DEFOID.OKA
1908,Japanese,5,Language[1747]->Japonic[1889]->Japanesic[2444]->Japan-Taiwan Japanese[3890]->Japanese[5264],nucl1643,Japanese,TOKYO_JAPANESE,TOKYO_JAPANESE,Jap.JAPANESE.TOKYO_JAPANESE
1918,Language,1,Language[1747],,,TOTONAC_OLINTLA,TOTONAC_OLINTLA,Tot.TOTONACAN.TOTONAC_OLINTLA
1966,Yoruba,13,Language[1747]->Atlantic-Congo[1822]->Volta-Congo[2237]->Benue-Congo[3616]->Defoid[5014]->Yoruboid[6375]->Edekiri[7956]->Ede[9517]->Eastern Ede[10813]->Southeastern Ede[11800]->Nuclear Yoruba[12689]->Lucumi-Yoruba[13394]->Yoruba[13930],yoru1245,Yoruba,OKA,OKA,NC.DEFOID.OKA
1972,Language,1,Language[1747],,,NAHUATL_CHIGNAUTLA,NAHUATL_CHIGNAUTLA,UA.AZTECAN.NAHUATL_CHIGNAUTLA
1974,English,13,Language[1747]->Indo-European[1904]->Classical Indo-European[2479]->Germanic[4033]->Northwest Germanic[5354]->West Germanic[6740]->North Sea Germanic[8290]->Anglo-Frisian[9705]->Anglic[10924]->Later Anglic[11872]->Middle-Modern English[12745]->Macro-English[13445]->English[13951],stan1293,English,ENGLISH,ENGLISH,IE.GERMANIC.ENGLISH
1978,Yue Chinese,7,Language[1747]->Sino-Tibetan[1946]->Sinitic[3038]->Classical-Middle-Modern Sinitic[4342]->Middle-Modern Sinitic[5613]->Yue-Pinghua[7036]->Yue Chinese[8560],yuec1235,Yue Chinese,CANTONESE,CANTONESE,ST.CHINESE.CANTONESE
1983,Language,1,Language[1747],,,ALLENTIAC,ALLENTIAC,Hur.HUARPE.ALLENTIAC
1985,Language,1,Language[1747],,,ZAPOTEC_1578,ZAPOTEC_1578,OM.ZAPOTECAN.ZAPOTEC_1578
1989,Language,1,Language[1747],,,OTOMACO,OTOMACO,Oto.OTOMACO.OTOMACO
1993,Language,1,Language[1747],,,NAHUATL_XALATZALA_TLAPA,NAHUATL_XALATZALA_TLAPA,UA.AZTECAN.NAHUATL_XALATZALA_TLAPA
1994,English,13,Language[1747]->Indo-European[1904]->Classical Indo-European[2479]->Germanic[4033]->Northwest Germanic[5354]->West Germanic[6740]->North Sea Germanic[8290]->Anglo-Frisian[9705]->Anglic[10924]->Later Anglic[11872]->Middle-Modern English[12745]->Macro-English[13445]->English[13951],stan1293,English,ENGLISH,ENGLISH,IE.GERMANIC.ENGLISH
2000,Yoruba,13,Language[1747]->Atlantic-Congo[1822]->Volta-Congo[2237]->Benue-Congo[3616]->Defoid[5014]->Yoruboid[6375]->Edekiri[7956]->Ede[9517]->Eastern Ede[10813]->Southeastern Ede[11800]->Nuclear Yoruba[12689]->Lucumi-Yoruba[13394]->Yoruba[13930],yoru1245,Yoruba,OKA,OKA,NC.DEFOID.OKA
2003,English,13,Language[1747]->Indo-European[1904]->Classical Indo-European[2479]->Germanic[4033]->Northwest Germanic[5354]->West Germanic[6740]->North Sea Germanic[8290]->Anglo-Frisian[9705]->Anglic[10924]->Later Anglic[11872]->Middle-Modern English[12745]->Macro-English[13445]->English[13951],stan1293,English,ENGLISH,ENGLISH,IE.GERMANIC.ENGLISH
2006,Yoruba,13,Language[1747]->Atlantic-Congo[1822]->Volta-Congo[2237]->Benue-Congo[3616]->Defoid[5014]->Yoruboid[6375]->Edekiri[7956]->Ede[9517]->Eastern Ede[10813]->Southeastern Ede[11800]->Nuclear Yoruba[12689]->Lucumi-Yoruba[13394]->Yoruba[13930],yoru1245,Yoruba,OKA,OKA,NC.DEFOID.OKA
2009,Language,1,Language[1747],,,TOTONAC_OLINTLA,TOTONAC_OLINTLA,Tot.TOTONACAN.TOTONAC_OLINTLA
2010,Language,1,Language[1747],,,NAHUATL_XALPATLAHUAC,NAHUATL_XALPATLAHUAC,UA.AZTECAN.NAHUATL_XALPATLAHUAC
2011,English,13,Language[1747]->Indo-European[1904]->Classical Indo-European[2479]->Germanic[4033]->Northwest Germanic[5354]->West Germanic[6740]->North Sea Germanic[8290]->Anglo-Frisian[9705]->Anglic[10924]->Later Anglic[11872]->Middle-Modern English[12745]->Macro-English[13445]->English[13951],stan1293,English,ENGLISH,ENGLISH,IE.GERMANIC.ENGLISH
2016,Language,1,Language[1747],,,DJADJALA,DJADJALA,Aus.PAMA_NYUNGAN.DJADJALA
2021,Yoruba,13,Language[1747]->Atlantic-Congo[1822]->Volta-Congo[2237]->Benue-Congo[3616]->Defoid[5014]->Yoruboid[6375]->Edekiri[7956]->Ede[9517]->Eastern Ede[10813]->Southeastern Ede[11800]->Nuclear Yoruba[12689]->Lucumi-Yoruba[13394]->Yoruba[13930],yoru1245,Yoruba,YORUBA,YORUBA,NC.DEFOID.YORUBA
2023,Language,1,Language[1747],,,COLAC,COLAC,Aus.PAMA_NYUNGAN.COLAC
2027,English,13,Language[1747]->Indo-European[1904]->Classical Indo-European[2479]->Germanic[4033]->Northwest Germanic[5354]->West Germanic[6740]->North Sea Germanic[8290]->Anglo-Frisian[9705]->Anglic[10924]->Later Anglic[11872]->Middle-Modern English[12745]->Macro-English[13445]->English[13951],stan1293,English,ENGLISH,ENGLISH,IE.GERMANIC.ENGLISH
2031,Language,1,Language[1747],,,OTOMACO,OTOMACO,Oto.OTOMACO.OTOMACO
2038,Unknown,2,Language[1747]->Unknown[14806],,,DJADJALA,DJADJALA,Aus.PAMA_NYUNGAN.DJADJALA
2048,Language,1,Language[1747],,,NAHUATL_CHICHIQUILA,NAHUATL_CHICHIQUILA,UA.AZTECAN.NAHUATL_CHICHIQUILA
2051,Language,1,Language[1747],,,BARRANBIYA,BARRANBIYA,Aus.PAMA_NYUNGAN.BARRANBIYA
2052,Yoruba,13,Language[1747]->Atlantic-Congo[1822]->Volta-Congo[2237]->Benue-Congo[3616]->Defoid[5014]->Yoruboid[6375]->Edekiri[7956]->Ede[9517]->Eastern Ede[10813]->Southeastern Ede[11800]->Nuclear Yoruba[12689]->Lucumi-Yoruba[13394]->Yoruba[13930],yoru1245,Yoruba,OKA,OKA,NC.DEFOID.OKA
2054,Yoruba,13,Language[1747]->Atlantic-Congo[1822]->Volta-Congo[2237]->Benue-Congo[3616]->Defoid[5014]->Yoruboid[6375]->Edekiri[7956]->Ede[9517]->Eastern Ede[10813]->Southeastern Ede[11800]->Nuclear Yoruba[12689]->Lucumi-Yoruba[13394]->Yoruba[13930],yoru1245,Yoruba,OKA,OKA,NC.DEFOID.OKA
2061,Yoruba,13,Language[1747]->Atlantic-Congo[1822]->Volta-Congo[2237]->Benue-Congo[3616]->Defoid[5014]->Yoruboid[6375]->Edekiri[7956]->Ede[9517]->Eastern Ede[10813]->Southeastern Ede[11800]->Nuclear Yoruba[12689]->Lucumi-Yoruba[13394]->Yoruba[13930],yoru1245,Yoruba,YORUBA,YORUBA,NC.DEFOID.YORUBA
2069,Language,1,Language[1747],,,ZAPOTEC_1578,ZAPOTEC_1578,OM.ZAPOTECAN.ZAPOTEC_1578
2070,Yoruba,13,Language[1747]->Atlantic-Congo[1822]->Volta-Congo[2237]->Benue-Congo[3616]->Defoid[5014]->Yoruboid[6375]->Edekiri[7956]->Ede[9517]->Eastern Ede[10813]->Southeastern Ede[11800]->Nuclear Yoruba[12689]->Lucumi-Yoruba[13394]->Yoruba[13930],yoru1245,Yoruba,OKA,OKA,NC.DEFOID.OKA
2074,Language,1,Language[1747],,,KAWA,KAWA,TAP.GREATER_ALOR.KAWA
2084,Language,1,Language[1747],,,ZAPOTEC_1578,ZAPOTEC_1578,OM.ZAPOTECAN.ZAPOTEC_1578
2089,Language,1,Language[1747],,,SAR_INDONESIA,SAR_INDONESIA,TAP.GREATER_ALOR.SAR_INDONESIA
2094,Language,1,Language[1747],,,NAHUATL_HUEYATI_YAHUALICA,NAHUATL_HUEYATI_YAHUALICA,UA.AZTECAN.NAHUATL_HUEYATI_YAHUALICA
2100,Language,1,Language[1747],,,MILLCAYAC,MILLCAYAC,Hur.HUARPE.MILLCAYAC
2104,Language,1,Language[1747],,,ZAPOTEC_1578,ZAPOTEC_1578,OM.ZAPOTECAN.ZAPOTEC_1578
2111,Language,1,Language[1747],,,KERAMIN,KERAMIN,Aus.PAMA_NYUNGAN.KERAMIN
2114,Language,1,Language[1747],,,DHUDHUROA,DHUDHUROA,Aus.PAMA_NYUNGAN.DHUDHUROA
2116,Language,1,Language[1747],,,YITHA_YITHA,YITHA_YITHA,Aus.PAMA_NYUNGAN.YITHA_YITHA
2121,Language,1,Language[1747],,,NATI,NATI,An.OCEANIC.NATI
2122,Language,1,Language[1747],,,NAHUATL_XOXOCOTLA_PUENTE_DE_IXTLA,NAHUATL_XOXOCOTLA_PUENTE_DE_IXTLA,UA.AZTECAN.NAHUATL_XOXOCOTLA_PUENTE_DE_IXTLA
2126,English,13,Language[1747]->Indo-European[1904]->Classical Indo-European[2479]->Germanic[4033]->Northwest Germanic[5354]->West Germanic[6740]->North Sea Germanic[8290]->Anglo-Frisian[9705]->Anglic[10924]->Later Anglic[11872]->Middle-Modern English[12745]->Macro-English[13445]->English[13951],stan1293,English,ENGLISH,ENGLISH,IE.GERMANIC.ENGLISH
2128,Classical-Middle Armenian,5,Language[1747]->Indo-European[1904]->Classical Indo-European[2479]->Armenic[4030]->Classical-Middle Armenian[5347],clas1249,Classical-Middle Armenian,ARMENIAN_CLASSICAL,ARMENIAN_CLASSICAL,IE.ARMENIAN.ARMENIAN_CLASSICAL
2131,Mochica,3,Language[1747]->Language Isolates[43177]->Mochica[43305],moch1259,Mochica,MOCHICA,MOCHICA,Cmu.CHIMUAN.MOCHICA
2133,English,13,Language[1747]->Indo-European[1904]->Classical Indo-European[2479]->Germanic[4033]->Northwest Germanic[5354]->West Germanic[6740]->North Sea Germanic[8290]->Anglo-Frisian[9705]->Anglic[10924]->Later Anglic[11872]->Middle-Modern English[12745]->Macro-English[13445]->English[13951],stan1293,English,ENGLISH,ENGLISH,IE.GERMANIC.ENGLISH
2138,English,13,Language[1747]->Indo-European[1904]->Classical Indo-European[2479]->Germanic[4033]->Northwest Germanic[5354]->West Germanic[6740]->North Sea Germanic[8290]->Anglo-Frisian[9705]->Anglic[10924]->Later Anglic[11872]->Middle-Modern English[12745]->Macro-English[13445]->English[13951],stan1293,English,ENGLISH,ENGLISH,IE.GERMANIC.ENGLISH
2139,English,13,Language[1747]->Indo-European[1904]->Classical Indo-European[2479]->Germanic[4033]->Northwest Germanic[5354]->West Germanic[6740]->North Sea Germanic[8290]->Anglo-Frisian[9705]->Anglic[10924]->Later Anglic[11872]->Middle-Modern English[12745]->Macro-English[13445]->English[13951],stan1293,English,ENGLISH,ENGLISH,IE.GERMANIC.ENGLISH
2141,Language,1,Language[1747],,,ZAPOTEC_1578,ZAPOTEC_1578,OM.ZAPOTECAN.ZAPOTEC_1578
2146,Japanese,5,Language[1747]->Japonic[1889]->Japanesic[2444]->Japan-Taiwan Japanese[3890]->Japanese[5264],nucl1643,Japanese,EI_JAPANESE,EI_JAPANESE,Jap.JAPANESE.EI_JAPANESE
2147,Language,1,Language[1747],,,OTOMACO,OTOMACO,Oto.OTOMACO.OTOMACO
2148,Language,1,Language[1747],,,BARRANBIYA,BARRANBIYA,Aus.PAMA_NYUNGAN.BARRANBIYA
2149,Ancient Hebrew,9,Language[1747]->Afro-Asiatic[1977]->Semitic[3237]->West Semitic[4434]->Central Semitic[5695]->Northwest Semitic[7096]->Canaanite[8597]->Hebrewic[9968]->Ancient Hebrew[11121],anci1244,Ancient Hebrew,BIBLICAL_HEBREW,BIBLICAL_HEBREW,AA.SEMITIC.BIBLICAL_HEBREW
2157,English,13,Language[1747]->Indo-European[1904]->Classical Indo-European[2479]->Germanic[4033]->Northwest Germanic[5354]->West Germanic[6740]->North Sea Germanic[8290]->Anglo-Frisian[9705]->Anglic[10924]->Later Anglic[11872]->Middle-Modern English[12745]->Macro-English[13445]->English[13951],stan1293,English,ENGLISH,ENGLISH,IE.GERMANIC.ENGLISH
2160,Persian-Indic,3,Language[1747]->Mixed Language[1879]->Persian-Indic[2417],,,TOTONAC_OLINTLA,TOTONAC_OLINTLA,Tot.TOTONACAN.TOTONAC_OLINTLA
2166,Language,1,Language[1747],,,TZOTZIL_ZINACANTAN_1600,TZOTZIL_ZINACANTAN_1600,May.MAYAN.TZOTZIL_ZINACANTAN_1600
2168,Language,1,Language[1747],,,COERUNA,COERUNA,Hui.UNCLASSIFIED_HUITOTOAN.COERUNA
2178,English,13,Language[1747]->Indo-European[1904]->Classical Indo-European[2479]->Germanic[4033]->Northwest Germanic[5354]->West Germanic[6740]->North Sea Germanic[8290]->Anglo-Frisian[9705]->Anglic[10924]->Later Anglic[11872]->Middle-Modern English[12745]->Macro-English[13445]->English[13951],stan1293,English,ENGLISH,ENGLISH,IE.GERMANIC.ENGLISH
2180,Vietnamese,5,Language[1747]->Austroasiatic[1937]->Vietic[2623]->Viet-Muong[4266]->Vietnamese[5526],viet1252,Vietnamese,VIETNAMESE,VIETNAMESE,AuA.VIET_MUONG.VIETNAMESE
2194,English,13,Language[1747]->Indo-European[1904]->Classical Indo-European[2479]->Germanic[4033]->Northwest Germanic[5354]->West Germanic[6740]->North Sea Germanic[8290]->Anglo-Frisian[9705]->Anglic[10924]->Later Anglic[11872]->Middle-Modern English[12745]->Macro-English[13445]->English[13951],stan1293,English,ENGLISH,ENGLISH,IE.GERMANIC.ENGLISH
2200,Yoruba,13,Language[1747]->Atlantic-Congo[1822]->Volta-Congo[2237]->Benue-Congo[3616]->Defoid[5014]->Yoruboid[6375]->Edekiri[7956]->Ede[9517]->Eastern Ede[10813]->Southeastern Ede[11800]->Nuclear Yoruba[12689]->Lucumi-Yoruba[13394]->Yoruba[13930],yoru1245,Yoruba,OKA,OKA,NC.DEFOID.OKA
2203,Literary Chinese,5,Language[1747]->Sino-Tibetan[1946]->Sinitic[3038]->Classical-Middle-Modern Sinitic[4342]->Literary Chinese[5612],,,ZAPOTEC_1578,ZAPOTEC_1578,OM.ZAPOTECAN.ZAPOTEC_1578
2209,Yoruba,13,Language[1747]->Atlantic-Congo[1822]->Volta-Congo[2237]->Benue-Congo[3616]->Defoid[5014]->Yoruboid[6375]->Edekiri[7956]->Ede[9517]->Eastern Ede[10813]->Southeastern Ede[11800]->Nuclear Yoruba[12689]->Lucumi-Yoruba[13394]->Yoruba[13930],yoru1245,Yoruba,YORUBA,YORUBA,NC.DEFOID.YORUBA
2210,Yoruba,13,Language[1747]->Atlantic-Congo[1822]->Volta-Congo[2237]->Benue-Congo[3616]->Defoid[5014]->Yoruboid[6375]->Edekiri[7956]->Ede[9517]->Eastern Ede[10813]->Southeastern Ede[11800]->Nuclear Yoruba[12689]->Lucumi-Yoruba[13394]->Yoruba[13930],yoru1245,Yoruba,YORUBA,YORUBA,NC.DEFOID.YORUBA
2214,Unknown,2,Language[1747]->Unknown[14806],,,KERAMIN,KERAMIN,Aus.PAMA_NYUNGAN.KERAMIN
2220,Yoruba,13,Language[1747]->Atlantic-Congo[1822]->Volta-Congo[2237]->Benue-Congo[3616]->Defoid[5014]->Yoruboid[6375]->Edekiri[7956]->Ede[9517]->Eastern Ede[10813]->Southeastern Ede[11800]->Nuclear Yoruba[12689]->Lucumi-Yoruba[13394]->Yoruba[13930],yoru1245,Yoruba,OKA,OKA,NC.DEFOID.OKA
2225,Language,1,Language[1747],,,JIRINGAYN,JIRINGAYN,Aus.PAMA_NYUNGAN.JIRINGAYN
2228,English,13,Language[1747]->Indo-European[1904]->Classical Indo-European[2479]->Germanic[4033]->Northwest Germanic[5354]->West Germanic[6740]->North Sea Germanic[8290]->Anglo-Frisian[9705]->Anglic[10924]->Later Anglic[11872]->Middle-Modern English[12745]->Macro-English[13445]->English[13951],stan1293,English,ENGLISH,ENGLISH,IE.GERMANIC.ENGLISH
2232,English,13,Language[1747]->Indo-European[1904]->Classical Indo-European[2479]->Germanic[4033]->Northwest Germanic[5354]->West Germanic[6740]->North Sea Germanic[8290]->Anglo-Frisian[9705]->Anglic[10924]->Later Anglic[11872]->Middle-Modern English[12745]->Macro-English[13445]->English[13951],stan1293,English,ENGLISH,ENGLISH,IE.GERMANIC.ENGLISH
2233,Language,1,Language[1747],,,NAHUATL_XOXOCOTLA_PUENTE_DE_IXTLA,NAHUATL_XOXOCOTLA_PUENTE_DE_IXTLA,UA.AZTECAN.NAHUATL_XOXOCOTLA_PUENTE_DE_IXTLA
2237,English,13,Language[1747]->Indo-European[1904]->Classical Indo-European[2479]->Germanic[4033]->Northwest Germanic[5354]->West Germanic[6740]->North Sea Germanic[8290]->Anglo-Frisian[9705]->Anglic[10924]->Later Anglic[11872]->Middle-Modern English[12745]->Macro-English[13445]->English[13951],stan1293,English,ENGLISH,ENGLISH,IE.GERMANIC.ENGLISH
2238,Language,1,Language[1747],,,NAHUATL_XAALITLA_TEPECUAUILCO,NAHUATL_XAALITLA_TEPECUAUILCO,UA.AZTECAN.NAHUATL_XAALITLA_TEPECUAUILCO
2239,Unknown,2,Language[1747]->Unknown[14806],,,NAHUATL_XALPATLAHUAC,NAHUATL_XALPATLAHUAC,UA.AZTECAN.NAHUATL_XALPATLAHUAC
2240,Quechua IIC,4,Language[1747]->Quechuan[1831]->Quechua II[2262]->Quechua IIC[42239],,,DYARIM,DYARIM,AA.WEST_CHADIC.DYARIM
2241,Latin,8,Language[1747]->Indo-European[1904]->Classical Indo-European[2479]->Italic[4031]->Latino-Faliscan[5349]->Latinic[6736]->Imperial Latin[8284]->Latin[9691],lati1261,Latin,LATIN,LATIN,IE.ROMANCE.LATIN
2243,Middle Chinese,6,Language[1747]->Sino-Tibetan[1946]->Sinitic[3038]->Classical-Middle-Modern Sinitic[4342]->Middle-Modern Sinitic[5613]->Middle Chinese[7037],midd1344,Middle Chinese,MIDDLE_CHINESE,MIDDLE_CHINESE,ST.CHINESE.MIDDLE_CHINESE
2244,Language,1,Language[1747],,,NAHUATL_HUEYATI_YAHUALICA,NAHUATL_HUEYATI_YAHUALICA,UA.AZTECAN.NAHUATL_HUEYATI_YAHUALICA
2245,Language,1,Language[1747],,,NATI,NATI,An.OCEANIC.NATI
2246,Language,1,Language[1747],,,CUNG,CUNG,NC.BANTOID.CUNG
2247,Language,1,Language[1747],,,BIGAMBAL,BIGAMBAL,Aus.PAMA_NYUNGAN.BIGAMBAL
2248,Language,1,Language[1747],,,ZAPOTEC_1578,ZAPOTEC_1578,OM.ZAPOTECAN.ZAPOTEC_1578
2255,Middle Chinese,6,Language[1747]->Sino-Tibetan[1946]->Sinitic[3038]->Classical-Middle-Modern Sinitic[4342]->Middle-Modern Sinitic[5613]->Middle Chinese[7037],midd1344,Middle Chinese,MIDDLE_CHINESE,MIDDLE_CHINESE,ST.CHINESE.MIDDLE_CHINESE
2256,Language,1,Language[1747],,,NAHUATL_SANTA_ANA_TLACOTENCO,NAHUATL_SANTA_ANA_TLACOTENCO,UA.AZTECAN.NAHUATL_SANTA_ANA_TLACOTENCO
2264,English,13,Language[1747]->Indo-European[1904]->Classical Indo-European[2479]->Germanic[4033]->Northwest Germanic[5354]->West Germanic[6740]->North Sea Germanic[8290]->Anglo-Frisian[9705]->Anglic[10924]->Later Anglic[11872]->Middle-Modern English[12745]->Macro-English[13445]->English[13951],stan1293,English,ENGLISH,ENGLISH,IE.GERMANIC.ENGLISH
2266,Old Chinese,4,Language[1747]->Sino-Tibetan[1946]->Sinitic[3038]->Old Chinese[4344],oldc1244,Old Chinese,OLD_CHINESE,OLD_CHINESE,ST.CHINESE.OLD_CHINESE
2271,English,13,Language[1747]->Indo-European[1904]->Classical Indo-European[2479]->Germanic[4033]->Northwest Germanic[5354]->West Germanic[6740]->North Sea Germanic[8290]->Anglo-Frisian[9705]->Anglic[10924]->Later Anglic[11872]->Middle-Modern English[12745]->Macro-English[13445]->English[13951],stan1293,English,ENGLISH,ENGLISH,IE.GERMANIC.ENGLISH
2273,Language,1,Language[1747],,,NAHUATL_CHILOCOYO_HUEHUETLA,NAHUATL_CHILOCOYO_HUEHUETLA,UA.AZTECAN.NAHUATL_CHILOCOYO_HUEHUETLA
2274,Yoruba,13,Language[1747]->Atlantic-Congo[1822]->Volta-Congo[2237]->Benue-Congo[3616]->Defoid[5014]->Yoruboid[6375]->Edekiri[7956]->Ede[9517]->Eastern Ede[10813]->Southeastern Ede[11800]->Nuclear Yoruba[12689]->Lucumi-Yoruba[13394]->Yoruba[13930],yoru1245,Yoruba,YORUBA,YORUBA,NC.DEFOID.YORUBA
2276,Language,1,Language[1747],,,CAMBERRA_LANGUAGE,CAMBERRA_LANGUAGE,Aus.PAMA_NYUNGAN.CAMBERRA_LANGUAGE
2278,Language,1,Language[1747],,,ALLENTIAC,ALLENTIAC,Hur.HUARPE.ALLENTIAC
2279,Language,1,Language[1747],,,ULTERIOR_MIXE_C,ULTERIOR_MIXE_C,MZ.MIXE_ZOQUE.ULTERIOR_MIXE_C
2283,Language,1,Language[1747],,,NAHUATL_AXOCHIAPAN,NAHUATL_AXOCHIAPAN,UA.AZTECAN.NAHUATL_AXOCHIAPAN
2284,Purepecha,3,Language[1747]->Tarascan[1772]->Purepecha[2058],pure1242,Purepecha,TARASCAN,TARASCAN,Tar.TARASCAN.TARASCAN
2286,Unknown,2,Language[1747]->Unknown[14806],,,GUYAMBAL,GUYAMBAL,Aus.PAMA_NYUNGAN.GUYAMBAL
2287,Language,1,Language[1747],,,NAHUATL_XOCHIATIPAN,NAHUATL_XOCHIATIPAN,UA.AZTECAN.NAHUATL_XOCHIATIPAN
2288,Language,1,Language[1747],,,POLCI,POLCI,AA.WEST_CHADIC.POLCI
2290,Language,1,Language[1747],,,MIRRIPU_TIMOTE,MIRRIPU_TIMOTE,TC.TIMOTE_CUICA.MIRRIPU_TIMOTE
2297,English,13,Language[1747]->Indo-European[1904]->Classical Indo-European[2479]->Germanic[4033]->Northwest Germanic[5354]->West Germanic[6740]->North Sea Germanic[8290]->Anglo-Frisian[9705]->Anglic[10924]->Later Anglic[11872]->Middle-Modern English[12745]->Macro-English[13445]->English[13951],stan1293,English,ENGLISH,ENGLISH,IE.GERMANIC.ENGLISH
2299,Language,1,Language[1747],,,ARAMAIC_ANCIENT,ARAMAIC_ANCIENT,AA.SEMITIC.ARAMAIC_ANCIENT
2301,Language,1,Language[1747],,,COMMON_TOCHARIAN,COMMON_TOCHARIAN,IE.TOCHARIAN.COMMON_TOCHARIAN
2308,Language,1,Language[1747],,,THAWA,THAWA,Aus.PAMA_NYUNGAN.THAWA
2309,Language,1,Language[1747],,,LATE_EGYPTIAN,LATE_EGYPTIAN,AA.EGYPTIAN_COPTIC.LATE_EGYPTIAN
2312,English,13,Language[1747]->Indo-European[1904]->Classical Indo-European[2479]->Germanic[4033]->Northwest Germanic[5354]->West Germanic[6740]->North Sea Germanic[8290]->Anglo-Frisian[9705]->Anglic[10924]->Later Anglic[11872]->Middle-Modern English[12745]->Macro-English[13445]->English[13951],stan1293,English,ENGLISH,ENGLISH,IE.GERMANIC.ENGLISH
2313,Middle Chinese,6,Language[1747]->Sino-Tibetan[1946]->Sinitic[3038]->Classical-Middle-Modern Sinitic[4342]->Middle-Modern Sinitic[5613]->Middle Chinese[7037],midd1344,Middle Chinese,MIDDLE_CHINESE,MIDDLE_CHINESE,ST.CHINESE.MIDDLE_CHINESE
2320,Language,1,Language[1747],,,ALLENTIAC,ALLENTIAC,Hur.HUARPE.ALLENTIAC
2321,Language,1,Language[1747],,,OMEO,OMEO,Aus.PAMA_NYUNGAN.OMEO
2322,Language,1,Language[1747],,,ALLENTIAC,ALLENTIAC,Hur.HUARPE.ALLENTIAC
2324,Language,1,Language[1747],,,ULTERIOR_MIXE_C,ULTERIOR_MIXE_C,MZ.MIXE_ZOQUE.ULTERIOR_MIXE_C
2325,Language,1,Language[1747],,,BARRANBIYA,BARRANBIYA,Aus.PAMA_NYUNGAN.BARRANBIYA
2327,Yoruba,13,Language[1747]->Atlantic-Congo[1822]->Volta-Congo[2237]->Benue-Congo[3616]->Defoid[5014]->Yoruboid[6375]->Edekiri[7956]->Ede[9517]->Eastern Ede[10813]->Southeastern Ede[11800]->Nuclear Yoruba[12689]->Lucumi-Yoruba[13394]->Yoruba[13930],yoru1245,Yoruba,YORUBA,YORUBA,NC.DEFOID.YORUBA
2328,Language,1,Language[1747],,,GUACHI,GUACHI,Gch.GUACHI.GUACHI
2329,Vietnamese,5,Language[1747]->Austroasiatic[1937]->Vietic[2623]->Viet-Muong[4266]->Vietnamese[5526],viet1252,Vietnamese,VIETNAMESE,VIETNAMESE,AuA.VIET_MUONG.VIETNAMESE
2330,English,13,Language[1747]->Indo-European[1904]->Classical Indo-European[2479]->Germanic[4033]->Northwest Germanic[5354]->West Germanic[6740]->North Sea Germanic[8290]->Anglo-Frisian[9705]->Anglic[10924]->Later Anglic[11872]->Middle-Modern English[12745]->Macro-English[13445]->English[13951],stan1293,English,ENGLISH,ENGLISH,IE.GERMANIC.ENGLISH
2331,Language,1,Language[1747],,,NAHUATL_AMILCINGO_ZACUALPAN,NAHUATL_AMILCINGO_ZACUALPAN,UA.AZTECAN.NAHUATL_AMILCINGO_ZACUALPAN
2332,Language,1,Language[1747],,,BARRANBIYA,BARRANBIYA,Aus.PAMA_NYUNGAN.BARRANBIYA
2333,English,13,Language[1747]->Indo-European[1904]->Classical Indo-European[2479]->Germanic[4033]->Northwest Germanic[5354]->West Germanic[6740]->North Sea Germanic[8290]->Anglo-Frisian[9705]->Anglic[10924]->Later Anglic[11872]->Middle-Modern English[12745]->Macro-English[13445]->English[13951],stan1293,English,ENGLISH,ENGLISH,IE.GERMANIC.ENGLISH
2335,English,13,Language[1747]->Indo-European[1904]->Classical Indo-European[2479]->Germanic[4033]->Northwest Germanic[5354]->West Germanic[6740]->North Sea Germanic[8290]->Anglo-Frisian[9705]->Anglic[10924]->Later Anglic[11872]->Middle-Modern English[12745]->Macro-English[13445]->English[13951],stan1293,English,ENGLISH,ENGLISH,IE.GERMANIC.ENGLISH
2337,Language,1,Language[1747],,,NAHUATL_JALATLACO,NAHUATL_JALATLACO,UA.AZTECAN.NAHUATL_JALATLACO
2339,Yoruba,13,Language[1747]->Atlantic-Congo[1822]->Volta-Congo[2237]->Benue-Congo[3616]->Defoid[5014]->Yoruboid[6375]->Edekiri[7956]->Ede[9517]->Eastern Ede[10813]->Southeastern Ede[11800]->Nuclear Yoruba[12689]->Lucumi-Yoruba[13394]->Yoruba[13930],yoru1245,Yoruba,YORUBA,YORUBA,NC.DEFOID.YORUBA
2341,Language,1,Language[1747],,,DYARIM,DYARIM,AA.WEST_CHADIC.DYARIM
2344,Unknown,2,Language[1747]->Unknown[14806],,,NAHUATL_XAALITLA_TEPECUAUILCO,NAHUATL_XAALITLA_TEPECUAUILCO,UA.AZTECAN.NAHUATL_XAALITLA_TEPECUAUILCO
2345,Language,1,Language[1747],,,NAHUATL_MONTEGRANDE_PLATON_SANCHEZ,NAHUATL_MONTEGRANDE_PLATON_SANCHEZ,UA.AZTECAN.NAHUATL_MONTEGRANDE_PLATON_SANCHEZ
2346,Language,1,Language[1747],,,BARRANBIYA,BARRANBIYA,Aus.PAMA_NYUNGAN.BARRANBIYA
2347,Japanese,5,Language[1747]->Japonic[1889]->Japanesic[2444]->Japan-Taiwan Japanese[3890]->Japanese[5264],nucl1643,Japanese,TOKYO_JAPANESE,TOKYO_JAPANESE,Jap.JAPANESE.TOKYO_JAPANESE
2348,Ancient Hebrew,9,Language[1747]->Afro-Asiatic[1977]->Semitic[3237]->West Semitic[4434]->Central Semitic[5695]->Northwest Semitic[7096]->Canaanite[8597]->Hebrewic[9968]->Ancient Hebrew[11121],anci1244,Ancient Hebrew,BIBLICAL_HEBREW,BIBLICAL_HEBREW,AA.SEMITIC.BIBLICAL_HEBREW
2349,English,13,Language[1747]->Indo-European[1904]->Classical Indo-European[2479]->Germanic[4033]->Northwest Germanic[5354]->West Germanic[6740]->North Sea Germanic[8290]->Anglo-Frisian[9705]->Anglic[10924]->Later Anglic[11872]->Middle-Modern English[12745]->Macro-English[13445]->English[13951],stan1293,English,ENGLISH,ENGLISH,IE.GERMANIC.ENGLISH
2353,English,13,Language[1747]->Indo-European[1904]->Classical Indo-European[2479]->Germanic[4033]->Northwest Germanic[5354]->West Germanic[6740]->North Sea Germanic[8290]->Anglo-Frisian[9705]->Anglic[10924]->Later Anglic[11872]->Middle-Modern English[12745]->Macro-English[13445]->English[13951],stan1293,English,ENGLISH,ENGLISH,IE.GERMANIC.ENGLISH
2360,English,13,Language[1747]->Indo-European[1904]->Classical Indo-European[2479]->Germanic[4033]->Northwest Germanic[5354]->West Germanic[6740]->North Sea Germanic[8290]->Anglo-Frisian[9705]->Anglic[10924]->Later Anglic[11872]->Middle-Modern English[12745]->Macro-English[13445]->English[13951],stan1293,English,ENGLISH,ENGLISH,IE.GERMANIC.ENGLISH
2361,Core Siouan,3,Language[1747]->Siouan[1788]->Core Siouan[2099],,,OTOMACO,OTOMACO,Oto.OTOMACO.OTOMACO
2362,Language,1,Language[1747],,,DHUDHUROA,DHUDHUROA,Aus.PAMA_NYUNGAN.DHUDHUROA
2363,Language,1,Language[1747],,,NAHUATL_XOCHIATIPAN,NAHUATL_XOCHIATIPAN,UA.AZTECAN.NAHUATL_XOCHIATIPAN
2365,Language,1,Language[1747],,,AURAN_KULON_PAZEH,AURAN_KULON_PAZEH,An.NORTHWEST_FORMOSAN.AURAN_KULON_PAZEH
2366,English,13,Language[1747]->Indo-European[1904]->Classical Indo-European[2479]->Germanic[4033]->Northwest Germanic[5354]->West Germanic[6740]->North Sea Germanic[8290]->Anglo-Frisian[9705]->Anglic[10924]->Later Anglic[11872]->Middle-Modern English[12745]->Macro-English[13445]->English[13951],stan1293,English,ENGLISH,ENGLISH,IE.GERMANIC.ENGLISH
2369,Language,1,Language[1747],,,THAWA,THAWA,Aus.PAMA_NYUNGAN.THAWA
2371,Language,1,Language[1747],,,DHUDHUROA,DHUDHUROA,Aus.PAMA_NYUNGAN.DHUDHUROA
2373,English,13,Language[1747]->Indo-European[1904]->Classical Indo-European[2479]->Germanic[4033]->Northwest Germanic[5354]->West Germanic[6740]->North Sea Germanic[8290]->Anglo-Frisian[9705]->Anglic[10924]->Later Anglic[11872]->Middle-Modern English[12745]->Macro-English[13445]->English[13951],stan1293,English,ENGLISH,ENGLISH,IE.GERMANIC.ENGLISH
2375,English,13,Language[1747]->Indo-European[1904]->Classical Indo-European[2479]->Germanic[4033]->Northwest Germanic[5354]->West Germanic[6740]->North Sea Germanic[8290]->Anglo-Frisian[9705]->Anglic[10924]->Later Anglic[11872]->Middle-Modern English[12745]->Macro-English[13445]->English[13951],stan1293,English,ENGLISH,ENGLISH,IE.GERMANIC.ENGLISH
2376,English,13,Language[1747]->Indo-European[1904]->Classical Indo-European[2479]->Germanic[4033]->Northwest Germanic[5354]->West Germanic[6740]->North Sea Germanic[8290]->Anglo-Frisian[9705]->Anglic[10924]->Later Anglic[11872]->Middle-Modern English[12745]->Macro-English[13445]->English[13951],stan1293,English,ENGLISH,ENGLISH,IE.GERMANIC.ENGLISH
2407,English,13,Language[1747]->Indo-European[1904]->Classical Indo-European[2479]->Germanic[4033]->Northwest Germanic[5354]->West Germanic[6740]->North Sea Germanic[8290]->Anglo-Frisian[9705]->Anglic[10924]->Later Anglic[11872]->Middle-Modern English[12745]->Macro-English[13445]->English[13951],stan1293,English,ENGLISH,ENGLISH,IE.GERMANIC.ENGLISH
2418,Unknown,2,Language[1747]->Unknown[14806],,,NAHUATL_XALPATLAHUAC,NAHUATL_XALPATLAHUAC,UA.AZTECAN.NAHUATL_XALPATLAHUAC
2419,Language,1,Language[1747],,,POLCI,POLCI,AA.WEST_CHADIC.POLCI
2420,Language,1,Language[1747],,,CARIB_1665,CARIB_1665,Arw.NORTHERN_ARAWAKAN.CARIB_1665
2426,Unknown,2,Language[1747]->Unknown[14806],,,CAMBERRA_LANGUAGE,CAMBERRA_LANGUAGE,Aus.PAMA_NYUNGAN.CAMBERRA_LANGUAGE
2428,English,13,Language[1747]->Indo-European[1904]->Classical Indo-European[2479]->Germanic[4033]->Northwest Germanic[5354]->West Germanic[6740]->North Sea Germanic[8290]->Anglo-Frisian[9705]->Anglic[10924]->Later Anglic[11872]->Middle-Modern English[12745]->Macro-English[13445]->English[13951],stan1293,English,ENGLISH,ENGLISH,IE.GERMANIC.ENGLISH
2429,Language,1,Language[1747],,,NAHUATL_LA_REFORMA_TEPEHUACAN_DE_GUERRERO,NAHUATL_LA_REFORMA_TEPEHUACAN_DE_GUERRERO,UA.AZTECAN.NAHUATL_LA_REFORMA_TEPEHUACAN_DE_GUERRERO
2433,Language,1,Language[1747],,,NAHUATL_SANTA_MARIA_TEOPOXCO,NAHUATL_SANTA_MARIA_TEOPOXCO,UA.AZTECAN.NAHUATL_SANTA_MARIA_TEOPOXCO
2445,Language,1,Language[1747],,,NAHUATL_XOCHIATIPAN,NAHUATL_XOCHIATIPAN,UA.AZTECAN.NAHUATL_XOCHIATIPAN
2450,English,13,Language[1747]->Indo-European[1904]->Classical Indo-European[2479]->Germanic[4033]->Northwest Germanic[5354]->West Germanic[6740]->North Sea Germanic[8290]->Anglo-Frisian[9705]->Anglic[10924]->Later Anglic[11872]->Middle-Modern English[12745]->Macro-English[13445]->English[13951],stan1293,English,ENGLISH,ENGLISH,IE.GERMANIC.ENGLISH
2451,English,13,Language[1747]->Indo-European[1904]->Classical Indo-European[2479]->Germanic[4033]->Northwest Germanic[5354]->West Germanic[6740]->North Sea Germanic[8290]->Anglo-Frisian[9705]->Anglic[10924]->Later Anglic[11872]->Middle-Modern English[12745]->Macro-English[13445]->English[13951],stan1293,English,ENGLISH,ENGLISH,IE.GERMANIC.ENGLISH
2453,Language,1,Language[1747],,,NAHUATL_XOCHIATIPAN,NAHUATL_XOCHIATIPAN,UA.AZTECAN.NAHUATL_XOCHIATIPAN
2455,English,13,Language[1747]->Indo-European[1904]->Classical Indo-European[2479]->Germanic[4033]->Northwest Germanic[5354]->West Germanic[6740]->North Sea Germanic[8290]->Anglo-Frisian[9705]->Anglic[10924]->Later Anglic[11872]->Middle-Modern English[12745]->Macro-English[13445]->English[13951],stan1293,English,ENGLISH,ENGLISH,IE.GERMANIC.ENGLISH
2456,English,13,Language[1747]->Indo-European[1904]->Classical Indo-European[2479]->Germanic[4033]->Northwest Germanic[5354]->West Germanic[6740]->North Sea Germanic[8290]->Anglo-Frisian[9705]->Anglic[10924]->Later Anglic[11872]->Middle-Modern English[12745]->Macro-English[13445]->English[13951],stan1293,English,ENGLISH,ENGLISH,IE.GERMANIC.ENGLISH
2457,English,13,Language[1747]->Indo-European[1904]->Classical Indo-European[2479]->Germanic[4033]->Northwest Germanic[5354]->West Germanic[6740]->North Sea Germanic[8290]->Anglo-Frisian[9705]->Anglic[10924]->Later Anglic[11872]->Middle-Modern English[12745]->Macro-English[13445]->English[13951],stan1293,English,ENGLISH,ENGLISH,IE.GERMANIC.ENGLISH
2458,English,13,Language[1747]->Indo-European[1904]->Classical Indo-European[2479]->Germanic[4033]->Northwest Germanic[5354]->West Germanic[6740]->North Sea Germanic[8290]->Anglo-Frisian[9705]->Anglic[10924]->Later Anglic[11872]->Middle-Modern English[12745]->Macro-English[13445]->English[13951],stan1293,English,ENGLISH,ENGLISH,IE.GERMANIC.ENGLISH
2464,English,13,Language[1747]->Indo-European[1904]->Classical Indo-European[2479]->Germanic[4033]->Northwest Germanic[5354]->West Germanic[6740]->North Sea Germanic[8290]->Anglo-Frisian[9705]->Anglic[10924]->Later Anglic[11872]->Middle-Modern English[12745]->Macro-English[13445]->English[13951],stan1293,English,ENGLISH,ENGLISH,IE.GERMANIC.ENGLISH
2482,Hausa,7,Language[1747]->Afro-Asiatic[1977]->Chadic[3241]->West Chadic[4451]->West Chadic A[5722]->West Chadic A.1[7147]->Hausa[8667],haus1257,Hausa,HAUSA,HAUSA,AA.WEST_CHADIC.HAUSA
2483,Language,1,Language[1747],,,NAHUATL_CHINANCAHUATL_ZACUALTIPAN,NAHUATL_CHINANCAHUATL_ZACUALTIPAN,UA.AZTECAN.NAHUATL_CHINANCAHUATL_ZACUALTIPAN
2484,Language,1,Language[1747],,,NAHUATL_IXHUATLAN_DE_MADERO,NAHUATL_IXHUATLAN_DE_MADERO,UA.AZTECAN.NAHUATL_IXHUATLAN_DE_MADERO
2485,Language,1,Language[1747],,,NAHUATL_SANTA_ANA_TLACOTENCO,NAHUATL_SANTA_ANA_TLACOTENCO,UA.AZTECAN.NAHUATL_SANTA_ANA_TLACOTENCO
2486,Language,1,Language[1747],,,GUINAU,GUINAU,Arw.NORTHERN_ARAWAKAN.GUINAU
2487,English,13,Language[1747]->Indo-European[1904]->Classical Indo-European[2479]->Germanic[4033]->Northwest Germanic[5354]->West Germanic[6740]->North Sea Germanic[8290]->Anglo-Frisian[9705]->Anglic[10924]->Later Anglic[11872]->Middle-Modern English[12745]->Macro-English[13445]->English[13951],stan1293,English,ENGLISH,ENGLISH,IE.GERMANIC.ENGLISH
2490,Literary Chinese,5,Language[1747]->Sino-Tibetan[1946]->Sinitic[3038]->Classical-Middle-Modern Sinitic[4342]->Literary Chinese[5612],,,TAPE,TAPE,An.OCEANIC.TAPE
2492,Language,1,Language[1747],,,NAHUATL_JICOCINGO_ZACATLAN,NAHUATL_JICOCINGO_ZACATLAN,UA.AZTECAN.NAHUATL_JICOCINGO_ZACATLAN
2496,Language,1,Language[1747],,,GUINAU,GUINAU,Arw.NORTHERN_ARAWAKAN.GUINAU
2506,Language,1,Language[1747],,,GUACHI,GUACHI,Gch.GUACHI.GUACHI
2508,Language,1,Language[1747],,,TOTONAC_OZELONACAXTLA,TOTONAC_OZELONACAXTLA,Tot.TOTONACAN.TOTONAC_OZELONACAXTLA
2509,Language,1,Language[1747],,,SAR_INDONESIA,SAR_INDONESIA,TAP.GREATER_ALOR.SAR_INDONESIA
2518,French,18,Language[1747]->Indo-European[1904]->Classical Indo-European[2479]->Italic[4031]->Latino-Faliscan[5349]->Latinic[6736]->Imperial Latin[8284]->Romance[9690]->Italo-Western Romance[10909]->Western Romance[11855]->Shifted Western Romance[12721]->Northwestern Shifted Romance[13414]->Gallo-Rhaetian[13934]->Oil[14282]->Central Oil[14449]->Macro-French[14570]->Global French[14636]->French[14711],stan1290,French,FRENCH,FRENCH,IE.ROMANCE.FRENCH
2525,Purepecha,3,Language[1747]->Tarascan[1772]->Purepecha[2058],pure1242,Purepecha,PURHEPECHA_2,PURHEPECHA_2,Tar.TARASCAN.PURHEPECHA_2
2526,Tabasco Chontal,8,Language[1747]->Mayan[1870]->Core Mayan[2397]->Western Mayan[3800]->Cholan-Tzeltalan[5170]->Cholan[6561]->Chol-Chontal[8145]->Tabasco Chontal[9607],taba1266,Tabasco Chontal,CHONTAL_TABASCO,CHONTAL_TABASCO,May.MAYAN.CHONTAL_TABASCO
2528,Phoenician,10,Language[1747]->Afro-Asiatic[1977]->Semitic[3237]->West Semitic[4434]->Central Semitic[5695]->Northwest Semitic[7096]->Canaanite[8597]->Ugarito-Phoenician[9969]->Phoenician-Punic[11124]->Phoenician[12051],phoe1239,Phoenician,PHOENICIAN,PHOENICIAN,AA.SEMITIC.PHOENICIAN
2548,Language,1,Language[1747],,,BIGAMBAL,BIGAMBAL,Aus.PAMA_NYUNGAN.BIGAMBAL
2564,English,13,Language[1747]->Indo-European[1904]->Classical Indo-European[2479]->Germanic[4033]->Northwest Germanic[5354]->West Germanic[6740]->North Sea Germanic[8290]->Anglo-Frisian[9705]->Anglic[10924]->Later Anglic[11872]->Middle-Modern English[12745]->Macro-English[13445]->English[13951],stan1293,English,ENGLISH,ENGLISH,IE.GERMANIC.ENGLISH
2567,Language,1,Language[1747],,,ALLENTIAC,ALLENTIAC,Hur.HUARPE.ALLENTIAC
2569,English,13,Language[1747]->Indo-European[1904]->Classical Indo-European[2479]->Germanic[4033]->Northwest Germanic[5354]->West Germanic[6740]->North Sea Germanic[8290]->Anglo-Frisian[9705]->Anglic[10924]->Later Anglic[11872]->Middle-Modern English[12745]->Macro-English[13445]->English[13951],stan1293,English,ENGLISH,ENGLISH,IE.GERMANIC.ENGLISH
2590,Language,1,Language[1747],,,CARIB_1665,CARIB_1665,Arw.NORTHERN_ARAWAKAN.CARIB_1665
2614,Hausa,7,Language[1747]->Afro-Asiatic[1977]->Chadic[3241]->West Chadic[4451]->West Chadic A[5722]->West Chadic A.1[7147]->Hausa[8667],haus1257,Hausa,KANO,KANO,AA.WEST_CHADIC.KANO
