tip_name,asjp_id,glottocode,glottolog_name
Tor.MARIENBERG.BUNA,BUNA,,
Tor.MARIENBERG.KAKARA_BUNA,KAKARA_BUNA,,
Tor.MARIENBERG.BUNGAIN,BUNGAIN,bung1270,Bungain
Tor.MARIENBERG.MANDI_PAPUANG,MANDI_PAPUANG,wiar1238,Wiarumus
Tor.MARIENBERG.MUNIWARA,MUNIWARA,juwa1238,Juwal
Tor.MARIENBERG.URIMO,URIMO,urim1251,Urimo
Tor.MARIENBERG.PARUWA,PARUWA,kama1367,Kamasau
Tor.MARIENBERG.KENYARI,KENYARI,kama1367,Kamasau
Tor.MARIENBERG.YIBAB,YIBAB,kama1367,Kamasau
Tor.MARIENBERG.SAMAP,SAMAP,elep1240,Elepi
Tor.MARIENBERG.WANDOMI,WANDOMI,kama1367,Kamasau
Tor.MARIENBERG.KAMASAU,KAMASAU,kama1367,Kamasau
Tor.MARIENBERG.WAU,WAU,kama1367,Kamasau
Tor.MARIENBERG.KAMASAU_2,KAMASAU_2,kama1367,Kamasau
Tor.MARIENBERG.TRING_PNG,TRING_PNG,kama1367,Kamasau
Tor.WEST_WAPEI.SETA,SETA,seta1245,Seta
Tor.WEST_WAPEI.SETI,SETI,seti1248,Seti
Tor.WEST_WAPEI.MOLMO_ONE,MOLMO_ONE,molm1235,Molmo One
Tor.WEST_WAPEI.ONE_INEBU,ONE_INEBU,ineb1235,Inebu One
Tor.MAIMAI.BELI,BELI,beli1258,Beli (Papua New Guinea)
Tor.WAPEI_PALEI.YIL,YIL,yill1241,Yil
Tor.WAPEI_PALEI.NINGIL,NINGIL,ning1273,Ningil
Tor.WAPEI_PALEI.YIR,YIR,yill1241,Yil
Tor.WAPEI_PALEI.DIA,DIA,,
Tor.WAPEI_PALEI.GALU,GALU,sina1269,Galu
Tor.WAPEI_PALEI.SINAGEN,SINAGEN,sina1269,Galu
Tor.WAPEI_PALEI.YAU,YAU,yaus1235,Yau (Sandaun Province)
Tor.WAPEI_PALEI.YIS,YIS,,
Tor.WAPEI_PALEI.AU,AU,auuu1241,Au
Tor.WAPEI_PALEI.ELKEI,ELKEI,elke1240,Elkei
Tor.WAPEI_PALEI.OLO_ERETEI,OLO_ERETEI,oloo1241,Olo
Tor.WAPEI_PALEI.OLO_LUMI,OLO_LUMI,oloo1241,Olo
Tor.WAPEI_PALEI.OLO_YEBIL,OLO_YEBIL,oloo1241,Olo
Tor.MAIMAI.SELEPUT,SELEPUT,sili1247,Siliput
Tor.MAIMAI.YAHANG,YAHANG,yaha1247,Yahang
Tor.MAIMAI.HEYO_2,HEYO_2,heyo1240,Heyo
Tor.MAIMAI.HEYO,HEYO,heyo1240,Heyo
Tor.WAPEI_PALEI.WIAKI,WIAKI,mini1253,Minidien
Tor.KOMBIO_ARAPESH.WAM,WAM,womp1235,Wom (Papua New Guinea)
Tor.KOMBIO_ARAPESH.WOM,WOM,,
Tor.WAPEI_PALEI.URAT,URAT,,
Tor.KOMBIO_ARAPESH.ARAPESH,ARAPESH,buki1249,Bukiyip
Tor.KOMBIO_ARAPESH.ABU_ARAPESH,ABU_ARAPESH,abua1245,Abu' Arapesh
Tor.KOMBIO_ARAPESH.BUKIYIP,BUKIYIP,buki1249,Bukiyip
Tor.KOMBIO_ARAPESH.YAMBES,YAMBES,,
Tor.KOMBIO_ARAPESH.YAMPES,YAMPES,yamb1254,Yambes
Tor.KOMBIO_ARAPESH.KOMBIO,KOMBIO,komb1272,Kombio
Tor.KOMBIO_ARAPESH.EITIEP,EITIEP,eiti1240,Eitiep
Tor.KOMBIO_ARAPESH.ARO,ARO,torr1259,Aro-Mukweym-Orok
Tor.KOMBIO_ARAPESH.TORRICELLI,TORRICELLI,torr1259,Aro-Mukweym-Orok
Tor.URIM.KUKWO,KUKWO,urim1252,Urim
Tor.WAPEI_PALEI.WALMAN_CHINAPELI,WALMAN_CHINAPELI,valm1241,Walman
Tor.WAPEI_PALEI.WALMAN,WALMAN,valm1241,Walman
Tor.WAPEI_PALEI.AGI_AGEI,AGI_AGEI,agii1245,Agi
Tor.WAPEI_PALEI.AGI_YOLPA,AGI_YOLPA,agii1245,Agi
Tor.WAPEI_PALEI.YERI,YERI,yapu1240,Yeri
Tor.WAPEI_PALEI.NABI,NABI,nabi1239,Nabi-Metan
Tor.WAPEI_PALEI.WANAP,WANAP,wana1268,Wanap
Tor.WAPEI_PALEI.AIKU,AIKU,yang1296,Yangum Mon
Tor.WAPEI_PALEI.YANGUM_DEY,YANGUM_DEY,yang1297,Yangum Dey
Tor.WAPEI_PALEI.AMOL,AMOL,,
Tor.WAPEI_PALEI.BRAGAT,BRAGAT,brag1240,Bragat
Tor.WAPEI_PALEI.SRENGE,SRENGE,aruo1240,Srenge
Aus.TIWIAN.TIWI,TIWI,tiwi1244,Tiwi
Krd.RASHAD.ORIG,ORIG,tago1246,Tagoi
Krd.RASHAD.TAGOI,TAGOI,,
BT.BAINING.QAQET,QAQET,qaqe1238,Qaqet
BT.BAINING.MALI,MALI,mali1284,Mali
BT.BAINING.URA_PNG,URA_PNG,urap1240,Ura (Papua New Guinea)
TNG.DEM.DEM_2,DEM_2,demm1245,Dem
Yua.YUAT.KYAIMBARANG,KYAIMBARANG,kyen1243,Kyenele
Yua.YUAT.MIYAK,MIYAK,kyen1243,Kyenele
BT.TAULIL.TAULIL,TAULIL,taul1251,Taulil
Pen.TSIMSHIANIC.COAST_TSIMSHIAN,COAST_TSIMSHIAN,nucl1649,Southern-Coastal Tsimshian
Pen.TSIMSHIANIC.GITXSAN,GITXSAN,gitx1241,Gitxsan
Aus.GUNWINYGIC.KUNKARAKANY,KUNKARAKANY,kung1259,Kungarakany
Aus.MURRINH_PATHA.MURRINH_PATHA_1,MURRINH_PATHA_1,murr1258,Murriny Patha
Aus.MURRINH_PATHA.MURRINH_PATHA_2,MURRINH_PATHA_2,murr1258,Murriny Patha
Aus.SOUTHERN_DALY.NGANGIKURRUNGGURR,NGANGIKURRUNGGURR,nang1259,Nangikurrunggurr
Aus.SOUTHERN_DALY.NGENGOMERI,NGENGOMERI,nang1259,Nangikurrunggurr
Aus.ANSON_BAY.WADJIGINY,WADJIGINY,,
Aus.ANSON_BAY.PUNGUPUNGU,PUNGUPUNGU,wadj1254,Wadjiginy
Aus.ANSON_BAY.WADYGINY,WADYGINY,,
Aus.NORTHERN_DALY.MULLUKMULLUK,MULLUKMULLUK,mull1237,Mullukmulluk
Aus.NORTHERN_DALY.TYARAITY,TYARAITY,tyar1236,Tyaraity
Aus.EASTERN_DALY.MATNGALA,MATNGALA,madn1237,Madngele
Aus.EASTERN_DALY.KAMOR,KAMOR,kamu1258,Kamu
Aus.EASTERN_DALY.YUNGGOR,YUNGGOR,madn1237,Madngele
Aus.WESTERN_DALY.MARANUNGGU,MARANUNGGU,mara1386,Maranunggu
Aus.WESTERN_DALY.AMI,AMI,amii1238,Ami
Aus.WESTERN_DALY.MANDA,MANDA,mand1416,Manda (Australia)
Aus.WESTERN_DALY.MARAMANADJI,MARAMANADJI,mari1417,Marimanindji
Aus.WESTERN_DALY.MARENGAR,MARENGAR,mari1419,Maringarr
Aus.WESTERN_DALY.MARIDAN,MARIDAN,mari1422,Maridan
Aus.WESTERN_DALY.MARITHIEL,MARITHIEL,mari1424,Marithiel
Aus.WESTERN_DALY.MARITYABEN,MARITYABEN,mari1421,Maridjabin
Aus.WESTERN_DALY.MARRIAMMU,MARRIAMMU,marr1256,Marriammu
Aus.GIIMBIYU.MANGERR,MANGERR,mang1382,Mangerr
Aus.GIIMBIYU.ERRE,ERRE,erre1238,Erre
Aus.GIIMBIYU.URNINGANGG,URNINGANGG,urni1239,Urningangg
Aus.IWAIDJAN.MARGU,MARGU,marg1251,Margu
Aus.IWAIDJAN.MAWNG,MAWNG,maun1240,Mawng
Aus.IWAIDJAN.AMURDAK,AMURDAK,amar1271,Amurdak
Aus.IWAIDJAN.IWAIDJA,IWAIDJA,iwai1244,Iwaidja
Aus.GAAGUDJU.GAAGUDJU,GAAGUDJU,gaga1251,Gaagudju
Aus.TANGKIC.GANGULIDA,GANGULIDA,gang1267,Ganggalida
Aus.TANGKIC.GANGGALIDA,GANGGALIDA,gang1267,Ganggalida
Aus.TANGKIC.KAYARDILD,KAYARDILD,kaya1319,Kayardild
Aus.WORORAN.GUNIN_KWINI,GUNIN_KWINI,kwin1241,Kwini
Aus.WORORAN.WUNAMBAL,WUNAMBAL,wuna1249,Wunambal
Aus.WORORAN.NGARINYIN,NGARINYIN,ngar1284,Ngarinyin
Aus.WORORAN.UNGGUMI,UNGGUMI,ungg1243,Unggumi
Aus.BUNUBAN.BUNABA,BUNABA,buna1275,Bunaba
Aus.BUNUBAN.GOONIYANDI,GOONIYANDI,goon1238,Gooniyandi
Aus.DJERAGAN.KITJA,KITJA,kitj1240,Kitja
Aus.DJERAGAN.MIRIWUNG,MIRIWUNG,miri1266,Miriwung
Aus.MANGARRAYI.MANGARAYI,MANGARAYI,mang1381,Mangarrayi
Aus.MARAN.MARA,MARA,mara1385,Marra
Aus.MARAN.ALAWA,ALAWA,alaw1244,Alawa
Aus.MARAN.WANDARANG,WANDARANG,wand1263,Wandarang
Aus.NYULNYULAN.BARDI,BARDI,bard1255,Bardi
Aus.NYULNYULAN.YAWURU,YAWURU,yawu1244,Yawuru
Aus.UMBUGARLA_NGUMBUR.UMBUGARLA,UMBUGARLA,umbu1235,Umbugarla
Aus.LARAGIYAN.LARRAKIA,LARRAKIA,lara1258,Laragia
Aus.LIMILNGAN.LIMILNGAN,LIMILNGAN,nucl1327,Limilngan
Aus.GARRWAN.GARAWA,GARAWA,gara1269,Garrwa
Aus.WAGIMAN.WAGIMAN,WAGIMAN,wage1238,Wageman
Aus.YANGMANIC.WARDAMAN,WARDAMAN,ward1246,Wardaman
Aus.YANGMANIC.YANGMAN,YANGMAN,yang1288,Yangman
Aus.JAMINJUNGAN.DJAMINDJUNG,DJAMINDJUNG,djam1255,Jaminjung-Ngaliwurru
Aus.WEST_BARKLY.DJINGILI,DJINGILI,djin1251,Jingulu
Aus.WEST_BARKLY.GUDANJI,GUDANJI,ngar1283,Ngarnka
Aus.WEST_BARKLY.WAMBAYA,WAMBAYA,wamb1258,Wambayan
Aus.NDJEBBANA.DJEEBBANA,DJEEBBANA,djee1236,Djeebbana
Aus.NAKARA.NAKARA,NAKARA,naka1260,Nakara
Aus.BURARRAN.BURARRA,BURARRA,bura1267,Burarra
Aus.BURARRAN.GURAGONE,GURAGONE,gura1252,Guragone
Aus.DJAUAN.DJAUAN,DJAUAN,djau1244,Jawoyn
Aus.WARAY.WARAY,WARAY,wara1290,Warray
Aus.ANINDILYAKWA.INGURA,INGURA,anin1240,Anindilyakwa
Aus.NUNGGUBUYU.NUNGGUBUYU,NUNGGUBUYU,nung1290,Wubuy
Aus.NGANDI.NGANDI,NGANDI,ngan1295,Ngandi
Aus.NGALAKAN.NGALAKAN,NGALAKAN,ngal1293,Ngalakgan
Aus.REMBARNGA.RAINBARNGO,RAINBARNGO,remb1249,Rembarrnga
Aus.GUNWINYGIC.GUNBALANG_WARLANG,GUNBALANG_WARLANG,kunb1251,Kunbarlang
Aus.GUNWINYGIC.BUAN,BUAN,ngal1292,Ngalkbun
Aus.GUNWINYGIC.GUNWINGGU_KUNE,GUNWINGGU_KUNE,gunw1252,Bininj Kun-Wok
Aus.GUNWINYGIC.GUNWINGGU_KUNINJKU,GUNWINGGU_KUNINJKU,gunw1252,Bininj Kun-Wok
Aus.GUNWINYGIC.GUNWINGGU_KUNWINJKU,GUNWINGGU_KUNWINJKU,gunw1252,Bininj Kun-Wok
Aus.GUNWINYGIC.GUNWINGGU_GUN_DJEIHMI,GUNWINGGU_GUN_DJEIHMI,gunw1252,Bininj Kun-Wok
Aus.GUNWINYGIC.GUNWINGGU_MANYALLALUK_MAYALI,GUNWINGGU_MANYALLALUK_MAYALI,gunw1252,Bininj Kun-Wok
Aus.PAMA_NYUNGAN.KALA_LAGGAW_YA,KALA_LAGGAW_YA,kala1377,Kala Lagaw Ya
Aus.PAMA_NYUNGAN.YANYUWA,YANYUWA,yany1243,Yanyuwa
Aus.PAMA_NYUNGAN.WAGAYA,WAGAYA,waga1260,Wagaya
Aus.PAMA_NYUNGAN.WARLUWARA,WARLUWARA,warl1256,Warluwara
Aus.PAMA_NYUNGAN.DJINANG,DJINANG,djin1253,Djinang
Aus.PAMA_NYUNGAN.DJINBA,DJINBA,djin1252,Djinba
Aus.PAMA_NYUNGAN.YANANGO,YANANGO,yann1237,Nhangu
Aus.PAMA_NYUNGAN.RITHARNGU,RITHARNGU,rita1239,Ritharrngu
Aus.PAMA_NYUNGAN.DALWONGO,DALWONGO,dayi1244,Dayi
Aus.PAMA_NYUNGAN.YOLNGUMATHA,YOLNGUMATHA,dhan1270,Dhangu
Aus.PAMA_NYUNGAN.DJAPU,DJAPU,nucl1333,Nuclear Dhuwal
Aus.PAMA_NYUNGAN.DHUWAL,DHUWAL,nucl1333,Nuclear Dhuwal
Aus.PAMA_NYUNGAN.GOMAIDJ,GOMAIDJ,guma1253,Gumatj
Aus.PAMA_NYUNGAN.DJAMBARRPUYNGU,DJAMBARRPUYNGU,djam1256,Djambarrpuyngu
Aus.PAMA_NYUNGAN.GOBABINGO,GOBABINGO,gupa1247,Gupapuyngu
Aus.PAMA_NYUNGAN.MANGGALILI,MANGGALILI,gupa1247,Gupapuyngu
Aus.PAMA_NYUNGAN.MARARBA,MARARBA,gupa1247,Gupapuyngu
Aus.PAMA_NYUNGAN.GUUGU_YIMIDHIR,GUUGU_YIMIDHIR,gugu1255,Guugu Yimidhirr
Aus.PAMA_NYUNGAN.KOKO_YALANDJI,KOKO_YALANDJI,kuku1273,Kuku-Yalanji
Aus.PAMA_NYUNGAN.DYAABUGAY,DYAABUGAY,dyaa1242,Dyaabugay
Aus.PAMA_NYUNGAN.YIDINY,YIDINY,yidi1250,Yidiñ
Aus.PAMA_NYUNGAN.BIDJARA,BIDJARA,bidy1243,Bidyara
Aus.PAMA_NYUNGAN.KUNGGARI,KUNGGARI,kung1258,Kunggari
Aus.PAMA_NYUNGAN.GUWAMU,GUWAMU,guwa1243,Guwamu
Aus.PAMA_NYUNGAN.GUNYA,GUNYA,guny1241,Gunya
Aus.PAMA_NYUNGAN.MARGANY,MARGANY,marg1253,Margany
Aus.PAMA_NYUNGAN.GUGU_BUJUN,GUGU_BUJUN,gugu1253,Gugu Badhun
Aus.PAMA_NYUNGAN.WARUNGU,WARUNGU,waru1264,Warrongo
Aus.PAMA_NYUNGAN.BIRI,BIRI,biri1256,Biri
Aus.PAMA_NYUNGAN.GANGULU,GANGULU,gang1268,Gangulu
Aus.PAMA_NYUNGAN.BIRRI_AUSTRALIA,BIRRI_AUSTRALIA,biri1256,Biri
Aus.PAMA_NYUNGAN.WIRRI,WIRRI,biri1256,Biri
Aus.PAMA_NYUNGAN.BAYALI,BAYALI,baya1257,Bayali
Aus.PAMA_NYUNGAN.DYIRBAL,DYIRBAL,dyir1250,Dyirbal
Aus.PAMA_NYUNGAN.WARGAMAY,WARGAMAY,warr1255,Warrgamay
Aus.PAMA_NYUNGAN.NYAWAYGI,NYAWAYGI,nyaw1247,Nyawaygi
Aus.PAMA_NYUNGAN.WULGURU,WULGURU,wulg1239,Wulguru
Aus.PAMA_NYUNGAN.DARRKINYUNG,DARRKINYUNG,hawk1239,Hawkesbury
Aus.PAMA_NYUNGAN.DYANGADI,DYANGADI,dyan1250,Dyangadi
Aus.PAMA_NYUNGAN.NGANYAYWANA,NGANYAYWANA,ngan1296,Nganyaywana
Aus.PAMA_NYUNGAN.NGUNAWAL,NGUNAWAL,ngun1277,Ngunawal
Aus.PAMA_NYUNGAN.GANDANGARA,GANDANGARA,,
Aus.PAMA_NYUNGAN.JIRINGAYN,JIRINGAYN,,
Aus.PAMA_NYUNGAN.THAWA,THAWA,,
Aus.PAMA_NYUNGAN.NGARIGU,NGARIGU,ngar1297,Ngarigu
Aus.PAMA_NYUNGAN.OMEO,OMEO,,
Aus.PAMA_NYUNGAN.CAMBERRA_LANGUAGE,CAMBERRA_LANGUAGE,,
Aus.PAMA_NYUNGAN.GUYAMBAL,GUYAMBAL,,
Aus.PAMA_NYUNGAN.BIGAMBAL,BIGAMBAL,,
Aus.PAMA_NYUNGAN.YUGAMBAL,YUGAMBAL,,
Aus.PAMA_NYUNGAN.MADIMADI,MADIMADI,madh1244,Madhi Madhi
Aus.PAMA_NYUNGAN.MADHI_MADHI,MADHI_MADHI,madh1244,Madhi Madhi
Aus.PAMA_NYUNGAN.DJADJALA,DJADJALA,,
Aus.PAMA_NYUNGAN.WEMBA_WEMBA,WEMBA_WEMBA,wemb1241,Wemba Wemba
Aus.PAMA_NYUNGAN.WEMBAWEMBA,WEMBAWEMBA,wemb1241,Wemba Wemba
Aus.PAMA_NYUNGAN.BIRRDHAWAL,BIRRDHAWAL,,
Aus.PAMA_NYUNGAN.YORTA_YORTA,YORTA_YORTA,yort1237,Yorta Yorta
Aus.PAMA_NYUNGAN.DHUDHUROA,DHUDHUROA,,
Aus.PAMA_NYUNGAN.PALLANGANMIDDANG,PALLANGANMIDDANG,pall1243,Pallanganmiddang
Aus.PAMA_NYUNGAN.BUNGANDITJ,BUNGANDITJ,bung1264,Bunganditj
Aus.PAMA_NYUNGAN.WARRNAMBOOL,WARRNAMBOOL,warr1257,Warrnambool
Aus.PAMA_NYUNGAN.COLAC,COLAC,,
Aus.PAMA_NYUNGAN.WATHAWURRUNG,WATHAWURRUNG,wath1238,Wathawurrung
Aus.PAMA_NYUNGAN.WOIWURRUNG,WOIWURRUNG,woiw1237,Woiwurrung-Thagungwurrung
Aus.PAMA_NYUNGAN.GUMBAYNGGIR,GUMBAYNGGIR,kumb1268,Kumbainggar
Aus.PAMA_NYUNGAN.YAYGIR,YAYGIR,yayg1236,Yaygir
Aus.PAMA_NYUNGAN.GURENG_GURENG,GURENG_GURENG,gure1255,Gureng Gureng
Aus.PAMA_NYUNGAN.DUUNGIDJAWU,DUUNGIDJAWU,waka1274,Wakawaka
Aus.PAMA_NYUNGAN.WULIWULI,WULIWULI,wuli1242,Wuliwuli
Aus.PAMA_NYUNGAN.WANGAAYBUWAN_NGIYAMBAA,WANGAAYBUWAN_NGIYAMBAA,wang1291,Ngiyambaa
Aus.PAMA_NYUNGAN.GAMILARAAY,GAMILARAAY,gami1243,Yuwaalaraay-Gamilaraay
Aus.PAMA_NYUNGAN.WIRADHURI,WIRADHURI,wira1262,Wiradhuri
Aus.PAMA_NYUNGAN.BARRANBIYA,BARRANBIYA,,
Aus.PAMA_NYUNGAN.MURUWARI,MURUWARI,muru1266,Muruwari
Aus.PAMA_NYUNGAN.GIDABAL,GIDABAL,cond1242,Condamine-Upper Clarence Bandjalang
Aus.PAMA_NYUNGAN.WAALUBAL,WAALUBAL,midd1357,Middle Clarence Bandjalang
Aus.PAMA_NYUNGAN.DHURGA,DHURGA,dhur1239,Dhurga
Aus.PAMA_NYUNGAN.THURAWAL,THURAWAL,thur1254,Thurawal
Aus.PAMA_NYUNGAN.SYDNEY,SYDNEY,sydn1236,Sydney
Aus.PAMA_NYUNGAN.AWABAKAL,AWABAKAL,awab1243,Awabakal
Aus.PAMA_NYUNGAN.WORIMI,WORIMI,wori1245,Worimi
Aus.PAMA_NYUNGAN.KERAMIN,KERAMIN,,
Aus.PAMA_NYUNGAN.YITHA_YITHA,YITHA_YITHA,,
Aus.PAMA_NYUNGAN.KALKUTUNG,KALKUTUNG,kalk1246,Kalkatungu
Aus.PAMA_NYUNGAN.YALARNNGA,YALARNNGA,yala1262,Yalarnnga
Aus.PAMA_NYUNGAN.MAYAGUDUNA,MAYAGUDUNA,maya1280,Mayaguduna
Aus.PAMA_NYUNGAN.MAYKULAN,MAYKULAN,mayi1236,Mayi-Kulan
Aus.PAMA_NYUNGAN.NGAWUN,NGAWUN,ngaw1240,Ngawun
Aus.PAMA_NYUNGAN.MAYI_YAPI,MAYI_YAPI,mayi1235,Mayi-Yapi
Aus.PAMA_NYUNGAN.MAYI_THAKURTI,MAYI_THAKURTI,mayi1234,Mayi-Thakurti
Aus.PAMA_NYUNGAN.MBABARAM,MBABARAM,mbab1239,Mbabaram
Aus.PAMA_NYUNGAN.KANJU,KANJU,kanj1260,Kanju
Aus.PAMA_NYUNGAN.KUUKU_YAU,KUUKU_YAU,kuuk1238,Kuuku-Ya'u
Aus.PAMA_NYUNGAN.WIK_MUNGKAN,WIK_MUNGKAN,wikm1247,Wik-Mungkan
Aus.PAMA_NYUNGAN.KUKU_UWANH,KUKU_UWANH,kuku1280,Kuku-Uwanh
Aus.PAMA_NYUNGAN.YIR_YORONT,YIR_YORONT,,
Aus.PAMA_NYUNGAN.THAYORE,THAYORE,thay1249,Thayore
Aus.PAMA_NYUNGAN.KUNJEN,KUNJEN,kunj1245,Kunjen
Aus.PAMA_NYUNGAN.AGHU_THARRNGGALA,AGHU_THARRNGGALA,aghu1254,Aghu Tharnggalu
Aus.PAMA_NYUNGAN.LENINGITIJ,LENINGITIJ,leni1238,Linngithigh
Aus.PAMA_NYUNGAN.LINNGITHIGH,LINNGITHIGH,leni1238,Linngithigh
Aus.PAMA_NYUNGAN.MPAKWITHI_ANGUTHIMRI,MPAKWITHI_ANGUTHIMRI,leni1238,Linngithigh
Aus.PAMA_NYUNGAN.UMBUYKAMU,UMBUYKAMU,umbu1256,Umbuygamu
Aus.PAMA_NYUNGAN.PARIMANKUTINMA,PARIMANKUTINMA,mbar1253,Rimanggudhinma
Aus.PAMA_NYUNGAN.LAMALAMA_COASTAL,LAMALAMA_COASTAL,lamu1254,Lamalama
Aus.PAMA_NYUNGAN.LAMALAMA_INLAND,LAMALAMA_INLAND,lamu1254,Lamalama
Aus.PAMA_NYUNGAN.MALYANGAPA,MALYANGAPA,maly1234,Malyangapa
Aus.PAMA_NYUNGAN.DARLING,DARLING,darl1243,Paakantyi
Aus.PAMA_NYUNGAN.BADJIRRI,BADJIRRI,badj1244,Badjirri
Aus.PAMA_NYUNGAN.PUNTHAMARA,PUNTHAMARA,punt1240,Punthamara
Aus.PAMA_NYUNGAN.PITTA_PITTA,PITTA_PITTA,pitt1247,Pitta Pitta
Aus.PAMA_NYUNGAN.ARABANA,ARABANA,arab1267,Arabana
Aus.PAMA_NYUNGAN.WANGGANGURU,WANGGANGURU,wang1290,Wangganguru
Aus.PAMA_NYUNGAN.YANDRUWANDHA,YANDRUWANDHA,yand1253,Yandruwandha
Aus.PAMA_NYUNGAN.DIYARI,DIYARI,dier1241,Dieri
Aus.PAMA_NYUNGAN.NGAMINI,NGAMINI,ngam1265,Ngamini-Yarluyandi-Karangura
Aus.PAMA_NYUNGAN.KOKATA,KOKATA,koka1244,Kokata
Aus.PAMA_NYUNGAN.MARTU_WANGKA,MARTU_WANGKA,mart1256,Martu Wangka
Aus.PAMA_NYUNGAN.MANTJILTJARA,MANTJILTJARA,mart1256,Martu Wangka
Aus.PAMA_NYUNGAN.YULPARIJA,YULPARIJA,mart1256,Martu Wangka
Aus.PAMA_NYUNGAN.PINTUPI,PINTUPI,pint1250,Pintupi-Luritja
Aus.PAMA_NYUNGAN.NGAANYATJARRA,NGAANYATJARRA,ngaa1240,Ngaanyatjarra
Aus.PAMA_NYUNGAN.WANGKA_WIRU,WANGKA_WIRU,pitj1243,Pitjantjatjara
Aus.PAMA_NYUNGAN.PITJANTJATJARA_YANKUNTJATJARA,PITJANTJATJARA_YANKUNTJATJARA,yank1247,Yankunytjatjara
Aus.PAMA_NYUNGAN.KARADJERI,KARADJERI,kara1476,Karadjeri
Aus.PAMA_NYUNGAN.NYANGUMARTA,NYANGUMARTA,nyan1301,Nyangumarta
Aus.PAMA_NYUNGAN.WARUMUNGU,WARUMUNGU,waru1265,Warumungu
Aus.PAMA_NYUNGAN.WARLPIRI,WARLPIRI,warl1254,Warlpiri
Aus.PAMA_NYUNGAN.WALMAJARRI,WALMAJARRI,walm1241,Walmajarri-Juwaliny
Aus.PAMA_NYUNGAN.JARU,JARU,jaru1254,Jaru
Aus.PAMA_NYUNGAN.GURINDJI,GURINDJI,guri1247,Gurindji
Aus.PAMA_NYUNGAN.NGARINMAN_BILINARA,NGARINMAN_BILINARA,ngar1235,Ngarinman
Aus.PAMA_NYUNGAN.NHANDA,NHANDA,nhan1238,Nhanda
Aus.PAMA_NYUNGAN.BADIMAYA,BADIMAYA,badi1246,Badimaya
Aus.PAMA_NYUNGAN.WAJARRI,WAJARRI,waja1257,Wajarri
Aus.PAMA_NYUNGAN.NGADJUNMAYA,NGADJUNMAYA,ngad1258,Ngadjunmaya
Aus.PAMA_NYUNGAN.NYOONGAR,NYOONGAR,nyun1247,Nyunga
Aus.PAMA_NYUNGAN.NYUNGA_NORTHERN,NYUNGA_NORTHERN,nyun1247,Nyunga
Aus.PAMA_NYUNGAN.NYUNGA_SOUTH_WESTERN,NYUNGA_SOUTH_WESTERN,nyun1247,Nyunga
Aus.PAMA_NYUNGAN.NYUNGA_EASTERN,NYUNGA_EASTERN,nyun1247,Nyunga
Aus.PAMA_NYUNGAN.DHARGARI,DHARGARI,dhar1247,Dhargari
Aus.PAMA_NYUNGAN.MARTUTHUNIRA,MARTUTHUNIRA,mart1255,Martuthunira
Aus.PAMA_NYUNGAN.PANYTYIMA,PANYTYIMA,pany1241,Panytyima
Aus.PAMA_NYUNGAN.NGALOOMA,NGALOOMA,ngar1287,Ngarluma
Aus.PAMA_NYUNGAN.KURRAMA,KURRAMA,kurr1243,Kurrama
Aus.PAMA_NYUNGAN.YINDJIBARNDI,YINDJIBARNDI,yind1247,Yindjibarndi
Aus.PAMA_NYUNGAN.WIRANGU,WIRANGU,wira1265,Wirangu
Aus.PAMA_NYUNGAN.KAURNA,KAURNA,kaur1267,Kaurna
Aus.PAMA_NYUNGAN.NARUNGGA,NARUNGGA,naru1238,Narungga
Aus.PAMA_NYUNGAN.NUGUNU_AUSTRALIA,NUGUNU_AUSTRALIA,nugu1241,Nugunu (Australia)
Aus.PAMA_NYUNGAN.ADNYAMATHANHA,ADNYAMATHANHA,adny1235,Adnyamathanha
Aus.PAMA_NYUNGAN.BANGGARLA,BANGGARLA,bang1339,Banggarla
Aus.PAMA_NYUNGAN.KAYTETYE,KAYTETYE,kayt1238,Kaytetye
Aus.PAMA_NYUNGAN.KAYTETYE_2,KAYTETYE_2,kayt1238,Kaytetye
Aus.PAMA_NYUNGAN.WESTERN_ARRERNTE,WESTERN_ARRERNTE,west2441,Western Arrarnta
Aus.PAMA_NYUNGAN.ARRERNTE_CENTRAL,ARRERNTE_CENTRAL,east2379,Eastern Arrernte
Aus.PAMA_NYUNGAN.ARRERNTE_EASTERN,ARRERNTE_EASTERN,east2379,Eastern Arrernte
Aus.PAMA_NYUNGAN.LOWER_ARANDA,LOWER_ARANDA,west2441,Western Arrarnta
Aus.PAMA_NYUNGAN.ARRARNTA_WESTERN,ARRARNTA_WESTERN,west2441,Western Arrarnta
Aus.PAMA_NYUNGAN.SOUTHERN_ARANDA,SOUTHERN_ARANDA,west2441,Western Arrarnta
Aus.PAMA_NYUNGAN.ARRERNTE_EASTERN_2,ARRERNTE_EASTERN_2,east2379,Eastern Arrernte
Aus.PAMA_NYUNGAN.ANMATYERRE,ANMATYERRE,anma1239,Anmatyerre
Aus.PAMA_NYUNGAN.AKARA,AKARA,east2379,Eastern Arrernte
Aus.PAMA_NYUNGAN.ARANDA,ARANDA,east2379,Eastern Arrernte
Aus.PAMA_NYUNGAN.ALYAWARRA,ALYAWARRA,alya1239,Alyawarr
Aus.PAMA_NYUNGAN.ALYAWARR_ALYAWARA,ALYAWARR_ALYAWARA,alya1239,Alyawarr
Aus.PAMA_NYUNGAN.ALYAWARR_MACDONALDDOWNS_ALYAWARA,ALYAWARR_MACDONALDDOWNS_ALYAWARA,alya1239,Alyawarr
Kau.KAURE.KAURE,KAURE,kaur1271,Kaure-Narau
TNG.FINISTERRE_HUON.MIGABAC,MIGABAC,miga1241,Migabac
TNG.FINISTERRE_HUON.DEDUA,DEDUA,dedu1240,Dedua
TNG.FINISTERRE_HUON.HUBE,HUBE,kube1244,Kulungtfu-Yuanggeng-Tobo
TNG.FINISTERRE_HUON.MAPE,MAPE,mape1249,Mape
TNG.FINISTERRE_HUON.KATE,KATE,kate1253,Kâte
TNG.FINISTERRE_HUON.MAPE_2,MAPE_2,mape1249,Mape
TNG.FINISTERRE_HUON.ONO,ONO,onoo1246,Ono
TNG.FINISTERRE_HUON.MOMOLILI,MOMOLILI,mese1244,Mese
TNG.FINISTERRE_HUON.NABAK,NABAK,naba1256,Nabak
TNG.FINISTERRE_HUON.TIMBE,TIMBE,timb1251,Timbe
TNG.FINISTERRE_HUON.KOMBA,KOMBA,komb1273,Komba
TNG.FINISTERRE_HUON.SELEPET,SELEPET,sele1250,Selepet
TNG.FINISTERRE_HUON.BORONG,BORONG,boro1279,Borong
TNG.FINISTERRE_HUON.KOSORONG,KOSORONG,boro1279,Borong
TNG.FINISTERRE_HUON.MINDIK,MINDIK,buru1306,Burum-Mindik
TNG.FINISTERRE_HUON.BURUM,BURUM,buru1306,Burum-Mindik
TNG.FINISTERRE_HUON.BURUM_MINDIK,BURUM_MINDIK,buru1306,Burum-Mindik
TNG.FINISTERRE_HUON.IYO,IYO,iyoo1238,Iyo
TNG.FINISTERRE_HUON.RAWA,RAWA,rawa1267,Rawa
TNG.FINISTERRE_HUON.GWAHATIKE,GWAHATIKE,gwah1244,Gwahatike
TNG.FINISTERRE_HUON.MURATAYAK,MURATAYAK,mura1271,Muratayak
TNG.FINISTERRE_HUON.ASARO7O,ASARO7O,asar1240,Asaro'o
TNG.FINISTERRE_HUON.DEGENAN,DEGENAN,dege1247,Degenan
TNG.FINISTERRE_HUON.FORAK,FORAK,fora1245,Forak
TNG.FINISTERRE_HUON.NUKNA,NUKNA,nukn1238,Nukna
TNG.FINISTERRE_HUON.NUNGON,NUNGON,yaum1237,Yau-Nungon
TNG.FINISTERRE_HUON.NANKINA,NANKINA,nank1250,Nankina
TNG.FINISTERRE_HUON.YOPNO,YOPNO,yopn1238,Yopno
TNG.FINISTERRE_HUON.AWARA,AWARA,awar1248,Awara
TNG.FINISTERRE_HUON.WANTOAT,WANTOAT,want1252,Wantoat
TNG.FINISTERRE_HUON.URI_PAPUA_NEW_GUINEA,URI_PAPUA_NEW_GUINEA,urii1240,Uri
TNG.FINISTERRE_HUON.MA_MANDA,MA_MANDA,sauk1252,Ma Manda
TNG.FINISTERRE_HUON.NUMANGGANG,NUMANGGANG,numa1254,Numanggang
TNG.FINISTERRE_HUON.MUNGKIP,MUNGKIP,mung1272,Mungkip
TNG.FINISTERRE_HUON.NAKAME,NAKAME,naka1264,Nakama
TNG.FINISTERRE_HUON.NEK,NEK,nekk1240,Nek
TNG.FINISTERRE_HUON.NUK,NUK,nukk1240,Nuk
TNG.MADANG.KORAK,KORAK,kora1296,Korak
TNG.MADANG.WASKIA,WASKIA,wask1241,Waskia
TNG.MADANG.KOBON,KOBON,kobo1249,Kobon
TNG.MADANG.KALAM,KALAM,kala1397,Kalam
TNG.MADANG.OSUM,OSUM,utar1238,Utarmbung
TNG.MADANG.WADAGINAM,WADAGINAM,wada1263,Wadaginam
TNG.MADANG.IKUNDUN,IKUNDUN,anam1248,Anamuxra
TNG.MADANG.MORESADA,MORESADA,more1258,Moresada
TNG.MADANG.PONDOMA,PONDOMA,anam1247,Anam
TNG.MADANG.ANGAUA,ANGAUA,nend1239,Nend
TNG.MADANG.ATEMPLE,ATEMPLE,atem1241,Mand
TNG.MADANG.FAITA,FAITA,fait1240,Kulsab
TNG.MADANG.MUSAK,MUSAK,musa1266,Aisi
TNG.MADANG.EMERUM,EMERUM,apal1256,Apali
TNG.MADANG.PAYNAMAR,PAYNAMAR,payn1244,Manat
TNG.MADANG.KATIATI,KATIATI,mumm1238,Mum
TNG.MADANG.SILEIBI,SILEIBI,sile1255,Sirva
TNG.MADANG.GANGLAU,GANGLAU,gang1270,Ganglau
TNG.MADANG.SAEP,SAEP,saep1240,Saep
TNG.MADANG.YABONG,YABONG,yabo1240,Yabong
TNG.MADANG.BONGU,BONGU,bong1291,Bongu
TNG.MADANG.BOM,BOM,anja1238,Anjam
TNG.MADANG.MALE_PAPUANG,MALE_PAPUANG,male1291,Male (Papua New Guinea)
TNG.MADANG.SONGUM,SONGUM,samm1244,Sam
TNG.MADANG.KWATO,KWATO,kwat1244,Kwato
TNG.MADANG.ERIMA,ERIMA,ogea1238,Ogea
TNG.MADANG.DUDUELA,DUDUELA,dudu1240,Duduela
TNG.MADANG.USU,USU,uyaa1238,Uya
TNG.MADANG.YANGULAM,YANGULAM,yang1298,Yangulam
TNG.MADANG.JILIM,JILIM,jili1241,Sgi Bara
TNG.MADANG.RERAU,RERAU,rera1240,Rerau
TNG.MADANG.BIYOM,BIYOM,biyo1244,Biyom
TNG.MADANG.TAUYA,TAUYA,tauy1241,Tauya
TNG.MADANG.USINO,USINO,sopp1247,Sop
TNG.MADANG.SUMAU,SUMAU,suma1270,Sumau
TNG.MADANG.DANARU,DANARU,dana1254,Danaru
TNG.MADANG.URIGINA,URIGINA,urig1240,Urigina
TNG.MADANG.ASAS,ASAS,asas1240,Asas
TNG.MADANG.SINSAURU,SINSAURU,sins1241,Kou
TNG.MADANG.DUMPU,DUMPU,dump1243,Dumpu
TNG.MADANG.KESAWAI,KESAWAI,kesa1244,Kesawai
TNG.MADANG.SAUSI,SAUSI,saus1246,Sausi
TNG.MADANG.PULABU,PULABU,pula1267,Pulabu
TNG.MADANG.SUROI,SUROI,siro1249,Siroi
TNG.MADANG.LEMIO,LEMIO,lemi1243,Lemio
TNG.MADANG.ARAWUM,ARAWUM,araw1272,Arawum
TNG.MADANG.KOLOM,KOLOM,kolo1267,Kolom
TNG.MADANG.MUGIL,MUGIL,barg1252,Bargam
TNG.MADANG.BARGAM,BARGAM,,
TNG.MADANG.PAY,PAY,mala1494,Mala (Papua New Guinea)
TNG.MADANG.SAKI,SAKI,maia1254,Maia
TNG.MADANG.PILA,PILA,maia1254,Maia
TNG.MADANG.TANI,TANI,mian1254,Miani
TNG.MADANG.AMAIMON,AMAIMON,amai1246,Amaimon
TNG.MADANG.DIMIR,DIMIR,dimi1244,Gavak
TNG.MADANG.MALAS,MALAS,mala1495,Manep
TNG.MADANG.WANUMA,WANUMA,usan1239,Usan
TNG.MADANG.BILAKURA,BILAKURA,bila1257,Karen
TNG.MADANG.YABEN,YABEN,yabe1255,Yaben
TNG.MADANG.PARAWEN,PARAWEN,para1307,Parawen
TNG.MADANG.UKURIGUMA,UKURIGUMA,ukur1240,Ukuriguma
TNG.MADANG.YARAWATA,YARAWATA,yara1250,Yarawata
TNG.MADANG.ABASAKUR,ABASAKUR,pall1244,Pal
TNG.MADANG.KOGUMAN,KOGUMAN,kobo1248,Kobol
TNG.MADANG.WANAMBRE,WANAMBRE,wana1269,Mokati
TNG.MADANG.KOWAKI,KOWAKI,kowa1245,Kowaki
TNG.MADANG.HINIHON,HINIHON,pamo1253,Pamosu
TNG.MADANG.MAWAK,MAWAK,mawa1266,Mawak
TNG.MADANG.MUSAR,MUSAR,musa1265,Hember Avu
TNG.MADANG.BUNABUN,BUNABUN,brem1238,Barem
TNG.MADANG.ULINGAN,ULINGAN,mauw1238,Mauwake
TNG.MADANG.BEPOUR,BEPOUR,bepo1240,Bepour
TNG.MADANG.MOERE,MOERE,moer1240,Moere
TNG.MADANG.KARE,KARE,kare1341,Kare (Papua New Guinea)
TNG.MADANG.GIRAWA,GIRAWA,gira1247,Girawa
TNG.MADANG.BEMAL,BEMAL,kein1239,Kein
TNG.MADANG.MUNIT,MUNIT,muni1257,Munit
TNG.MADANG.GUMALU,GUMALU,guma1255,Gumalu
TNG.MADANG.SIHAN,SIHAN,siha1245,Sihan (Gum)
TNG.MADANG.AMELE,AMELE,amel1241,Amele
TNG.MADANG.BAU,BAU,bauu1244,Bau
TNG.MADANG.ISEBE,ISEBE,iseb1246,Isebe
TNG.MADANG.PANIM,PANIM,pani1258,Panim
TNG.MADANG.KAMBA,KAMBA,wagi1249,Wagi (Papua New Guinea)
TNG.MADANG.GARUH,GARUH,nobo1238,Nobonob
TNG.MADANG.RAPTING,RAPTING,rapt1240,Rapting
TNG.MADANG.GARUS,GARUS,garu1246,Garus
TNG.MADANG.REMPI,REMPI,remp1241,Rempi
TNG.MADANG.YOIDIK,YOIDIK,yoid1240,Yoidik
TNG.MADANG.MAWAN,MAWAN,mawa1267,Mawan
TNG.MADANG.BAIMAK,BAIMAK,baim1245,Baimak
TNG.MADANG.GAL,GAL,gall1278,Gal
TNG.MADANG.MATEPI,MATEPI,mate1260,Matepi
TNG.MADANG.SILOPI,SILOPI,silo1240,Silopi
TNG.MADANG.UTU,UTU,utuu1240,Utu
TNG.MADANG.NAKE,NAKE,nake1240,Nake
TNG.MADANG.BAGUPI,BAGUPI,bagu1252,Bagupi
TNG.MADANG.SARUGA,SARUGA,saru1243,Saruga
TNG.MADANG.MURUPI,MURUPI,muru1273,Murupi
TNG.MADANG.SAMOSA,SAMOSA,samo1306,Samosa
TNG.MADANG.WAMAS,WAMAS,wama1247,Wamas
TNG.MADANG.MOSIMO,MOSIMO,mosi1248,Mosimo
TNG.ASMAT_KAMORO.ASIENARA,ASIENARA,buru1308,Buruwai
TNG.ASMAT_KAMORO.KAMBERAU,KAMBERAU,kamb1302,North Kamrau
TNG.ASMAT_KAMORO.KAMORO_2,KAMORO_2,kamo1255,Kamoro
TNG.ASMAT_KAMORO.SEMPAN,SEMPAN,semp1241,Sempan
TNG.ASMAT_KAMORO.ASMATH_NORTH,ASMATH_NORTH,nort2917,Momogo-Pupis-Irogo
TNG.ASMAT_KAMORO.CITAK,CITAK,cita1245,Citak
TNG.ASMAT_KAMORO.CASUARINA_COAST_ASMAT,CASUARINA_COAST_ASMAT,casu1237,Casuarina Coast Asmat
TNG.ASMAT_KAMORO.ASMAT_CENTRAL,ASMAT_CENTRAL,cent2117,Central Asmat
TNG.ASMAT_KAMORO.ASMAT_YAOSAKOR,ASMAT_YAOSAKOR,yaos1235,Yaosakor Asmat
TNG.AWJU_DUMUT.KOROWAI,KOROWAI,koro1312,Korowai
TNG.OK.KOMYANDARET,KOMYANDARET,komy1238,Komyandaret
TNG.OK.TTSAKWAMBO,TTSAKWAMBO,tsak1250,Tsaukambo
TNG.AWJU_DUMUT.KOMBAI,KOMBAI,komb1274,Kombai
TNG.AWJU_DUMUT.WANGGOM,WANGGOM,wang1299,Wanggom
TNG.AWJU_DUMUT.SAWUJ,SAWUJ,sawi1257,Sawi
TNG.AWJU_DUMUT.KAETI_DUMUT,KAETI_DUMUT,mand1444,Mandobo Atas
TNG.AWJU_DUMUT.WAMBON,WAMBON,wamb1259,Wambon
TNG.AWJU_DUMUT.AWYU_ASUE,AWYU_ASUE,asue1235,Asue Awyu
TNG.AWJU_DUMUT.AGHU_2,AGHU_2,aghu1255,Aghu
TNG.AWJU_DUMUT.SIAGHA,SIAGHA,sout2941,South Awyu
TNG.AWJU_DUMUT.SJIAGHA,SJIAGHA,eder1237,Edera Awyu
Oks.OKSAPMIN.OKSAPMIN,OKSAPMIN,oksa1245,Oksapmin
TNG.OK.NGALUM_2,NGALUM_2,ngal1298,Ngalum
TNG.OK.TIFAL,TIFAL,tifa1245,Tifal
TNG.OK.TELEFOL,TELEFOL,tele1256,Telefol
TNG.OK.ANGIYAKMIN_FAIWOL,ANGIYAKMIN_FAIWOL,faiw1243,Faiwol
TNG.OK.BIMIN,BIMIN,bimi1240,Bimin
TNG.OK.MIAN,MIAN,mian1256,Mian
TNG.OK.WAGARABAI,WAGARABAI,suga1249,Suganga
TNG.OK.NAKAI,NAKAI,naka1265,Nakai
TNG.OK.TANGKO,TANGKO,tang1353,Tangko
TNG.OK.NGALUM,NGALUM,,
TNG.OK.NINGGIRUM_KAWOMA,NINGGIRUM_KAWOMA,ning1274,Ninggerum
TNG.OK.DIGOELEESCH,DIGOELEESCH,sout2940,South Muyu
TNG.OK.DIGUL_MUYU,DIGUL_MUYU,sout2940,South Muyu
TNG.OK.METOMKA_MUYU,METOMKA_MUYU,sout2940,South Muyu
TNG.OK.YONGGOM,YONGGOM,yong1280,Yonggom
TNG.OK.NINATIE_MUYU,NINATIE_MUYU,nort2916,North Muyu
TNG.CHIMBU.MIDDLE_WAHGI,MIDDLE_WAHGI,nucl1620,Wahgi
TNG.CHIMBU.MELPA,MELPA,melp1238,Melpa
TNG.CHIMBU.AUA,AUA,imbo1238,Imbongu
TNG.CHIMBU.IMBONGU,IMBONGU,imbo1238,Imbongu
TNG.CHIMBU.UMBU_UNGU,UMBU_UNGU,umbu1258,Umbu-Ungu
TNG.CHIMBU.GAWIL,GAWIL,,
TNG.CHIMBU.KANDAWO,KANDAWO,kand1303,Kandawo
TNG.CHIMBU.NARAK,NARAK,nara1264,Narak
TNG.CHIMBU.GOLIN,GOLIN,goli1247,Golin
TNG.CHIMBU.SINASINA,SINASINA,sina1271,Sinasina
TNG.CHIMBU.DOM,DOM,domm1246,Dom
TNG.CHIMBU.BOUMAI,BOUMAI,domm1246,Dom
TNG.CHIMBU.KUMAN,KUMAN,kuma1280,Kuman
TNG.EASTERN_HIGHLANDS.WAFFA,WAFFA,waff1241,Waffa
TNG.EASTERN_HIGHLANDS.N_TAIRORA,N_TAIRORA,nort2920,North Tairora
TNG.EASTERN_HIGHLANDS.BINUMARIEN,BINUMARIEN,binu1245,Binumarien
TNG.EASTERN_HIGHLANDS.TAIRORA_BINUMARIEN,TAIRORA_BINUMARIEN,binu1245,Binumarien
TNG.EASTERN_HIGHLANDS.AWA,AWA,awap1236,Awa (Papua New Guinea)
TNG.EASTERN_HIGHLANDS.AWA_2,AWA_2,awap1236,Awa (Papua New Guinea)
TNG.EASTERN_HIGHLANDS.AUYANA,AUYANA,awiy1238,Awiyaana
TNG.EASTERN_HIGHLANDS.GADSUP,GADSUP,gads1258,Gadsup
TNG.EASTERN_HIGHLANDS.AGARABI,AGARABI,agar1252,Agarabi
TNG.EASTERN_HIGHLANDS.GADSUP_AGARABI,GADSUP_AGARABI,agar1252,Agarabi
TNG.EASTERN_HIGHLANDS.GENDE,GENDE,gend1249,Gende
TNG.EASTERN_HIGHLANDS.ISABI,ISABI,isab1240,Isabi
TNG.EASTERN_HIGHLANDS.ASARO,ASARO,dano1240,Dano
TNG.EASTERN_HIGHLANDS.DANO,DANO,dano1240,Dano
TNG.EASTERN_HIGHLANDS.GAHUKU_ASARO,GAHUKU_ASARO,dano1240,Dano
TNG.EASTERN_HIGHLANDS.ALEKANO,ALEKANO,alek1238,Alekano
TNG.EASTERN_HIGHLANDS.GAFUKU,GAFUKU,alek1238,Alekano
TNG.EASTERN_HIGHLANDS.GAHUKU,GAHUKU,alek1238,Alekano
TNG.EASTERN_HIGHLANDS.FORE,FORE,fore1270,Fore
TNG.EASTERN_HIGHLANDS.GIMI,GIMI,gimi1243,Gimi (Eastern Highlands)
TNG.EASTERN_HIGHLANDS.YABIYUFA,YABIYUFA,yawe1241,Yaweyuha
TNG.EASTERN_HIGHLANDS.SIANE,SIANE,sian1257,Siane
TNG.EASTERN_HIGHLANDS.BENABENA,BENABENA,bena1264,Benabena
TNG.EASTERN_HIGHLANDS.YAGARIA,YAGARIA,yaga1260,Yagaria
TNG.EASTERN_HIGHLANDS.KAMANO_KAFE,KAMANO_KAFE,kama1370,Kamano
TNG.EASTERN_HIGHLANDS.YATE,YATE,inok1238,Inoke-Yate
TNG.ENGAN.ENGA,ENGA,enga1252,Enga
TNG.ENGAN.KYAKA_ENGA,KYAKA_ENGA,kyak1244,Kyaka
TNG.ENGAN.BISORIO_2,BISORIO_2,biso1243,Bisorio
TNG.ENGAN.INIAI,INIAI,,
TNG.ENGAN.LEMBENA,LEMBENA,lemb1266,Lembena
TNG.ENGAN.MAIBI,MAIBI,lemb1266,Lembena
TNG.ENGAN.YARIBA,YARIBA,lemb1266,Lembena
TNG.ENGAN.HULI,HULI,,
TNG.ENGAN.HULI_HOLE,HULI_HOLE,,
TNG.ENGAN.SAU,SAU,samb1321,Samberigi
TNG.ENGAN.ANGAL,ANGAL,anga1293,Angal
TNG.ENGAN.KEWA_EAST,KEWA_EAST,east2516,East Kewa
TNG.ENGAN.KEWA,KEWA,west2599,West Kewa
TNG.ENGAN.POLE,POLE,,
TNG.ENGAN.KEWA_S_POLE,KEWA_S_POLE,,
TNG.MEK.EIPOMEK,EIPOMEK,eipo1242,Eipomek
TNG.MEK.KETENGBAN_BIME,KETENGBAN_BIME,kete1254,Ketengban
TNG.MEK.UNA,UNA,unaa1239,Una
TNG.MEK.NALCA,NALCA,nalc1240,Nalca
TNG.MEK.KORUPUN_SELA,KORUPUN_SELA,koru1245,Korupun-Sela
TNG.MEK.YALE_KOSAREK,YALE_KOSAREK,kosa1249,Kosarek Yale
TNG.BINANDEREAN.GUHU_SAMANE,GUHU_SAMANE,guhu1244,Guhu-Samane
TNG.BINANDEREAN.SUENA,SUENA,suen1241,Suena
TNG.BINANDEREAN.ZIA,ZIA,ziaa1250,Zia
TNG.BINANDEREAN.BINANDERE,BINANDERE,bina1277,Binandere
TNG.BINANDEREAN.MAMBARE_RIVER,MAMBARE_RIVER,bina1277,Binandere
TNG.BINANDEREAN.KORAFE_YEGHA,KORAFE_YEGHA,kora1294,Korafe-Yegha
TNG.BINANDEREAN.TAFOTA_BARUGA,TAFOTA_BARUGA,baru1269,Baruga
TNG.WISSEL_LAKES_KEMANDOGA.DAO,DAO,ndug1245,Nduga
TNG.WISSEL_LAKES_KEMANDOGA.MONI_2,MONI_2,,
TNG.WISSEL_LAKES_KEMANDOGA.KAPAUKU,KAPAUKU,ekar1243,Ekari
TNG.WISSEL_LAKES_KEMANDOGA.WOLANI,WOLANI,wola1243,Wolani
TNG.DANI.KINIAGEIMA,KINIAGEIMA,sili1249,Silimo
TNG.DANI.ANGGURUK_YALI,ANGGURUK_YALI,angg1239,Angguruk Yali
TNG.DANI.YALI_PASS_VALLEY,YALI_PASS_VALLEY,kosa1249,Kosarek Yale
TNG.DANI.WANO,WANO,wano1243,Wano
TNG.DANI.NGGEM,NGGEM,ngge1241,Nggem
TNG.DANI.LANI,LANI,west2594,Western Dani
TNG.DANI.PYRAMID_WODO,PYRAMID_WODO,wala1269,Walak
TNG.DANI.UPPER_PYRAMID_DANI,UPPER_PYRAMID_DANI,lowe1415,Lower Grand Valley Dani
TNG.DANI.MID_GRAND_VALLEY_DANI,MID_GRAND_VALLEY_DANI,midg1235,Mid Grand Valley Dani
TNG.DANI.HITIGIMA_DANI,HITIGIMA_DANI,lowe1415,Lower Grand Valley Dani
TNG.DANI.TANGMA_DANI,TANGMA_DANI,lowe1415,Lower Grand Valley Dani
Kom.KOMAN.GULE,GULE,gule1241,Gule
Ane.ANEM.ANEM,ANEM,anem1249,Anem
SoP.BILUA.BILUA,BILUA,bilu1245,Bilua
SoP.BILUA.NDOVELE_BILUA,NDOVELE_BILUA,bilu1245,Bilua
Was.WASI.PELE_ATA,PELE_ATA,pele1245,Pele-Ata
SoP.LAVUKALEVE.LAVUKALEVE,LAVUKALEVE,lavu1241,Lavukaleve
Sav.SAVOSAVO.SAVOSAVO,SAVOSAVO,savo1255,Savosavo
Teb.TEBERAN.DARIBI,DARIBI,dadi1250,Dadibi
Teb.TEBERAN.FOLOPA,FOLOPA,folo1238,Folopa
AM.AMTO_MUSAN.AMTO,AMTO,amto1250,Amto
AM.AMTO_MUSAN.MUSAN,MUSAN,siaw1243,Siawi
AM.AMTO_MUSAN.MUSAN_2,MUSAN_2,,
LeM.LEFT_MAY.OWINIGA,OWINIGA,owin1240,Owiniga
LeM.LEFT_MAY.AMA,AMA,amap1240,Ama (Papua New Guinea)
LeM.LEFT_MAY.AMA_2,AMA_2,amap1240,Ama (Papua New Guinea)
LeM.LEFT_MAY.NAKWI,NAKWI,nakw1240,Nakwi
LeM.LEFT_MAY.NIMO_NAKWI,NIMO_NAKWI,nakw1240,Nakwi
LeM.LEFT_MAY.NIMO,NIMO,nimo1247,Nimo
LeM.LEFT_MAY.BO,BO,bopa1235,Bo (Papua New Guinea)
LeM.LEFT_MAY.ITERI,ITERI,iter1241,Iteri
LeM.LEFT_MAY.ROCKY_PEAK,ROCKY_PEAK,iter1241,Iteri
Tak.TAKELMA.TAKELMA,TAKELMA,take1257,Takelma
Kal.KALAPUYAN.KALAPUYA,KALAPUYA,,
Ele.PURARI.PURARI,PURARI,pura1257,Purari
WP.NORTH_HALMAHERAN.WEST_MAKIAN,WEST_MAKIAN,west2600,West Makian
WP.NORTH_HALMAHERAN.SABALE,SABALE,west2600,West Makian
WP.NORTH_HALMAHERAN.TALAPAO,TALAPAO,west2600,West Makian
WP.NORTH_HALMAHERAN.TAGONO,TAGONO,west2600,West Makian
WP.NORTH_HALMAHERAN.TAFASOHO,TAFASOHO,west2600,West Makian
WP.NORTH_HALMAHERAN.NGOFABOBAWA,NGOFABOBAWA,west2600,West Makian
WP.NORTH_HALMAHERAN.MALAPA,MALAPA,west2600,West Makian
WP.NORTH_HALMAHERAN.BOBAWA,BOBAWA,west2600,West Makian
WP.NORTH_HALMAHERAN.TIDORE,TIDORE,tido1248,Tidore
WP.NORTH_HALMAHERAN.SAHU,SAHU,sahu1245,Sahu
WP.NORTH_HALMAHERAN.TABARU,TABARU,taba1263,Tabaru
WP.NORTH_HALMAHERAN.PAGU,PAGU,pagu1249,Pagu
WP.NORTH_HALMAHERAN.MADOLE,MADOLE,modo1249,Modole
WP.NORTH_HALMAHERAN.MODOLE,MODOLE,modo1249,Modole
WP.NORTH_HALMAHERAN.MODOLE_2,MODOLE_2,modo1249,Modole
WP.NORTH_HALMAHERAN.TOBELO_2,TOBELO_2,tobe1252,Tobelo
WP.NORTH_HALMAHERAN.LODA,LODA,lolo1264,Loloda-Laba
WP.NORTH_HALMAHERAN.LOLODA,LOLODA,lolo1264,Loloda-Laba
WP.NORTH_HALMAHERAN.GALELA,GALELA,gale1259,Galela
WP.NORTH_HALMAHERAN.GALELA_2,GALELA_2,gale1259,Galela
Laal.LAAL.LAAL,LAAL,laal1242,Laal
ESu.NUBIAN.NOBIIN,NOBIIN,nobi1240,Nobiin
ESu.NUBIAN.OLD_NUBIAN,OLD_NUBIAN,oldn1245,Old Nubian
ESu.NUBIAN.NUBIAN_OF_DONGOLA,NUBIAN_OF_DONGOLA,dong1288,Dongola
ESu.NUBIAN.MEIDOB_NUBIAN,MEIDOB_NUBIAN,mido1240,Midob
ESu.NUBIAN.BIRKED,BIRKED,birk1242,Birked
ESu.NUBIAN.KENZI,KENZI,kenu1243,Kenuzi
ESu.NUBIAN.DILLING,DILLING,dill1242,Dilling
ESu.NUBIAN.KADARU,KADARU,kada1282,Kadaru
ESu.NUBIAN.DAIR,DAIR,dair1239,Dair
ESu.NUBIAN.UNCUNWEE,UNCUNWEE,ghul1238,Uncunwee
Mis.MISUMALPAN.MISKITO,MISKITO,misk1235,Mískito
Mis.MISUMALPAN.CACAOPERA,CACAOPERA,caca1247,Cacaopera
Mis.MISUMALPAN.ULWA,ULWA,ulwa1239,Ulwa
Tun.TUNICA.TUNICA,TUNICA,tuni1252,Tunica
Nat.NATCHEZ.NATCHEZ,NATCHEZ,natc1249,Natchez
Fur.FUR.FUR,FUR,furr1244,Fur
Ken.KENABOI.KENABOI_1,KENABOI_1,kena1236,Kenaboi
WP.WEST_BIRDS_HEAD.MOI,MOI,moii1235,Moi (Indonesia)
WP.WEST_BIRDS_HEAD.SEGET,SEGET,sege1235,Seget
WP.WEST_BIRDS_HEAD.MORAID_2,MORAID_2,mora1239,Moraid
WP.WEST_BIRDS_HEAD.KALABRA_2,KALABRA_2,kala1256,Kalabra
WP.WEST_BIRDS_HEAD.TEHIT,TEHIT,tehi1237,Tehit
Sho.SHOM_PENG.SHOM_PENG,SHOM_PENG,shom1245,Shom Peng
ESu.TAMA.MARARIT,MARARIT,mara1396,Mararit
ESu.TAMA.ASSANGORI,ASSANGORI,assa1269,Assangori
AuA.NICOBARESE.CAR,CAR,carn1240,Car Nicobarese
AuA.NICOBARESE.NANCAWRI,NANCAWRI,cent1990,Central Nicobarese
AuA.NICOBARESE.TERESSA,TERESSA,tere1272,Teressa
AuA.MUNDA.JUANG,JUANG,juan1238,Juang
AuA.MUNDA.KHARIA,KHARIA,khar1287,Kharia
AuA.MUNDA.GATA,GATA,gata1239,Gata'
AuA.MUNDA.REMO,REMO,bond1245,Bondo
AuA.MUNDA.PARENGA,PARENGA,pare1266,Gorum-Parenga
AuA.MUNDA.SORA_2,SORA_2,sora1254,Sora
AuA.MUNDA.SAVARA,SAVARA,sora1254,Sora
AuA.MUNDA.JURAY,JURAY,jura1242,Juray
AuA.MUNDA.SORA,SORA,sora1254,Sora
AuA.MUNDA.KORKU,KORKU,kork1243,Korku
AuA.MUNDA.KODA,KODA,koda1236,Koda
AuA.MUNDA.KORWA,KORWA,korw1242,Korwa
AuA.MUNDA.TURI,TURI,turi1246,Turi
AuA.MUNDA.MUNDARI_2,MUNDARI_2,mund1320,Mundari
AuA.MUNDA.MUNDARI,MUNDARI,mund1320,Mundari
AuA.MUNDA.HO,HO,hooo1248,Ho
AuA.MUNDA.HO_2,HO_2,hooo1248,Ho
AuA.MUNDA.SANTALI,SANTALI,sant1410,Santali
AuA.MUNDA.PAHARPUR_SANTALI,PAHARPUR_SANTALI,sant1410,Santali
AuA.MUNDA.RASHIDPUR_SANTALI,RASHIDPUR_SANTALI,sant1410,Santali
AuA.MUNDA.RAJARAMPUR_SANTALI,RAJARAMPUR_SANTALI,sant1410,Santali
AuA.MUNDA.JABRI_SANTALI,JABRI_SANTALI,sant1410,Santali
AuA.MUNDA.RAUTNAGAR_SANTALI,RAUTNAGAR_SANTALI,sant1410,Santali
AuA.MUNDA.BODOBELGHORIA_SANTALI,BODOBELGHORIA_SANTALI,sant1410,Santali
AuA.MUNDA.PATICHORA_SANTALI,PATICHORA_SANTALI,sant1410,Santali
AuA.MUNDA.PACHONDOR_MAHALI,PACHONDOR_MAHALI,maha1291,Mahali
AuA.MUNDA.ABIRPARA_MAHALI,ABIRPARA_MAHALI,maha1291,Mahali
AuA.MUNDA.MATINDOR_MAHALI,MATINDOR_MAHALI,maha1291,Mahali
AuA.ASLIAN.MAH_MERI,MAH_MERI,besi1244,Besisi
AuA.ASLIAN.SEMAQ_BERI,SEMAQ_BERI,sema1265,Semaq Beri
AuA.ASLIAN.TEMOQ,TEMOQ,temo1243,Temoq
AuA.ASLIAN.SEMELAI,SEMELAI,seme1247,Semelai
AuA.ASLIAN.JAH_HUT,JAH_HUT,jahh1242,Jah Hut
AuA.ASLIAN.SEMAI,SEMAI,sema1266,Semai
AuA.ASLIAN.SEMAI_2,SEMAI_2,sema1266,Semai
AuA.ASLIAN.TEMIAR,TEMIAR,temi1246,Temiar
AuA.ASLIAN.SEMNAM,SEMNAM,semn1250,Semnam
AuA.ASLIAN.LANOH,LANOH,lano1248,Lanoh
AuA.ASLIAN.SABUM,SABUM,sabu1253,Sabüm
AuA.ASLIAN.CEQ_WONG,CEQ_WONG,chew1245,Chewong
AuA.ASLIAN.KINTAQ,KINTAQ,kint1239,Kintaq
AuA.ASLIAN.KENSIW,KENSIW,kens1248,Kensiu
AuA.ASLIAN.TONGA,TONGA,tong1308,Maniq
AuA.ASLIAN.JAHAI,JAHAI,jeha1242,Jehai
AuA.ASLIAN.BATEK_NONG,BATEK_NONG,bate1262,Batek
AuA.ASLIAN.BATEK_DEQ,BATEK_DEQ,bate1262,Batek
AuA.ASLIAN.MINTIL,MINTIL,mint1239,Mintil
AuA.MONIC.OLD_MON,OLD_MON,oldm1242,Old Mon
AuA.MONIC.NYAKUR,NYAKUR,nyah1250,Nyahkur
AuA.MONIC.NYAKUR_2,NYAKUR_2,nyah1250,Nyahkur
AuA.MONIC.MON,MON,monn1252,Mon
AuA.MONIC.MON_2,MON_2,monn1252,Mon
AuA.MONIC.MON_NONG_DUU,MON_NONG_DUU,monn1252,Mon
AuA.KHMER.KHMER,KHMER,cent1989,Central Khmer
AuA.KHMER.KHMER_2,KHMER_2,cent1989,Central Khmer
AuA.KHMER.SURIN,SURIN,nort2684,Northern Khmer
AuA.PEARIC.PEAR,PEAR,pear1247,Pear
AuA.PEARIC.PEAR_B,PEAR_B,pear1247,Pear
AuA.PEARIC.SAMRE,SAMRE,samr1245,Samre of Siem Reap
AuA.PEARIC.CHONG_H,CHONG_H,chon1284,Chong of Chanthaburi
AuA.PEARIC.KASONG,KASONG,chon1284,Chong of Chanthaburi
AuA.PEARIC.SAOCH,SAOCH,saoc1239,Sa'och
AuA.VIET_MUONG.THAVUNG_SO,THAVUNG_SO,aheu1239,Thavung
AuA.VIET_MUONG.RUC,RUC,chut1247,Chut
AuA.VIET_MUONG.MALIENG,MALIENG,male1282,Maleng
AuA.VIET_MUONG.RUC_2,RUC_2,chut1247,Chut
AuA.VIET_MUONG.MUNG_KOI,MUNG_KOI,muon1246,Muong
AuA.VIET_MUONG.VIETNAMESE_3,VIETNAMESE_3,viet1252,Vietnamese
AuA.VIET_MUONG.VIETNAMESE,VIETNAMESE,viet1252,Vietnamese
AuA.VIET_MUONG.VIETNAMESE_2,VIETNAMESE_2,viet1252,Vietnamese
AuA.KATUIC.BRU,BRU,east2332,Eastern Bru
AuA.KATUIC.BRU_WESTERN_UnnamedInSource,BRU_WESTERN_UnnamedInSource,west2397,Western Bru
AuA.KATUIC.KUY,KUY,kuyy1240,Kuy
AuA.KATUIC.NYEU,NYEU,nyeu1238,Nyeu
AuA.KATUIC.KUI_THAILAND,KUI_THAILAND,kuyy1240,Kuy
AuA.KATUIC.KUI_THAILAND_2,KUI_THAILAND_2,kuyy1240,Kuy
AuA.KATUIC.NGE,NGE,ngeq1245,Kriang-Khlor
AuA.KATUIC.PACOH,PACOH,paco1243,Pacoh
AuA.KATUIC.KATU,KATU,phuo1238,Phuong
AuA.KATUIC.KATU_EASTERN,KATU_EASTERN,east1236,Eastern Katu
AuA.BAHNARIC.CHENG,CHENG,jeng1241,Jeng
AuA.BAHNARIC.OI,OI,oyyy1238,Oy
AuA.BAHNARIC.BRAO,BRAO,,
AuA.BAHNARIC.SAPUAN,SAPUAN,sapu1248,Sapuan
AuA.BAHNARIC.JRU,JRU,lave1248,Laven
AuA.BAHNARIC.LOVEN,LOVEN,lave1248,Laven
AuA.BAHNARIC.NHAHEUN,NHAHEUN,nyah1249,Nyaheun
AuA.BAHNARIC.NHAHEUN_2,NHAHEUN_2,nyah1249,Nyaheun
AuA.BAHNARIC.TAMPUAN,TAMPUAN,tamp1251,Tampuan
AuA.BAHNARIC.CUA,CUA,cuaa1241,Cua
AuA.BAHNARIC.JEH,JEH,jehh1245,Jeh
AuA.BAHNARIC.JEH_2,JEH_2,jehh1245,Jeh
AuA.BAHNARIC.BAHNAR,BAHNAR,bahn1262,Bahnar
AuA.BAHNARIC.BAHNAR_2,BAHNAR_2,bahn1262,Bahnar
AuA.BAHNARIC.TODRAH_UnnamedInSource,TODRAH_UnnamedInSource,todr1244,Todrah
AuA.BAHNARIC.RENGAO,RENGAO,reng1252,Rengao
AuA.BAHNARIC.SEDANG,SEDANG,seda1262,Sedang
AuA.BAHNARIC.KOHO_CHIL,KOHO_CHIL,koho1244,Koho
AuA.BAHNARIC.SRE,SRE,koho1244,Koho
AuA.BAHNARIC.KOHO_SRE,KOHO_SRE,koho1244,Koho
AuA.BAHNARIC.STIENG,STIENG,bulo1242,Bulo Stieng
AuA.BAHNARIC.STIENG_2,STIENG_2,bulo1242,Bulo Stieng
AuA.BAHNARIC.CHRAU,CHRAU,chra1242,Chrau
AuA.BAHNARIC.CHRAU_2,CHRAU_2,chra1242,Chrau
AuA.BAHNARIC.BUNOR,BUNOR,cent1992,Central Mnong
AuA.BAHNARIC.PREH,PREH,cent1992,Central Mnong
AuA.BAHNARIC.CHIL,CHIL,east2333,Eastern Mnong
AuA.BAHNARIC.KUAN,KUAN,east2333,Eastern Mnong
AuA.BAHNARIC.GAR,GAR,east2333,Eastern Mnong
AuA.BAHNARIC.ROLOM,ROLOM,east2333,Eastern Mnong
AuA.PALAUNG_KHMUIC.KHMU,KHMU,khmu1256,Khmu
AuA.PALAUNG_KHMUIC.KHMU_2,KHMU_2,khmu1256,Khmu
AuA.PALAUNG_KHMUIC.MLABRI,MLABRI,mlab1235,Mlabri
AuA.PALAUNG_KHMUIC.MAL,MAL,mall1246,Mal
AuA.PALAUNG_KHMUIC.KSINMUL,KSINMUL,puoc1238,Ksingmul
AuA.PALAUNG_KHMUIC.KSINMUL_2,KSINMUL_2,puoc1238,Ksingmul
AuA.KEMIE.KEMIE,KEMIE,manm1238,Man Met
AuA.PALAUNG_KHMUIC.MANG,MANG,mang1378,Mang
AuA.PALYU.PALIU,PALIU,boly1239,Bolyu
AuA.PALYU.BUGAN,BUGAN,buga1247,Bugan
AuA.PALYU.BUGAN_2,BUGAN_2,buga1247,Bugan
AuA.KHASIAN.WAR_JAINTIA,WAR_JAINTIA,warj1242,War-Jaintia
AuA.KHASIAN.PNAR_JOWAI,PNAR_JOWAI,pnar1238,Pnar
AuA.KHASIAN.KHASI_2,KHASI_2,khas1269,Khasi
AuA.KHASIAN.KHASI,KHASI,khas1269,Khasi
AuA.PALAUNG_KHMUIC.DANAU,DANAU,dana1252,Danau
AuA.PALAUNG_KHMUIC.DANAW,DANAW,dana1252,Danau
AuA.PALAUNG_KHMUIC.RIANG_BLACK_STRIPED,RIANG_BLACK_STRIPED,rian1261,Riang (Myanmar)
AuA.PALAUNG_KHMUIC.RIANG_WHITE_STRIPED,RIANG_WHITE_STRIPED,rian1261,Riang (Myanmar)
AuA.PALAUNG_KHMUIC.RUMAI,RUMAI,ruma1248,Rumai Palaung
AuA.PALAUNG_KHMUIC.PALAUNG_UnnamedInSource,PALAUNG_UnnamedInSource,ruma1248,Rumai Palaung
AuA.PALAUNG_KHMUIC.DEANG,DEANG,ruch1235,Ruching Palaung
AuA.PALAUNG_KHMUIC.DEANG_2,DEANG_2,ruch1235,Ruching Palaung
AuA.PALAUNG_KHMUIC.BIT,BIT,bitt1240,Bit
AuA.PALAUNG_KHMUIC.KHANG,KHANG,khan1274,Kháng
AuA.PALAUNG_KHMUIC.LAMPANGLAMET,LAMPANGLAMET,lame1256,Lamet
AuA.PALAUNG_KHMUIC.U,U,uuuu1243,U
AuA.PALAUNG_KHMUIC.MOK,MOK,mokk1243,Mok
AuA.PALAUNG_KHMUIC.BUMANG,BUMANG,buma1247,Bumang
AuA.PALAUNG_KHMUIC.PLANG,PLANG,blan1242,Blang
AuA.PALAUNG_KHMUIC.LAWA_LA_UP,LAWA_LA_UP,west2396,Western Lawa
AuA.PALAUNG_KHMUIC.WIANG_PA_PAO_LUA,WIANG_PA_PAO_LUA,east2330,Eastern Lawa
AuA.PALAUNG_KHMUIC.WA,WA,nucl1290,Zhenkang Wa
AuA.PALAUNG_KHMUIC.WA_3,WA_3,nucl1290,Zhenkang Wa
AuA.PALAUNG_KHMUIC.WA_2,WA_2,nucl1290,Zhenkang Wa
AuA.PALAUNG_KHMUIC.GUANSHUANG_WA,GUANSHUANG_WA,para1301,South Wa
AuA.PALAUNG_KHMUIC.BANHONG_WA,BANHONG_WA,para1301,South Wa
AuA.PALAUNG_KHMUIC.AWALAI_WA,AWALAI_WA,awac1238,Lavia-Awalai-Damangnuo Awa
AuA.PALAUNG_KHMUIC.DAMANGNUO_WA,DAMANGNUO_WA,awac1238,Lavia-Awalai-Damangnuo Awa
AuA.PALAUNG_KHMUIC.AISHUO_WA,AISHUO_WA,para1301,South Wa
AuA.PALAUNG_KHMUIC.MASAN_WA,MASAN_WA,awac1238,Lavia-Awalai-Damangnuo Awa
AuA.PALAUNG_KHMUIC.YANCHENG_WA,YANCHENG_WA,para1301,South Wa
AuA.PALAUNG_KHMUIC.ZHONGKE_WA,ZHONGKE_WA,para1301,South Wa
AuA.PALAUNG_KHMUIC.MENGGONG_WA,MENGGONG_WA,para1301,South Wa
AuA.PALAUNG_KHMUIC.DAZHAI_WA,DAZHAI_WA,para1301,South Wa
AuA.PALAUNG_KHMUIC.XIYUN_WA,XIYUN_WA,awac1238,Lavia-Awalai-Damangnuo Awa
AuA.PALAUNG_KHMUIC.WANLENG_WA,WANLENG_WA,para1301,South Wa
Yur.YURACARE.YURACARE,YURACARE,yura1255,Yuracaré
Yur.YURACARE.YURACARE_YURUJURE,YURACARE_YURUJURE,yura1255,Yuracaré
Urr.URARINA.URARINA,URARINA,urar1246,Urarina
TK.KADAI.PUBIAO,PUBIAO,qabi1235,Pubiao-Qabiao
TK.KADAI.YERONG,YERONG,yero1238,Yerong-Southern Buyang
TK.KADAI.BUYANG,BUYANG,lang1316,Langnian Buyang
TK.KADAI.ECUN_BAHA_BUYANG,ECUN_BAHA_BUYANG,baha1256,Baha Buyang
TK.KADAI.LANGJIA_BUYANG,LANGJIA_BUYANG,baha1256,Baha Buyang
TK.KADAI.TA_MIT_LAHA,TA_MIT_LAHA,laha1250,Laha (Viet Nam)
TK.KADAI.LAHA,LAHA,laha1250,Laha (Viet Nam)
TK.KADAI.BAHA_BUYANG,BAHA_BUYANG,baha1256,Baha Buyang
TK.KADAI.PAHA,PAHA,baha1256,Baha Buyang
TK.KADAI.JINCHANG_WHITE_LACHI,JINCHANG_WHITE_LACHI,whit1266,White Lachi
TK.KADAI.LACHI,LACHI,lach1248,Lachi
TK.KADAI.WHITE_LACHI,WHITE_LACHI,whit1266,White Lachi
TK.KADAI.GELAO_WANZI,GELAO_WANZI,gree1278,Hagei Gelao
TK.KADAI.GREEN_GELAO,GREEN_GELAO,gree1278,Hagei Gelao
TK.KADAI.JUDU_GELAO,JUDU_GELAO,whit1267,Duoluo Gelao
TK.KADAI.NIUPO_GELAO,NIUPO_GELAO,whit1267,Duoluo Gelao
TK.KADAI.GELAO_LAOZHAI,GELAO_LAOZHAI,whit1267,Duoluo Gelao
TK.KADAI.CA_HA_GELAO,CA_HA_GELAO,gree1278,Hagei Gelao
TK.KADAI.PHO_BANG_GELAO,PHO_BANG_GELAO,whit1267,Duoluo Gelao
TK.KADAI.MULAO_KADAI,MULAO_KADAI,gela1264,Gelao Mulao
TK.KADAI.GELAO_QIAOSHANG,GELAO_QIAOSHANG,redg1235,Red Gelao
TK.KADAI.ZHENFENG_GELAO,ZHENFENG_GELAO,aoua1234,A'ou
TK.KADAI.HONGFENG_GELAO,HONGFENG_GELAO,aoua1234,A'ou
TK.KADAI.NA_KHE_GELAO,NA_KHE_GELAO,redg1235,Red Gelao
TK.HLAI.JIAMAO,JIAMAO,jiam1236,Jiamao
TK.KADAI.CUN,CUN,cunn1236,Cun-Nadou
TK.HLAI.LI_TONGSHI,LI_TONGSHI,hlai1239,Hlai
TK.HLAI.BAODING_HLAI,BAODING_HLAI,hlai1239,Hlai
TK.HLAI.LI_BAODING,LI_BAODING,hlai1239,Hlai
TK.KAM_TAI.SHIDONG_BIAO,SHIDONG_BIAO,biao1253,Shidong Biao
TK.KADAI.JINXIU_LAKKIA,JINXIU_LAKKIA,lakk1238,Lakkia
TK.KADAI.LAKKJA,LAKKJA,lakk1238,Lakkia
TK.KAM_TAI.MULAO,MULAO,mula1253,Mulam
TK.KAM_TAI.DONGMEN_MULAM,DONGMEN_MULAM,mula1253,Mulam
TK.KAM_TAI.LUOCHENG_MULAO,LUOCHENG_MULAO,mula1253,Mulam
TK.KAM_TAI.SOUTHERN_DONG,SOUTHERN_DONG,sout2741,Southern Dong
TK.KAM_TAI.KAM,KAM,nort2735,Northern Dong
TK.KAM_TAI.TIANZHU_SHIDONG_NORTHERN_DONG,TIANZHU_SHIDONG_NORTHERN_DONG,nort2735,Northern Dong
TK.KAM_TAI.KAM_ZHANGLU,KAM_ZHANGLU,nort2735,Northern Dong
TK.KAM_TAI.ZHANGLU_DONG,ZHANGLU_DONG,nort2735,Northern Dong
TK.KAM_TAI.TEN,TEN,tenn1245,T'en
TK.KAM_TAI.TEN_2,TEN_2,tenn1245,T'en
TK.KAM_TAI.SUI_PYO,SUI_PYO,suii1243,Sui
TK.KAM_TAI.SUI_LI_NGAM,SUI_LI_NGAM,suii1243,Sui
TK.KAM_TAI.SUI_JUNG_CHIANG,SUI_JUNG_CHIANG,suii1243,Sui
TK.KAM_TAI.SANDONG_SUI,SANDONG_SUI,suii1243,Sui
TK.KAM_TAI.SUI,SUI,suii1243,Sui
TK.KAM_TAI.SHUIQING_SUI,SHUIQING_SUI,suii1243,Sui
TK.KAM_TAI.CHADONG,CHADONG,chad1240,Chadong
TK.KAM_TAI.CHADONG_2,CHADONG_2,chad1240,Chadong
TK.KAM_TAI.MAONAN,MAONAN,maon1241,Maonan
TK.KAM_TAI.XIANAN_MAONAN,XIANAN_MAONAN,maon1241,Maonan
TK.KAM_TAI.TAIYANG_AI_CHAM,TAIYANG_AI_CHAM,aich1238,Ai-Cham
TK.KAM_TAI.TAIYANG_AI_CHAM_2,TAIYANG_AI_CHAM_2,aich1238,Ai-Cham
TK.KAM_TAI.MAK,MAK,makc1235,Mak (China)
TK.KAM_TAI.LALIU_MAK,LALIU_MAK,makc1235,Mak (China)
TK.KAM_TAI.FANGCUN_MAK,FANGCUN_MAK,makc1235,Mak (China)
TK.KAM_TAI.LALIU_MAK_2,LALIU_MAK_2,makc1235,Mak (China)
TK.KAM_TAI.DONGYING_LINGAO,DONGYING_LINGAO,ling1262,Western Ong-Be
TK.KAM_TAI.ONG_BE,ONG_BE,ling1262,Western Ong-Be
TK.KAM_TAI.LINCHENG_LINGAO,LINCHENG_LINGAO,ling1262,Western Ong-Be
TK.KAM_TAI.LONGZHOU_ZHUANG,LONGZHOU_ZHUANG,zuoj1238,Zuojiang Zhuang
TK.KAM_TAI.ZHUANG_SOUTHERN,ZHUANG_SOUTHERN,zuoj1238,Zuojiang Zhuang
TK.KAM_TAI.LUNG_MING,LUNG_MING,zuoj1238,Zuojiang Zhuang
TK.KAM_TAI.LUNG_CHOW,LUNG_CHOW,zuoj1238,Zuojiang Zhuang
TK.KAM_TAI.TAI_LUNGCHOW,TAI_LUNGCHOW,zuoj1238,Zuojiang Zhuang
TK.KAM_TAI.TAI_PING_SIANG,TAI_PING_SIANG,zuoj1238,Zuojiang Zhuang
TK.KAM_TAI.TAI_LEI_PING,TAI_LEI_PING,zuoj1238,Zuojiang Zhuang
TK.KAM_TAI.TAI_LUNGMING,TAI_LUNGMING,zuoj1238,Zuojiang Zhuang
TK.KAM_TAI.TAI_NING_MING,TAI_NING_MING,zuoj1238,Zuojiang Zhuang
TK.KAM_TAI.WUMING_YONGBEI_ZHUANG,WUMING_YONGBEI_ZHUANG,yong1276,Yongbei Zhuang
TK.KAM_TAI.WUMING_ZHUANG,WUMING_ZHUANG,yong1276,Yongbei Zhuang
TK.KAM_TAI.NINGMING_YONGNAN_ZHUANG,NINGMING_YONGNAN_ZHUANG,yong1275,Yongnan Zhuang
TK.KAM_TAI.SHANGSI_YONGNAN_ZHUANG,SHANGSI_YONGNAN_ZHUANG,yong1275,Yongnan Zhuang
TK.KAM_TAI.TAI_WUMING,TAI_WUMING,yong1276,Yongbei Zhuang
TK.KAM_TAI.WU_MING,WU_MING,yong1276,Yongbei Zhuang
TK.KAM_TAI.SAEK,SAEK,saek1240,Saek
TK.KAM_TAI.SAEK_3,SAEK_3,saek1240,Saek
TK.KAM_TAI.SAEK_2,SAEK_2,saek1240,Saek
TK.KAM_TAI.YAY,YAY,bouy1240,Bouyei
TK.KAM_TAI.PO_AI,PO_AI,bouy1240,Bouyei
TK.KAM_TAI.YAY_2,YAY_2,bouy1240,Bouyei
TK.KAM_TAI.YONGNAN_CENTRAL_HONGSHUIHE_ZHUANG,YONGNAN_CENTRAL_HONGSHUIHE_ZHUANG,cent2009,Central Hongshuihe Zhuang
TK.KAM_TAI.QINZHOU_CENTRAL_HONGSHUIHE_ZHUANG,QINZHOU_CENTRAL_HONGSHUIHE_ZHUANG,cent2009,Central Hongshuihe Zhuang
TK.KAM_TAI.FUSUI_CENTRAL_HONGSHUIHE_ZHUANG,FUSUI_CENTRAL_HONGSHUIHE_ZHUANG,cent2009,Central Hongshuihe Zhuang
TK.KAM_TAI.LONGAN_CENTRAL_HONGSHUIHE_ZHUANG,LONGAN_CENTRAL_HONGSHUIHE_ZHUANG,cent2009,Central Hongshuihe Zhuang
TK.KAM_TAI.WANGMO_BOUYEI,WANGMO_BOUYEI,bouy1240,Bouyei
TK.KAM_TAI.HAWYIENGZ_ZHUANG,HAWYIENGZ_ZHUANG,cent2009,Central Hongshuihe Zhuang
TK.KAM_TAI.ZHUANG_NORTHERN,ZHUANG_NORTHERN,guib1244,Guibian Zhuang
TK.KAM_TAI.LAIBIN_CENTRAL_HONGSHUIHE_ZHUANG,LAIBIN_CENTRAL_HONGSHUIHE_ZHUANG,cent2009,Central Hongshuihe Zhuang
TK.KAM_TAI.GUIGANG_CENTRAL_HONGSHUIHE_ZHUANG,GUIGANG_CENTRAL_HONGSHUIHE_ZHUANG,cent2009,Central Hongshuihe Zhuang
TK.KAM_TAI.LIANSHAN_CENTRAL_HONGSHUIHE_ZHUANG,LIANSHAN_CENTRAL_HONGSHUIHE_ZHUANG,cent2009,Central Hongshuihe Zhuang
TK.KAM_TAI.SHANGLIN_CENTRAL_HONGSHUIHE_ZHUANG,SHANGLIN_CENTRAL_HONGSHUIHE_ZHUANG,cent2009,Central Hongshuihe Zhuang
TK.KAM_TAI.NUNG,NUNG,nung1283,Nung (Viet Nam)
TK.KAM_TAI.TAI_WESTERN_NUNG,TAI_WESTERN_NUNG,nung1283,Nung (Viet Nam)
TK.KAM_TAI.TAY,TAY,tayy1238,Tày
TK.KAM_TAI.THO,THO,tayy1238,Tày
TK.KAM_TAI.AHOM,AHOM,ahom1240,Ahom
TK.KAM_TAI.BLACK_THAI,BLACK_THAI,taid1247,Tai Dam
TK.KAM_TAI.BLACK_TAI_2,BLACK_TAI_2,taid1247,Tai Dam
TK.KAM_TAI.JINGHONG_TAI_LUE,JINGHONG_TAI_LUE,luuu1242,Lü
TK.KAM_TAI.JINGHONG_TAI_LUE_2,JINGHONG_TAI_LUE_2,luuu1242,Lü
TK.KAM_TAI.LUE_CHIENG_HUNG,LUE_CHIENG_HUNG,luuu1242,Lü
TK.KAM_TAI.LUE_MUONG_YONG,LUE_MUONG_YONG,luuu1242,Lü
TK.KAM_TAI.LU,LU,luuu1242,Lü
TK.KAM_TAI.YANG,YANG,luuu1242,Lü
TK.KAM_TAI.TAI_DAENG,TAI_DAENG,taid1249,Tai Daeng-Meuay
TK.KAM_TAI.YUANYANG_TAI,YUANYANG_TAI,taiy1242,Tai Ya
TK.KAM_TAI.JINPING_TAI,JINPING_TAI,taid1250,Tai Dón
TK.KAM_TAI.WHITE_THAI_2,WHITE_THAI_2,taid1250,Tai Dón
TK.KAM_TAI.WHITE_THAI_3,WHITE_THAI_3,taid1250,Tai Dón
TK.KAM_TAI.WHITE_THAI,WHITE_THAI,taid1250,Tai Dón
TK.KAM_TAI.TAI_CHIENGMAI,TAI_CHIENGMAI,nort2740,Northern Thai
TK.KAM_TAI.LAMPANG_THAI,LAMPANG_THAI,nort2740,Northern Thai
TK.KAM_TAI.TAI_KHUEN,TAI_KHUEN,khun1259,Khün
TK.KAM_TAI.DEHONG,DEHONG,tain1252,Tai Nüa
TK.KAM_TAI.MENGLIAN_TAI,MENGLIAN_TAI,tain1252,Tai Nüa
TK.KAM_TAI.DEHONG_TAI_NUEA,DEHONG_TAI_NUEA,tain1252,Tai Nüa
TK.KAM_TAI.MANGSHI_TAI,MANGSHI_TAI,tain1252,Tai Nüa
TK.KAM_TAI.SHAN,SHAN,shan1277,Shan
TK.KAM_TAI.SHAN_3,SHAN_3,shan1277,Shan
TK.KAM_TAI.SHAN_2,SHAN_2,shan1277,Shan
TK.KAM_TAI.NORTHERN_SHAN,NORTHERN_SHAN,shan1277,Shan
TK.KAM_TAI.SHAN_4,SHAN_4,shan1277,Shan
TK.KAM_TAI.KHAMTI,KHAMTI,kham1290,Khamti
TK.KAM_TAI.YUANJIANG_TAI,YUANJIANG_TAI,taih1246,Tai Hongjin
TK.KAM_TAI.MAGUAN_TAI,MAGUAN_TAI,taih1246,Tai Hongjin
TK.KAM_TAI.LVCHUN_TAI,LVCHUN_TAI,taih1246,Tai Hongjin
TK.KAM_TAI.WUDING_TAI,WUDING_TAI,taih1246,Tai Hongjin
TK.KAM_TAI.LAOTIEN,LAOTIEN,laoo1244,Lao
TK.KAM_TAI.DIOI,DIOI,yoyy1238,Yoy
TK.KAM_TAI.TAI_PO_AI,TAI_PO_AI,yoyy1238,Yoy
TK.KAM_TAI.SIAMESE,SIAMESE,thai1261,Thai
TK.KAM_TAI.TAI_NONG_KHAI,TAI_NONG_KHAI,laoo1244,Lao
TK.KAM_TAI.TAI,TAI,thai1261,Thai
TK.KAM_TAI.LAO,LAO,laoo1244,Lao
TK.KAM_TAI.THAI_3,THAI_3,thai1261,Thai
TK.KAM_TAI.SIAMESE_2,SIAMESE_2,thai1261,Thai
TK.KAM_TAI.THAI_2,THAI_2,thai1261,Thai
TK.KAM_TAI.SONGKHLA_THAI,SONGKHLA_THAI,sout2746,Southern Thai
TK.KAM_TAI.THAI,THAI,thai1261,Thai
TK.KAM_TAI.KHORAT_THAI,KHORAT_THAI,thai1261,Thai
Tou.TOUO.MBANIATA,MBANIATA,touo1238,Touo
TNG.MAIRASI_TANAHMERAH.MER,MER,merr1239,Mer
TNG.MAIRASI_TANAHMERAH.MAIRASI,MAIRASI,,
TNG.MAIRASI_TANAHMERAH.SEMIMI,SEMIMI,,
An.TSOU.DUHTU_TSOU,DUHTU_TSOU,tsou1248,Tsou
An.TSOU.TSOU,TSOU,tsou1248,Tsou
An.PUYUMA.LOWER_PINLANG_PUYUMA,LOWER_PINLANG_PUYUMA,puyu1239,Puyuma
An.PUYUMA.NANWANG_PUYUMA,NANWANG_PUYUMA,puyu1239,Puyuma
An.PUYUMA.PILAM_PUYUMA,PILAM_PUYUMA,puyu1239,Puyuma
An.RUKAI.RUKAI,RUKAI,ruka1240,Rukai
An.RUKAI.MANTAURAN,MANTAURAN,ruka1240,Rukai
An.RUKAI.MANTAURAN_RUKAI,MANTAURAN_RUKAI,ruka1240,Rukai
An.RUKAI.BUDAI_RUKAI,BUDAI_RUKAI,ruka1240,Rukai
An.RUKAI.TANAN_RUKAI,TANAN_RUKAI,ruka1240,Rukai
An.RUKAI.MAGA_RUKAI,MAGA_RUKAI,ruka1240,Rukai
An.RUKAI.TONA_RUKAI,TONA_RUKAI,ruka1240,Rukai
An.WESTERN_PLAINS_AUSTRONESIAN.THAO,THAO,thao1240,Thao
An.WESTERN_PLAINS_AUSTRONESIAN.FAVORLANG,FAVORLANG,babu1240,Babuza
An.WESTERN_PLAINS_AUSTRONESIAN.PAPORA,PAPORA,papo1239,Papora-Hoanya
An.WESTERN_PLAINS_AUSTRONESIAN.PAPORA_2,PAPORA_2,papo1239,Papora-Hoanya
An.NORTHWEST_FORMOSAN.AURAN_KULON_PAZEH,AURAN_KULON_PAZEH,,
An.NORTHWEST_FORMOSAN.PAZEH,PAZEH,,
An.NORTHWEST_FORMOSAN.SAISIYAT,SAISIYAT,sais1237,Saisiyat
An.NORTHWEST_FORMOSAN.TAAI_SAISIYAT,TAAI_SAISIYAT,sais1237,Saisiyat
An.NORTHWEST_FORMOSAN.TUNGHO_SAISIYAT,TUNGHO_SAISIYAT,sais1237,Saisiyat
An.ATAYALIC.CIULI_ATAYAL,CIULI_ATAYAL,atay1247,Atayal
An.ATAYALIC.SQULIQ_ATAYAL,SQULIQ_ATAYAL,atay1247,Atayal
An.ATAYALIC.SKIKUN_ATAYAL,SKIKUN_ATAYAL,atay1247,Atayal
An.ATAYALIC.ATAYAL,ATAYAL,atay1247,Atayal
An.ATAYALIC.MAYRINAX_ATAYAL,MAYRINAX_ATAYAL,atay1247,Atayal
An.ATAYALIC.SEDIQ,SEDIQ,taro1264,Seediq
An.ATAYALIC.HECUO_TAROKO,HECUO_TAROKO,taro1264,Seediq
An.ATAYALIC.TRUKU_TAROKO,TRUKU_TAROKO,taro1264,Seediq
An.ATAYALIC.PARAN_TAROKO,PARAN_TAROKO,taro1264,Seediq
An.ATAYALIC.TODA_TAROKO,TODA_TAROKO,taro1264,Seediq
An.TSOU.KANAKANABU,KANAKANABU,kana1286,Kanakanavu
An.TSOU.SAAROA,SAAROA,saar1237,Saaroa
An.PAIWAN.PAIWAN,PAIWAN,paiw1248,Paiwan
An.PAIWAN.STIMUL_PAIWAN,STIMUL_PAIWAN,paiw1248,Paiwan
An.PAIWAN.TJUBAR_PAIWAN,TJUBAR_PAIWAN,paiw1248,Paiwan
An.PAIWAN.BUTANGLU_PAIWAN,BUTANGLU_PAIWAN,paiw1248,Paiwan
An.ATAYALIC.TAKITUDUH_BUNUN,TAKITUDUH_BUNUN,bunu1267,Bunun
An.ATAYALIC.TAKBANUAZ_BUNUN,TAKBANUAZ_BUNUN,bunu1267,Bunun
An.ATAYALIC.BUNUN,BUNUN,bunu1267,Bunun
An.ATAYALIC.ISKUBUN,ISKUBUN,bunu1267,Bunun
An.EAST_FORMOSAN.SIRAYA,SIRAYA,sira1267,Sirayaic
An.EAST_FORMOSAN.KAVALAN,KAVALAN,kava1241,Kavalan
An.EAST_FORMOSAN.BASAY,BASAY,basa1287,Basay
An.EAST_FORMOSAN.KAVALAN_2,KAVALAN_2,kava1241,Kavalan
An.EAST_FORMOSAN.NATAORAN_AMIS,NATAORAN_AMIS,nata1254,Northern Amis
An.EAST_FORMOSAN.FARANG_AMIS,FARANG_AMIS,amis1246,Amis
An.EAST_FORMOSAN.FATAAN_AMIS,FATAAN_AMIS,amis1246,Amis
An.EAST_FORMOSAN.C_AMIS,C_AMIS,amis1246,Amis
An.EAST_FORMOSAN.AMIS_NATAORAN,AMIS_NATAORAN,nata1254,Northern Amis
An.CHAMORRO.CHAMORRO,CHAMORRO,cham1312,Chamorro
An.BILIC.TIRURAY,TIRURAY,tiru1241,Tiruray
An.BILIC.BILAAN_KORONADAL,BILAAN_KORONADAL,koro1310,Koronadal Blaan
An.BILIC.BILAAN_SARANGANI,BILAAN_SARANGANI,sara1326,Sarangani Blaan
An.BILIC.TBOLI_TAGABILI,TBOLI_TAGABILI,tbol1240,Tboli
An.BILIC.TAGABILI,TAGABILI,tbol1240,Tboli
An.CELEBIC.BOANO,BOANO,boan1243,Boano (Sulawesi)
An.CELEBIC.TOTOLI,TOTOLI,toto1304,Totoli
An.CELEBIC.LAUJE_AMPIBABO,LAUJE_AMPIBABO,lauj1238,Lauje
An.CELEBIC.LAUJE,LAUJE,lauj1238,Lauje
An.CELEBIC.DONDO,DONDO,dond1249,Dondo
An.CELEBIC.TOMINI,TOMINI,tomi1243,Tomini
An.CELEBIC.BALAESANG,BALAESANG,bala1314,Balaesang
An.CELEBIC.DAMPELAS,DAMPELAS,damp1237,Dampelas
An.CELEBIC.PENDAU,PENDAU,pend1242,Pendau
An.CELEBIC.TAJIO,TAJIO,taji1246,Tajio
An.CELEBIC.TAJE_PETAPA,TAJE_PETAPA,taje1237,Taje
An.CELEBIC.TAJE_TANAMPEDAGI,TAJE_TANAMPEDAGI,taje1237,Taje
An.CELEBIC.WOTU,WOTU,wotu1240,Wotu
An.CELEBIC.LAIYOLO,LAIYOLO,laiy1246,Laiyolo
An.CELEBIC.KAMARU,KAMARU,kama1364,Kamaru
An.CELEBIC.WOLIO,WOLIO,woli1241,Wolio
An.CELEBIC.RAMPI,RAMPI,ramp1243,Rampi
An.CELEBIC.BADA_INDONESIA,BADA_INDONESIA,bada1261,Bada (Indonesia)
An.CELEBIC.SARUDU,SARUDU,saru1242,Sarudu
An.CELEBIC.UMA,UMA,umaa1242,Uma
An.CELEBIC.BAREE,BAREE,pamo1252,Pamona
An.CELEBIC.SEDOA,SEDOA,sedo1237,Sedoa
An.CELEBIC.SINDUE_TAWAILI,SINDUE_TAWAILI,ledo1238,Ledo Kaili
An.CELEBIC.TARA,TARA,ledo1238,Ledo Kaili
An.CELEBIC.TOPOIYO,TOPOIYO,topo1243,Topoiyo
An.CELEBIC.DAA,DAA,daak1235,Da'a Kaili
An.CELEBIC.MOMA,MOMA,moma1242,Moma
An.CELEBIC.BANGGAI,BANGGAI,bang1368,Banggai
An.CELEBIC.MORONENE_TOKOTUA,MORONENE_TOKOTUA,moro1287,Moronene
An.CELEBIC.MORONENE,MORONENE,moro1287,Moronene
An.CELEBIC.MORI_BAWAH,MORI_BAWAH,mori1268,Mori Bawah
An.CELEBIC.MORI_BAWAH_WATU,MORI_BAWAH_WATU,mori1268,Mori Bawah
An.CELEBIC.KORONI,KORONI,koro1311,Koroni
An.CELEBIC.TALOKI,TALOKI,talo1252,Taloki
An.CELEBIC.KULISUSU,KULISUSU,kuli1254,Kulisusu
An.CELEBIC.WAWONII,WAWONII,wawo1239,Wawonii
An.CELEBIC.WAWONII_MENUI,WAWONII_MENUI,wawo1239,Wawonii
An.CELEBIC.MORI_ATAS,MORI_ATAS,mori1269,Mori Atas
An.CELEBIC.PADOE,PADOE,pado1242,Padoe
An.CELEBIC.TOMADINO,TOMADINO,toma1248,Tomadino
An.CELEBIC.TOLAKI,TOLAKI,tola1247,Tolaki
An.CELEBIC.RAHAMBUU,RAHAMBUU,raha1237,Rahambuu
An.CELEBIC.WARU,WARU,waru1266,Waru
An.CELEBIC.TOLAKI_LAIWUI,TOLAKI_LAIWUI,tola1247,Tolaki
An.CELEBIC.WARU_LALOMERUI,WARU_LALOMERUI,waru1266,Waru
An.CELEBIC.KODEOHA,KODEOHA,kode1237,Kodeoha
An.CELEBIC.TOLAKI_MEKONGGA,TOLAKI_MEKONGGA,tola1247,Tolaki
An.CELEBIC.TOLAKI_ASERA,TOLAKI_ASERA,tola1247,Tolaki
An.CELEBIC.TOLAKI_KONAWE,TOLAKI_KONAWE,tola1247,Tolaki
An.CELEBIC.TOLAKI_WIWIRANO,TOLAKI_WIWIRANO,tola1247,Tolaki
An.CELEBIC.BONERATE,BONERATE,bone1254,Bonerate
An.CELEBIC.TUKANG_BESI_NORTHERN,TUKANG_BESI_NORTHERN,tuka1248,Tukang Besi North
An.CELEBIC.TUKANG_BESI_SOUTHERN,TUKANG_BESI_SOUTHERN,tuka1249,Tukang Besi South
An.CELEBIC.MASIRI,MASIRI,ciac1237,Cia-Cia
An.CELEBIC.WABHULA,WABHULA,ciac1237,Cia-Cia
An.CELEBIC.PASARWAJO,PASARWAJO,ciac1237,Cia-Cia
An.CELEBIC.DESA_WALI,DESA_WALI,ciac1237,Cia-Cia
An.CELEBIC.MATO_NO_UWE,MATO_NO_UWE,ciac1237,Cia-Cia
An.CELEBIC.BATU_ATAS,BATU_ATAS,ciac1237,Cia-Cia
An.CELEBIC.KUMBEWAHA,KUMBEWAHA,kumb1274,Kumbewaha
An.CELEBIC.LASALIMU,LASALIMU,lasa1237,Lasalimu
An.CELEBIC.BUSOA,BUSOA,buso1238,Busoa
An.CELEBIC.KAIMBULAWA,KAIMBULAWA,kaim1241,Kaimbulawa
An.CELEBIC.LIABUKA,LIABUKA,liab1237,Liabuku
An.CELEBIC.KADATUA,KADATUA,muna1247,Muna
An.CELEBIC.MUNA,MUNA,muna1247,Muna
An.CELEBIC.TODANGA,TODANGA,panc1247,Pancana
An.CELEBIC.KAPONTORI,KAPONTORI,panc1247,Pancana
An.CELEBIC.WASUAMBA,WASUAMBA,panc1247,Pancana
An.CELEBIC.KAMBOA,KAMBOA,panc1247,Pancana
An.CELEBIC.LAWELE,LAWELE,panc1247,Pancana
An.SOUTH_SULAWESI.LEMOLANG,LEMOLANG,lemo1243,Lemolang
An.SOUTH_SULAWESI.EMBALOH,EMBALOH,emba1238,Embaloh
An.SOUTH_SULAWESI.CAMPALAGIAN,CAMPALAGIAN,camp1262,Campalagian
An.SOUTH_SULAWESI.BUGINESE,BUGINESE,bugi1244,Buginese
An.SOUTH_SULAWESI.SOPPENG_BUGINESE,SOPPENG_BUGINESE,bugi1244,Buginese
An.SOUTH_SULAWESI.MAKASAR,MAKASAR,maka1311,Makasar
An.SOUTH_SULAWESI.MAKASSARESE,MAKASSARESE,maka1311,Makasar
An.SOUTH_SULAWESI.SELAYAR,SELAYAR,sela1260,Selayar
An.SOUTH_SULAWESI.COASTAL_KONJO,COASTAL_KONJO,coas1295,Coastal Konjo
An.SOUTH_SULAWESI.KONJO,KONJO,coas1295,Coastal Konjo
An.SOUTH_SULAWESI.BUDONG_BUDONG,BUDONG_BUDONG,budo1241,Budong-Budong
An.SOUTH_SULAWESI.PANASUAN,PANASUAN,pana1303,Panasuan
An.SOUTH_SULAWESI.MAMUJU,MAMUJU,mamu1255,Mamuju
An.SOUTH_SULAWESI.MANDAR,MANDAR,mand1442,Mandar
An.SOUTH_SULAWESI.TARINDING,TARINDING,kalu1247,Kalumpang
An.SOUTH_SULAWESI.DAMA_DAMA,DAMA_DAMA,mama1276,Mamasa
An.SOUTH_SULAWESI.TAE,TAE,taee1237,Tae'
An.SOUTH_SULAWESI.TOALA,TOALA,taee1237,Tae'
An.SOUTH_SULAWESI.SADAN,SADAN,tora1261,Toraja-Sa'dan
An.SOUTH_SULAWESI.PALLU,PALLU,mama1276,Mamasa
An.SOUTH_SULAWESI.TAUPE,TAUPE,mama1276,Mamasa
An.SOUTH_SULAWESI.SALU_MAKA,SALU_MAKA,bamb1270,Bambam
An.SOUTH_SULAWESI.MEHALAAN,MEHALAAN,bamb1270,Bambam
An.SOUTH_SULAWESI.BOTTENG,BOTTENG,ulum1237,Ulumanda'
An.SOUTH_SULAWESI.SALU_HUHU,SALU_HUHU,bamb1270,Bambam
An.SOUTH_SULAWESI.KIHA,KIHA,bamb1270,Bambam
An.SOUTH_SULAWESI.TANETE,TANETE,bamb1270,Bambam
An.SOUTH_SULAWESI.SEPANG,SEPANG,bamb1270,Bambam
An.SOUTH_SULAWESI.SODANGAN,SODANGAN,bamb1270,Bambam
An.SOUTH_SULAWESI.RANTEPALADO,RANTEPALADO,bamb1270,Bambam
An.SOUTH_SULAWESI.SALUDENGAN,SALUDENGAN,bamb1270,Bambam
An.SOUTH_SULAWESI.TAORA,TAORA,bamb1270,Bambam
An.SOUTH_SULAWESI.MINANGNGA,MINANGNGA,bamb1270,Bambam
An.SOUTH_SULAWESI.MATANANGNGA,MATANANGNGA,bamb1270,Bambam
An.SOUTH_SULAWESI.MAMBI,MAMBI,aral1243,Aralle-Tabulahan
An.SOUTH_SULAWESI.KONDO,KONDO,ulum1237,Ulumanda'
An.SOUTH_SULAWESI.ARALLE,ARALLE,aral1243,Aralle-Tabulahan
An.SOUTH_SULAWESI.TABULAHAN_CAMPBELL,TABULAHAN_CAMPBELL,aral1243,Aralle-Tabulahan
An.SOUTH_SULAWESI.TABULAHAN_MCKENZIE,TABULAHAN_MCKENZIE,aral1243,Aralle-Tabulahan
An.MOKLEN.MOKEN,MOKEN,moke1242,Moken
An.SULAWESI.TONSAWANG,TONSAWANG,tons1239,Tonsawang
An.SULAWESI.TONTEMBOAN,TONTEMBOAN,tont1239,Tontemboan
An.SULAWESI.TOMBULU,TOMBULU,tomb1243,Tombulu
An.SULAWESI.TONDANO,TONDANO,tond1251,Tondano
An.SULAWESI.TONSEA,TONSEA,tons1240,Tonsea
An.PALAUAN.PALAUAN,PALAUAN,pala1344,Palauan
An.GREATER_CENTRAL_PHILIPPINE.TAGBANWA_KALAMIAN,TAGBANWA_KALAMIAN,cala1258,Calamian Tagbanwa
An.SANGIRIC.BANTIK,BANTIK,bant1286,Bantik
An.SANGIRIC.RATAHAN,RATAHAN,rata1244,Ratahan
An.SANGIRIC.TALAUD,TALAUD,tala1285,Talaud
An.SANGIRIC.SANGIR,SANGIR,sang1336,Sangir
An.SANGIRIC.SANGIR_2,SANGIR_2,sang1336,Sangir
An.SANGIRIC.SANGIL,SANGIL,sang1337,Sangil
An.SANGIRIC.SANGIL_SARANGANI_ISLANDS,SANGIL_SARANGANI_ISLANDS,sang1337,Sangil
An.CENTRAL_LUZON.KAPAMPANGAN,KAPAMPANGAN,pamp1243,Pampanga
An.CENTRAL_LUZON.SINAUNA,SINAUNA,remo1247,Hatang Kayi
An.BILIC.AYTA_ABELLEN,AYTA_ABELLEN,aben1249,Abenlen Ayta
An.BILIC.SAMBAL_BOTOLAN,SAMBAL_BOTOLAN,boto1242,Botolan Sambal
An.BILIC.BOLIANO,BOLIANO,boli1256,Bolinao
An.BILIC.SAMBAL,SAMBAL,tina1248,Tinà Sambal
An.NORTHERN_LUZON.BABUYAN,BABUYAN,ibat1238,Ibatan
An.BATANIC.IVASAY_IVATAN,IVASAY_IVATAN,ivat1242,Itbayat
An.BATANIC.ISAMORONG_IVATAN,ISAMORONG_IVATAN,ivat1242,Itbayat
An.BATANIC.IMOROD,IMOROD,ivat1242,Itbayat
An.BATANIC.YAMI_2,YAMI_2,yami1254,Yami
An.BATANIC.IRARALAY_IVATAN,IRARALAY_IVATAN,ivat1242,Itbayat
An.BATANIC.IVATAN_BATANES_ISLANDS,IVATAN_BATANES_ISLANDS,ivat1242,Itbayat
An.BATANIC.YAMI,YAMI,yami1254,Yami
An.BATANIC.ITBAYATEN_BATANES_ISLANDS,ITBAYATEN_BATANES_ISLANDS,ivat1242,Itbayat
An.NORTHERN_LUZON.ARTA,ARTA,arta1239,Arta
An.NORTHERN_LUZON.DUPANINGAN_AGTA,DUPANINGAN_AGTA,dupa1235,Dupaninan Agta
An.NORTHERN_LUZON.CASIGURAN_NEGRITO,CASIGURAN_NEGRITO,casi1235,Casiguran-Nagtipunan Agta
An.NORTHERN_LUZON.DUMAGAT_CASIGURAN,DUMAGAT_CASIGURAN,casi1235,Casiguran-Nagtipunan Agta
An.NORTHERN_LUZON.ISNEG,ISNEG,isna1241,Isnag
An.NORTHERN_LUZON.ISNAG,ISNAG,isna1241,Isnag
An.NORTHERN_LUZON.IBANAG,IBANAG,iban1267,Ibanag
An.NORTHERN_LUZON.ATTA_PAMPLONA,ATTA_PAMPLONA,pamp1244,Pamplona Atta
An.NORTHERN_LUZON.YOGAD,YOGAD,yoga1237,Yogad
An.NORTHERN_LUZON.GADDANG,GADDANG,gadd1244,Gaddang
An.NORTHERN_LUZON.AGTA,AGTA,cent2084,Central Cagayan Agta
An.NORTHERN_LUZON.ITAWIT,ITAWIT,itaw1240,Itawit
An.NORTHERN_LUZON.ILOKANO,ILOKANO,ilok1237,Iloko
An.NORTHERN_LUZON.ALTA_NORTHERN,ALTA_NORTHERN,nort2875,Northern Alta
An.NORTHERN_LUZON.ALTA_SOUTHERN,ALTA_SOUTHERN,sout2905,Southern Alta
An.NORTHERN_LUZON.ILONGOT_KAKIDUGEN,ILONGOT_KAKIDUGEN,ilon1239,Ilongot
An.NORTHERN_LUZON.PANGASINAN,PANGASINAN,pang1290,Pangasinan
An.NORTHERN_LUZON.IBALOI,IBALOI,ibal1244,Ibaloi
An.NORTHERN_LUZON.INIBALOI,INIBALOI,ibal1244,Ibaloi
An.NORTHERN_LUZON.KALLAHAN_KELEYQIQ_IFUGAO,KALLAHAN_KELEYQIQ_IFUGAO,kele1259,Keley-i Kallahan
An.NORTHERN_LUZON.IFUGAO_BAYNINAN,IFUGAO_BAYNINAN,kele1259,Keley-i Kallahan
An.NORTHERN_LUZON.KALLAHAN_KAYAPA_PROPER,KALLAHAN_KAYAPA_PROPER,ahin1234,Ahin-Kayapa Kalanguya
An.NORTHERN_LUZON.BALANGAW,BALANGAW,bala1310,Balangao
An.NORTHERN_LUZON.IFUGAO_AMGANAD,IFUGAO_AMGANAD,amga1235,Amganad Ifugao
An.NORTHERN_LUZON.IFUGAO_BATAD,IFUGAO_BATAD,bata1298,Batad Ifugao
An.NORTHERN_LUZON.KANKANAEY,KANKANAEY,kank1243,Kankanaey
An.NORTHERN_LUZON.KANKANAY_NORTHERN,KANKANAY_NORTHERN,nort2877,Northern Kankanay
An.NORTHERN_LUZON.CENTRAL_BONTOC,CENTRAL_BONTOC,cent2292,Central Bontoc
An.NORTHERN_LUZON.BONTOC_GUINAANG,BONTOC_GUINAANG,cent2292,Central Bontoc
An.NORTHERN_LUZON.FINALLIG,FINALLIG,east2881,Eastern Bontok
An.NORTHERN_LUZON.ITNEG_BINONGAN,ITNEG_BINONGAN,bino1237,Binongan Itneg
An.NORTHERN_LUZON.KALINGA_LIMOS,KALINGA_LIMOS,limo1248,Limos Kalinga
An.NORTHERN_LUZON.LIMOS_KALINGA,LIMOS_KALINGA,limo1248,Limos Kalinga
An.NORTHERN_LUZON.KALINGA_GUINAANG,KALINGA_GUINAANG,lubu1243,Lubuagan Kalinga
An.NORTHERN_LUZON.SOUTHERN_KALINGA,SOUTHERN_KALINGA,sout2908,Bangad
An.NORTHERN_LUZON.MINANGALI_LOWER_TANUDAN_KALINGA,MINANGALI_LOWER_TANUDAN_KALINGA,lowe1412,Tanudan Kalinga
An.GREATER_CENTRAL_PHILIPPINE.MONGONDOW,MONGONDOW,mong1342,Mongondow
An.GREATER_CENTRAL_PHILIPPINE.BUOL,BUOL,buol1237,Buol
An.GREATER_CENTRAL_PHILIPPINE.GORONTALO,GORONTALO,goro1259,Gorontalo
An.GREATER_CENTRAL_PHILIPPINE.KAIDIPANG,KAIDIPANG,kaid1239,Kaidipang
An.GREATER_CENTRAL_PHILIPPINE.UMIRAY_DUMAGET_AGTA,UMIRAY_DUMAGET_AGTA,umir1236,Umiray Dumaget Agta
An.GREATER_CENTRAL_PHILIPPINE.HANUNOO,HANUNOO,hanu1241,Hanunoo
An.GREATER_CENTRAL_PHILIPPINE.TAGBANUA_ABORLAN,TAGBANUA_ABORLAN,tagb1258,Tagbanwa
An.GREATER_CENTRAL_PHILIPPINE.TAGBANWA_ABORLAN,TAGBANWA_ABORLAN,tagb1258,Tagbanwa
An.GREATER_CENTRAL_PHILIPPINE.BATAK,BATAK,bata1301,Batak
An.GREATER_CENTRAL_PHILIPPINE.BATAK_PALAWAN,BATAK_PALAWAN,bata1301,Batak
An.GREATER_CENTRAL_PHILIPPINE.CENTRAL_TAGBANWA,CENTRAL_TAGBANWA,cent2090,Central Tagbanwa
An.GREATER_CENTRAL_PHILIPPINE.MOLBOG,MOLBOG,molb1237,Molbog
An.GREATER_CENTRAL_PHILIPPINE.MOLBOG_2,MOLBOG_2,molb1237,Molbog
An.GREATER_CENTRAL_PHILIPPINE.QUEZON_PALAWAN,QUEZON_PALAWAN,cent2091,Central Palawano
An.GREATER_CENTRAL_PHILIPPINE.TAUT_BATU,TAUT_BATU,cent2091,Central Palawano
An.GREATER_CENTRAL_PHILIPPINE.SOUTHWEST_PALAWANO,SOUTHWEST_PALAWANO,sout2916,Southwest Palawano
An.GREATER_CENTRAL_PHILIPPINE.PALAWANO_BATAK,PALAWANO_BATAK,broo1239,Brooke's Point Palawano
An.GREATER_CENTRAL_PHILIPPINE.BROOKES_POINT_PALAWAN,BROOKES_POINT_PALAWAN,broo1239,Brooke's Point Palawano
An.GREATER_CENTRAL_PHILIPPINE.CANIPAAN_PALAWAN,CANIPAAN_PALAWAN,sout2916,Southwest Palawano
An.GREATER_CENTRAL_PHILIPPINE.IRANUN,IRANUN,saba1284,Sabah Iranun
An.GREATER_CENTRAL_PHILIPPINE.MARANAO,MARANAO,mara1404,Maranao
An.GREATER_CENTRAL_PHILIPPINE.MAGUINDANAO,MAGUINDANAO,magu1243,Maguindanao
An.GREATER_CENTRAL_PHILIPPINE.MORO_MAGINDANAU,MORO_MAGINDANAU,magu1243,Maguindanao
An.GREATER_CENTRAL_PHILIPPINE.KAGAYANEN,KAGAYANEN,kaga1256,Kagayanen
An.GREATER_CENTRAL_PHILIPPINE.BINUKID,BINUKID,binu1244,Talaandig-Binukid
An.GREATER_CENTRAL_PHILIPPINE.TAGABAWA,TAGABAWA,taga1272,Tagabawa
An.GREATER_CENTRAL_PHILIPPINE.MANOBO_KALAMANSIG_COTABATO,MANOBO_KALAMANSIG_COTABATO,cota1241,Cotabato Manobo
An.GREATER_CENTRAL_PHILIPPINE.MANOBO_SARANGANI,MANOBO_SARANGANI,sara1327,Sarangani Manobo
An.GREATER_CENTRAL_PHILIPPINE.MANOBO_ILIANEN,MANOBO_ILIANEN,ilia1236,Ilianen Manobo
An.GREATER_CENTRAL_PHILIPPINE.MANOBO_WESTERN_BUKIDNON,MANOBO_WESTERN_BUKIDNON,west2555,Western Bukidnon Manobo
An.GREATER_CENTRAL_PHILIPPINE.MANOBO_DIBABAWON,MANOBO_DIBABAWON,diba1242,Dibabawon Manobo
An.GREATER_CENTRAL_PHILIPPINE.MANOBO_ATA,MANOBO_ATA,atam1240,Ata Manobo
An.GREATER_CENTRAL_PHILIPPINE.MANOBO_TIGWA,MANOBO_TIGWA,mati1250,Matigsalug Manobo
An.GREATER_CENTRAL_PHILIPPINE.SUBANON_SIOCON,SUBANON_SIOCON,west2557,Western Subanon
An.GREATER_CENTRAL_PHILIPPINE.SUBANUN_SINDANGAN,SUBANUN_SINDANGAN,cent2089,Central Subanen
An.GREATER_CENTRAL_PHILIPPINE.KALAGAN,KALAGAN,taga1268,Tagakaulu Kalagan
An.GREATER_CENTRAL_PHILIPPINE.KALAGAN_TAGAKAOLO,KALAGAN_TAGAKAOLO,taga1268,Tagakaulu Kalagan
An.GREATER_CENTRAL_PHILIPPINE.KALAGAN_KAAGAN,KALAGAN_KAAGAN,kaga1255,Kagan Kalagan
An.GREATER_CENTRAL_PHILIPPINE.MANDAYAN_ISLAM_PISO,MANDAYAN_ISLAM_PISO,kala1388,Kalagan
An.GREATER_CENTRAL_PHILIPPINE.MANDAYAN_CARAGA,MANDAYAN_CARAGA,kara1489,Mandaya
An.GREATER_CENTRAL_PHILIPPINE.MANDAYAN_BOSO,MANDAYAN_BOSO,kara1489,Mandaya
An.GREATER_CENTRAL_PHILIPPINE.MANSAKA,MANSAKA,mans1262,Mansaka
An.GREATER_CENTRAL_PHILIPPINE.MANSAKA_2,MANSAKA_2,mans1262,Mansaka
An.GREATER_CENTRAL_PHILIPPINE.MANIDE,MANIDE,cama1250,Camarines Norte Agta
An.GREATER_CENTRAL_PHILIPPINE.MAMANWA,MAMANWA,mama1275,Minamanwa
An.GREATER_CENTRAL_PHILIPPINE.MARINDUQUE_TAGALOG,MARINDUQUE_TAGALOG,taga1270,Tagalog
An.GREATER_CENTRAL_PHILIPPINE.TAGALOG,TAGALOG,taga1270,Tagalog
An.GREATER_CENTRAL_PHILIPPINE.BANTON_BANTOANON,BANTON_BANTOANON,bant1288,Bantoanon
An.GREATER_CENTRAL_PHILIPPINE.CEBUANO,CEBUANO,cebu1242,Cebuano
An.GREATER_CENTRAL_PHILIPPINE.SURIGAONON,SURIGAONON,suri1273,Surigaonon
An.GREATER_CENTRAL_PHILIPPINE.BUTUANON,BUTUANON,butu1244,Butuanon
An.GREATER_CENTRAL_PHILIPPINE.TAUSUG,TAUSUG,taus1251,Tausug
An.GREATER_CENTRAL_PHILIPPINE.CUYONON,CUYONON,cuyo1237,Cuyonon
An.GREATER_CENTRAL_PHILIPPINE.AKLANON,AKLANON,akla1240,Aklanon
An.GREATER_CENTRAL_PHILIPPINE.KINARAY_A,KINARAY_A,kina1250,Kinaray-a
An.GREATER_CENTRAL_PHILIPPINE.ROMBLOMANON_1,ROMBLOMANON_1,romb1245,Romblomanon
An.GREATER_CENTRAL_PHILIPPINE.ROMBLOMANON_2,ROMBLOMANON_2,romb1245,Romblomanon
An.GREATER_CENTRAL_PHILIPPINE.SOUTHERN_SORSOGON,SOUTHERN_SORSOGON,wara1299,Waray Sorsogon
An.GREATER_CENTRAL_PHILIPPINE.WARAY_WARAY,WARAY_WARAY,wara1300,Waray (Philippines)
An.GREATER_CENTRAL_PHILIPPINE.CAPIZNON,CAPIZNON,capi1239,Capiznon
An.GREATER_CENTRAL_PHILIPPINE.HILIGAYNON,HILIGAYNON,hili1240,Hiligaynon
An.GREATER_CENTRAL_PHILIPPINE.MASBATENYO,MASBATENYO,masb1238,Masbatenyo
An.GREATER_CENTRAL_PHILIPPINE.NORTHERN_SORSOGON,NORTHERN_SORSOGON,masb1237,Masbate Sorsogon
An.GREATER_CENTRAL_PHILIPPINE.NORTHERN_CATANDUANES,NORTHERN_CATANDUANES,nort2883,Northern Catanduanes Bicolano
An.GREATER_CENTRAL_PHILIPPINE.SOUTHERN_CATANDUANES,SOUTHERN_CATANDUANES,sout2912,Coastal-Virac Bikol
An.GREATER_CENTRAL_PHILIPPINE.LEGAZPI,LEGAZPI,cent2087,Coastal-Naga Bikol
An.GREATER_CENTRAL_PHILIPPINE.CENTRAL_BICOLANO,CENTRAL_BICOLANO,cent2087,Coastal-Naga Bikol
An.GREATER_CENTRAL_PHILIPPINE.NAGA,NAGA,cent2087,Coastal-Naga Bikol
An.GREATER_CENTRAL_PHILIPPINE.DARAGA,DARAGA,dara1251,Daraga
An.GREATER_CENTRAL_PHILIPPINE.BUHI,BUHI,buhi1243,Buhi
An.GREATER_CENTRAL_PHILIPPINE.OAS,OAS,oass1237,Oas
An.GREATER_CENTRAL_PHILIPPINE.LIBON,LIBON,libo1242,Libon
An.GREATER_CENTRAL_PHILIPPINE.BUHINON_ALBAY_BICOLANO,BUHINON_ALBAY_BICOLANO,buhi1243,Buhi
An.GREATER_CENTRAL_PHILIPPINE.IRIGA,IRIGA,irig1242,Iriga Bicolano
An.NORTHWEST_SUMATRA_BARRIER_ISLANDS.KARO_BATAK,KARO_BATAK,bata1293,Batak Karo
An.NORTHWEST_SUMATRA_BARRIER_ISLANDS.TOBA_BATAK,TOBA_BATAK,bata1289,Batak Toba
An.NORTHWEST_SUMATRA_BARRIER_ISLANDS.BATAK_ANGKOLA,BATAK_ANGKOLA,bata1290,Batak Angkola
An.NORTHWEST_SUMATRA_BARRIER_ISLANDS.BATAK_MANDAILING,BATAK_MANDAILING,bata1291,Batak Mandailing
An.NORTHWEST_SUMATRA_BARRIER_ISLANDS.GAYO,GAYO,gayo1244,Gayo
An.NORTHWEST_SUMATRA_BARRIER_ISLANDS.SIMALUR,SIMALUR,sime1241,Simeulue
An.NORTHWEST_SUMATRA_BARRIER_ISLANDS.MENTAWAI,MENTAWAI,ment1249,Mentawai
An.NORTHWEST_SUMATRA_BARRIER_ISLANDS.SICHULE,SICHULE,siku1242,Sikule
An.NORTHWEST_SUMATRA_BARRIER_ISLANDS.NIAS_SOUTHERN,NIAS_SOUTHERN,nias1242,Nias
An.NORTHWEST_SUMATRA_BARRIER_ISLANDS.NIAS_NORTHERN,NIAS_NORTHERN,nias1242,Nias
An.LAMPUNGIC.KOMERING,KOMERING,kome1238,Komering
An.LAMPUNGIC.KAYU_AGUNG_ASLI_KOMERING,KAYU_AGUNG_ASLI_KOMERING,kome1238,Komering
An.LAMPUNGIC.KAYU_AGUNG_PENDATANG_KOMERING,KAYU_AGUNG_PENDATANG_KOMERING,kome1238,Komering
An.LAMPUNGIC.MENGGALA_TULANG_BAWANG_LAMPUNG_NYO,MENGGALA_TULANG_BAWANG_LAMPUNG_NYO,lamp1242,Lampung Nyo
An.LAMPUNGIC.ABUNG_SUKADANA_LAMPUNG_NYO,ABUNG_SUKADANA_LAMPUNG_NYO,lamp1242,Lampung Nyo
An.LAMPUNGIC.LAMPUNG,LAMPUNG,lamp1243,Lampung Api
An.LAMPUNGIC.LAMPUNG_NYO_MELINTING,LAMPUNG_NYO_MELINTING,lamp1242,Lampung Nyo
An.LAMPUNGIC.LAMPUNG_NYO_ABUNG_KOTABUMI,LAMPUNG_NYO_ABUNG_KOTABUMI,lamp1242,Lampung Nyo
An.LAMPUNGIC.JABUNG_LAMPUNG_API,JABUNG_LAMPUNG_API,lamp1243,Lampung Api
An.LAMPUNGIC.PUBIAN_LAMPUNG_API,PUBIAN_LAMPUNG_API,lamp1243,Lampung Api
An.LAMPUNGIC.SUNGKAI_LAMPUNG_API,SUNGKAI_LAMPUNG_API,lamp1243,Lampung Api
An.LAMPUNGIC.ILIR_KOMERING,ILIR_KOMERING,kome1238,Komering
An.LAMPUNGIC.ADUMANIS_ULU_KOMERING,ADUMANIS_ULU_KOMERING,kome1238,Komering
An.LAMPUNGIC.WAY_KANAN_LAMPUNG_API,WAY_KANAN_LAMPUNG_API,lamp1243,Lampung Api
An.LAMPUNGIC.DAYA_LAMPUNG_API,DAYA_LAMPUNG_API,lamp1243,Lampung Api
An.LAMPUNGIC.PERJAYA_ULU_KOMERING,PERJAYA_ULU_KOMERING,kome1238,Komering
An.LAMPUNGIC.RANAU_LAMPUNG_API,RANAU_LAMPUNG_API,lamp1243,Lampung Api
An.LAMPUNGIC.KRUI_LAMPUNG_API,KRUI_LAMPUNG_API,lamp1243,Lampung Api
An.LAMPUNGIC.SUKAU_LAMPUNG_API,SUKAU_LAMPUNG_API,lamp1243,Lampung Api
An.LAMPUNGIC.BELALAU_LAMPUNG_API,BELALAU_LAMPUNG_API,lamp1243,Lampung Api
An.LAMPUNGIC.KOTA_AGUNG_LAMPUNG_API,KOTA_AGUNG_LAMPUNG_API,lamp1243,Lampung Api
An.LAMPUNGIC.TALANG_PADANG_LAMPUNG_API,TALANG_PADANG_LAMPUNG_API,lamp1243,Lampung Api
An.LAMPUNGIC.WAY_LIMA_LAMPUNG_API,WAY_LIMA_LAMPUNG_API,lamp1243,Lampung Api
An.LAMPUNGIC.KALIANDA_LAMPUNG_API,KALIANDA_LAMPUNG_API,lamp1243,Lampung Api
An.JAVANESE.OLD_JAVANESE,OLD_JAVANESE,kawi1241,Kawi
An.JAVANESE.OLD_OR_MIDDLE_JAVANESE,OLD_OR_MIDDLE_JAVANESE,,
An.JAVANESE.MALANG,MALANG,java1254,Javanese
An.JAVANESE.TENGGER_NGADAS,TENGGER_NGADAS,teng1272,Tengger
An.JAVANESE.YOGYAKARTA,YOGYAKARTA,java1254,Javanese
An.MALAYO_SUMBAWAN.MADURESE,MADURESE,nucl1460,Madurese
An.MALAYO_SUMBAWAN.SUNDANESE,SUNDANESE,sund1252,Sundanese
An.MALAYO_SUMBAWAN.BALI,BALI,bali1278,Balinese
An.MALAYO_SUMBAWAN.SASAK,SASAK,sasa1249,Sasak
An.MALAYO_SUMBAWAN.SUMBAWA,SUMBAWA,sumb1241,Sumbawa
An.MALAYO_SUMBAWAN.ACEH,ACEH,achi1257,Acehnese
An.MALAYO_SUMBAWAN.CHAM_EASTERN,CHAM_EASTERN,east2563,Eastern Cham
An.MALAYO_SUMBAWAN.CHAM_WESTERN,CHAM_WESTERN,west2650,Western Cham
An.MALAYO_SUMBAWAN.JARAI,JARAI,jara1266,Jarai
An.MALAYO_SUMBAWAN.RADE,RADE,rade1240,Rade
An.MALAYO_SUMBAWAN.CHRU,CHRU,chru1239,Chru
An.MALAYO_SUMBAWAN.NORTHERN_ROGLAI,NORTHERN_ROGLAI,nort2994,Northern Roglai
An.MALAYO_SUMBAWAN.TSAT,TSAT,tsat1238,Tsat
An.MALAYO_SUMBAWAN.DELANG,DELANG,mala1480,Malayic Dayak
An.MALAYO_SUMBAWAN.SALAKO_BADAMEA,SALAKO_BADAMEA,kend1254,Kendayan-Belangin
An.MALAYO_SUMBAWAN.TAMUAN,TAMUAN,mala1480,Malayic Dayak
An.MALAYO_SUMBAWAN.KUPANG_MALAY,KUPANG_MALAY,kupa1239,Kupang Malay
An.MALAYO_SUMBAWAN.MANADONESE,MANADONESE,mala1481,Manado Malay
An.MALAYO_SUMBAWAN.TERNATE_PASAR,TERNATE_PASAR,nort2828,North Moluccan Malay
An.MALAYO_SUMBAWAN.SEKOLA_LONTHOIR_BANDA,SEKOLA_LONTHOIR_BANDA,band1353,Banda Malay
An.MALAYO_SUMBAWAN.SEKOLA_NEIRA_BANDA,SEKOLA_NEIRA_BANDA,band1353,Banda Malay
An.MALAYO_SUMBAWAN.AI_BANDA,AI_BANDA,band1353,Banda Malay
An.MALAYO_SUMBAWAN.AMBONESE_MALAY,AMBONESE_MALAY,ambo1250,Ambonese Malay
An.MALAYO_SUMBAWAN.AMBON_MALEIS,AMBON_MALEIS,ambo1250,Ambonese Malay
An.MALAYO_SUMBAWAN.LUBU,LUBU,lubu1241,Lubu
An.MALAYO_SUMBAWAN.MINANGKABAU,MINANGKABAU,mina1268,Minangkabau
An.MALAYO_SUMBAWAN.KERINCI,KERINCI,keri1250,Kerinci
An.MALAYO_SUMBAWAN.KERINCI_2,KERINCI_2,keri1250,Kerinci
An.MALAYO_SUMBAWAN.MALAY_PATTANI,MALAY_PATTANI,patt1249,Kelantan-Pattani Malay
An.MALAYO_SUMBAWAN.URAK_LAWOI,URAK_LAWOI,urak1238,Urak Lawoi'
An.MALAYO_SUMBAWAN.PALEMBANG_MALAY,PALEMBANG_MALAY,mala1479,Central Malay
An.MALAYO_SUMBAWAN.TEMUAN,TEMUAN,temu1239,Temuan
An.MALAYO_SUMBAWAN.MALAY,MALAY,mala1479,Central Malay
An.MALAYO_SUMBAWAN.BANJARESE_MALAY,BANJARESE_MALAY,banj1239,Banjar
An.MALAYO_SUMBAWAN.BRUNEI,BRUNEI,brun1242,Brunei
An.MALAYO_SUMBAWAN.REMUN,REMUN,remu1237,Remun
An.MALAYO_SUMBAWAN.SEBUYAU,SEBUYAU,sebu1243,Sebuyau
An.MALAYO_SUMBAWAN.IBAN,IBAN,iban1264,Iban
An.MALAYO_SUMBAWAN.MUALANG,MUALANG,mual1241,Mualang
An.MALAYO_SUMBAWAN.BESEMAH,BESEMAH,cent2053,South Barisan Malay
An.MALAYO_SUMBAWAN.OGAN,OGAN,cent2053,South Barisan Malay
An.MALAYO_SUMBAWAN.LOM,LOM,bang1365,Bangka
An.MALAYO_SUMBAWAN.INDONESIAN_2,INDONESIAN_2,indo1316,Standard Indonesian
An.MALAYO_SUMBAWAN.INDONESIAN,INDONESIAN,indo1316,Standard Indonesian
An.MALAYO_SUMBAWAN.INDONESIAN_JAKARTA,INDONESIAN_JAKARTA,indo1316,Standard Indonesian
An.MALAYO_SUMBAWAN.KUBU,KUBU,kubu1239,Kubu
An.MALAYO_SUMBAWAN.JAMBI_MALAY,JAMBI_MALAY,jamb1236,Jambi Malay
An.LAND_DAYAK.KUALAN,KUALAN,sema1269,Onya Darat
An.LAND_DAYAK.BEKATI,BEKATI,beka1241,Riuk Bekati'
An.LAND_DAYAK.LARA,LARA,rara1235,Rara Bakati'
An.LAND_DAYAK.BUKAR_SADONG_BIDAYUH,BUKAR_SADONG_BIDAYUH,buka1257,Bukar-Sadung Bidayuh
An.REJANG.REJANG,REJANG,reja1240,Rejang
An.LAND_DAYAK.BIDAYUH_BAU,BIDAYUH_BAU,baub1235,Bau-Jagoi Bidayuh
An.LAND_DAYAK.BIATAH_BIDAYUH,BIATAH_BIDAYUH,biat1246,Biatah Bidayuh
An.LAND_DAYAK.SINGHI,SINGHI,baub1235,Bau-Jagoi Bidayuh
An.BARITO.BONGGI,BONGGI,bong1289,Bonggi
An.NORTH_BORNEO.IDAAN,IDAAN,idaa1241,Ida'an
An.NORTH_BORNEO.BISAYA_BRUNEI,BISAYA_BRUNEI,brun1245,Brunei Bisaya-Dusun
An.NORTH_BORNEO.BISAYA_SABAH,BISAYA_SABAH,saba1267,Sabah Bisaya
An.NORTH_BORNEO.DUSUN_TEMPASUK,DUSUN_TEMPASUK,cent2100,Kadazan Dusun
An.NORTH_BORNEO.CENTRAL_DUSUN,CENTRAL_DUSUN,cent2100,Kadazan Dusun
An.NORTH_BORNEO.TAMBUNAN_DUSUN,TAMBUNAN_DUSUN,cent2100,Kadazan Dusun
An.NORTH_BORNEO.TIDONG,TIDONG,sout3241,Southern Tidung
An.NORTH_BORNEO.TATANA,TATANA,tata1257,Tatana
An.NORTH_BORNEO.TIMUGON_MURUT,TIMUGON_MURUT,timu1262,Timugon Murut
An.NORTH_BORNEO.BURUSU,BURUSU,buru1304,Burusu
An.KAYAN_MURIK.REJANG_KAYAN,REJANG_KAYAN,reja1241,Rejang Kayan
An.KAYAN_MURIK.MODANG,MODANG,moda1244,Modang
An.KAYAN_MURIK.SEGAI,SEGAI,sega1243,Segai
An.NORTH_BORNEO.BOLONGAN,BOLONGAN,bolo1268,Bolongan
An.KAYAN_MURIK.BUKAT,BUKAT,buka1261,Bukat
An.NORTH_BORNEO.BUKITAN,BUKITAN,buki1248,Bukitan
An.NORTH_BORNEO.LAHANAN,LAHANAN,laha1253,Lahanan
An.NORTH_BORNEO.DARO_MATU,DARO_MATU,daro1239,Daro-Matu Melanau
An.NORTH_BORNEO.MUKAH_MELANAU,MUKAH_MELANAU,cent2101,Central Melanau
An.NORTH_BORNEO.KANOWIT,KANOWIT,kano1244,Kanowit-Tanjong Melanau
An.NORTH_BORNEO.TANJONG,TANJONG,kano1244,Kanowit-Tanjong Melanau
An.NORTH_BORNEO.BINTULU,BINTULU,bint1246,Bintulu
An.NORTH_BORNEO.LUN_BAWANG,LUN_BAWANG,lund1271,Lundayeh
An.NORTH_BORNEO.BARIO_KELABIT,BARIO_KELABIT,kela1258,Kelabit
An.NORTH_BORNEO.SAABAN,SAABAN,saba1265,Sa'ban
An.NORTH_BORNEO.TRING,TRING,trin1273,Tring
An.KAYAN_MURIK.LONG_ANAP_KENYAH,LONG_ANAP_KENYAH,main1275,Usun Apau Kenyah
An.KAYAN_MURIK.SEBOP_KENYAH,SEBOP_KENYAH,sebo1238,Sebop
An.NORTH_BORNEO.WESTERN_PENAN,WESTERN_PENAN,west2563,Western Penan
An.NORTH_BORNEO.LONG_TERAWAN_BERAWAN,LONG_TERAWAN_BERAWAN,west2564,West Berawan
An.NORTH_BORNEO.CENTRAL_BERAWAN,CENTRAL_BERAWAN,cent2098,Central Berawan
An.NORTH_BORNEO.EAST_BERAWAN,EAST_BERAWAN,east2486,East Berawan
An.NORTH_BORNEO.LELAK,LELAK,lela1246,Lelak
An.NORTH_BORNEO.NAROM,NAROM,naro1251,Narom
An.NORTH_BORNEO.KIPUT,KIPUT,kipu1237,Kiput
An.NORTH_BORNEO.BELAIT,BELAIT,bela1260,Lemeting
An.NORTH_BORNEO.TUTONG_2,TUTONG_2,tuto1241,Tutong
An.SAMA_BAJAW.INABAKNON,INABAKNON,inab1237,Inabaknon
An.SAMA_BAJAW.YAKAN,YAKAN,yaka1277,Yakan
An.SAMA_BAJAW.BALANGINGI_SAMA,BALANGINGI_SAMA,bala1311,Balangingi
An.SAMA_BAJAW.SAMAL,SAMAL,cent2092,Central Sama
An.SAMA_BAJAW.SIBUTU_SOUTHERN_SAMA,SIBUTU_SOUTHERN_SAMA,sout2918,Southern Sama
An.SAMA_BAJAW.PANGUTARAN_SAMA,PANGUTARAN_SAMA,pang1291,Pangutaran Sama
An.SAMA_BAJAW.BAJAU_WEST_COAST,BAJAU_WEST_COAST,west2560,West Coast Bajau
An.SAMA_BAJAW.MAPUN,MAPUN,mapu1244,Mapun
An.SAMA_BAJAW.LUWUK_BAJAU,LUWUK_BAJAU,indo1317,Indonesian Bajau
An.SAMA_BAJAW.INDONESIAN_BAJAU,INDONESIAN_BAJAU,indo1317,Indonesian Bajau
An.SAMA_BAJAW.LEMO_BAJAU,LEMO_BAJAU,indo1317,Indonesian Bajau
An.SAMA_BAJAW.LAKARAMBA_BAJAU,LAKARAMBA_BAJAU,indo1317,Indonesian Bajau
An.SAMA_BAJAW.KOLO_BAWAH_BAJAU,KOLO_BAWAH_BAJAU,indo1317,Indonesian Bajau
An.SAMA_BAJAW.KAYUADI_BAJAU,KAYUADI_BAJAU,indo1317,Indonesian Bajau
An.SAMA_BAJAW.PADEI_LAUT_BAJAU,PADEI_LAUT_BAJAU,indo1317,Indonesian Bajau
An.SAMA_BAJAW.LAKONEA_BAJAU,LAKONEA_BAJAU,indo1317,Indonesian Bajau
An.SAMA_BAJAW.KALEROANG_BAJAU,KALEROANG_BAJAU,indo1317,Indonesian Bajau
An.SAMA_BAJAW.LANGARA_LAUT_BAJAU,LANGARA_LAUT_BAJAU,indo1317,Indonesian Bajau
An.SAMA_BAJAW.BOEPINANG_BAJAU,BOEPINANG_BAJAU,indo1317,Indonesian Bajau
An.SAMA_BAJAW.LAURU_BAJAU,LAURU_BAJAU,indo1317,Indonesian Bajau
An.SAMA_BAJAW.LAPULU_BAJAU,LAPULU_BAJAU,indo1317,Indonesian Bajau
An.SAMA_BAJAW.MORAMO_BAJAU,MORAMO_BAJAU,indo1317,Indonesian Bajau
An.SAMA_BAJAW.BAJOE_BAJAU,BAJOE_BAJAU,indo1317,Indonesian Bajau
An.SAMA_BAJAW.ANAIWOI_BAJAU,ANAIWOI_BAJAU,indo1317,Indonesian Bajau
An.SAMA_BAJAW.PITULUA_BAJAU,PITULUA_BAJAU,indo1317,Indonesian Bajau
An.BARITO.TUNJUNG,TUNJUNG,tunj1244,Tunjung
An.BARITO.MURUNG_SIANG,MURUNG_SIANG,sian1254,Siang
An.BARITO.KADORIH,KADORIH,otda1235,Ot Danum
An.BARITO.SIANG,SIANG,sian1254,Siang
An.BARITO.NGAJU_BAAMANG,NGAJU_BAAMANG,ngaj1237,Ngaju
An.BARITO.KATINGAN,KATINGAN,ngaj1237,Ngaju
An.BARITO.KAPUAS_KAHAYAN,KAPUAS_KAHAYAN,ngaj1237,Ngaju
An.BARITO.NGAJU_PULOPETAK,NGAJU_PULOPETAK,ngaj1237,Ngaju
An.BARITO.NGAJU_OLOH_MANGTANGAI,NGAJU_OLOH_MANGTANGAI,ngaj1237,Ngaju
An.BARITO.LAWANGAN,LAWANGAN,lawa1257,Lawangan
An.BARITO.TAWOYAN,TAWOYAN,tawo1243,Tawoyan
An.BARITO.DUSUN_DEYAH,DUSUN_DEYAH,dusu1271,Dusun Deyah
An.BARITO.PAKU,PAKU,paku1239,Paku
An.BARITO.DUSUN_WITU,DUSUN_WITU,dusu1267,Dusun Witu
An.BARITO.SAMIHIM,SAMIHIM,maan1238,Ma'anyan
An.BARITO.DUSUN_MALANG,DUSUN_MALANG,dusu1269,Dusun Malang
An.BARITO.MALAGASY_TANDROY_2,MALAGASY_TANDROY_2,tand1256,Tandroy Malagasy
An.BARITO.MALAGASY_MAHAFALY,MALAGASY_MAHAFALY,tand1256,Tandroy Malagasy
An.BARITO.MALAGASY_TANDROY_1,MALAGASY_TANDROY_1,tand1256,Tandroy Malagasy
An.BARITO.MALAGASY_MASIKORO_MIARY,MALAGASY_MASIKORO_MIARY,masi1268,Masikoro Malagasy
An.BARITO.MALAGASY_TANOSY_TOLAGNARO,MALAGASY_TANOSY_TOLAGNARO,tano1246,Tanosy Malagasy
An.BARITO.MALAGASY_TANDROY_MAHAFALY_AMBOVOMBE,MALAGASY_TANDROY_MAHAFALY_AMBOVOMBE,tand1256,Tandroy Malagasy
An.BARITO.MALAGASY_TANDROY_MAHAFALY_AMPANIHY,MALAGASY_TANDROY_MAHAFALY_AMPANIHY,tand1256,Tandroy Malagasy
An.BARITO.MALAGASY_NORTHERN_BETSIMISARAKA_FENOARIVO_EAST,MALAGASY_NORTHERN_BETSIMISARAKA_FENOARIVO_EAST,nort2890,Northern Betsimisaraka Malagasy
An.BARITO.MALAGASY_BETSIMISARAKA,MALAGASY_BETSIMISARAKA,nort2890,Northern Betsimisaraka Malagasy
An.BARITO.MALAGASY_TSIMIHETY,MALAGASY_TSIMIHETY,tsim1257,Tsimihety Malagasy
An.BARITO.MALAGASY_TSIMIHETY_MANDRITSARA,MALAGASY_TSIMIHETY_MANDRITSARA,tsim1257,Tsimihety Malagasy
An.BARITO.BUSHI,BUSHI,bush1250,Kibosy Kiantalaotsy-Majunga
An.BARITO.MALAGASY_ANTANKARANA,MALAGASY_ANTANKARANA,anta1255,Antankarana Malagasy
An.BARITO.MALAGASY_ANATANKARANA_ANTALAHA,MALAGASY_ANATANKARANA_ANTALAHA,anta1255,Antankarana Malagasy
An.BARITO.MALAGASY_ANATANKARANA_VOHEMAR,MALAGASY_ANATANKARANA_VOHEMAR,anta1255,Antankarana Malagasy
An.BARITO.MALAGASY_ANATANKARANA_AMBILOBE,MALAGASY_ANATANKARANA_AMBILOBE,anta1255,Antankarana Malagasy
An.BARITO.MALAGASY_SAKALAVA_AMBANJA,MALAGASY_SAKALAVA_AMBANJA,saka1291,West Malagasy Sakalava
An.BARITO.MALAGASY_SAKALAVA_MAJUNGA,MALAGASY_SAKALAVA_MAJUNGA,saka1291,West Malagasy Sakalava
An.BARITO.MALAGASY_SAKALAVA_MORONDAVA,MALAGASY_SAKALAVA_MORONDAVA,saka1291,West Malagasy Sakalava
An.BARITO.MALAGASY_SAKALAVA_MAINTIRANO,MALAGASY_SAKALAVA_MAINTIRANO,saka1291,West Malagasy Sakalava
An.BARITO.MALAGASY_SAKALAVA_VEZO_TOLIARA,MALAGASY_SAKALAVA_VEZO_TOLIARA,saka1291,West Malagasy Sakalava
An.BARITO.MALAGASY_VEZO,MALAGASY_VEZO,saka1291,West Malagasy Sakalava
An.BARITO.MALAGASY_SAKALAVA_2,MALAGASY_SAKALAVA_2,saka1291,West Malagasy Sakalava
An.BARITO.MALAGASY_SAKALAVA_1,MALAGASY_SAKALAVA_1,saka1291,West Malagasy Sakalava
An.BARITO.MALAGASY_ZAFISORO,MALAGASY_ZAFISORO,tesa1236,Tesaka Malagasy
An.BARITO.MALAGASY_ANTAISAKA,MALAGASY_ANTAISAKA,tesa1236,Tesaka Malagasy
An.BARITO.MALAGASY_ANTAMBAHOAKA,MALAGASY_ANTAMBAHOAKA,sout2920,Southern Betsimisaraka Malagasy
An.BARITO.MALAGASY_SOUTHERN_BETSIMISARAKA_ANTAIMORO_MANAKARA,MALAGASY_SOUTHERN_BETSIMISARAKA_ANTAIMORO_MANAKARA,sout2920,Southern Betsimisaraka Malagasy
An.BARITO.MALAGASY_SOUTHERN_BETSIMISARAKA_ANTAMBOHOAKA_MANANJARY,MALAGASY_SOUTHERN_BETSIMISARAKA_ANTAMBOHOAKA_MANANJARY,sout2920,Southern Betsimisaraka Malagasy
An.BARITO.MALAGASY_SOUTHERN_BETSIMISARAKA_ANTAISAKA_VANGAINDRANO,MALAGASY_SOUTHERN_BETSIMISARAKA_ANTAISAKA_VANGAINDRANO,sout2920,Southern Betsimisaraka Malagasy
An.BARITO.MALAGASY_SOUTHERN_BETSIMISARAKA_ZAFISIRO_FARAFANGANA,MALAGASY_SOUTHERN_BETSIMISARAKA_ZAFISIRO_FARAFANGANA,sout2920,Southern Betsimisaraka Malagasy
An.BARITO.MALAGASY_SOUTHERN_BETSIMISARAKA_MAHANORO,MALAGASY_SOUTHERN_BETSIMISARAKA_MAHANORO,sout2920,Southern Betsimisaraka Malagasy
An.BARITO.MALAGASY_PLATEAU_SIHANAKA_AMBATONDRAZAKA,MALAGASY_PLATEAU_SIHANAKA_AMBATONDRAZAKA,plat1254,Plateau Malagasy
An.BARITO.MALAGASY_BARA_BETROKA,MALAGASY_BARA_BETROKA,bara1369,Bara Malagasy
An.BARITO.MALAGASY_PLATEAU_BETSILEO_FIANARANTSOA,MALAGASY_PLATEAU_BETSILEO_FIANARANTSOA,plat1254,Plateau Malagasy
An.BARITO.MALAGASY_PLATEAU_MERINA_ANTANANARIVO,MALAGASY_PLATEAU_MERINA_ANTANANARIVO,plat1254,Plateau Malagasy
An.BARITO.MALAGASY_SIHANAKA,MALAGASY_SIHANAKA,plat1254,Plateau Malagasy
An.BARITO.MALAGASY_AMBOSITRA,MALAGASY_AMBOSITRA,plat1254,Plateau Malagasy
An.BARITO.MALAGASY_MERINA,MALAGASY_MERINA,plat1254,Plateau Malagasy
An.BARITO.MALAGASY_BARA,MALAGASY_BARA,bara1369,Bara Malagasy
An.BARITO.MALAGASY_TAIMORO,MALAGASY_TAIMORO,plat1254,Plateau Malagasy
An.BARITO.MALAGASY_FIANARANTSOA,MALAGASY_FIANARANTSOA,plat1254,Plateau Malagasy
An.ENGGANO.ENGGANO,ENGGANO,engg1245,Enggano
An.ENGGANO.MALAKONI_ENGGANO,MALAKONI_ENGGANO,engg1245,Enggano
An.ENGGANO.BANJAR_SARI_ENGGANO,BANJAR_SARI_ENGGANO,engg1245,Enggano
An.CENTRAL_MALAYO_POLYNESIAN.BIMA,BIMA,bima1247,Bima
An.CENTRAL_MALAYO_POLYNESIAN.KEDANG,KEDANG,keda1252,Kedang
An.CENTRAL_MALAYO_POLYNESIAN.SIKA,SIKA,sika1262,Sika
An.CENTRAL_MALAYO_POLYNESIAN.LAMAHOLOT_ILE_MANDIRI,LAMAHOLOT_ILE_MANDIRI,lama1277,Lamaholot
An.CENTRAL_MALAYO_POLYNESIAN.LAMALERA,LAMALERA,lama1278,Peripheral Lembata
An.CENTRAL_MALAYO_POLYNESIAN.ALOR_KALABAHI,ALOR_KALABAHI,alor1247,Alorese
An.CENTRAL_MALAYO_POLYNESIAN.ALOR,ALOR,alor1247,Alorese
An.CENTRAL_MALAYO_POLYNESIAN.ALOR_BARAHUSA_KABIR,ALOR_BARAHUSA_KABIR,alor1247,Alorese
An.CENTRAL_MALAYO_POLYNESIAN.MANGGARAI,MANGGARAI,mang1405,Manggarai
An.CENTRAL_MALAYO_POLYNESIAN.PALUE,PALUE,palu1252,Palu'e
An.CENTRAL_MALAYO_POLYNESIAN.NGADHA,NGADHA,ngad1261,Ngad'a
An.CENTRAL_MALAYO_POLYNESIAN.SOA,SOA,cent2074,Central Ngada
An.CENTRAL_MALAYO_POLYNESIAN.LIO,LIO,lioo1240,Li'o
An.CENTRAL_MALAYO_POLYNESIAN.ENDE,ENDE,ende1246,Ende
An.CENTRAL_MALAYO_POLYNESIAN.KEO,KEO,keoo1238,Kéo
An.CENTRAL_MALAYO_POLYNESIAN.DHAO,DHAO,dhao1237,Dhao
An.CENTRAL_MALAYO_POLYNESIAN.SAVU,SAVU,sabu1255,Hawu
An.CENTRAL_MALAYO_POLYNESIAN.GAURA_NGGAURA,GAURA_NGGAURA,kodi1247,Kodi
An.CENTRAL_MALAYO_POLYNESIAN.LAMBOYA,LAMBOYA,lamb1273,Lamboya
An.CENTRAL_MALAYO_POLYNESIAN.WEJEWA,WEJEWA,weje1237,Wewewa
An.CENTRAL_MALAYO_POLYNESIAN.ANAKALANG,ANAKALANG,anak1240,Anakalang
An.CENTRAL_MALAYO_POLYNESIAN.WANUKAKA,WANUKAKA,wanu1241,Wanukaka
An.CENTRAL_MALAYO_POLYNESIAN.BALILEDO,BALILEDO,wanu1241,Wanukaka
An.CENTRAL_MALAYO_POLYNESIAN.PONDOK,PONDOK,wanu1241,Wanukaka
An.CENTRAL_MALAYO_POLYNESIAN.MAMBORU,MAMBORU,mamb1305,Mamboru
An.CENTRAL_MALAYO_POLYNESIAN.UMBU_RATU_NGGAI_KAMBERA,UMBU_RATU_NGGAI_KAMBERA,kamb1299,Kambera
An.CENTRAL_MALAYO_POLYNESIAN.LEWA_KAMBERA,LEWA_KAMBERA,kamb1299,Kambera
An.CENTRAL_MALAYO_POLYNESIAN.SOUTHERN_KAMBERA,SOUTHERN_KAMBERA,kamb1299,Kambera
An.CENTRAL_MALAYO_POLYNESIAN.KAMBERA,KAMBERA,kamb1299,Kambera
An.CENTRAL_MALAYO_POLYNESIAN.MANOMBAI,MANOMBAI,mano1275,Manombai
An.CENTRAL_MALAYO_POLYNESIAN.DOBEL,DOBEL,dobe1238,Dobel
An.CENTRAL_MALAYO_POLYNESIAN.UJIR,UJIR,ujir1237,Ujir
An.CENTRAL_MALAYO_POLYNESIAN.NGAIBOR,NGAIBOR,west2538,West Tarangan
An.CENTRAL_MALAYO_POLYNESIAN.TARANGAN_BARAT_FERUNI,TARANGAN_BARAT_FERUNI,west2538,West Tarangan
An.CENTRAL_MALAYO_POLYNESIAN.KOWIAI,KOWIAI,kowi1239,Kowiai
An.CENTRAL_MALAYO_POLYNESIAN.FORDATA,FORDATA,ford1242,Fordata
An.CENTRAL_MALAYO_POLYNESIAN.KEI,KEI,keii1239,Kei
An.CENTRAL_MALAYO_POLYNESIAN.YAMDENA,YAMDENA,yamd1240,Yamdena
An.CENTRAL_MALAYO_POLYNESIAN.ONIN,ONIN,onin1245,Onin
An.CENTRAL_MALAYO_POLYNESIAN.SEKAR,SEKAR,seka1247,Sekar
An.CENTRAL_MALAYO_POLYNESIAN.URUANGNIRIN,URUANGNIRIN,urua1244,Uruangnirin
An.CENTRAL_MALAYO_POLYNESIAN.DAI,DAI,daii1240,Dai
An.CENTRAL_MALAYO_POLYNESIAN.DAWERA_DAWELOOR,DAWERA_DAWELOOR,dawe1237,Dawera-Daweloor
An.CENTRAL_MALAYO_POLYNESIAN.NORTH_BABAR,NORTH_BABAR,nort2860,North Babar
An.CENTRAL_MALAYO_POLYNESIAN.WEST_DAMAR,WEST_DAMAR,west2548,West Damar
An.CENTRAL_MALAYO_POLYNESIAN.EMPLAWAS,EMPLAWAS,empl1237,Emplawas
An.CENTRAL_MALAYO_POLYNESIAN.IMROING,IMROING,imro1237,Imroing
An.CENTRAL_MALAYO_POLYNESIAN.TELA_MASBUAR,TELA_MASBUAR,tela1241,Tela-Masbuar
An.CENTRAL_MALAYO_POLYNESIAN.CENTRAL_MASELA,CENTRAL_MASELA,cent2072,Central Masela
An.CENTRAL_MALAYO_POLYNESIAN.EAST_MASELA,EAST_MASELA,east2462,East Masela
An.CENTRAL_MALAYO_POLYNESIAN.SERILI,SERILI,seri1255,Serili
An.CENTRAL_MALAYO_POLYNESIAN.SOUTHEAST_BABAR,SOUTHEAST_BABAR,sout2883,Southeast Babar
An.CENTRAL_MALAYO_POLYNESIAN.MAMBAE,MAMBAE,mamb1306,Mambae
An.CENTRAL_MALAYO_POLYNESIAN.KEMAK,KEMAK,kema1243,Kemak
An.CENTRAL_MALAYO_POLYNESIAN.TUKUDEDE,TUKUDEDE,tuku1254,Tukudede
An.CENTRAL_MALAYO_POLYNESIAN.SELARU,SELARU,sela1259,Selaru
An.CENTRAL_MALAYO_POLYNESIAN.HABU,HABU,habu1241,Habu
An.CENTRAL_MALAYO_POLYNESIAN.TETUN,TETUN,tetu1245,Tetum
An.CENTRAL_MALAYO_POLYNESIAN.NAUETE,NAUETE,naue1237,Nauete
An.CENTRAL_MALAYO_POLYNESIAN.WAIMAA,WAIMAA,waim1252,Waima'a
An.CENTRAL_MALAYO_POLYNESIAN.KISAR,KISAR,kisa1266,Kisar
An.CENTRAL_MALAYO_POLYNESIAN.ROMA,ROMA,roma1332,Roma
An.CENTRAL_MALAYO_POLYNESIAN.LETINESE,LETINESE,leti1246,Leti (Indonesia)
An.CENTRAL_MALAYO_POLYNESIAN.LUANG,LUANG,luan1263,Luang
An.CENTRAL_MALAYO_POLYNESIAN.HELONG,HELONG,helo1243,Helong
An.CENTRAL_MALAYO_POLYNESIAN.TERMANU,TERMANU,term1237,Termanu
An.CENTRAL_MALAYO_POLYNESIAN.BAIKENO,BAIKENO,baik1238,Baikeno
An.CENTRAL_MALAYO_POLYNESIAN.UAB_METO,UAB_METO,uabm1237,Uab Meto
An.CENTRAL_MALAYO_POLYNESIAN.EAST_DAMAR,EAST_DAMAR,east2472,East Damar
An.CENTRAL_MALAYO_POLYNESIAN.TEUN,TEUN,teun1241,Te'un
An.CENTRAL_MALAYO_POLYNESIAN.NILA,NILA,nila1244,Nila
An.CENTRAL_MALAYO_POLYNESIAN.SERUA,SERUA,seru1245,Serua
An.CENTRAL_MALAYO_POLYNESIAN.GALOLI,GALOLI,galo1243,Galoli-Talur
An.CENTRAL_MALAYO_POLYNESIAN.TALUR,TALUR,galo1243,Galoli-Talur
An.CENTRAL_MALAYO_POLYNESIAN.ERAI,ERAI,iliu1237,Ili'uun
An.CENTRAL_MALAYO_POLYNESIAN.ILIUN,ILIUN,iliu1237,Ili'uun
An.CENTRAL_MALAYO_POLYNESIAN.TUGUN,TUGUN,tugu1245,Tugun
An.CENTRAL_MALAYO_POLYNESIAN.APUTAI,APUTAI,aput1237,Aputai
An.CENTRAL_MALAYO_POLYNESIAN.PERAI,PERAI,pera1257,Perai
An.CENTRAL_MALAYO_POLYNESIAN.SOBOYO,SOBOYO,tali1262,Taliabu
An.CENTRAL_MALAYO_POLYNESIAN.HUKUMINA,HUKUMINA,huku1237,Hukumina
An.CENTRAL_MALAYO_POLYNESIAN.LISELA,LISELA,lise1239,Lisela
An.CENTRAL_MALAYO_POLYNESIAN.BURU_MASARETE,BURU_MASARETE,buru1303,Buru (Indonesia)
An.CENTRAL_MALAYO_POLYNESIAN.ELAT_KEI_BESAR,ELAT_KEI_BESAR,band1355,Banda (Indonesia)
An.CENTRAL_MALAYO_POLYNESIAN.WATUBELA,WATUBELA,watu1247,Watubela
An.CENTRAL_MALAYO_POLYNESIAN.GESER,GESER,gese1240,Geser-Gorom
An.CENTRAL_MALAYO_POLYNESIAN.WARU_SERAM,WARU_SERAM,gese1240,Geser-Gorom
An.CENTRAL_MALAYO_POLYNESIAN.MASIWANG,MASIWANG,masi1266,Masiwang
An.CENTRAL_MALAYO_POLYNESIAN.BONFIAY,BONFIAY,masi1266,Masiwang
An.CENTRAL_MALAYO_POLYNESIAN.BOBOT,BOBOT,bobo1254,Bobot
An.CENTRAL_MALAYO_POLYNESIAN.BONFIA,BONFIA,masi1266,Masiwang
An.CENTRAL_MALAYO_POLYNESIAN.FATAKAI_NUAULU_SERAM,FATAKAI_NUAULU_SERAM,sout2895,South Nuaulu
An.CENTRAL_MALAYO_POLYNESIAN.KAYELI,KAYELI,kaye1241,Kayeli
An.CENTRAL_MALAYO_POLYNESIAN.ALUNE,ALUNE,alun1238,Alune
An.CENTRAL_MALAYO_POLYNESIAN.SAPOLEWA_SOOW_KWELE_ULUI_SERAM,SAPOLEWA_SOOW_KWELE_ULUI_SERAM,alun1238,Alune
An.CENTRAL_MALAYO_POLYNESIAN.ASILULU,ASILULU,asil1242,Asilulu
An.CENTRAL_MALAYO_POLYNESIAN.LARIKE_WAKASIHU,LARIKE_WAKASIHU,lari1255,Larike-Wakasihu
An.CENTRAL_MALAYO_POLYNESIAN.ASILULU_LIMA_RUMAHSOSAL_NUWETETU,ASILULU_LIMA_RUMAHSOSAL_NUWETETU,asil1242,Asilulu
An.CENTRAL_MALAYO_POLYNESIAN.ASILULU_LIMA_WARAKA,ASILULU_LIMA_WARAKA,asil1242,Asilulu
An.CENTRAL_MALAYO_POLYNESIAN.TALUTI_TAMILOUW,TALUTI_TAMILOUW,telu1263,Teluti
An.CENTRAL_MALAYO_POLYNESIAN.TALUTI_LAIMU,TALUTI_LAIMU,telu1263,Teluti
An.CENTRAL_MALAYO_POLYNESIAN.SEPA_INDONESIA,SEPA_INDONESIA,sepa1242,Sepa (Indonesia)
An.CENTRAL_MALAYO_POLYNESIAN.TALUTI,TALUTI,telu1263,Teluti
An.CENTRAL_MALAYO_POLYNESIAN.ELPAPUTIH_SERAM_2,ELPAPUTIH_SERAM_2,paul1238,Paulohi
An.CENTRAL_MALAYO_POLYNESIAN.ELPAPUTIH_SERAM_3,ELPAPUTIH_SERAM_3,paul1238,Paulohi
An.CENTRAL_MALAYO_POLYNESIAN.PAULOHI,PAULOHI,paul1238,Paulohi
An.CENTRAL_MALAYO_POLYNESIAN.ELPAPUTIH_SAMASURU_PAULOHIJ,ELPAPUTIH_SAMASURU_PAULOHIJ,paul1238,Paulohi
An.CENTRAL_MALAYO_POLYNESIAN.ELPAPUTIH_SERAM_1,ELPAPUTIH_SERAM_1,paul1238,Paulohi
An.CENTRAL_MALAYO_POLYNESIAN.HITU,HITU,hitu1239,Hitu
An.CENTRAL_MALAYO_POLYNESIAN.TULEHU,TULEHU,tule1244,Tulehu
An.CENTRAL_MALAYO_POLYNESIAN.HARUKU,HARUKU,haru1244,Haruku
An.CENTRAL_MALAYO_POLYNESIAN.PELAUW_HARUKU,PELAUW_HARUKU,haru1244,Haruku
An.CENTRAL_MALAYO_POLYNESIAN.AMAHAI,AMAHAI,amah1245,Amahai
An.CENTRAL_MALAYO_POLYNESIAN.NUSA_LAUT,NUSA_LAUT,nusa1245,Nusa Laut
An.CENTRAL_MALAYO_POLYNESIAN.SAPARUA_IHAMAHU,SAPARUA_IHAMAHU,sapa1251,Saparua
An.CENTRAL_MALAYO_POLYNESIAN.SAPARUA_HARIA,SAPARUA_HARIA,sapa1251,Saparua
An.CENTRAL_MALAYO_POLYNESIAN.SAPARUA_OUW,SAPARUA_OUW,sapa1251,Saparua
An.SOUTH_HALMAHERA_WEST_NEW_GUINEA.IRARUTU,IRARUTU,irar1238,Irarutu
An.SOUTH_HALMAHERA_WEST_NEW_GUINEA.KURI,KURI,kuri1260,Nabi
An.SOUTH_HALMAHERA_WEST_NEW_GUINEA.AMBEL,AMBEL,waig1244,Ambel
An.SOUTH_HALMAHERA_WEST_NEW_GUINEA.BIGA,BIGA,biga1238,Biga
An.SOUTH_HALMAHERA_WEST_NEW_GUINEA.MATBAT,MATBAT,matb1237,Matbat
An.SOUTH_HALMAHERA_WEST_NEW_GUINEA.BUTLEH,BUTLEH,maya1282,Misool-Salawati Ma'ya
An.SOUTH_HALMAHERA_WEST_NEW_GUINEA.MISOOL_MAYA,MISOOL_MAYA,maya1282,Misool-Salawati Ma'ya
An.SOUTH_HALMAHERA_WEST_NEW_GUINEA.SALAWATI_MAAYA,SALAWATI_MAAYA,maya1282,Misool-Salawati Ma'ya
An.SOUTH_HALMAHERA_WEST_NEW_GUINEA.LANGANYAN,LANGANYAN,lege1241,Legenyem
An.SOUTH_HALMAHERA_WEST_NEW_GUINEA.WAUYAI,WAUYAI,wauy1237,Wauyai
An.SOUTH_HALMAHERA_WEST_NEW_GUINEA.KAWE,KAWE,kawe1240,Kawe
An.SOUTH_HALMAHERA_WEST_NEW_GUINEA.AS,AS,asss1237,As
An.SOUTH_HALMAHERA_WEST_NEW_GUINEA.GEBE,GEBE,gebe1237,Gebe
An.SOUTH_HALMAHERA_WEST_NEW_GUINEA.BULI,BULI,buli1255,Buli (Indonesia)
An.SOUTH_HALMAHERA_WEST_NEW_GUINEA.PATANI,PATANI,pata1260,Patani
An.SOUTH_HALMAHERA_WEST_NEW_GUINEA.SAWAI_UnnamedInSource,SAWAI_UnnamedInSource,sawa1247,Sawai
An.SOUTH_HALMAHERA_WEST_NEW_GUINEA.SOMA,SOMA,east2440,East Makian
An.SOUTH_HALMAHERA_WEST_NEW_GUINEA.TAHANE,TAHANE,east2440,East Makian
An.SOUTH_HALMAHERA_WEST_NEW_GUINEA.GIMAN,GIMAN,gane1237,Gane
An.SOUTH_HALMAHERA_WEST_NEW_GUINEA.SAKETA,SAKETA,east2440,East Makian
An.SOUTH_HALMAHERA_WEST_NEW_GUINEA.WOSI,WOSI,east2440,East Makian
An.SOUTH_HALMAHERA_WEST_NEW_GUINEA.MAILOA,MAILOA,east2440,East Makian
An.SOUTH_HALMAHERA_WEST_NEW_GUINEA.NGOFAGITA,NGOFAGITA,east2440,East Makian
An.SOUTH_HALMAHERA_WEST_NEW_GUINEA.EAST_MAKIAN,EAST_MAKIAN,east2440,East Makian
An.SOUTH_HALMAHERA_WEST_NEW_GUINEA.NGOFAKIAHA,NGOFAKIAHA,east2440,East Makian
An.CENTRAL_MALAYO_POLYNESIAN.ARGUNI,ARGUNI,argu1237,Arguni
An.SOUTH_HALMAHERA_WEST_NEW_GUINEA.YARIK,YARIK,bedo1237,Mbaruan
An.SOUTH_HALMAHERA_WEST_NEW_GUINEA.KAMBRAM,KAMBRAM,erok1237,Yarikman
An.SOUTH_HALMAHERA_WEST_NEW_GUINEA.TANDIA,TANDIA,tand1253,Tandia
An.SOUTH_HALMAHERA_WEST_NEW_GUINEA.WAROPEN,WAROPEN,waro1242,Waropen
An.SOUTH_HALMAHERA_WEST_NEW_GUINEA.MOR,MOR,morm1235,Mor (Mor Islands)
An.SOUTH_HALMAHERA_WEST_NEW_GUINEA.WAREMBORI,WAREMBORI,ware1253,Warembori
An.SOUTH_HALMAHERA_WEST_NEW_GUINEA.DUSNER,DUSNER,dusn1237,Dusner
An.SOUTH_HALMAHERA_WEST_NEW_GUINEA.MEOSWAR,MEOSWAR,meos1237,Meoswar
An.SOUTH_HALMAHERA_WEST_NEW_GUINEA.RON,RON,roon1237,Roon
An.SOUTH_HALMAHERA_WEST_NEW_GUINEA.NUMFOR,NUMFOR,biak1248,Biak
An.SOUTH_HALMAHERA_WEST_NEW_GUINEA.BIAK_2,BIAK_2,biak1248,Biak
An.SOUTH_HALMAHERA_WEST_NEW_GUINEA.BIAK,BIAK,biak1248,Biak
An.SOUTH_HALMAHERA_WEST_NEW_GUINEA.YERETUAR,YERETUAR,yere1243,Yeretuar
An.SOUTH_HALMAHERA_WEST_NEW_GUINEA.IRESIM,IRESIM,ires1239,Yerisiam
An.SOUTH_HALMAHERA_WEST_NEW_GUINEA.YAUR,YAUR,yaur1239,Yaur
An.SOUTH_HALMAHERA_WEST_NEW_GUINEA.KURUDU,KURUDU,kuru1305,Kurudu
An.SOUTH_HALMAHERA_WEST_NEW_GUINEA.WABO,WABO,wabo1240,Wabo
An.SOUTH_HALMAHERA_WEST_NEW_GUINEA.SERUI_LAUT,SERUI_LAUT,seru1244,Serui-Laut
An.SOUTH_HALMAHERA_WEST_NEW_GUINEA.MUNGGUI,MUNGGUI,mung1269,Munggui
An.SOUTH_HALMAHERA_WEST_NEW_GUINEA.PAPUMA,PAPUMA,papu1251,Papuma
An.SOUTH_HALMAHERA_WEST_NEW_GUINEA.POM,POM,pomm1237,Pom
An.SOUTH_HALMAHERA_WEST_NEW_GUINEA.ANSUS,ANSUS,ansu1237,Ansus
An.SOUTH_HALMAHERA_WEST_NEW_GUINEA.WOI,WOI,woii1237,Woi
An.SOUTH_HALMAHERA_WEST_NEW_GUINEA.WANDAMEN,WANDAMEN,wand1267,Wandamen
An.SOUTH_HALMAHERA_WEST_NEW_GUINEA.AMBAI,AMBAI,amba1265,Ambai
An.SOUTH_HALMAHERA_WEST_NEW_GUINEA.WADAPI_LAUT,WADAPI_LAUT,amba1265,Ambai
An.OCEANIC.NAURUAN,NAURUAN,naur1243,Nauru
An.OCEANIC.KUSAIE,KUSAIE,kosr1238,Kosraean
An.OCEANIC.KIRIBATI,KIRIBATI,gilb1244,Gilbertese
An.OCEANIC.EASTERN_MARSHALLESE,EASTERN_MARSHALLESE,mars1254,Marshallese
An.OCEANIC.MARSHALLESE,MARSHALLESE,mars1254,Marshallese
An.OCEANIC.MOKILESE,MOKILESE,moki1238,Mokilese
An.OCEANIC.PINGELAPESE,PINGELAPESE,ping1243,Pingelapese
An.OCEANIC.POHNPEIAN,POHNPEIAN,pohn1238,Pohnpeian
An.OCEANIC.ULITHIAN,ULITHIAN,ulit1238,Ulithian
An.OCEANIC.PULO_ANNA,PULO_ANNA,sons1242,Sonsorol
An.OCEANIC.SONSOROLESE,SONSOROLESE,sons1242,Sonsorol
An.OCEANIC.WOLEAIAN,WOLEAIAN,wole1240,Woleaian
An.OCEANIC.SATAWALESE,SATAWALESE,sata1237,Satawalese
An.OCEANIC.CAROLINIAN,CAROLINIAN,caro1242,Carolinian
An.OCEANIC.PULUWATESE,PULUWATESE,pulu1242,Puluwatese
An.OCEANIC.MORTLOCKESE,MORTLOCKESE,mort1237,Mortlockese
An.OCEANIC.TRUKESE,TRUKESE,chuu1238,Chuukese
An.OCEANIC.NIMOA,NIMOA,nimo1246,Nimoa
An.OCEANIC.SUDEST,SUDEST,sude1239,Sudest
An.OCEANIC.MISIMA_PANAEATI,MISIMA_PANAEATI,misi1243,Misima-Paneati
An.OCEANIC.KILIVILA,KILIVILA,kili1267,Kilivila
An.OCEANIC.MUYUW,MUYUW,muyu1244,Muyuw
An.OCEANIC.OUMA,OUMA,ouma1237,Ouma
An.OCEANIC.BINA,BINA,bina1271,Bina (Papua New Guinea)
An.OCEANIC.MAGORI,MAGORI,mago1248,Magori
An.OCEANIC.YOBA,YOBA,yoba1237,Yoba
An.OCEANIC.SINAUGORO,SINAUGORO,sina1266,Sinaugoro
An.OCEANIC.KEAPARA,KEAPARA,keap1239,Keapara
An.OCEANIC.MOTU,MOTU,motu1246,Motu
An.OCEANIC.GABADI,GABADI,abad1241,Abadi
An.OCEANIC.MEKEO,MEKEO,meke1243,Mekeo
An.OCEANIC.RORO,RORO,waim1251,Waima
An.OCEANIC.DOURA,DOURA,tour1243,Toura (Papua New Guinea)
An.OCEANIC.KUNI,KUNI,kuni1263,Kuni
An.OCEANIC.LALA,LALA,lala1268,Lala
An.OCEANIC.BWANABWANA,BWANABWANA,bwan1241,Bwanabwana
An.OCEANIC.BUHUTU,BUHUTU,buhu1237,Buhutu
An.OCEANIC.SALIBA_PAPUA_NEWGUINEA,SALIBA_PAPUA_NEWGUINEA,sali1295,Saliba
An.OCEANIC.SUAU,SUAU,suau1242,Suau
An.OCEANIC.MAISIN,MAISIN,mais1250,Maisin
An.OCEANIC.GUMAWANA,GUMAWANA,guma1254,Gumawana
An.OCEANIC.DOBU,DOBU,dobu1241,Dobu
An.OCEANIC.SEWA_BAY,SEWA_BAY,sewa1251,Sewa Bay
An.OCEANIC.BUNAMA,BUNAMA,buna1276,Bunama
An.OCEANIC.MOLIMA,MOLIMA,moli1248,Molima
An.OCEANIC.IAMALELE,IAMALELE,iama1237,Iamalele
An.OCEANIC.DIODIO,DIODIO,diod1237,Diodio
An.OCEANIC.BWAIDOKA,BWAIDOKA,bwai1242,Bwaidoka
An.OCEANIC.IDUNA,IDUNA,idun1242,Iduna
An.OCEANIC.DAWAWA,DAWAWA,dawa1242,Dawawa
An.OCEANIC.ANUKI,ANUKI,anuk1239,Anuki
An.OCEANIC.ARE,ARE,aree1239,Are
An.OCEANIC.UBIR,UBIR,ubir1237,Ubir
An.OCEANIC.GAPAPAIWA,GAPAPAIWA,gapa1238,Gapapaiwa
An.OCEANIC.GHAYAVI_1,GHAYAVI_1,ghay1237,Ghayavi
An.OCEANIC.GHAYAVI_2,GHAYAVI_2,ghay1237,Ghayavi
An.OCEANIC.MINAVEHA,MINAVEHA,mina1269,Minaveha
An.OCEANIC.WEDAU,WEDAU,weda1241,Wedau
An.OCEANIC.YAKAIKEKE,YAKAIKEKE,yaka1275,Yakaikeke
An.OCEANIC.TAWALA,TAWALA,tawa1275,Tawala
An.OCEANIC.HAIGWAI,HAIGWAI,haig1237,Haigwai
An.OCEANIC.TAUPOTA,TAUPOTA,taup1242,Taupota
An.OCEANIC.VITU,VITU,mudu1242,Muduapa
An.OCEANIC.BOLA,BOLA,bola1250,Bola
An.OCEANIC.MAUTUTU,MAUTUTU,naka1262,Nakanai
An.OCEANIC.NAKANAI_2,NAKANAI_2,naka1262,Nakanai
An.OCEANIC.BILEKI_NAKANAI,BILEKI_NAKANAI,naka1262,Nakanai
An.OCEANIC.NAKANAI,NAKANAI,naka1262,Nakanai
An.OCEANIC.LAMASONG,LAMASONG,lava1239,Lavatbura-Lamusong
An.OCEANIC.BAROK,BAROK,baro1253,Barok
An.OCEANIC.MADAK,MADAK,mada1285,Madak
An.OCEANIC.SUNGLIK_LIHIR,SUNGLIK_LIHIR,lihi1237,Lihir
An.OCEANIC.MANDARA,MANDARA,mand1440,Mandara
An.OCEANIC.TABAR,TABAR,mand1440,Mandara
An.OCEANIC.NALIK,NALIK,nali1244,Nalik
An.OCEANIC.WEST_KARA,WEST_KARA,kara1486,Kara (Papua New Guinea)
An.OCEANIC.KARA_PNG,KARA_PNG,kara1486,Kara (Papua New Guinea)
An.OCEANIC.TIANG,TIANG,tian1237,Tiang
An.OCEANIC.TIGAK,TIGAK,tiga1245,Tigak
An.OCEANIC.TUNGAK,TUNGAK,tung1290,Tungag
An.OCEANIC.TANGA,TANGA,niwe1234,Niwer Mil
An.OCEANIC.SURSURUNGA,SURSURUNGA,surs1246,Sursurunga
An.OCEANIC.SIAR,SIAR,siar1238,Siar-Lak
An.OCEANIC.BILUR,BILUR,bilu1244,Bilur
An.OCEANIC.KANDAS,KANDAS,kand1301,Kandas
An.OCEANIC.PATPATAR,PATPATAR,patp1243,Patpatar
An.OCEANIC.MINIGIR,MINIGIR,mini1251,Minigir
An.OCEANIC.TOLAI,TOLAI,kuan1248,Kuanua
An.OCEANIC.BANONI,BANONI,bann1247,Bannoni
An.OCEANIC.SOLOS,SOLOS,solo1257,Solos
An.OCEANIC.NEHAN,NEHAN,neha1247,Nehan
An.OCEANIC.TAIOF,TAIOF,sapo1253,Saposa
An.OCEANIC.TEOP,TEOP,teop1238,Teop
An.OCEANIC.HAKU,HAKU,hako1237,Hakö
An.OCEANIC.HALIA,HALIA,hali1244,Halia
An.OCEANIC.HALIA_2,HALIA_2,hali1244,Halia
An.OCEANIC.VAGHUA,VAGHUA,vagh1249,Vaghua
An.OCEANIC.VARISI,VARISI,vari1239,Varisi
An.OCEANIC.RIRIO,RIRIO,riri1237,Ririo
An.OCEANIC.KATAZI_BABATANA,KATAZI_BABATANA,baba1268,Babatana
An.OCEANIC.TUNOE_BABATANA,TUNOE_BABATANA,baba1268,Babatana
An.OCEANIC.AVASO_BABATANA,AVASO_BABATANA,baba1268,Babatana
An.OCEANIC.LOMAUMBI_BABATANA,LOMAUMBI_BABATANA,baba1268,Babatana
An.OCEANIC.SISIQA,SISIQA,baba1268,Babatana
An.OCEANIC.SENGGA_BABATANA,SENGGA_BABATANA,baba1268,Babatana
An.OCEANIC.ZABANA,ZABANA,zaba1237,Zabana
An.OCEANIC.KOKOTA,KOKOTA,koko1269,Kokota
An.OCEANIC.BLABLANGA,BLABLANGA,blab1237,Blablanga
An.OCEANIC.GHOVE_BLABLANGA,GHOVE_BLABLANGA,blab1237,Blablanga
An.OCEANIC.ZAZAO,ZAZAO,zaza1245,Zazao
An.OCEANIC.CHEKE_HOLO,CHEKE_HOLO,chek1238,Cheke Holo
An.OCEANIC.TATABA_MARINGE_CHEKE_HOLO,TATABA_MARINGE_CHEKE_HOLO,chek1238,Cheke Holo
An.OCEANIC.KMAGHA_MARINGE_CHEKE_HOLO,KMAGHA_MARINGE_CHEKE_HOLO,chek1238,Cheke Holo
An.OCEANIC.LELEGHIA_MARINGE_CHEKE_HOLO,LELEGHIA_MARINGE_CHEKE_HOLO,chek1238,Cheke Holo
An.OCEANIC.DUKE,DUKE,duke1237,Duke
An.OCEANIC.SIMBO,SIMBO,simb1256,Simbo
An.OCEANIC.LUNGGA,LUNGGA,lung1249,Lungga
An.OCEANIC.KAZUKURU,KAZUKURU,kazu1245,Kazukuru
An.OCEANIC.ROVIANA,ROVIANA,rovi1238,Roviana
An.OCEANIC.UGHELE,UGHELE,ughe1237,Ughele
An.OCEANIC.MAROVO,MAROVO,maro1244,Marovo
An.OCEANIC.MBAREKE,MBAREKE,vang1243,Vangunu
An.OCEANIC.HOAVA,HOAVA,hoav1238,Hoava
An.OCEANIC.KUSAGHE,KUSAGHE,kusa1251,Kusaghe-Njela
An.OCEANIC.URUAVA,URUAVA,urua1242,Uruava
An.OCEANIC.TORAU,TORAU,tora1259,Torau
An.OCEANIC.MONO_ALU,MONO_ALU,mono1273,Mono-Alu
An.OCEANIC.FAURO_MONO,FAURO_MONO,mono1273,Mono-Alu
An.OCEANIC.ALU_MONO,ALU_MONO,mono1273,Mono-Alu
An.OCEANIC.MONO,MONO,mono1273,Mono-Alu
An.OCEANIC.BARIAI,BARIAI,bari1286,Bariai
An.OCEANIC.KOVE,KOVE,kove1237,Kove
An.OCEANIC.LUSI,LUSI,lusi1240,Lusi
An.OCEANIC.MUTU,MUTU,mutu1242,Mutu
An.OCEANIC.GITUA,GITUA,gitu1237,Gitua
An.OCEANIC.TUAM,TUAM,mutu1242,Mutu
An.OCEANIC.KAULONG,KAULONG,kaul1240,Kaulong
An.OCEANIC.SENGSENG,SENGSENG,seng1281,Sengseng
An.OCEANIC.AIKLEP,AIKLEP,aikl1237,Aiklep
An.OCEANIC.ARAWE,ARAWE,solo1258,Solong
An.OCEANIC.AMARA,AMARA,amar1272,Amara
An.OCEANIC.LAMOGAI,LAMOGAI,lamo1244,Lamogai
An.OCEANIC.MOUK_1,MOUK_1,mouk1239,Mouk-Aria
An.OCEANIC.MOUK_2,MOUK_2,mouk1239,Mouk-Aria
An.OCEANIC.LOTE,LOTE,lote1237,Lote
An.OCEANIC.MENGEN,MENGEN,meng1267,Mengen
An.OCEANIC.MALEU,MALEU,male1289,Maleu-Kilenge
An.OCEANIC.MALEU_2,MALEU_2,male1289,Maleu-Kilenge
An.OCEANIC.MANGAP,MANGAP,mbul1263,Mbula
An.OCEANIC.MBULA_PAPUA_NEW_GUINEA,MBULA_PAPUA_NEW_GUINEA,mbul1263,Mbula
An.OCEANIC.AROP_LOKEP,AROP_LOKEP,arop1243,Arop-Lokep
An.OCEANIC.LUKEP,LUKEP,arop1243,Arop-Lokep
An.OCEANIC.MALASANGA,MALASANGA,mala1487,Malasanga
An.OCEANIC.BARIM,BARIM,karn1252,Karnai
An.OCEANIC.TAMI,TAMI,tami1290,Tami
An.OCEANIC.SIO,SIO,sioo1240,Sio
An.OCEANIC.ROINJI,ROINJI,ronj1237,Ronji
An.OCEANIC.NENGAYA,NENGAYA,mato1252,Mato
An.OCEANIC.MATO,MATO,mato1252,Mato
An.OCEANIC.BILIAU,BILIAU,awad1244,Awad Bing
An.OCEANIC.BILBIL,BILBIL,bilb1241,Bilibil
An.OCEANIC.GEDAGED,GEDAGED,geda1237,Gedaged
An.OCEANIC.GEDAGED_2,GEDAGED_2,geda1237,Gedaged
An.OCEANIC.TAKIA,TAKIA,taki1248,Takia
An.OCEANIC.DAMI,DAMI,mari1428,Marik
An.OCEANIC.MATUKAR,MATUKAR,matu1261,Matukar
An.OCEANIC.KAYUPULAU,KAYUPULAU,kayu1243,Kayupulau
An.OCEANIC.ORMU,ORMU,ormu1248,Ormu
An.OCEANIC.TOBATI,TOBATI,toba1266,Tobati
An.OCEANIC.SOBEI,SOBEI,sobe1238,Sobei
An.OCEANIC.TARPIA,TARPIA,tarp1240,Tarpia
An.OCEANIC.BONGGO,BONGGO,bong1287,Bonggo
An.OCEANIC.KAPTIAU,KAPTIAU,kapt1235,Kaptiau
An.OCEANIC.ULAU,ULAU,ulau1237,Ulau-Suain
An.OCEANIC.SERA,SERA,sera1260,Sera
An.OCEANIC.AROP_SISSANO,AROP_SISSANO,arop1242,Arop
An.OCEANIC.SISSANO,SISSANO,siss1243,Sissano
An.OCEANIC.TUMLEO_2,TUMLEO_2,tuml1238,Tumleo
An.OCEANIC.TUMLEO,TUMLEO,tuml1238,Tumleo
An.OCEANIC.YAKAMUL,YAKAMUL,kapp1237,Kap
An.OCEANIC.KAIRIRU,KAIRIRU,kair1263,Kairiru
An.OCEANIC.KAIEP,KAIEP,kaie1237,Kaiep
An.OCEANIC.MEDEBUR,MEDEBUR,mede1237,Medebur
An.OCEANIC.KIS,KIS,kiss1246,Kis
An.OCEANIC.WOGEO,WOGEO,woge1237,Wogeo
An.OCEANIC.BIEM,BIEM,biem1237,Biem
An.OCEANIC.MANAM,MANAM,mana1295,Manam
An.OCEANIC.SEPA_PAPUA_NEW_GUINEA,SEPA_PAPUA_NEW_GUINEA,sepa1241,Sepa (Papua New Guinea)
An.OCEANIC.NUMBAMI,NUMBAMI,numb1247,Numbami
An.OCEANIC.SIPOMA,SIPOMA,numb1247,Numbami
An.OCEANIC.KELA,KELA,kela1255,Kela (Papua New Guinea)
An.OCEANIC.JABEM,JABEM,yabe1254,Yabem
An.OCEANIC.YABEM,YABEM,yabe1254,Yabem
An.OCEANIC.BUKAUA,BUKAUA,buga1250,Bugawac
An.OCEANIC.BUGAWAC,BUGAWAC,buga1250,Bugawac
An.OCEANIC.SUKURUM,SUKURUM,suku1264,Sukurum
An.OCEANIC.SIRASIRA,SIRASIRA,sara1323,Sarasira
An.OCEANIC.MARI,MARI,mari1429,Mari (Madang Province)
An.OCEANIC.WAMPUR,WAMPUR,wamp1248,Wampur
An.OCEANIC.YAROS,YAROS,adze1240,Adzera
An.OCEANIC.AZERA,AZERA,adze1240,Adzera
An.OCEANIC.AMARI,AMARI,adze1240,Adzera
An.OCEANIC.ADZERA,ADZERA,adze1240,Adzera
An.OCEANIC.ONANK,ONANK,nort2857,North Watut
An.OCEANIC.DANGAL,DANGAL,sout2877,South Watut
An.OCEANIC.MARALANGO,MARALANGO,sout2877,South Watut
An.OCEANIC.BUBWAF,BUBWAF,midd1327,Middle Watut
An.OCEANIC.DUNGUNTUNG,DUNGUNTUNG,midd1327,Middle Watut
An.OCEANIC.SILISILI,SILISILI,midd1327,Middle Watut
An.OCEANIC.LABU,LABU,labu1248,Labu
An.OCEANIC.WAMPAR,WAMPAR,wamp1247,Wampar
An.OCEANIC.WAMPAR_2,WAMPAR_2,wamp1247,Wampar
An.OCEANIC.DAGIN,DAGIN,wamp1247,Wampar
An.OCEANIC.DUWET,DUWET,duwe1237,Duwet
An.OCEANIC.GUWOT,GUWOT,duwe1237,Duwet
An.OCEANIC.ARIBWATSA,ARIBWATSA,arib1241,Aribwatsa
An.OCEANIC.MUSOM,MUSOM,muso1238,Musom
An.OCEANIC.SIRAK,SIRAK,mefe1242,Mefele
An.OCEANIC.MUSOM_2,MUSOM_2,muso1238,Musom
An.OCEANIC.HOTE,HOTE,hote1245,Hote
An.OCEANIC.YAMAP,YAMAP,yama1260,Yamap
An.OCEANIC.KAIWA,KAIWA,iwal1237,Iwal
An.OCEANIC.PIU,PIU,piuu1237,Piu
An.OCEANIC.SAMBIO,SAMBIO,kapi1250,Kapin
An.OCEANIC.MANGA,MANGA,mang1404,Mangga Buang
An.OCEANIC.BUASI,BUASI,vehe1237,Vehes
An.OCEANIC.BUANG_MAPOS,BUANG_MAPOS,mapo1242,Mapos Buang
An.OCEANIC.WAGAU,WAGAU,mapo1242,Mapos Buang
An.OCEANIC.MAPOS,MAPOS,mapo1242,Mapos Buang
An.OCEANIC.BUANG,BUANG,pate1247,Patep
An.OCEANIC.DAMBI,DAMBI,damb1246,Dambi
An.OCEANIC.KUMARU,KUMARU,kuma1278,Kumalu
An.OCEANIC.PATEP,PATEP,pate1247,Patep
An.OCEANIC.LATEP,LATEP,zena1237,Zenag
An.OCEANIC.TOWANGARA,TOWANGARA,gora1262,Gorakor
An.OCEANIC.ZENAG,ZENAG,zena1237,Zenag
An.OCEANIC.ASUMBOA,ASUMBOA,asum1237,Asumboa
An.OCEANIC.VANO,VANO,vano1237,Lovono
An.OCEANIC.TANEMA,TANEMA,tane1237,Tanema
An.OCEANIC.TEANU,TEANU,tean1237,Teanu
An.OCEANIC.AYIWO,AYIWO,ayiw1239,Äiwoo
An.OCEANIC.NANGGU,NANGGU,nang1262,Nanggu
An.OCEANIC.NAMBAKAENGO_MALO,NAMBAKAENGO_MALO,,
An.OCEANIC.NEA_NEMBOI,NEA_NEMBOI,,
An.OCEANIC.NEA_NOOLI,NEA_NOOLI,,
An.OCEANIC.BANUA,BANUA,,
An.OCEANIC.NEA,NEA,nalo1235,Nalögo
An.OCEANIC.ANEITYUM_2,ANEITYUM_2,anei1239,Aneityum
An.OCEANIC.SIE,SIE,siee1239,Sie
An.OCEANIC.URA,URA,urav1235,Ura (Vanuatu)
An.OCEANIC.KWAMERA_ISIAI,KWAMERA_ISIAI,kwam1252,Kwamera
An.OCEANIC.KWAMERA_PORT_RESOLUTION,KWAMERA_PORT_RESOLUTION,kwam1252,Kwamera
An.OCEANIC.KWAMERA_YATUKWEY,KWAMERA_YATUKWEY,kwam1252,Kwamera
An.OCEANIC.SOUTHWEST_TANNA_ENFITANA,SOUTHWEST_TANNA_ENFITANA,sout2869,Southwest Tanna
An.OCEANIC.SOUTHWEST_TANNA_IKITI,SOUTHWEST_TANNA_IKITI,sout2869,Southwest Tanna
An.OCEANIC.SOUTHWEST_TANNA_IKIYAU,SOUTHWEST_TANNA_IKIYAU,sout2869,Southwest Tanna
An.OCEANIC.SOUTHWEST_TANNA_IMREANG,SOUTHWEST_TANNA_IMREANG,sout2869,Southwest Tanna
An.OCEANIC.SOUTHWEST_TANNA_LAPWANGTOAI,SOUTHWEST_TANNA_LAPWANGTOAI,sout2869,Southwest Tanna
An.OCEANIC.LENAKEL_LENAUKAS,LENAKEL_LENAUKAS,lena1238,Lenakel
An.OCEANIC.LENAKEL_LONASILIAN,LENAKEL_LONASILIAN,lena1238,Lenakel
An.OCEANIC.NORTH_TANNA,NORTH_TANNA,nort2847,North Tanna
An.OCEANIC.WHITESANDS_IARKEI,WHITESANDS_IARKEI,whit1269,Whitesands
An.OCEANIC.WHITESANDS_LONIEL,WHITESANDS_LONIEL,whit1269,Whitesands
An.OCEANIC.XARACUU,XARACUU,xara1244,Xârâcùù
An.OCEANIC.GRAND_COULI,GRAND_COULI,tiri1258,Tiri-Mea
An.OCEANIC.AJIE,AJIE,ajie1238,Ajië
An.OCEANIC.DUMBEA,DUMBEA,dumb1241,Dumbea
An.OCEANIC.CEMUHI,CEMUHI,cemu1238,Cemuhî
An.OCEANIC.YUAGA,YUAGA,yuag1237,Yuaga
An.OCEANIC.NELEMWA,NELEMWA,kuma1276,Nêlêmwa-Nixumwak
An.OCEANIC.CAAC,CAAC,caac1237,Caac
An.OCEANIC.NYALAYU,NYALAYU,nyal1254,Belep
An.OCEANIC.PAICI,PAICI,paic1239,Paicî
An.OCEANIC.FA_TIETA,FA_TIETA,hmwa1243,Hmwaveke
An.OCEANIC.PWAAMEI,PWAAMEI,pwaa1237,Pwaamei
An.OCEANIC.JAWE,JAWE,jawe1237,Jawe
An.OCEANIC.NEMI,NEMI,nemi1240,Nemi
An.OCEANIC.TOLOMAKO,TOLOMAKO,tolo1255,Tolomako
An.OCEANIC.PIAMATSINA,PIAMATSINA,piam1242,Piamatsina
An.OCEANIC.VALPEI,VALPEI,valp1237,Valpei
An.OCEANIC.VALPEI_HUKUA,VALPEI_HUKUA,valp1237,Valpei
An.OCEANIC.VUNAPU,VUNAPU,vuna1239,Vunapu
An.OCEANIC.NOKUKU,NOKUKU,noku1237,Nokuku
An.OCEANIC.TASMATE,TASMATE,tasm1246,Tasmate
An.OCEANIC.AKEI,AKEI,akei1237,Akei
An.OCEANIC.AKEI_PENANTSIRO,AKEI_PENANTSIRO,akei1237,Akei
An.OCEANIC.AKEI_TASIRIKI,AKEI_TASIRIKI,akei1237,Akei
An.OCEANIC.WUSI_NONONA,WUSI_NONONA,wusi1237,Kula (Vanuatu)
An.OCEANIC.WUSI_KEREPUA,WUSI_KEREPUA,wusi1237,Kula (Vanuatu)
An.OCEANIC.WUSI_VALUI,WUSI_VALUI,wusi1237,Kula (Vanuatu)
An.OCEANIC.WUSI_MANA,WUSI_MANA,wusi1237,Kula (Vanuatu)
An.OCEANIC.AMBLONG,AMBLONG,ambl1237,Amblong
An.OCEANIC.NARANGO,NARANGO,nara1263,Narango
An.OCEANIC.NARANGO_NAMBEL,NARANGO_NAMBEL,nara1263,Narango
An.OCEANIC.WAILAPA,WAILAPA,wail1242,Ale
An.OCEANIC.TANGOA,TANGOA,tang1347,Movono
An.OCEANIC.ARAKI,ARAKI,arak1252,Araki
An.OCEANIC.FORTSENAL,FORTSENAL,fort1240,Kiai
An.OCEANIC.MOROUAS_BATUNLAMAK,MOROUAS_BATUNLAMAK,moro1286,Ande
An.OCEANIC.MOROUAS,MOROUAS,moro1286,Ande
An.OCEANIC.RORIA,RORIA,rori1237,Mores
An.OCEANIC.LAMETIN,LAMETIN,mere1242,Merei
An.OCEANIC.MALMARIV,MALMARIV,tial1239,Tiale
An.OCEANIC.NAVUT_MATAE,NAVUT_MATAE,navu1237,Navut
An.OCEANIC.NAVUT,NAVUT,navu1237,Navut
An.OCEANIC.NORTH_MALO,NORTH_MALO,malo1243,Tamambo
An.OCEANIC.SOUTH_MALO,SOUTH_MALO,malo1243,Tamambo
An.OCEANIC.MAFEA,MAFEA,mafe1237,Mafea
An.OCEANIC.TUTUBA,TUTUBA,tutu1241,Tutuba
An.OCEANIC.AORE,AORE,aore1237,Aore
An.OCEANIC.LOREDIAKARKAR,LOREDIAKARKAR,lore1244,Nethalp
An.OCEANIC.SHARK_BAY_1,SHARK_BAY_1,shar1244,Ngen
An.OCEANIC.SHARK_BAY_2,SHARK_BAY_2,shar1244,Ngen
An.OCEANIC.TAMBOTALO,TAMBOTALO,tamb1253,Tambotalo
An.OCEANIC.POLONOMBAUK,POLONOMBAUK,polo1242,Polonombauk
An.OCEANIC.BUTMAS,BUTMAS,butm1237,Farafi
An.OCEANIC.TUR,TUR,butm1237,Farafi
An.OCEANIC.WEST_AMBAE,WEST_AMBAE,west2513,West Ambae
An.OCEANIC.EAST_AMBAE_LOLSIWOI,EAST_AMBAE_LOLSIWOI,east2443,East Ambae
An.OCEANIC.EAST_AMBAE_LOLOMATUI,EAST_AMBAE_LOLOMATUI,east2443,East Ambae
An.OCEANIC.EAST_AMBAE_WAILENGI,EAST_AMBAE_WAILENGI,east2443,East Ambae
An.OCEANIC.RAGA,RAGA,hano1246,Hano
An.OCEANIC.MARINO,MARINO,mari1426,Sunwadia
An.OCEANIC.CENTRAL_MAEWO,CENTRAL_MAEWO,cent2058,Central Maewo
An.OCEANIC.BAETORA_NAVENEVENE,BAETORA_NAVENEVENE,baet1237,Baetora
An.OCEANIC.BAETORA_TAM,BAETORA_TAM,baet1237,Baetora
An.OCEANIC.BAETORA,BAETORA,baet1237,Baetora
An.OCEANIC.BAETORA_NASAWA,BAETORA_NASAWA,baet1237,Baetora
An.OCEANIC.BAETORA_NAROVOROVO,BAETORA_NAROVOROVO,baet1237,Baetora
An.OCEANIC.MOTA,MOTA,mota1237,Mota
An.OCEANIC.WETAMUT_DORIG,WETAMUT_DORIG,weta1242,Dorig
An.OCEANIC.WETAMUT,WETAMUT,weta1242,Dorig
An.OCEANIC.NUME,NUME,nume1241,Nume
An.OCEANIC.MERLAV,MERLAV,merl1237,Merlav
An.OCEANIC.MERLAV_MERIG,MERLAV_MERIG,merl1237,Merlav
An.OCEANIC.KORO,KORO,koro1308,Koro-Olrat
An.OCEANIC.LAKONA,LAKONA,lako1245,Lakon
An.OCEANIC.HIW,HIW,hiww1237,Hiw
An.OCEANIC.TOGA,TOGA,loto1240,Lo-Toga
An.OCEANIC.LEHALURUP,LEHALURUP,leha1244,Lehalurup
An.OCEANIC.LEHALI,LEHALI,leha1243,Lehali
An.OCEANIC.MOTLAV,MOTLAV,motl1237,Mwotlap
An.OCEANIC.MOSINA,MOSINA,vure1239,Vurës
An.OCEANIC.MOSINA_VETUMBOSO,MOSINA_VETUMBOSO,vure1239,Vurës
An.OCEANIC.LEMERIG,LEMERIG,leme1238,Lemerig
An.OCEANIC.VATRATA_SASAR,VATRATA_SASAR,leme1238,Lemerig
An.OCEANIC.VERAA,VERAA,vera1241,Vera'a
An.OCEANIC.VATRATA,VATRATA,vera1241,Vera'a
An.OCEANIC.NAMAKURA_MATASO,NAMAKURA_MATASO,nama1268,Namakura
An.OCEANIC.NAMAKURA_TONGARIKI,NAMAKURA_TONGARIKI,nama1268,Namakura
An.OCEANIC.NAMAKURA_BONGABONGA,NAMAKURA_BONGABONGA,nama1268,Namakura
An.OCEANIC.NAMAKURA_MAKURA,NAMAKURA_MAKURA,nama1268,Namakura
An.OCEANIC.ETON_VANUATU,ETON_VANUATU,eton1255,Eton (Vanuatu)
An.OCEANIC.SOUTH_EFATE_ERAKOR,SOUTH_EFATE_ERAKOR,sout2856,Nafsan
An.OCEANIC.SOUTH_EFATE_ERATAP,SOUTH_EFATE_ERATAP,sout2856,Nafsan
An.OCEANIC.SOUTH_EFATE_PANGO,SOUTH_EFATE_PANGO,sout2856,Nafsan
An.OCEANIC.LELEPA,LELEPA,lele1267,Lelepa
An.OCEANIC.NORTH_EFATE_PWELE,NORTH_EFATE_PWELE,nort2836,North Efate
An.OCEANIC.NORTH_EFATE_SIVIRI,NORTH_EFATE_SIVIRI,nort2836,North Efate
An.OCEANIC.NORTH_EFATE_NGUNA,NORTH_EFATE_NGUNA,nort2836,North Efate
An.OCEANIC.NORTH_EFATE_WORAVIU,NORTH_EFATE_WORAVIU,nort2836,North Efate
An.OCEANIC.NORTH_EFATE_SESAKE,NORTH_EFATE_SESAKE,nort2836,North Efate
An.OCEANIC.BIERIA_VOVO,BIERIA_VOVO,bier1246,Bieria
An.OCEANIC.MAII,MAII,maii1238,Maii
An.OCEANIC.BIEREBO_YEVALI,BIEREBO_YEVALI,bier1244,Bierebo
An.OCEANIC.BIEREBO_TAVIO,BIEREBO_TAVIO,bier1244,Bierebo
An.OCEANIC.BIEREBO_BURUPIKA,BIEREBO_BURUPIKA,bier1244,Bierebo
An.OCEANIC.BAKI,BAKI,baki1244,Baki
An.OCEANIC.BIEREBO_BONKOVIA,BIEREBO_BONKOVIA,bier1244,Bierebo
An.OCEANIC.LEWO_MAPREMO,LEWO_MAPREMO,lewo1242,Lewo
An.OCEANIC.LEWO_NUVI,LEWO_NUVI,lewo1242,Lewo
An.OCEANIC.LEWO_VISINA,LEWO_VISINA,lewo1242,Lewo
An.OCEANIC.LAMENU,LAMENU,lame1260,Lamenu
An.OCEANIC.LEWO_NIKAURA,LEWO_NIKAURA,lewo1242,Lewo
An.OCEANIC.LEWO_FILAKARA,LEWO_FILAKARA,lewo1242,Lewo
An.OCEANIC.LEWO_MATE,LEWO_MATE,lewo1242,Lewo
An.OCEANIC.LEWO_NUL,LEWO_NUL,lewo1242,Lewo
An.OCEANIC.PAAMA_LIRONESA,PAAMA_LIRONESA,paam1238,Paama
An.OCEANIC.PAAMA_FAULILI,PAAMA_FAULILI,paam1238,Paama
An.OCEANIC.PAAMA_LAUL,PAAMA_LAUL,paam1238,Paama
An.OCEANIC.SOUTHEAST_AMBRYM_MAAT,SOUTHEAST_AMBRYM_MAAT,sout2859,Southeast Ambrym
An.OCEANIC.SOUTHEAST_AMBRYM_TOAK,SOUTHEAST_AMBRYM_TOAK,sout2859,Southeast Ambrym
An.OCEANIC.LONWOLWOL,LONWOLWOL,lonw1238,Lonwolwol
An.OCEANIC.NORTH_AMBRYM_RANON,NORTH_AMBRYM_RANON,nort2839,North Ambrym
An.OCEANIC.NORTH_AMBRYM_FONAH,NORTH_AMBRYM_FONAH,nort2839,North Ambrym
An.OCEANIC.ORKON,ORKON,orko1234,Orkon-Fanbak
An.OCEANIC.DAKAKA_BAIAP,DAKAKA_BAIAP,daka1243,Dakaka
An.OCEANIC.DAKAKA_SESIVI,DAKAKA_SESIVI,daka1243,Dakaka
An.OCEANIC.PORT_VATO,PORT_VATO,port1286,Daakie
An.OCEANIC.SA,SA,saaa1241,Sa
An.OCEANIC.APMA,APMA,apma1240,Apma
An.OCEANIC.SURU_KAVIAN_APMA,SURU_KAVIAN_APMA,apma1240,Apma
An.OCEANIC.SKE,SKE,seke1241,Seke (Vanuatu)
An.OCEANIC.SEKE,SEKE,seke1241,Seke (Vanuatu)
An.OCEANIC.SOWA,SOWA,sowa1244,Sowa
An.OCEANIC.LETEMBOI,LETEMBOI,lete1241,Letemboi-Repanbitip
An.OCEANIC.REPANBITIP,REPANBITIP,repa1237,Repanbitip
An.OCEANIC.DIXON_REEF_1,DIXON_REEF_1,dixo1238,Dixon Reef
An.OCEANIC.DIXON_REEF_2,DIXON_REEF_2,dixo1238,Dixon Reef
An.OCEANIC.LITZLITZ,LITZLITZ,litz1237,Naman
An.OCEANIC.VINMAVIS,VINMAVIS,vinm1237,Neve'ei
An.OCEANIC.TAPE,TAPE,,
An.OCEANIC.LAREVAT,LAREVAT,lare1249,Larevat
An.OCEANIC.MAE_ORAP,MAE_ORAP,maee1241,Tirax
An.OCEANIC.MAE,MAE,maee1241,Tirax
An.OCEANIC.MARAGUS,MARAGUS,mara1399,Maragus
An.OCEANIC.BIG_NAMBAS_LEVIAMP,BIG_NAMBAS_LEVIAMP,bign1238,Big Nambas
An.OCEANIC.BIG_NAMBAS_UNMET,BIG_NAMBAS_UNMET,bign1238,Big Nambas
An.OCEANIC.LABO_WINDUA,LABO_WINDUA,labo1244,Ninde
An.OCEANIC.LABO,LABO,labo1244,Ninde
An.OCEANIC.NATI,NATI,,
An.OCEANIC.MALFAXAL,MALFAXAL,malf1237,Na'ahai
An.OCEANIC.SOUTH_WEST_BAY_BENOUR,SOUTH_WEST_BAY_BENOUR,sout2857,Nahavaq
An.OCEANIC.SOUTH_WEST_BAY_LEMBINWEN,SOUTH_WEST_BAY_LEMBINWEN,sout2857,Nahavaq
An.OCEANIC.LINGARAK,LINGARAK,ling1265,Neverver
An.OCEANIC.KATBOL_TIMBEMBE,KATBOL_TIMBEMBE,katb1237,Avava
An.OCEANIC.KATBOL,KATBOL,katb1237,Avava
An.OCEANIC.REREP,REREP,rere1240,Rerep
An.OCEANIC.UNUA,UNUA,unua1237,Unua
An.OCEANIC.BURMBAR_LEPAXSIVIR,BURMBAR_LEPAXSIVIR,burm1263,Burmbar
An.OCEANIC.BURMBAR_VARTAVO,BURMBAR_VARTAVO,burm1263,Burmbar
An.OCEANIC.BURMBAR,BURMBAR,burm1263,Burmbar
An.OCEANIC.MASKELYNES,MASKELYNES,mask1242,Maskelynes
An.OCEANIC.PORT_SANDWICH,PORT_SANDWICH,port1285,Port Sandwich
An.OCEANIC.AXAMB_AVOK,AXAMB_AVOK,axam1237,Axamb
An.OCEANIC.AXAMB_MAXBAXO,AXAMB_MAXBAXO,axam1237,Axamb
An.OCEANIC.AXAMB,AXAMB,axam1237,Axamb
An.OCEANIC.AULUA,AULUA,aulu1238,Aulua
An.OCEANIC.MALUA_BAY_PETARMUR,MALUA_BAY_PETARMUR,malu1245,Malua-Tepërav
An.OCEANIC.MALUA_BAY,MALUA_BAY,malu1245,Malua-Tepërav
An.OCEANIC.NESE,NESE,,
An.OCEANIC.MPOTOVORO_VOVO,MPOTOVORO_VOVO,mpot1241,Mpotovoro
An.OCEANIC.VAO,VAO,vaoo1237,Vao-Vovo
An.OCEANIC.ATCHIN,ATCHIN,urip1239,Uripiv-Wala-Rano-Atchin
An.OCEANIC.URI,URI,urip1239,Uripiv-Wala-Rano-Atchin
An.OCEANIC.URIPIV,URIPIV,urip1239,Uripiv-Wala-Rano-Atchin
An.OCEANIC.TAUTU,TAUTU,urip1239,Uripiv-Wala-Rano-Atchin
An.OCEANIC.RANO,RANO,urip1239,Uripiv-Wala-Rano-Atchin
An.OCEANIC.PINALUM,PINALUM,urip1239,Uripiv-Wala-Rano-Atchin
An.OCEANIC.WALA,WALA,urip1239,Uripiv-Wala-Rano-Atchin
An.OCEANIC.IAAI,IAAI,iaai1238,Iaai
An.OCEANIC.DEHU,DEHU,dehu1237,Dehu
An.OCEANIC.NENGONE,NENGONE,neng1238,Nengone
An.YAPESE.YAPESE,YAPESE,yape1248,Yapese
An.OCEANIC.WUVULU,WUVULU,wuvu1239,Wuvulu-Aua
An.OCEANIC.SEIMAT,SEIMAT,seim1238,Seimat
An.OCEANIC.KANIET,KANIET,kani1282,Kaniet
An.OCEANIC.NAUNA,NAUNA,naun1237,Nauna
An.OCEANIC.BALUAN_PAM,BALUAN_PAM,balu1257,Paluai
An.OCEANIC.LOU,LOU,louu1245,Lou
An.OCEANIC.LEVEI,LEVEI,kheh1237,Khehek
An.OCEANIC.LIKUM,LIKUM,liku1243,Likum
An.OCEANIC.NYINDROU,NYINDROU,nyin1250,Nyindrou
An.OCEANIC.HERMIT,HERMIT,herm1237,Hermit
An.OCEANIC.SORI_HARENGAN,SORI_HARENGAN,sori1242,Sori-Harengan
An.OCEANIC.PAK_TONG,PAK_TONG,pakt1239,Pak-Tong
An.OCEANIC.LONIU,LONIU,loni1238,Loniu
An.OCEANIC.MOKERANG,MOKERANG,moke1240,Mokerang
An.OCEANIC.LEIPON,LEIPON,leip1237,Leipon
An.OCEANIC.PONAM,PONAM,pona1250,Ponam
An.OCEANIC.LELE,LELE,lele1270,Lele (Papua New Guinea)
An.OCEANIC.SIVISA_TITAN,SIVISA_TITAN,tita1241,Titan
An.OCEANIC.MUSSAU_EMIRA,MUSSAU_EMIRA,muss1246,Mussau-Emira
An.OCEANIC.POLEO_TALISE,POLEO_TALISE,tali1259,Talise
An.OCEANIC.MBIRAO,MBIRAO,bira1254,Birao
An.OCEANIC.TOLO,TOLO,tali1259,Talise
An.OCEANIC.MOLI_TALISE,MOLI_TALISE,tali1259,Talise
An.OCEANIC.KOO_TALISE,KOO_TALISE,tali1259,Talise
An.OCEANIC.MALAGHETI_TALISE,MALAGHETI_TALISE,tali1259,Talise
An.OCEANIC.NGGELA,NGGELA,gela1263,Gela
An.OCEANIC.BUGHOTU,BUGHOTU,bugh1239,Bughotu
An.OCEANIC.DHADHAJE_BOGHOTU,DHADHAJE_BOGHOTU,bugh1239,Bughotu
An.OCEANIC.LENGO,LENGO,leng1259,Lengo
An.OCEANIC.LENGO_2,LENGO_2,leng1259,Lengo
An.OCEANIC.MALANGO,MALANGO,mala1484,Malango
An.OCEANIC.NGINIA_GHARI,NGINIA_GHARI,ghar1239,Ghari
An.OCEANIC.GHARI,GHARI,ghar1239,Ghari
An.OCEANIC.NGGAE_GHARI,NGGAE_GHARI,ghar1239,Ghari
An.OCEANIC.TANDAI_GHARI,TANDAI_GHARI,ghar1239,Ghari
An.OCEANIC.NDI_GHARI,NDI_GHARI,ghar1239,Ghari
An.OCEANIC.NGGERI_GHARI,NGGERI_GHARI,ghar1239,Ghari
An.OCEANIC.LONGGU,LONGGU,long1395,Longgu
An.OCEANIC.SAA,SAA,saaa1240,Sa'a
An.OCEANIC.UKI_NI_MASI_SAA,UKI_NI_MASI_SAA,saaa1240,Sa'a
An.OCEANIC.AULU_SAA,AULU_SAA,saaa1240,Sa'a
An.OCEANIC.ULAWA_SAA,ULAWA_SAA,saaa1240,Sa'a
An.OCEANIC.AROSI_TAWATANA,AROSI_TAWATANA,aros1241,Arosi
An.OCEANIC.ONEIBIA_AROSI,ONEIBIA_AROSI,aros1241,Arosi
An.OCEANIC.BAROO_BAURO,BAROO_BAURO,baur1252,Bauro
An.OCEANIC.RAWO,RAWO,baur1252,Bauro
An.OCEANIC.BAURO,BAURO,baur1252,Bauro
An.OCEANIC.HAUNUNU_BAURO,HAUNUNU_BAURO,baur1252,Bauro
An.OCEANIC.FAGANI,FAGANI,faga1239,Fagani
An.OCEANIC.SANTA_ANA_OWA,SANTA_ANA_OWA,owaa1237,Owa
An.OCEANIC.KAHUA,KAHUA,kahu1241,Kahua
An.OCEANIC.TAWAROGA_KAHUA,TAWAROGA_KAHUA,kahu1241,Kahua
An.OCEANIC.DORIO,DORIO,dori1246,Dori'o
An.OCEANIC.MARAU,MARAU,area1240,'Are'are
An.OCEANIC.WAIAHAA_AREARE,WAIAHAA_AREARE,area1240,'Are'are
An.OCEANIC.MAASUPA_AREARE,MAASUPA_AREARE,area1240,'Are'are
An.OCEANIC.OROHA,OROHA,oroh1237,Oroha
An.OCEANIC.LANGALANGA,LANGALANGA,wala1266,Wala
An.OCEANIC.LAU,LAU,lauu1247,Lau
An.OCEANIC.KWAIO,KWAIO,kwai1243,Kwaio
An.OCEANIC.KWAI,KWAI,gula1270,Gula'alaa
An.OCEANIC.LAU_NORTH,LAU_NORTH,lauu1247,Lau
An.OCEANIC.WALADE_LAU,WALADE_LAU,lauu1247,Lau
An.OCEANIC.KWARAAE,KWARAAE,kwar1239,Kwara'ae
An.OCEANIC.TOABAITA,TOABAITA,toab1237,To'abaita
An.OCEANIC.MBAELELEA,MBAELELEA,bael1237,Baelelea
An.OCEANIC.FATALEKA,FATALEKA,fata1245,Fataleka
An.OCEANIC.MBAENGGUU,MBAENGGUU,baeg1237,Baeggu
An.OCEANIC.WAYAN_FIJIAN,WAYAN_FIJIAN,west2519,Western Viti Levu-Yasawas Fijian
An.OCEANIC.ROTUMAN,ROTUMAN,rotu1241,Rotuman
An.OCEANIC.ROTUMAN_2,ROTUMAN_2,rotu1241,Rotuman
An.OCEANIC.FIJIAN,FIJIAN,fiji1243,Fijian
An.OCEANIC.FIJIAN_2,FIJIAN_2,fiji1243,Fijian
An.OCEANIC.NIUE,NIUE,niue1239,Niuean
An.OCEANIC.TONGAN,TONGAN,tong1325,Tonga (Tonga Islands)
An.OCEANIC.TONGAN_2,TONGAN_2,tong1325,Tonga (Tonga Islands)
An.OCEANIC.EAST_FUTUNA,EAST_FUTUNA,east2447,East Futuna
An.OCEANIC.ANUTA,ANUTA,anut1237,Anuta
An.OCEANIC.TIKOPIA,TIKOPIA,tiko1237,Tikopia
An.OCEANIC.EMAE,EMAE,emae1237,Emae
An.OCEANIC.WEST_UVEAN,WEST_UVEAN,west2516,West Uvean
An.OCEANIC.ANIWA,ANIWA,futu1245,Futuna-Aniwa
An.OCEANIC.FUTUNA,FUTUNA,futu1245,Futuna-Aniwa
An.OCEANIC.FILA,FILA,mele1250,Mele-Fila
An.OCEANIC.MELE,MELE,mele1250,Mele-Fila
An.OCEANIC.NANUMEA,NANUMEA,tuva1244,Tuvalu
An.OCEANIC.TUVALUAN,TUVALUAN,tuva1244,Tuvalu
An.OCEANIC.TOKELAU,TOKELAU,toke1240,Tokelau
An.OCEANIC.SAMOAN_2,SAMOAN_2,samo1305,Samoan
An.OCEANIC.SAMOAN,SAMOAN,samo1305,Samoan
An.OCEANIC.FUTUNA_EAST,FUTUNA_EAST,east2447,East Futuna
An.OCEANIC.WALLISIAN_EAST_UVEAN,WALLISIAN_EAST_UVEAN,wall1257,East Uvean
An.OCEANIC.PILENI,PILENI,pile1238,Vaeakau-Taumako
An.OCEANIC.VAEAKAU_TAUMAKO,VAEAKAU_TAUMAKO,pile1238,Vaeakau-Taumako
An.OCEANIC.PUKAPUKA,PUKAPUKA,puka1242,Pukapuka
An.OCEANIC.RENNELLESE,RENNELLESE,renn1242,Rennell-Bellona
An.OCEANIC.KAPINGAMARANGI,KAPINGAMARANGI,kapi1249,Kapingamarangi
An.OCEANIC.NUKUORO,NUKUORO,nuku1260,Nukuoro
An.OCEANIC.SIKAIANA,SIKAIANA,sika1261,Sikaiana
An.OCEANIC.LUANGIUA,LUANGIUA,onto1237,Luangiua
An.OCEANIC.NUKURIA,NUKURIA,nuku1259,Nukuria
An.OCEANIC.TAKUU_MORTLOCK,TAKUU_MORTLOCK,taku1257,Takuu
An.OCEANIC.RAPA_NUI,RAPA_NUI,rapa1244,Rapanui
An.OCEANIC.HAWAIIAN_3,HAWAIIAN_3,hawa1245,Hawaiian
An.OCEANIC.HAWAIIAN_2,HAWAIIAN_2,hawa1245,Hawaiian
An.OCEANIC.HAWAIIAN,HAWAIIAN,hawa1245,Hawaiian
An.OCEANIC.TUAMOTUAN,TUAMOTUAN,tuam1242,Tuamotuan
An.OCEANIC.PENRHYN,PENRHYN,penr1237,Māngarongaro
An.OCEANIC.RAROTONGAN,RAROTONGAN,raro1241,Southern Cook Island Maori
An.OCEANIC.RAROTONGAN_2,RAROTONGAN_2,raro1241,Southern Cook Island Maori
An.OCEANIC.MOORIORI,MOORIORI,maor1246,Maori
An.OCEANIC.MAORI,MAORI,maor1246,Maori
An.OCEANIC.MANIHIKI,MANIHIKI,raka1237,Rakahanga-Manihiki
An.OCEANIC.SOUTH_ISLAND_MAORI,SOUTH_ISLAND_MAORI,maor1246,Maori
An.OCEANIC.LANGUE_DE_ISLES_MARQUISES,LANGUE_DE_ISLES_MARQUISES,nort2845,North Marquesan
An.OCEANIC.NORTH_MARQUESAN,NORTH_MARQUESAN,nort2845,North Marquesan
An.OCEANIC.MARQUESAN_NUKUHIVA,MARQUESAN_NUKUHIVA,nort2845,North Marquesan
An.OCEANIC.UA_POU,UA_POU,nort2845,North Marquesan
An.OCEANIC.RURUTUAN,RURUTUAN,aust1304,Austral
An.OCEANIC.TAHITIAN_18TH_CENTURY,TAHITIAN_18TH_CENTURY,,
An.OCEANIC.TAHITIAN,TAHITIAN,tahi1242,Tahitian
An.OCEANIC.TAHITIAN_2,TAHITIAN_2,tahi1242,Tahitian
Sah.EASTERN_SAHARAN.BERIA,BERIA,zagh1240,Beria
Sah.EASTERN_SAHARAN.BERTI,BERTI,bert1249,Berti
Sah.WESTERN_SAHARAN.DAZAGA,DAZAGA,daza1242,Dazaga
Sah.WESTERN_SAHARAN.TEDAGA,TEDAGA,teda1241,Tedaga
Sah.WESTERN_SAHARAN.KANEMBU,KANEMBU,kane1243,Kanembu
Sah.WESTERN_SAHARAN.KANURI,KANURI,cent2050,Central Kanuri
Sah.WESTERN_SAHARAN.MANGA_KANURI,MANGA_KANURI,mang1399,Manga-Dagera Kanuri
Mar.SOUTH_BIRDS_HEAD.DURIANKERE,DURIANKERE,duri1243,Duriankere
Mar.SOUTH_BIRDS_HEAD.INANWATAN,INANWATAN,suab1238,Suabo
Mar.SOUTH_BIRDS_HEAD.SUABO,SUABO,,
Mar.SOUTH_BIRDS_HEAD.KONDA_2,KONDA_2,kond1303,Yaben (Konda)
Mar.SOUTH_BIRDS_HEAD.YAHADIAN,YAHADIAN,yaha1248,Yahadian
Mar.SOUTH_BIRDS_HEAD.KAPONG_BARU,KAPONG_BARU,,
Mar.SOUTH_BIRDS_HEAD.PURAGI_2,PURAGI_2,pura1253,Puragi
Mar.SOUTH_BIRDS_HEAD.ARANDAI_TAROF,ARANDAI_TAROF,aran1237,Dombano
Mar.SOUTH_BIRDS_HEAD.KOKODA_KASUWERI,KOKODA_KASUWERI,koko1265,Kokoda
Mar.SOUTH_BIRDS_HEAD.KEMBERANO_WERIAGAR,KEMBERANO_WERIAGAR,kemb1235,Kemberano
Mar.SOUTH_BIRDS_HEAD.ARANDAI_SEBYAR,ARANDAI_SEBYAR,aran1237,Dombano
Mar.SOUTH_BIRDS_HEAD.KEMBERANO_BARAU,KEMBERANO_BARAU,kemb1235,Kemberano
Mar.SOUTH_BIRDS_HEAD.KEMBERANO,KEMBERANO,kemb1235,Kemberano
WP.KEBAR.MPUR,MPUR,mpur1239,Mpur
Ito.ITONAMA.ITONAMA,ITONAMA,iton1250,Itonama
TNG.MOMUNA.MOMUNA,MOMUNA,momu1241,Momuna
TNG.MANUBARAN.MARIA_MARANOMU_1,MARIA_MARANOMU_1,mari1438,Maria (Papua New Guinea)
TNG.MANUBARAN.MARIA,MARIA,,
TNG.MANUBARAN.DOROMU,DOROMU,,
TNG.MANUBARAN.DOROMU_LOFAIKA,DOROMU_LOFAIKA,doro1266,Doromu-Koki
TNG.MANUBARAN.DOROMU_ARAMAIKA,DOROMU_ARAMAIKA,doro1266,Doromu-Koki
TNG.MANUBARAN.DOROMU_BAREIKA,DOROMU_BAREIKA,doro1266,Doromu-Koki
Yrb.YAREBAN.YAREBA,YAREBA,yare1248,Yareba
Yrb.YAREBAN.ANEME_WAKE,ANEME_WAKE,anem1248,Aneme Wake
Yrb.YAREBAN.MOIKODI,MOIKODI,moik1239,Moikodi
TNG.MAILUAN.LAUA,LAUA,laua1245,Laua
TNG.MAILUAN.MAILU,MAILU,mail1248,Mailu
TNG.MAILUAN.MAILU_2,MAILU_2,mail1248,Mailu
TNG.MAILUAN.BINAHARI,BINAHARI,bina1275,Binahari-Neme
TNG.MAILUAN.MORAWA,MORAWA,mora1273,Morawa
TNG.MAILUAN.DOMU,DOMU,domu1245,Domu
TNG.MAILUAN.DOMU_2,DOMU_2,domu1245,Domu
Kwe.MAWES.MAWES,MAWES,mawe1251,Mawes
WBm.WEST_BOMBERAI.KARAS,KARAS,kara1499,Kalamang
WBm.WEST_BOMBERAI.IHA,IHA,ihaa1241,Iha
WBm.WEST_BOMBERAI.MBAHAM,MBAHAM,baha1258,Baham
TAP.BUNAK.BUNAK_2,BUNAK_2,buna1278,Bunak
TAP.MAKASAE_FATALUKU_OIRATA.MAKASAE,MAKASAE,maka1316,Makasae-Makalero
TAP.MAKASAE_FATALUKU_OIRATA.FATALUKU,FATALUKU,fata1247,Fataluku
TAP.MAKASAE_FATALUKU_OIRATA.OIRATA,OIRATA,oira1263,Oirata
TAP.GREATER_ALOR.ABUI_TAKALELANG,ABUI_TAKALELANG,abui1241,Abui
TAP.GREATER_ALOR.ABUI,ABUI,abui1241,Abui
TAP.GREATER_ALOR.ABUI_ATIMELANG,ABUI_ATIMELANG,abui1241,Abui
TAP.GREATER_ALOR.TIFOL_AFENG_ABUI,TIFOL_AFENG_ABUI,abui1241,Abui
TAP.GREATER_ALOR.ABUI_MAKADAI,ABUI_MAKADAI,abui1241,Abui
TAP.KOLANA_TANGLAPUI.WERSING_2,WERSING_2,wers1238,Wersing
TAP.KOLANA_TANGLAPUI.WERSING,WERSING,wers1238,Wersing
TAP.KOLANA_TANGLAPUI.SAWILA_2,SAWILA_2,sawi1256,Sawila
TAP.KOLANA_TANGLAPUI.SAWILA,SAWILA,sawi1256,Sawila
TAP.KOLANA_TANGLAPUI.KULA,KULA,kula1280,Kula (Indonesia)
TAP.GREATER_ALOR.KAMANG_2,KAMANG_2,kama1365,Kamang
TAP.GREATER_ALOR.KAMANG,KAMANG,kama1365,Kamang
TAP.GREATER_ALOR.KAMANG_LETLEY,KAMANG_LETLEY,kama1365,Kamang
TAP.GREATER_ALOR.KAMANG_KOLOMANE,KAMANG_KOLOMANE,kama1365,Kamang
TAP.GREATER_ALOR.KAMANG_PIDO_I,KAMANG_PIDO_I,kama1365,Kamang
TAP.GREATER_ALOR.KAMANG_PIDO_II,KAMANG_PIDO_II,kama1365,Kamang
TAP.GREATER_ALOR.KAMANG_LANGKURU,KAMANG_LANGKURU,kama1365,Kamang
TAP.GREATER_ALOR.KUI_INDONESIA,KUI_INDONESIA,kuii1253,Kui (Indonesia)
TAP.GREATER_ALOR.KUI_INDONESIA_2,KUI_INDONESIA_2,kuii1253,Kui (Indonesia)
TAP.GREATER_ALOR.KAFOA,KAFOA,kafo1240,Kafoa
TAP.GREATER_ALOR.KLON,KLON,kelo1247,Klon
TAP.GREATER_ALOR.KLON_2,KLON_2,kelo1247,Klon
TAP.GREATER_ALOR.KELON_HALERMAN,KELON_HALERMAN,kelo1247,Klon
TAP.GREATER_ALOR.KELON_PROBUR,KELON_PROBUR,kelo1247,Klon
TAP.GREATER_ALOR.ADANG,ADANG,adan1251,Adang
TAP.GREATER_ALOR.KABOLA,KABOLA,kabo1247,Kabola
TAP.GREATER_ALOR.KABOLA_AIMOLI,KABOLA_AIMOLI,kabo1247,Kabola
TAP.GREATER_ALOR.KABOLA_PITUMBANG,KABOLA_PITUMBANG,kabo1247,Kabola
TAP.GREATER_ALOR.KABOLA_HAMAP,KABOLA_HAMAP,kabo1247,Kabola
TAP.GREATER_ALOR.ADANG_PITUNG,ADANG_PITUNG,adan1251,Adang
TAP.GREATER_ALOR.HAMAP,HAMAP,hama1240,Hamap
TAP.GREATER_ALOR.BLAGAR_BAKALANG,BLAGAR_BAKALANG,blag1240,Blagar
TAP.GREATER_ALOR.BLAGAR_RETTA_PURA,BLAGAR_RETTA_PURA,rett1240,Reta
TAP.GREATER_ALOR.BLAGAR_RETTA_TERNATE,BLAGAR_RETTA_TERNATE,rett1240,Reta
TAP.GREATER_ALOR.BLAGAR_TEREWENG,BLAGAR_TEREWENG,tere1277,Tereweng
TAP.GREATER_ALOR.BLAGAR,BLAGAR,blag1240,Blagar
TAP.GREATER_ALOR.BLAGAR_APURI_PURA,BLAGAR_APURI_PURA,blag1240,Blagar
TAP.GREATER_ALOR.BLAGAR_LIMARAHING,BLAGAR_LIMARAHING,blag1240,Blagar
TAP.GREATER_ALOR.KAERA,KAERA,kaer1234,Kaera
TAP.GREATER_ALOR.KAERA_2,KAERA_2,kaer1234,Kaera
TAP.GREATER_ALOR.LAMMA,LAMMA,lamm1241,Western Pantar
TAP.GREATER_ALOR.WESTERN_PANTAR,WESTERN_PANTAR,lamm1241,Western Pantar
TAP.GREATER_ALOR.KAWA,KAWA,,
TAP.GREATER_ALOR.LAMMA_KALONDAMA,LAMMA_KALONDAMA,lamm1241,Western Pantar
TAP.GREATER_ALOR.LAMMA_BIANGWALA,LAMMA_BIANGWALA,lamm1241,Western Pantar
TAP.GREATER_ALOR.LAMMA_MAUTA_TUBAL,LAMMA_MAUTA_TUBAL,lamm1241,Western Pantar
TAP.GREATER_ALOR.NEDEBANG,NEDEBANG,nede1245,Nedebang
TAP.GREATER_ALOR.NEDEBANG_2,NEDEBANG_2,nede1245,Nedebang
TAP.GREATER_ALOR.TEWA_SARGANG,TEWA_SARGANG,teiw1235,Teiwa
TAP.GREATER_ALOR.TEWA_MADAR,TEWA_MADAR,teiw1235,Teiwa
TAP.GREATER_ALOR.TEWA_DEING,TEWA_DEING,teiw1235,Teiwa
TAP.GREATER_ALOR.TEWA_LEBANG,TEWA_LEBANG,teiw1235,Teiwa
TAP.GREATER_ALOR.SAR_INDONESIA,SAR_INDONESIA,,
TAP.GREATER_ALOR.TEIWA,TEIWA,teiw1235,Teiwa
TAP.GREATER_ALOR.TEIWA_2,TEIWA_2,teiw1235,Teiwa
EB.EAST_BOUGAINVILLE.NASIOI,NASIOI,naas1242,Naasioi
EB.EAST_BOUGAINVILLE.BUIN,BUIN,tere1278,Terei
EB.EAST_BOUGAINVILLE.MOTUNA,MOTUNA,siwa1245,Siwai
Beo.BEOTHUK.BEOTHUK,BEOTHUK,beot1247,Beothuk
WP.NORTH_CENTRAL_BIRDS_HEAD.ABUN,ABUN,abun1252,Abun
WP.HATAM.HATAM,HATAM,hata1243,Hatam
EBH.EAST_BIRDS_HEAD.SOUGB,SOUGB,mani1235,Sougb
EBH.EAST_BIRDS_HEAD.MEYAH,MEYAH,meya1236,Meyah
EBH.EAST_BIRDS_HEAD.MOSKONA,MOSKONA,mosk1236,Moskona
LSR.GRASS.BANARO,BANARO,bana1292,Banaro
LSR.LOWER_SEPIK.TABRIAK,TABRIAK,tabr1243,Tabriak
LSR.LOWER_SEPIK.YIMAS,YIMAS,,
LSR.LOWER_SEPIK.YIMAS_2,YIMAS_2,yima1243,Yimas
LSR.LOWER_SEPIK.CHAMBRI,CHAMBRI,cham1313,Chambri
LSR.LOWER_SEPIK.CHAMBRI_KILIMBIT,CHAMBRI_KILIMBIT,cham1313,Chambri
LSR.LOWER_SEPIK.ANGORAM,ANGORAM,ango1255,Angoram
LSR.LOWER_SEPIK.KOPAR,KOPAR,kopa1248,Kopar
LSR.LOWER_SEPIK.MURIK,MURIK,muri1260,Murik (Papua New Guinea)
LSR.ANNABERG.RAO_2,RAO_2,raoo1244,Rao
LSR.ANNABERG.ANOR,ANOR,anor1241,Anor
LSR.ANNABERG.KANGGAPE,KANGGAPE,kang1291,Kanggape
LSR.ANNABERG.TANGGU,TANGGU,tang1355,Tanggu
LSR.MIKAREW.KIRE,KIRE,kire1240,Kire
LSR.MIKAREW.ARUAMU,ARUAMU,arua1260,Aruamu
LSR.MIKAREW.MIKAREW_MAKARUB,MIKAREW_MAKARUB,arua1260,Aruamu
LSR.LOWER_RAMU.GAMEI,GAMEI,bore1247,Borei
LSR.LOWER_RAMU.AWAR,AWAR,awar1249,Awar
LSR.LOWER_RAMU.KAIAN,KAIAN,kaia1245,Kaian
LSR.LOWER_RAMU.WATAM,WATAM,wata1253,Watam
Sen.SENAGI.AMGOTRO,AMGOTRO,dera1245,Dera (Indonesia)
Sen.SENAGI.ANGOR,ANGOR,ango1254,Angor
Sen.SENAGI.MONGOWAR,MONGOWAR,dera1245,Dera (Indonesia)
Kuo.KUOT.KUOT,KUOT,kuot1243,Kuot
Pia.PIAWI.PINAI_HAGAHAI_ARAMO,PINAI_HAGAHAI_ARAMO,pina1252,Pinai-Hagahai
Pia.PIAWI.HARUAI,HARUAI,haru1245,Haruai
Pia.PIAWI.PINAI_HAGAHAI_PINAI_1,PINAI_HAGAHAI_PINAI_1,pina1252,Pinai-Hagahai
Ara.ARAFUNDI.ANDAI,ANDAI,anda1283,Andai
Ara.ARAFUNDI.TAPEI_ANGARAT,TAPEI_ANGARAT,tape1242,Tapei
Ara.ARAFUNDI.ALFENDIO,ALFENDIO,,
Ara.ARAFUNDI.NANUBAE_IMAMERI,NANUBAE_IMAMERI,nanu1240,Nanubae-Imangae
LSR.BOTIN.KAMBOT_KAMBARAMBA,KAMBOT_KAMBARAMBA,,
LSR.BOTIN.KAMBOT,KAMBOT,,
Yaw.YAWA.MARIADEI,MARIADEI,nucl1454,Yawa
Yaw.YAWA.KONTI_UNAI,KONTI_UNAI,nucl1454,Yawa
Yaw.YAWA.TINDARET,TINDARET,nucl1454,Yawa
Yaw.YAWA.AMBADAIRU,AMBADAIRU,nucl1454,Yawa
Yaw.YAWA.ARIEPI,ARIEPI,nucl1454,Yawa
Yaw.YAWA.SARAWANDORI,SARAWANDORI,nucl1454,Yawa
Oto.OTOMACO.OTOMACO,OTOMACO,,
Oto.OTOMACO.TAPARITA,TAPARITA,,
TNG.ANGAN.ANGAATAHA,ANGAATAHA,anga1290,Angaataha
TNG.ANGAN.ANKAVE,ANKAVE,anka1246,Ankave
TNG.ANGAN.ANKAVE_2,ANKAVE_2,anka1246,Ankave
TNG.ANGAN.LOHIKI,LOHIKI,akoy1238,Akoye
TNG.ANGAN.IVORI,IVORI,tain1253,Tainae
TNG.ANGAN.TAINAE,TAINAE,tain1253,Tainae
TNG.ANGAN.SIMBARI,SIMBARI,simb1255,Simbari
TNG.ANGAN.BARUYA_2,BARUYA_2,baru1267,Baruya
TNG.ANGAN.BARUYA,BARUYA,baru1267,Baruya
TNG.ANGAN.AMPALE,AMPALE,safe1240,Safeyoka
TNG.ANGAN.KAWACHA,KAWACHA,kawa1276,Kawacha
TNG.ANGAN.KAMASA,KAMASA,kama1360,Kamasa
TNG.ANGAN.YAGWOIA,YAGWOIA,yagw1240,Yagwoia
TNG.ANGAN.KAPAU,KAPAU,hamt1247,Hamtai
TNG.ANGAN.HAMTAI,HAMTAI,hamt1247,Hamtai
TNG.ANGAN.MENYA,MENYA,meny1245,Menya
TNG.ANGAN.MENYA_2,MENYA_2,meny1245,Menya
Hok.YANA.YANA,YANA,yana1271,Yana
Kay.KAYAGAR.KAUGAT,KAUGAT,atoh1238,Atohwaim
Kay.KAYAGAR.KAJGIR,KAJGIR,,
Kay.KAYAGAR.TAMAGARIO,TAMAGARIO,tama1336,Tamagario
Tof.TOFANMA.TOFAMNA,TOFAMNA,,
Bul.BULAKA_RIVER.MAKLEW_2,MAKLEW_2,makl1246,Maklew
Bul.BULAKA_RIVER.YELMEK,YELMEK,yelm1242,Southern Yelmek
Bul.BULAKA_RIVER.JABSCH,JABSCH,yelm1242,Southern Yelmek
Bul.BULAKA_RIVER.YELMEK_JAB,YELMEK_JAB,yelm1242,Southern Yelmek
Pau.PAUWASI.DUBU,DUBU,dubu1240,Dubu
Pau.PAUWASI.TOWEI,TOWEI,towe1240,Towei
KY.KARKAR_YURI.KARKAR_YURI,KARKAR_YURI,kark1258,Karkar-Yuri
KY.KARKAR_YURI.YURI,YURI,,
KY.KARKAR_YURI.JAFI,JAFI,yafi1240,Yafi
KY.KARKAR_YURI.EMEM,EMEM,emum1240,Emumu
KY.KARKAR_YURI.EMUMU,EMUMU,emum1240,Emumu
Sep.BIKSI.BIKSI,BIKSI,yetf1238,Yetfa
Sep.BIKSI.KIMKI,KIMKI,kimk1238,Kimki
Lep.LEPKI.LEPKI,LEPKI,lepk1238,Lepki
Mrk.MURKIM.MILKI_MURKIM,MILKI_MURKIM,murk1238,Murkim
Mrk.MURKIM.MOT_MURKIM,MOT_MURKIM,murk1238,Murkim
Sap.SAPE.SAPE,SAPE,sape1238,Sapé
LS.LEONHARD_SCHULTZE.TUWARI,TUWARI,tuwa1242,Tuwari
LS.LEONHARD_SCHULTZE.WALIO,WALIO,nucl1453,Walio
LS.LEONHARD_SCHULTZE.WOSWARI,WOSWARI,yawi1238,Yawiyo
LS.LEONHARD_SCHULTZE.YAWIYO,YAWIYO,,
Sep.MIDDLE_SEPIK.YENGORU,YENGORU,boik1241,Boikin
Sep.MIDDLE_SEPIK.BOIKIN,BOIKIN,boik1241,Boikin
Sep.MIDDLE_SEPIK.KWUSAUN,KWUSAUN,boik1241,Boikin
Sep.MIDDLE_SEPIK.NGALA,NGALA,ngal1300,Ngala
Sep.MIDDLE_SEPIK.MAPRIK,MAPRIK,ambu1247,Ambulas
Sep.MIDDLE_SEPIK.HANGA_HUNDI,HANGA_HUNDI,hang1263,Hanga Hundi
Sep.MIDDLE_SEPIK.WOSERA,WOSERA,ambu1247,Ambulas
Sep.MIDDLE_SEPIK.NYAURA,NYAURA,iatm1242,Iatmul
Sep.MIDDLE_SEPIK.MANAMBU,MANAMBU,mana1298,Manambu
Sep.MIDDLE_SEPIK.YELOGU,YELOGU,yelo1243,Yalaku
Sep.UPPER_SEPIK.IWAM,IWAM,iwam1256,Iwam
Sep.UPPER_SEPIK.WOGAMUSIN,WOGAMUSIN,woga1249,Wogamusin
Sep.UPPER_SEPIK.ABAU,ABAU,abau1245,Abau
Sep.UPPER_SEPIK.ABAU_2,ABAU_2,abau1245,Abau
Sep.UPPER_SEPIK.AMAL,AMAL,amal1242,Amal
Sep.YELLOW_RIVER.NAMIA,NAMIA,nami1256,Namia
Sep.RAM.AWTUW,AWTUW,awtu1239,Awtuw
Sep.RAM.KARAWA,KARAWA,kara1495,Karawa
Sep.RAM.POUYE,POUYE,pouy1238,Pouye
Sep.TAMA_SEPIK.YESSAN_MAYO,YESSAN_MAYO,yess1239,Yessan-Mayo
Sep.TAMA_SEPIK.MEHEK,MEHEK,mehe1243,Mehek
Sep.TAMA_SEPIK.PAHI,PAHI,pahi1246,Pahi
Sep.MIDDLE_SEPIK.KWOMA,KWOMA,kwom1262,Kwoma
Sep.MIDDLE_SEPIK.KWANGA,KWANGA,,
Sep.MIDDLE_SEPIK.MENDE_PNG,MENDE_PNG,mend1268,Mende (Papua New Guinea)
Sep.SEPIK_HILL.ALAMBLAK,ALAMBLAK,alam1246,Alamblak
Sep.SEPIK_HILL.BAHINEMO,BAHINEMO,bahi1254,Bahinemo
Sep.SEPIK_HILL.KAPRIMAN,KAPRIMAN,kapr1245,Kapriman
Sep.SEPIK_HILL.SANIO,SANIO,sani1270,Saniyo-Hiyewe
Sep.SEPIK_HILL.HEWA,HEWA,hewa1241,Hewa
Sep.SEPIK_HILL.PIAME,PIAME,piam1243,Piame
Sep.SEPIK_HILL.GABIANO,GABIANO,niks1238,Niksek
Sep.SEPIK_HILL.PAKA,PAKA,niks1238,Niksek
Sko.KRISA.ISAKA,ISAKA,kris1246,I'saka
Sko.WESTERN_SKOU.WUTUNG,WUTUNG,wutu1244,Wutung
Sko.WESTERN_SKOU.SKOU,SKOU,nucl1634,Skou
Sko.WESTERN_SKOU.TUMAWO,TUMAWO,nucl1634,Skou
Sko.WESTERN_SKOU.LEITRE,LEITRE,vani1248,Vanimo
Sko.WESTERN_SKOU.DUMO,DUMO,vani1248,Vanimo
Sko.WESTERN_SKOU.DUSUR,DUSUR,vani1248,Vanimo
Sko.SERRA_HILLS.POKO_RAWO,POKO_RAWO,rawo1244,Rawo
Sko.SERRA_HILLS.SUMARARU,SUMARARU,womo1238,Womo-Sumararu
Sko.SERRA_HILLS.WOMO,WOMO,womo1238,Womo-Sumararu
Sko.WARUPU.RAMO,RAMO,unii1234,Uni
Sko.WARUPU.BARUPU,BARUPU,wara1302,Bauni
Sko.WARUPU.POO,POO,wara1302,Bauni
Sko.WARUPU.SUMO,SUMO,boun1246,Bouni-Bobe
IG.INLAND_GULF.IPIKO,IPIKO,ipik1244,Ipiko
IG.INLAND_GULF.MINANIBAI,MINANIBAI,mina1274,Minanibai-Foia Foia
IG.INLAND_GULF.TAO_SUAMATO,TAO_SUAMATO,muba1238,Mubami
TNG.TIRIO.MAKAYAM,MAKAYAM,maka1315,Makayam
Mar.MARIND_PROPER.BEGUA,BEGUA,,
Mar.MARIND_PROPER.BOAZI,BOAZI,kuni1265,Kuni-Boazi
Mar.MARIND_PROPER.ZIMAKANI,ZIMAKANI,,
Mar.MARIND_PROPER.JAKAJ,JAKAJ,yaqa1246,Yaqay
Mar.MARIND_PROPER.WARKAJ,WARKAJ,wark1247,Warkay-Bipim
Mar.MARIND_PROPER.MARIND_BIAN,MARIND_BIAN,bian1251,Bian Marind
Mar.MARIND_PROPER.MARINDINEESCH,MARINDINEESCH,nucl1622,Marind
Kau.KAURE.KOSARE,KOSARE,kosa1251,Kosadle
MUM.MOREHEAD_AND_UPPER_MARO_RIVERS.TABO_WAIA,TABO_WAIA,tabo1241,Tabo
Kiw.KIWAIAN.BAMU,BAMU,bamu1257,Bamu
Kiw.KIWAIAN.BAMU_2,BAMU_2,bamu1257,Bamu
Kiw.KIWAIAN.WABUDA,WABUDA,wabo1241,Waboda
Kiw.KIWAIAN.KIWAI_SOUTHERN,KIWAI_SOUTHERN,sout2949,Southern Kiwai
Kiw.KIWAIAN.KEREWO,KEREWO,kere1286,Kerewo
Kiw.KIWAIAN.MORIGI,MORIGI,mori1271,Morigi
Kiw.KIWAIAN.GOPE,GOPE,nort2930,Northeast Kiwai
Kiw.KIWAIAN.URAMA,URAMA,nort2930,Northeast Kiwai
Kiw.KIWAIAN.GIBAIO,GIBAIO,nort2930,Northeast Kiwai
Kiw.KIWAIAN.ANIGIBI,ANIGIBI,nort2930,Northeast Kiwai
Niv.NIVKH.GILYAK_SOUTH_SAKHALIN,GILYAK_SOUTH_SAKHALIN,gily1242,Amur Nivkh
Niv.NIVKH.GILYAK_EAST_SAKHALIN,GILYAK_EAST_SAKHALIN,gily1242,Amur Nivkh
Niv.NIVKH.GILYAK_NORTH_SAKHALIN,GILYAK_NORTH_SAKHALIN,gily1242,Amur Nivkh
Niv.NIVKH.GILYAK_WEST_SAKHALIN,GILYAK_WEST_SAKHALIN,gily1242,Amur Nivkh
Niv.NIVKH.GILYAK,GILYAK,gily1242,Amur Nivkh
Niv.NIVKH.GILYAK_AMUR,GILYAK_AMUR,gily1242,Amur Nivkh
MUM.MORAORI.MORORI,MORORI,moro1289,Marori
Ber.BERTA.WETAWIT,WETAWIT,bert1248,Berta
MUM.MOREHEAD_AND_UPPER_MARO_RIVERS.KANUM_NGKALMPW,KANUM_NGKALMPW,ngka1235,Ngkontar Ngkolmpu
MUM.MOREHEAD_AND_UPPER_MARO_RIVERS.NAMBO,NAMBO,namb1293,Nambo
MUM.MOREHEAD_AND_UPPER_MARO_RIVERS.NAMO,NAMO,namo1246,Namo
MUM.MOREHEAD_AND_UPPER_MARO_RIVERS.NEME,NEME,,
MUM.MOREHEAD_AND_UPPER_MARO_RIVERS.YEY,YEY,yeii1239,Yei
MUM.MOREHEAD_AND_UPPER_MARO_RIVERS.JEISCH,JEISCH,yeii1239,Yei
TNG.MOREHEAD_WASUR.ARAMMBA,ARAMMBA,aram1253,Arammba
MUM.MOREHEAD_AND_UPPER_MARO_RIVERS.PEREMKA,PEREMKA,kunj1246,Kánchá
MUM.MOREHEAD_AND_UPPER_MARO_RIVERS.WARA_PNG,WARA_PNG,wara1294,Anta-Komnzo-Wára-Wérè-Kémä
TNG.MOR.MOR_2,MOR_2,,
MUM.MOREHEAD_AND_UPPER_MARO_RIVERS.AGOB_DABU,AGOB_DABU,agob1244,Agob-Ende-Kawam
MUM.MOREHEAD_AND_UPPER_MARO_RIVERS.DIBOLUG,DIBOLUG,idii1243,Idi-Taeme
WF.WESTERN_FLY.MERIAM,MERIAM,meri1244,Meriam
WF.WESTERN_FLY.GIZRRA_WAIDORO,GIZRRA_WAIDORO,gizr1240,Gizrra
WF.WESTERN_FLY.GIZRRA_KUPERE,GIZRRA_KUPERE,gizr1240,Gizrra
WF.WESTERN_FLY.GIZRRA_TOGO,GIZRRA_TOGO,gizr1240,Gizrra
WF.WESTERN_FLY.BINE_KUNINI,BINE_KUNINI,bine1240,Bine
WF.WESTERN_FLY.UME,UME,wipi1242,Wipi
WF.WESTERN_FLY.WIPI_ABAM,WIPI_ABAM,wipi1242,Wipi
WF.WESTERN_FLY.WIPI_PEAWA,WIPI_PEAWA,wipi1242,Wipi
WF.WESTERN_FLY.WIPI_DOROGORI,WIPI_DOROGORI,wipi1242,Wipi
WF.WESTERN_FLY.WIPI_KURU,WIPI_KURU,wipi1242,Wipi
WF.WESTERN_FLY.WIPI_GAMAEWE,WIPI_GAMAEWE,wipi1242,Wipi
WF.WESTERN_FLY.WIPI_WONIE,WIPI_WONIE,wipi1242,Wipi
WF.WESTERN_FLY.WIPI_PODARI,WIPI_PODARI,wipi1242,Wipi
WF.WESTERN_FLY.WIPI_IAMEGA,WIPI_IAMEGA,wipi1242,Wipi
WF.WESTERN_FLY.WIPI_YUTA,WIPI_YUTA,wipi1242,Wipi
WF.WESTERN_FLY.WIPI_GUIAM,WIPI_GUIAM,wipi1242,Wipi
WF.WESTERN_FLY.WIPI_WIPIM,WIPI_WIPIM,wipi1242,Wipi
WF.WESTERN_FLY.WIPI_KAPAL,WIPI_KAPAL,wipi1242,Wipi
TO.SAUSE.SAUSE,SAUSE,saus1247,Sause
Kap.KAPAURI.KAPAURI,KAPAURI,kapo1250,Kapori
Kwe.KWERBA.SABERI,SABERI,isir1237,Isirawa
Kwe.KWERBA.SAMAROKENA_TOMAYO,SAMAROKENA_TOMAYO,sama1240,Samarokena
Kwe.KWERBA.BAGUSA,BAGUSA,bagu1251,Bagusa
Kwe.KWERBA.KWERBA_NAIDJBEDJ,KWERBA_NAIDJBEDJ,nucl1595,Kwerba
Kwe.KWERBA.KWERBA_KAUWERAWET_I,KWERBA_KAUWERAWET_I,kauw1242,Kauwera
Kwe.KWERBA.KWERBA_MAMBERAMO,KWERBA_MAMBERAMO,kwer1263,Kwerba Mamberamo
TO.ORYA.ORYA_2,ORYA_2,,
TO.TOR.BERIK_2,BERIK_2,beri1254,Berik
TO.ORYA.KWESTEN,KWESTEN,kwes1245,Kwesten
TO.ORYA.ITIK,ITIK,,
TO.ORYA.MANDER,MANDER,,
Nim.NIMBORAN.NIMBORAN_2,NIMBORAN_2,nucl1633,Nimboran
Nim.NIMBORAN.MEKWEI_WABRON,MEKWEI_WABRON,mekw1241,Mekwei
Nim.NIMBORAN.MEKWEI_MARIBU,MEKWEI_MARIBU,mekw1241,Mekwei
Nim.NIMBORAN.MEKWEI_KENDATE,MEKWEI_KENDATE,mekw1241,Mekwei
Nim.NIMBORAN.MLAP,MLAP,mlap1238,Mlap
Nim.NIMBORAN.GRESI,GRESI,gres1240,Gresi
Nim.NIMBORAN.KEMTUIK,KEMTUIK,kemt1242,Kemtuik
Nim.NIMBORAN.KEMTUIK_2,KEMTUIK_2,kemt1242,Kemtuik
Yel.YELE.YELETNYE,YELETNYE,yele1255,Yele
Dag.DAGAN.DAGA,DAGA,daga1275,Daga
Dag.DAGAN.ONJOB,ONJOB,onjo1240,Onjob
Dag.DAGAN.DIMA,DIMA,dima1252,Dima
Dag.DAGAN.UMANAKAINA_GIGAREBI,UMANAKAINA_GIGAREBI,uman1240,Umanakaina
Dag.DAGAN.UMANAKAINA_GWOIDEN,UMANAKAINA_GWOIDEN,uman1240,Umanakaina
Dag.DAGAN.MAIWA,MAIWA,maiw1251,Maiwa (Papua New Guinea)
Dag.DAGAN.MAIWA_MANEAO,MAIWA_MANEAO,maiw1251,Maiwa (Papua New Guinea)
Dag.DAGAN.MAIWA_PUE,MAIWA_PUE,maiw1251,Maiwa (Papua New Guinea)
Dag.DAGAN.MAIWA_GALEVA,MAIWA_GALEVA,maiw1251,Maiwa (Papua New Guinea)
Kwa.KWALEAN.KWALE,KWALE,uare1241,Uare
Kwa.KWALEAN.HUMENE,HUMENE,,
Kwa.KWALEAN.HUMENE_MANUGORO,HUMENE_MANUGORO,,
Kwa.KWALEAN.MULAHA,MULAHA,mula1254,Mulaha
Kwa.KWALEAN.MULAHA_IAIBU,MULAHA_IAIBU,,
Kwa.KWALEAN.MULAHA_MULAHA,MULAHA_MULAHA,,
Ban.BANGIME.BANGI_ME,BANGI_ME,,
Kol.KOLOPOM.NDOM_2,NDOM_2,ndom1245,Ndom
Kol.KOLOPOM.KIMAGHAMA,KIMAGHAMA,kima1246,Kimaama
Kol.KOLOPOM.KALADDARSCH,KALADDARSCH,kima1246,Kimaama
Kol.KOLOPOM.RIANTANA_2,RIANTANA_2,rian1263,Riantana
Mom.MOMBUM.KOMELOMSCH,KOMELOMSCH,nucl1452,Mombum
Mom.MOMBUM.KONERAWSCH,KONERAWSCH,kone1241,Koneraw
Mom.MOMBUM.MOMBUN,MOMBUN,,
EGB.EAST_GEELVINK_BAY.BARAPASI,BARAPASI,bara1375,Barapasi
EGB.EAST_GEELVINK_BAY.BAUZI,BAUZI,bauz1241,Bauzi
EGB.EAST_GEELVINK_BAY.DEMISA,DEMISA,demi1242,Demisa
EGB.EAST_GEELVINK_BAY.TUNGGARE,TUNGGARE,tung1293,Tunggare
TuK.TURAMA_KIKORIAN.RUMU,RUMU,rumu1243,Rumu
TuK.TURAMA_KIKORIAN.MENA,MENA,ikob1240,Ikobi
TuK.TURAMA_KIKORIAN.OMATI,OMATI,mouw1234,Mouwase
TNG.KUTUBUAN.FOE,FOE,,
TNG.FASU.FASU,FASU,fasu1242,Fasu
TNG.FASU.NAMUMI,NAMUMI,fasu1242,Fasu
AP.AWIN_PARE.PARE_PNG,PARE_PNG,pare1271,Pare
Kam.KAMULA.KAMULA,KAMULA,kamu1260,Kamula
Dos.DOSO.DOSO,DOSO,doso1239,Doso
ES.EAST_STRICKLAND.AGALA,AGALA,femb1238,Fembe
ES.EAST_STRICKLAND.ODOODEE,ODOODEE,odoo1238,Odoodee
ES.EAST_STRICKLAND.KUBO,KUBO,kubo1242,Kubo
ES.EAST_STRICKLAND.SAMO,SAMO,samo1303,Samo
ES.EAST_STRICKLAND.HONIBO,HONIBO,goba1246,Gobasi
ES.EAST_STRICKLAND.OIBAE,OIBAE,goba1246,Gobasi
ES.EAST_STRICKLAND.GEBUSI,GEBUSI,goba1246,Gobasi
GS.SUKI.SUKI,SUKI,suki1245,Suki
GS.GOGODALA.WARUNA,WARUNA,waru1267,Waruna
GS.GOGODALA.GOGODALA_ARI,GOGODALA_ARI,arii1243,Ari
GS.GOGODALA.GOGODALA_ADIBA,GOGODALA_ADIBA,gogo1265,Gogodala
GS.GOGODALA.GOGODALA_GOGODARA,GOGODALA_GOGODARA,gogo1265,Gogodala
Bos.BOSAVI.DIBIYASO,DIBIYASO,dibi1240,Dibiyaso
Bos.BOSAVI.BIAMI,BIAMI,beam1240,Beami
Bos.BOSAVI.BEDAMINI,BEDAMINI,beam1240,Beami
Bos.BOSAVI.EDOLO,EDOLO,edol1239,Edolo
Bos.BOSAVI.BEAMI,BEAMI,,
Bos.BOSAVI.ETORO,ETORO,edol1239,Edolo
Bos.BOSAVI.ONABASULU,ONABASULU,onob1238,Onobasulu
Bos.BOSAVI.KASUA,KASUA,kasu1251,Kasua
Bos.BOSAVI.KASUA_2,KASUA_2,kasu1251,Kasua
Bos.BOSAVI.AIMELE,AIMELE,aime1238,Aimele
Bos.BOSAVI.SUNIA,SUNIA,soni1260,Sonia
Bos.BOSAVI.KALULI,KALULI,kalu1248,Kaluli
Bos.BOSAVI.BOSAVI,BOSAVI,kalu1248,Kaluli
Bos.BOSAVI.KALULI_2,KALULI_2,kalu1248,Kaluli
KF.FAS.BAIBAI,BAIBAI,baib1251,Baibai
KF.FAS.FAS,FAS,fass1245,Momu-Fas
Chi.PAYA.PECH,PECH,pech1241,Pech
Chi.KUNA.CUNA,CUNA,bord1248,Border Kuna
Chi.KUNA.KUNA_YALA_SAN_BLAS,KUNA_YALA_SAN_BLAS,sanb1242,San Blas Kuna
Chi.GUAYMI.BUGLERE_MURIRE,BUGLERE_MURIRE,bugl1243,Buglere
Chi.GUAYMI.NGABERE_MOVE,NGABERE_MOVE,ngab1239,Ngäbere
Chi.GUAYMI.GUAYMI,GUAYMI,ngab1239,Ngäbere
Chi.DORASKE.DORASQUE,DORASQUE,,
Chi.TALAMANCA.BORUCA,BORUCA,boru1252,Boruca
Chi.TALAMANCA.TERIBE,TERIBE,teri1250,Teribe
Chi.TALAMANCA.BRIBRI,BRIBRI,brib1243,Bribri
Chi.TALAMANCA.CABECAR_CHIRIPO,CABECAR_CHIRIPO,cabe1245,Cabécar
Chi.TALAMANCA.CABECAR,CABECAR,cabe1245,Cabécar
Chi.RAMA.MELEKU_JAIKA,MELEKU_JAIKA,male1297,Maléku Jaíka
Chi.RAMA.RAMA,RAMA,rama1270,Rama
Chi.CHIMILA.CHIMILA,CHIMILA,chim1309,Chimila
Chi.ARUAK.KOGUI,KOGUI,cogu1240,Cogui
Chi.ARUAK.IKA,IKA,arhu1242,Arhuaco
Chi.ARUAK.DAMANA,DAMANA,mala1522,Malayo
Chi.CHIBCHAN_PROPER.TUNEBO,TUNEBO,cent2150,Central Tunebo
Chi.CHIBCHAN_PROPER.CHIBCHA,CHIBCHA,chib1270,Chibcha
Chi.MOTILON.VENEZUELAN_BARI,VENEZUELAN_BARI,bari1297,Barí
Chi.MOTILON.BARI_COLUMBIA,BARI_COLUMBIA,bari1297,Barí
Chi.MOTILON.COLOMBIAN_BARI,COLOMBIAN_BARI,bari1297,Barí
Har.HARAKMBET.AMARAKAERI,AMARAKAERI,amar1274,Amarakaeri
Har.HARAKMBET.HUACHIPAERI,HUACHIPAERI,huac1244,Huachipaeri
Kat.KATUKINAN.KANAMARI,KANAMARI,kana1291,Katukína-Kanamarí
Kat.KATUKINAN.KATAWIXI,KATAWIXI,kata1270,Katawixi
Cay.CAYUVAVA.CAYUBABA,CAYUBABA,cayu1262,Cayubaba
MGe.GUATO.GUATO,GUATO,guat1253,Guató
LP.LAKES_PLAIN.FOAU,FOAU,foau1240,Abawiri
LP.LAKES_PLAIN.AWERA,AWERA,awer1241,Awera
LP.LAKES_PLAIN.RASAWA,RASAWA,rasa1243,Rasawa
LP.LAKES_PLAIN.SAPONI,SAPONI,sapo1254,Saponi
LP.LAKES_PLAIN.DUVLE_2,DUVLE_2,duvl1242,Duvle
LP.LAKES_PLAIN.EDOPI,EDOPI,edop1238,Edopi
LP.LAKES_PLAIN.IAU_2,IAU_2,iauu1242,Iau
LP.LAKES_PLAIN.FAYU,FAYU,fayu1238,Fayu
LP.LAKES_PLAIN.KIRIKIRI_FAIA,KIRIKIRI_FAIA,kiri1256,Kirikiri
LP.LAKES_PLAIN.KIRIKIRI,KIRIKIRI,kiri1256,Kirikiri
LP.LAKES_PLAIN.TAUSE,TAUSE,taus1252,Tause
LP.LAKES_PLAIN.TAUSE_DEIRATE,TAUSE_DEIRATE,taus1252,Tause
LP.LAKES_PLAIN.TAUSE_WEIRATE,TAUSE_WEIRATE,taus1252,Tause
LP.LAKES_PLAIN.ERITAI_2,ERITAI_2,erit1239,Eritai
LP.LAKES_PLAIN.BIRITAI,BIRITAI,biri1259,Biritai
LP.LAKES_PLAIN.OBOKUITAI,OBOKUITAI,obok1239,Obokuitai
LP.LAKES_PLAIN.SIKARITAI,SIKARITAI,sika1263,Sikaritai
LP.LAKES_PLAIN.KWERISA,KWERISA,kwer1264,Kwerisa
LP.LAKES_PLAIN.KAIY,KAIY,kaiy1239,Kaiy
LP.LAKES_PLAIN.DOUTAI,DOUTAI,dout1240,Doutai
LP.LAKES_PLAIN.PAPASENA,PAPASENA,papa1269,Papasena
LP.LAKES_PLAIN.WARITAI,WARITAI,wari1264,Waritai
Kiw.KIWAIAN.KIBIRI,KIBIRI,kibi1239,Kibiri
Wao.WAORANI.WAORANI,WAORANI,waor1240,Waorani
Bur.BURMESO.BURMESO,BURMESO,burm1264,Burmeso
WBg.WEST_BOUGAINVILLE.RAPOISI,RAPOISI,rapo1238,Rapoisi
WBg.WEST_BOUGAINVILLE.ROTOKAS,ROTOKAS,roto1249,Rotokas
Ank.ANDOKE.ANDOQUE,ANDOQUE,ando1256,Andoque
Tuc.TUCANOAN.OREJON,OREJON,orej1242,Maijiki
Tuc.TUCANOAN.OREJON_2,OREJON_2,orej1242,Maijiki
Tuc.TUCANOAN.KOREGUAJE,KOREGUAJE,kore1283,Koreguaje
Tuc.TUCANOAN.KOREGUAYE,KOREGUAYE,kore1283,Koreguaje
Tuc.TUCANOAN.SECOYA,SECOYA,seco1241,Secoya
Tuc.TUCANOAN.SECOYA_2,SECOYA_2,seco1241,Secoya
Tuc.TUCANOAN.SIONA,SIONA,sion1247,Siona-Tetete
Tuc.TUCANOAN.TUCANO,TUCANO,tuca1252,Tucano
Tuc.TUCANOAN.TUCANO_2,TUCANO_2,tuca1252,Tucano
Tuc.TUCANOAN.TATUYO,TATUYO,tatu1247,Tatuyo
Tuc.TUCANOAN.BARA,BARA,waim1255,Waimaha
Tuc.TUCANOAN.WAIMAHA,WAIMAHA,waim1255,Waimaha
Tuc.TUCANOAN.WAIMAHA_2,WAIMAHA_2,waim1255,Waimaha
Tuc.TUCANOAN.CARAPANA,CARAPANA,cara1272,Carapana
Tuc.TUCANOAN.YURUTI,YURUTI,yuru1263,Yurutí
Tuc.TUCANOAN.TUYUCA,TUYUCA,tuyu1244,Tuyuca
Tuc.TUCANOAN.TUYUCA_2,TUYUCA_2,tuyu1244,Tuyuca
Tuc.TUCANOAN.WANANO,WANANO,guan1269,Kotiria
Tuc.TUCANOAN.PIRATAPUYO,PIRATAPUYO,pira1254,Wa'ikhana
Tuc.TUCANOAN.GUANANO,GUANANO,guan1269,Kotiria
Tuc.TUCANOAN.PIRATAPUYO_2,PIRATAPUYO_2,pira1254,Wa'ikhana
Tuc.TUCANOAN.TANIMUCA_RETUARA,TANIMUCA_RETUARA,tani1257,Tanimuca-Retuarã
Tuc.TUCANOAN.TANIMUCA,TANIMUCA,tani1257,Tanimuca-Retuarã
Tuc.TUCANOAN.YAHUNA,YAHUNA,yahu1241,Yahuna
Tuc.TUCANOAN.BARASANO,BARASANO,bara1380,Barasana-Eduria
Tuc.TUCANOAN.MACUNA,MACUNA,macu1260,Macuna
Tuc.TUCANOAN.CUBEO,CUBEO,cube1242,Cubeo
Tuc.TUCANOAN.CUBEO_2,CUBEO_2,cube1242,Cubeo
Tuc.TUCANOAN.DESANO_2,DESANO_2,desa1247,Desano
Tuc.TUCANOAN.DESANO,DESANO,desa1247,Desano
Tuc.TUCANOAN.SIRIANO_2,SIRIANO_2,siri1274,Siriano
Tuc.TUCANOAN.SIRIANO,SIRIANO,siri1274,Siriano
Krd.TEGEM.TEGEM,TEGEM,lafo1243,Lafofa
KF.KWOMTARI.KWOMTARI,KWOMTARI,nucl1593,Kwomtari
KF.KWOMTARI.NAI,NAI,naii1241,Nai
Chn.CHON_PROPER.ONA,ONA,onaa1245,Selk'nam
Chn.CHON_PROPER.TEHUELCHE,TEHUELCHE,tehu1242,Tehuelche
PY.PEBA_YAGUAN.YAMEO,YAMEO,yame1242,Yameo
PY.PEBA_YAGUAN.YAGUA_2,YAGUA_2,yagu1244,Yagua
PY.PEBA_YAGUAN.YAGUA,YAGUA,yagu1244,Yagua
PY.PEBA_YAGUAN.YAGUA_3,YAGUA_3,yagu1244,Yagua
Zap.ZAPAROAN.ZAPARO,ZAPARO,zapa1253,Záparo
Zap.ZAPAROAN.ARABELA,ARABELA,arab1268,Arabela
Zap.ZAPAROAN.CAHUARANO,CAHUARANO,cahu1268,Cahuarano
Zap.ZAPAROAN.IQUITO,IQUITO,iqui1243,Iquito
MGe.MAXAKALI.PATAXO,PATAXO,pata1261,Pataxó Hã-Ha-Hãe
MGe.MAXAKALI.MAXAKALI,MAXAKALI,maxa1247,Maxakalí
MGe.BOTOCUDO.KRENAK,KRENAK,kren1239,Borum
MGe.OPAYE.OFAYE,OFAYE,ofay1240,Ofayé
MGe.KARAJA.KARAJA,KARAJA,kara1500,Karajá
MGe.RIKBAKTSA.RIKBAKTSA,RIKBAKTSA,rikb1245,Rikbaktsa
Jab.JABUTI.ARIKAPU,ARIKAPU,arik1265,Arikapú
Jab.JABUTI.JABUTI,JABUTI,djeo1235,Djeoromitxí
MGe.GE_KAINGANG.XOKLENG,XOKLENG,xokl1240,Xokleng
MGe.GE_KAINGANG.KAINGANG,KAINGANG,kain1272,Kaingang
MGe.GE_KAINGANG.XAVANTE,XAVANTE,xava1240,Xavánte
MGe.GE_KAINGANG.XAVANTE_2,XAVANTE_2,xava1240,Xavánte
MGe.GE_KAINGANG.XERENTE,XERENTE,xere1240,Xerénte
MGe.GE_KAINGANG.PANARA,PANARA,pana1307,Panará
MGe.GE_KAINGANG.KAYAPO,KAYAPO,kaya1330,Mebengokre
MGe.GE_KAINGANG.SUYA,SUYA,suya1243,Suyá
MGe.GE_KAINGANG.APINAYE,APINAYE,apin1244,Apinayé
MGe.GE_KAINGANG.KREYE,KREYE,krey1238,Northeastern Timbira
MGe.GE_KAINGANG.APANIEKRA,APANIEKRA,cane1242,Central-Southern Timbira
MGe.GE_KAINGANG.GAVIAO_DO_PARA,GAVIAO_DO_PARA,para1315,Pará Gavião
MGe.GE_KAINGANG.PYKOBJE,PYKOBJE,para1315,Pará Gavião
CW.CHAPACURA_WANHAN.TORA,TORA,tora1263,Torá
CW.CHAPACURA_WANHAN.MORE,MORE,iten1243,Itene
CW.CHAPACURA_WANHAN.ORO_WIN,ORO_WIN,orow1243,Oro Win
CW.CHAPACURA_WANHAN.PAKAANOVA,PAKAANOVA,wari1268,Wari'
Kpx.KAPIXANA.KANOE,KANOE,kano1245,Kanoê
Aru.ARAUAN.PAUMARI,PAUMARI,paum1247,Paumari
Aru.ARAUAN.BANAWA,BANAWA,jama1261,Madi
Aru.ARAUAN.JARAWARA,JARAWARA,jama1261,Madi
Aru.ARAUAN.JAMAMADI,JAMAMADI,jama1261,Madi
Aru.ARAUAN.KULINA_ARAUA,KULINA_ARAUA,culi1244,Culina
Aru.ARAUAN.DENI,DENI,deni1241,Deni
Aru.ARAUAN.MADIJA,MADIJA,culi1244,Culina
Snt.SENTANI.DEMTA_MURIS,DEMTA_MURIS,demt1241,Demta
Snt.SENTANI.DEMTA_UNKNOWNDIAL,DEMTA_UNKNOWNDIAL,demt1241,Demta
Snt.SENTANI.DEMTA,DEMTA,demt1241,Demta
Snt.SENTANI.DEMTA_AMBORA,DEMTA_AMBORA,demt1241,Demta
Snt.SENTANI.NAFRI,NAFRI,nafr1241,Nafri
Snt.SENTANI.SENTANI,SENTANI,nucl1632,Sentani
Snt.SENTANI.TABLA,TABLA,tabl1243,Tabla
Snt.SENTANI.TABLA_UNKNOWN_DIAL,TABLA_UNKNOWN_DIAL,tabl1243,Tabla
Snt.SENTANI.TABLA_C,TABLA_C,tabl1243,Tabla
Snt.SENTANI.TABLA_W,TABLA_W,tabl1243,Tabla
Tic.TICUNA.TIKUNA,TIKUNA,ticu1245,Ticuna
Gua.GUAHIBAN.CUIBA,CUIBA,cuib1242,Cuiba
Gua.GUAHIBAN.GUAHIBO,GUAHIBO,guah1255,Sikuani
Gua.GUAHIBAN.PLAYERO,PLAYERO,play1240,Playero
Gua.GUAHIBAN.GUAYABERO,GUAYABERO,guay1257,Guayabero
Gua.GUAHIBAN.MACAGUAN,MACAGUAN,maca1259,Hitnu
Gua.GUAHIBAN.JITNU,JITNU,maca1259,Hitnu
Tru.TRUMAI.TRUMAI,TRUMAI,trum1247,Trumai
Pnk.PANKARARU.PANKARARU,PANKARARU,pank1250,Pankararú
Tup.ARIKEM.ARIKEM,ARIKEM,arik1264,Arikem
Tup.ARIKEM.KARITIANA,KARITIANA,kari1311,Karitiâna
Tup.MONDE.SURUI_DO_RONDONIA,SURUI_DO_RONDONIA,suru1262,Suruí
Tup.MONDE.MONDE,MONDE,sala1273,Salamãi
Tup.MONDE.CINTA_LARGA,CINTA_LARGA,cint1239,Cinta Larga
Tup.MONDE.GAVIAO_DO_RONDONIA,GAVIAO_DO_RONDONIA,gavi1246,Gavião Do Jiparaná
Tup.PURUBORA.PURUBORA,PURUBORA,puru1264,Puruborá
Tup.RAMARAMA.KARO_BRAZIL,KARO_BRAZIL,karo1305,Karo (Brazil)
Tup.MUNDURUKU.KURUAYA,KURUAYA,kuru1309,Kuruáya
Tup.MUNDURUKU.MUNDURUKU,MUNDURUKU,mund1330,Mundurukú
Tup.TUPARI.MAKURAP,MAKURAP,maku1278,Makuráp
Tup.TUPARI.TUPARI,TUPARI,tupa1250,Tuparí
Tup.TUPARI.AKUNTSU,AKUNTSU,akun1241,Akuntsu
Tup.TUPARI.MEKENS,MEKENS,saki1248,Mekens
Tup.MAWE_SATERE.SATERE_MAWE,SATERE_MAWE,sate1243,Sateré-Mawé
Tup.AWETI.AWETI,AWETI,awet1244,Awetí
Tup.TUPI_GUARANI.JURUNA,JURUNA,juru1256,Yudja
Tup.TUPI_GUARANI.XIPAYA,XIPAYA,xipa1240,Xipaya
Tup.TUPI_GUARANI.KAMAYURA,KAMAYURA,kama1373,Kamayurá
Tup.TUPI_GUARANI.ARAWETE,ARAWETE,araw1273,Araweté
Tup.TUPI_GUARANI.ASURINI_XINGU,ASURINI_XINGU,xing1248,Xingú Asuriní
Tup.TUPI_GUARANI.KAYABI,KAYABI,kaya1329,Kayabí
Tup.TUPI_GUARANI.ACHE,ACHE,ache1246,Aché
Tup.TUPI_GUARANI.XETA,XETA,xeta1241,Xetá
Tup.TUPI_GUARANI.GUARANI_ANTIGO,GUARANI_ANTIGO,,
Tup.TUPI_GUARANI.CHIRIGUANO,CHIRIGUANO,east2555,Eastern Bolivian Guaraní
Tup.TUPI_GUARANI.TAPIETE,TAPIETE,tapi1253,Tapieté
Tup.TUPI_GUARANI.MBYA,MBYA,mbya1239,Mbyá Guaraní
Tup.TUPI_GUARANI.GUARANI,GUARANI,para1311,Paraguayan Guaraní
Tup.TUPI_GUARANI.GUARANI_KAIWA,GUARANI_KAIWA,kaiw1246,Kaiwá
Tup.TUPI_GUARANI.AMANAYE,AMANAYE,aman1266,Amanayé
Tup.TUPI_GUARANI.TEMBE,TEMBE,temb1276,Tenetehara
Tup.TUPI_GUARANI.TURIWARA,TURIWARA,turi1247,Turiwára
Tup.TUPI_GUARANI.TAPIRAPE,TAPIRAPE,tapi1254,Tapirapé
Tup.TUPI_GUARANI.ASURINI,ASURINI,toca1235,Tocantins Asurini
Tup.TUPI_GUARANI.PARAKANA,PARAKANA,para1312,Parakanã
Tup.TUPI_GUARANI.SURUI_DO_PARA,SURUI_DO_PARA,suru1261,Suruí Do Pará
Tup.TUPI_GUARANI.WAYAMPI,WAYAMPI,waya1270,Wayampi
Tup.TUPI_GUARANI.EMERILLON,EMERILLON,emer1243,Teko
Tup.TUPI_GUARANI.ZOE,ZOE,zoee1240,Zo'é
Tup.TUPI_GUARANI.AVA_CANOEIRO,AVA_CANOEIRO,avac1239,Avá-Canoeiro
Tup.TUPI_GUARANI.URUBU_KAAPOR,URUBU_KAAPOR,urub1250,Urubú-Kaapor
Tup.TUPI_GUARANI.ANAMBE,ANAMBE,anam1249,Anambé
Tup.TUPI_GUARANI.GUAJA,GUAJA,guaj1256,Guajá
Tup.TUPI_GUARANI.KOKAMA,KOKAMA,coca1259,Cocama-Cocamilla
Tup.TUPI_GUARANI.OMAGUA,OMAGUA,omag1248,Omagua
Tup.TUPI_GUARANI.NHENGATU,NHENGATU,nhen1239,Nhengatu
Tup.TUPI_GUARANI.TUPINAMBA,TUPINAMBA,tupi1273,Tupinambá
Tup.TUPI_GUARANI.PAUSERNA,PAUSERNA,paus1244,Warázu
Tup.TUPI_GUARANI.GUARAYU,GUARAYU,guar1292,Guarayu
Tup.TUPI_GUARANI.YUQUI,YUQUI,yuqu1240,Yuqui
Tup.TUPI_GUARANI.SIRIONO,SIRIONO,siri1273,Sirionó
Tup.TUPI_GUARANI.APIAKA,APIAKA,apia1248,Apiaká
Tup.TUPI_GUARANI.PARINTINTIN,PARINTINTIN,tenh1241,Tenharim-Parintintin-Diahoi
Tup.TUPI_GUARANI.PARANAWAT,PARANAWAT,para1313,Paranawát
Tup.TUPI_GUARANI.WIRAFED,WIRAFED,wira1264,Wiraféd
Tup.TUPI_GUARANI.TENHARIM,TENHARIM,tenh1241,Tenharim-Parintintin-Diahoi
Tup.TUPI_GUARANI.AMONDAVA,AMONDAVA,amun1246,Amundava
Tup.TUPI_GUARANI.URUEWAUWAU,URUEWAUWAU,urue1240,Uru-Eu-Wau-Wau
Slk.SULKA.SULKA,SULKA,sulk1246,Sulka
Zam.ZAMUCOAN.CHAMACOCO,CHAMACOCO,cham1315,Chamacoco
Zam.ZAMUCOAN.AYOREO,AYOREO,ayor1240,Ayoreo
Zam.ZAMUCOAN.AYOREO_2,AYOREO_2,ayor1240,Ayoreo
Hua.HUAVEAN.SAN_FRANCISCO_DEL_MAR_HUAVE,SAN_FRANCISCO_DEL_MAR_HUAVE,sanf1258,San Francisco del Mar Huave
Hua.HUAVEAN.HUAVE,HUAVE,sanm1287,San Mateo del Mar Huave
Hua.HUAVEAN.HUAVE_2,HUAVE_2,sanm1287,San Mateo del Mar Huave
MGe.PURI.PURI,PURI,puri1262,Puri
Car.CARIBAN.YUKPA_2,YUKPA_2,yukp1241,Yukpa
Car.CARIBAN.JAPRERIA,JAPRERIA,japr1238,Japrería
Car.CARIBAN.YUKPA,YUKPA,yukp1241,Yukpa
Car.CARIBAN.YUKPA_3,YUKPA_3,yukp1241,Yukpa
Car.CARIBAN.KUIKURO,KUIKURO,kuik1246,Kuikúro-Kalapálo
Car.CARIBAN.BAKAIRI,BAKAIRI,baka1277,Bakairí
Car.CARIBAN.ARARA_DO_PARA,ARARA_DO_PARA,para1310,Pará Arára
Car.CARIBAN.IKPENG,IKPENG,ikpe1245,Ikpeng
Car.CARIBAN.MAPOYO,MAPOYO,mapo1246,Mapoyo
Car.CARIBAN.YABARANA,YABARANA,yaba1248,Yabarana
Car.CARIBAN.ENAPA_WOROMAIPU,ENAPA_WOROMAIPU,enap1235,Panare
Car.CARIBAN.PANARE,PANARE,enap1235,Panare
Car.CARIBAN.PEMON,PEMON,pemo1248,Pemon
Car.CARIBAN.AKAWAIO,AKAWAIO,akaw1239,Akawaio-Ingariko
Car.CARIBAN.AKAWAIO_2,AKAWAIO_2,akaw1239,Akawaio-Ingariko
Car.CARIBAN.TAUREPANG,TAUREPANG,pemo1248,Pemon
Car.CARIBAN.MAKUSHI,MAKUSHI,macu1259,Macushi
Car.CARIBAN.MACUSHI,MACUSHI,macu1259,Macushi
Car.CARIBAN.KAXUYANA,KAXUYANA,kaxu1237,Kaxuiâna
Car.CARIBAN.HIXKARYANA,HIXKARYANA,hixk1239,Hixkaryána
Car.CARIBAN.WAIWAI,WAIWAI,waiw1244,Waiwai
Car.CARIBAN.WAIWAI_2,WAIWAI_2,waiw1244,Waiwai
Car.CARIBAN.APALAI,APALAI,apal1257,Apalaí
Car.CARIBAN.WAIMIRI_ATROARI,WAIMIRI_ATROARI,waim1253,Waimiri-Atroari
Car.CARIBAN.KALINA,KALINA,gali1262,Galibi Carib
Car.CARIBAN.MAQUIRITARI,MAQUIRITARI,maqu1238,Ye'kwana
Car.CARIBAN.WAYANA,WAYANA,waya1269,Wayana
Car.CARIBAN.CARIJONA,CARIJONA,cari1279,Carijona
Car.CARIBAN.CARIJONA_2,CARIJONA_2,cari1279,Carijona
Car.CARIBAN.TIRIYO,TIRIYO,trio1238,Trió
Arw.NORTHERN_ARAWAKAN.CARIB_1665,CARIB_1665,,
Arw.EASTERN_ARAWAKAN.PALIKUR,PALIKUR,pali1279,Palikúr
Arw.CENTRAL_ARAWAKAN.ENAWENE_NAWE,ENAWENE_NAWE,enaw1238,Enawené-Nawé
Arw.CENTRAL_ARAWAKAN.PARESI,PARESI,pare1272,Parecís
Arw.CENTRAL_ARAWAKAN.SARAVEKA,SARAVEKA,sara1331,Saraveca
Arw.CENTRAL_ARAWAKAN.YAWALAPITI,YAWALAPITI,yawa1261,Yawalapití
Arw.CENTRAL_ARAWAKAN.MEHINAKU,MEHINAKU,mehi1240,Mehináku
Arw.CENTRAL_ARAWAKAN.WAURA,WAURA,waur1244,Waurá
Arw.WESTERN_ARAWAKAN.AMUESHA_1,AMUESHA_1,,
Arw.WESTERN_ARAWAKAN.CHAMICURO,CHAMICURO,cham1318,Chamicuro
Arw.BOLIVIA_PARANA.KINIKINAU,KINIKINAU,guan1270,Kinikinao
Arw.BOLIVIA_PARANA.TERENA,TERENA,tere1279,Terena-Kinikinao-Chane
Arw.BOLIVIA_PARANA.BAURE,BAURE,baur1253,Baure
Arw.BOLIVIA_PARANA.IGNACIANO,IGNACIANO,igna1246,Ignaciano
Arw.BOLIVIA_PARANA.TRINITARIO,TRINITARIO,trin1274,Trinitario-Javeriano-Loretano
Arw.PURUS.APURINA,APURINA,apur1254,Apurinã
Arw.PURUS.INAPARI,INAPARI,inap1242,Iñapari
Arw.PURUS.MASHCO_PIRO,MASHCO_PIRO,mash1270,Mashco Piro
Arw.PURUS.MAXINERI,MAXINERI,mach1268,Machinere
Arw.PRE_ANDINE_ARAWAKAN.NOMATSIGUENGA,NOMATSIGUENGA,noma1263,Nomatsiguenga
Arw.PRE_ANDINE_ARAWAKAN.MACHIGUENGA,MACHIGUENGA,mach1267,Machiguenga
Arw.PRE_ANDINE_ARAWAKAN.NANTI,NANTI,nant1250,Nanti
Arw.PRE_ANDINE_ARAWAKAN.CAQUINTE,CAQUINTE,caqu1242,Caquinte
Arw.PRE_ANDINE_ARAWAKAN.ASHANINKA,ASHANINKA,asha1243,Asháninka
Arw.PRE_ANDINE_ARAWAKAN.ASHENINKA,ASHENINKA,pich1237,Pichis Ashéninka
Arw.PRE_ANDINE_ARAWAKAN.CAMPA_DE_PERENE,CAMPA_DE_PERENE,ashe1272,Ashéninka Perené
Arw.PRE_ANDINE_ARAWAKAN.ASHENINKA_PICHIS,ASHENINKA_PICHIS,pich1237,Pichis Ashéninka
Arw.PRE_ANDINE_ARAWAKAN.AJYININKA_APURUCAYALI,AJYININKA_APURUCAYALI,ajyi1238,Ajyíninka Apurucayali
Arw.PRE_ANDINE_ARAWAKAN.ASHENINKA_UCAYALI_YURUA,ASHENINKA_UCAYALI_YURUA,ucay1237,Ucayali-Yurúa Ashéninka
Arw.PRE_ANDINE_ARAWAKAN.ASHENINKA_PAJONAL,ASHENINKA_PAJONAL,ashe1273,Ashéninka Pajonal
Arw.NORTHERN_ARAWAKAN.PARAUJANO,PARAUJANO,para1316,Paraujano
Arw.NORTHERN_ARAWAKAN.WAYUU,WAYUU,wayu1243,Wayuu
Arw.NORTHERN_ARAWAKAN.TAINO,TAINO,tain1254,Taino
Arw.NORTHERN_ARAWAKAN.LOKONO,LOKONO,araw1276,Lokono
Arw.NORTHERN_ARAWAKAN.GARIFUNA,GARIFUNA,gari1256,Garifuna
Arw.NORTHERN_ARAWAKAN.ISLAND_CARIB,ISLAND_CARIB,isla1278,Island Carib
Arw.NORTHERN_ARAWAKAN.BAHUANA,BAHUANA,xiri1243,Xiriâna
Arw.NORTHERN_ARAWAKAN.MAWAYANA,MAWAYANA,mapi1252,Mapidian-Mawayana
Arw.NORTHERN_ARAWAKAN.MAPIDIAN,MAPIDIAN,mapi1252,Mapidian-Mawayana
Arw.NORTHERN_ARAWAKAN.WAPISHANA,WAPISHANA,wapi1253,Wapishana
Arw.NORTHERN_ARAWAKAN.WAPIXANA,WAPIXANA,wapi1253,Wapishana
Arw.NORTHERN_ARAWAKAN.MAIPURE,MAIPURE,,
Arw.NORTHERN_ARAWAKAN.WAREKENA,WAREKENA,guar1293,Baniva de Maroa
Arw.NORTHERN_ARAWAKAN.YAVITERO,YAVITERO,yavi1244,Yavitero-Pareni
Arw.NORTHERN_ARAWAKAN.GUINAU,GUINAU,,
Arw.NORTHERN_ARAWAKAN.BARE,BARE,bare1276,Baré
Arw.NORTHERN_ARAWAKAN.RESIGARO_2,RESIGARO_2,resi1247,Resígaro
Arw.NORTHERN_ARAWAKAN.RESIGARO,RESIGARO,resi1247,Resígaro
Arw.NORTHERN_ARAWAKAN.YUCUNA,YUCUNA,yucu1253,Yucuna
Arw.NORTHERN_ARAWAKAN.YUCUNA_2,YUCUNA_2,yucu1253,Yucuna
Arw.NORTHERN_ARAWAKAN.CABIYARI,CABIYARI,cabi1241,Cabiyarí
Arw.NORTHERN_ARAWAKAN.ACHAGUA,ACHAGUA,acha1250,Achagua
Arw.NORTHERN_ARAWAKAN.PIAPOCO_2,PIAPOCO_2,piap1246,Piapoco
Arw.NORTHERN_ARAWAKAN.PIAPOCO,PIAPOCO,piap1246,Piapoco
Arw.NORTHERN_ARAWAKAN.MANDAHUACA,MANDAHUACA,mand1448,Mandahuaca
Arw.NORTHERN_ARAWAKAN.TARIANA,TARIANA,tari1256,Tariana
Arw.NORTHERN_ARAWAKAN.TARIANO,TARIANO,tari1256,Tariana
Arw.NORTHERN_ARAWAKAN.CURRIPACO,CURRIPACO,curr1243,Curripaco
Arw.NORTHERN_ARAWAKAN.BANIWA_2,BANIWA_2,bani1255,Baniwa do Icana
Arw.NORTHERN_ARAWAKAN.BANIVA,BANIVA,bani1255,Baniwa do Icana
Arw.NORTHERN_ARAWAKAN.BANIWA,BANIWA,bani1255,Baniwa do Icana
Gmo.GUAMO.GUAMO,GUAMO,,
TNG.WIRU.WIRU,WIRU,wiru1244,Wiru
Sch.SECHURA.SECHURA,SECHURA,,
GA.GREAT_ANDAMANESE.AKA_BEA,AKA_BEA,akab1249,Akabea
GA.GREAT_ANDAMANESE.AKAR_BALE,AKAR_BALE,akar1243,Akarbale
GA.GREAT_ANDAMANESE.AKA_BO,AKA_BO,akab1248,Akabo
GA.GREAT_ANDAMANESE.AKA_CARI,AKA_CARI,akac1240,Akacari
GA.GREAT_ANDAMANESE.AKA_KEDE,AKA_KEDE,akak1252,Akakede
GA.GREAT_ANDAMANESE.SOUTH_ANDAMAN,SOUTH_ANDAMAN,apuc1241,Apucikwar
GA.GREAT_ANDAMANESE.AKA_KOL,AKA_KOL,akak1253,Akakol
GA.GREAT_ANDAMANESE.OKO_JUWOI,OKO_JUWOI,okoj1239,Okojuwoi
War.WARAO.WARAO,WARAO,wara1303,Warao
Odi.ODIAI.BUSAN,BUSAN,odia1239,Odiai
Hui.UNCLASSIFIED_HUITOTOAN.COERUNA,COERUNA,,
Hui.HUITOTO.NONUYA,NONUYA,nonu1241,Nonuya
Hui.HUITOTO.OCAINA,OCAINA,ocai1244,Ocaina
Hui.HUITOTO.OCAINA_2,OCAINA_2,ocai1244,Ocaina
Hui.HUITOTO.HUITOTO_NIPODE,HUITOTO_NIPODE,nupo1240,Nüpode Huitoto
Hui.HUITOTO.HUITOTO_NUPODE,HUITOTO_NUPODE,nupo1240,Nüpode Huitoto
Hui.HUITOTO.HUITOTO_MINICA_2,HUITOTO_MINICA_2,mini1256,Minica Huitoto
Hui.HUITOTO.HUITOTO_MINICA,HUITOTO_MINICA,mini1256,Minica Huitoto
Hui.HUITOTO.HUITOTO_MURUI,HUITOTO_MURUI,muru1274,Murui Huitoto
Hui.HUITOTO.HUITOTO_MIKA,HUITOTO_MIKA,muru1274,Murui Huitoto
Hui.HUITOTO.HUITOTO_MURUI_2,HUITOTO_MURUI_2,muru1274,Murui Huitoto
Ele.ELEMAN_PROPER.KAIPI,KAIPI,orok1267,Orokolo
Ele.ELEMAN_PROPER.OPAO,OPAO,opao1240,Opao
Ele.ELEMAN_PROPER.OROKOLO,OROKOLO,orok1267,Orokolo
Ele.ELEMAN_PROPER.OROKOLO_2,OROKOLO_2,orok1267,Orokolo
Ele.ELEMAN_PROPER.AHEAVE,AHEAVE,keor1235,Keoru-Ahia
Ele.ELEMAN_PROPER.KEURU,KEURU,keor1235,Keoru-Ahia
Ele.ELEMAN_PROPER.TOARIPI,TOARIPI,toar1246,Toaripi
Ele.ELEMAN_PROPER.TOARIPI_2,TOARIPI_2,toar1246,Toaripi
Ele.ELEMAN_PROPER.SEPOE,SEPOE,toar1246,Toaripi
Ele.ELEMAN_PROPER.UARIPI,UARIPI,tair1256,Tairuma
Ele.ELEMAN_PROPER.MEII2_UARIPI,MEII2_UARIPI,tair1256,Tairuma
Ele.ELEMAN_PROPER.LULUITERA_UARIPI,LULUITERA_UARIPI,tair1256,Tairuma
Ele.ELEMAN_PROPER.KARAETA_UARIPI,KARAETA_UARIPI,tair1256,Tairuma
Ele.ELEMAN_PROPER.PETOE_UARIPI,PETOE_UARIPI,tair1256,Tairuma
Ele.ELEMAN_PROPER.UARIPI_UARIPI,UARIPI_UARIPI,tair1256,Tairuma
Ele.ELEMAN_PROPER.SIVIRI_UARIPI,SIVIRI_UARIPI,tair1256,Tairuma
Ele.ELEMAN_PROPER.MURUA_STMT_UARIPI,MURUA_STMT_UARIPI,tair1256,Tairuma
Ira.IRANXE.IRANTXE,IRANTXE,iran1263,Irántxe-Münkü
Hur.HUARPE.ALLENTIAC,ALLENTIAC,,
Hur.HUARPE.MILLCAYAC,MILLCAYAC,,
Tac.TACANAN.CAVINENA_1,CAVINENA_1,cavi1250,Cavineña
Tac.TACANAN.CAVINENA_2,CAVINENA_2,cavi1250,Cavineña
Tac.TACANAN.TACANA,TACANA,taca1256,Tacana
Tac.TACANAN.ARAONA,ARAONA,arao1248,Araona
Tac.TACANAN.ESE_EJJA,ESE_EJJA,esee1248,Ese Ejja
Tac.TACANAN.HUARAYO_ESE_EJJA,HUARAYO_ESE_EJJA,esee1248,Ese Ejja
Pan.PANOAN.MATIS,MATIS,mati1255,Matís
Pan.PANOAN.KULINA_PANO,KULINA_PANO,kuli1255,Kulina Pano
Pan.PANOAN.MATSES,MATSES,mats1244,Matsés
Pan.PANOAN.KAXARARI,KAXARARI,kaxa1239,Kaxararí
Pan.PANOAN.CASHIBO,CASHIBO,cash1251,Cashibo-Cacataibo
Pan.PANOAN.KASHIBO_BAJO_AGUAYTIA,KASHIBO_BAJO_AGUAYTIA,cash1251,Cashibo-Cacataibo
Pan.PANOAN.KASHIBO_ALTO_AGUAYTIA,KASHIBO_ALTO_AGUAYTIA,cash1251,Cashibo-Cacataibo
Pan.PANOAN.KASHIBO_SAN_ALEJANDRO,KASHIBO_SAN_ALEJANDRO,cash1251,Cashibo-Cacataibo
Pan.PANOAN.KASHIBO_SUNGAROYACU,KASHIBO_SUNGAROYACU,cash1251,Cashibo-Cacataibo
Pan.PANOAN.HUARIAPANO,HUARIAPANO,pano1255,Panobo
Pan.PANOAN.SENSI,SENSI,sens1242,Sensi
Pan.PANOAN.KONIBO,KONIBO,ship1254,Shipibo-Conibo
Pan.PANOAN.CAPANAHUA,CAPANAHUA,capa1241,Capanahua
Pan.PANOAN.SHIPIBO,SHIPIBO,ship1254,Shipibo-Conibo
Pan.PANOAN.TUXINAWA,TUXINAWA,tuxi1238,Tuxináwa
Pan.PANOAN.ISCONAHUA,ISCONAHUA,isco1239,Isconahua
Pan.PANOAN.POYANAWA,POYANAWA,poya1241,Poyanáwa
Pan.PANOAN.CHACOBO,CHACOBO,chac1251,Chácobo
Pan.PANOAN.KATUKINA_PANO,KATUKINA_PANO,pano1254,Panoan Katukína
Pan.PANOAN.ARARA_PANO,ARARA_PANO,pano1254,Panoan Katukína
Pan.PANOAN.MARUBO,MARUBO,maru1252,Marúbo
Pan.PANOAN.AMAHUACA,AMAHUACA,amah1246,Amahuaca
Pan.PANOAN.KAXINAWA,KAXINAWA,cash1254,Cashinahua
Pan.PANOAN.YAWANAWA,YAWANAWA,yawa1260,Yawanawa
Pan.PANOAN.SHANENAWA,SHANENAWA,yawa1260,Yawanawa
Pan.PANOAN.SHARANAHUA,SHARANAHUA,shar1245,Sharanahua
Pan.PANOAN.YAMINAWA,YAMINAWA,yami1256,Yaminahua
Ela.ELAMITE.ELAMITE,ELAMITE,elam1244,Elamite
Mon.MONUMBO.MONUMBO,MONUMBO,nucl1458,Monumbo
Mon.MONUMBO.LILAU,LILAU,lila1246,Lilau
Mon.MONUMBO.LILAU_2,LILAU_2,lila1246,Lilau
Kar.KAROK.KAROK,KAROK,karo1304,Karuk
TNG.KOIARIAN.AOMIE,AOMIE,omie1241,Ömie
TNG.KOIARIAN.ESE_MANAGALASI,ESE_MANAGALASI,esee1247,Ese
TNG.KOIARIAN.BARAI,BARAI,nucl1630,Barai
TNG.KOIARIAN.MOUNTAIN_KOIARI,MOUNTAIN_KOIARI,moun1252,Mountain Koiali
TNG.KOIARIAN.MOUNTAIN_KOIARI_2,MOUNTAIN_KOIARI_2,,
TNG.KOIARIAN.KOIARI_2,KOIARI_2,gras1249,Grass Koiari
TNG.KOIARIAN.KOIARI,KOIARI,gras1249,Grass Koiari
TNG.KOIARIAN.KOITA,KOITA,koit1244,Koitabu
Ain.AINU.KURIL_AINU,KURIL_AINU,ainu1240,Hokkaido Ainu
Ain.AINU.SAKHALIN_AINU,SAKHALIN_AINU,ainu1240,Hokkaido Ainu
Ain.AINU.AINU_SOYA,AINU_SOYA,ainu1240,Hokkaido Ainu
Ain.AINU.AINU_NAIRO,AINU_NAIRO,ainu1240,Hokkaido Ainu
Ain.AINU.AINU_TARANTOMARI,AINU_TARANTOMARI,ainu1240,Hokkaido Ainu
Ain.AINU.AINU_OCHIHO,AINU_OCHIHO,ainu1240,Hokkaido Ainu
Ain.AINU.AINU_MAOKA,AINU_MAOKA,ainu1240,Hokkaido Ainu
Ain.AINU.AINU_SHIRAURA,AINU_SHIRAURA,ainu1240,Hokkaido Ainu
Ain.AINU.AINU_RAICHISHKA,AINU_RAICHISHKA,ainu1240,Hokkaido Ainu
Ain.AINU.AINU_BIHORO,AINU_BIHORO,ainu1240,Hokkaido Ainu
Ain.AINU.AINU_OBIHIRO,AINU_OBIHIRO,ainu1240,Hokkaido Ainu
Ain.AINU.AINU_KUSHIRO,AINU_KUSHIRO,ainu1240,Hokkaido Ainu
Ain.AINU.AINU_SAMANI,AINU_SAMANI,ainu1240,Hokkaido Ainu
Ain.AINU.AINU_NAYORO,AINU_NAYORO,ainu1240,Hokkaido Ainu
Ain.AINU.AINU_ASAHIKAWA,AINU_ASAHIKAWA,ainu1240,Hokkaido Ainu
Ain.AINU.AINU_YAKUMO,AINU_YAKUMO,ainu1240,Hokkaido Ainu
Ain.AINU.AINU_OSHAMAMBE,AINU_OSHAMAMBE,ainu1240,Hokkaido Ainu
Ain.AINU.AINU_HOROBETSU,AINU_HOROBETSU,ainu1240,Hokkaido Ainu
Ain.AINU.AINU_HIRATORI,AINU_HIRATORI,ainu1240,Hokkaido Ainu
Ain.AINU.AINU_NUKKIBETSU,AINU_NUKKIBETSU,ainu1240,Hokkaido Ainu
Ain.AINU.AINU_SARU,AINU_SARU,ainu1240,Hokkaido Ainu
Ain.AINU.AINU_NIIKAPPU,AINU_NIIKAPPU,ainu1240,Hokkaido Ainu
Art.ARUTANI.AWAKE,AWAKE,arut1244,Arutani
MGe.BORORO.UMOTINA,UMOTINA,umot1240,Umotína
MGe.BORORO.BORORO,BORORO,boro1282,Bororo
MGe.BORORO.OTUKE,OTUKE,otuk1240,Otuke
Cho.CHOCO.WOUNAAN,WOUNAAN,woun1238,Woun Meu
Cho.CHOCO.CARAMANTA,CARAMANTA,cara1271,Caramanta
Cho.CHOCO.CATIO,CATIO,embe1260,Emberá-Catío
Cho.CHOCO.EMBERA_NORTHERN,EMBERA_NORTHERN,nort2972,Northern Emberá
Cho.CHOCO.EMBERA_DARIEN,EMBERA_DARIEN,nort2972,Northern Emberá
Cho.CHOCO.NORTHERN_EMBERA,NORTHERN_EMBERA,nort2972,Northern Emberá
Cho.CHOCO.EPENA_BASURUDO,EPENA_BASURUDO,epen1239,Epena
Cho.CHOCO.EPENA_SAIJA,EPENA_SAIJA,epen1239,Epena
Cho.CHOCO.EMBERA_CHAMI,EMBERA_CHAMI,embe1262,Emberá-Chamí
Cho.CHOCO.EMBERA_TADO,EMBERA_TADO,embe1261,Emberá-Tadó
UC.URU_CHIPAYA.UCHUMATAQU,UCHUMATAQU,uruu1244,Uru
UC.URU_CHIPAYA.CHIPAYA_2,CHIPAYA_2,chip1262,Chipaya
UC.URU_CHIPAYA.CHIPAYA,CHIPAYA,chip1262,Chipaya
UC.URU_CHIPAYA.CHIPAYA_3,CHIPAYA_3,chip1262,Chipaya
Mos.MOSETENAN.MOSETEN,MOSETEN,mose1249,Mosetén-Chimané
Aym.AYMARAN.JAQARU_2,JAQARU_2,jaqa1244,Jaqaru
Aym.AYMARAN.KAWKI,KAWKI,jaqa1244,Jaqaru
Aym.AYMARAN.JAQARU,JAQARU,jaqa1244,Jaqaru
Aym.AYMARAN.CENTRAL_AYMARA_2,CENTRAL_AYMARA_2,cent2142,Central Aymara
Aym.AYMARAN.SOUTHERN_AYMARA,SOUTHERN_AYMARA,sout2996,Southern Aymara
Aym.AYMARAN.CENTRAL_AYMARA,CENTRAL_AYMARA,cent2142,Central Aymara
Aym.AYMARAN.SULLKATITI_TITIRI,SULLKATITI_TITIRI,cent2142,Central Aymara
Aym.AYMARAN.HUACANA,HUACANA,sout2996,Southern Aymara
Aym.AYMARAN.PUKI,PUKI,cent2142,Central Aymara
Que.QUECHUAN.QUECHUA_PACARAOS,QUECHUA_PACARAOS,paca1245,Pacaraos Quechua
Que.QUECHUAN.LARAOS,LARAOS,yauy1235,Yauyos Quechua
Que.QUECHUAN.QUECHUA_YAUYOS_LINCHA,QUECHUA_YAUYOS_LINCHA,yauy1235,Yauyos Quechua
Que.QUECHUAN.QUECHUA_YAUYOS_TANA,QUECHUA_YAUYOS_TANA,yauy1235,Yauyos Quechua
Que.QUECHUAN.QUECHUA_YAUYOS_HUANGASCAR,QUECHUA_YAUYOS_HUANGASCAR,yauy1235,Yauyos Quechua
Que.QUECHUAN.QUECHUA_YAUYOS_VINAC,QUECHUA_YAUYOS_VINAC,yauy1235,Yauyos Quechua
Que.QUECHUAN.QUECHUA_YAUYOS_SAN_PEDRO,QUECHUA_YAUYOS_SAN_PEDRO,yauy1235,Yauyos Quechua
Que.QUECHUAN.QUECHUA_YAUYOS_CACRA,QUECHUA_YAUYOS_CACRA,yauy1235,Yauyos Quechua
Que.QUECHUAN.QUECHUA_YAUYOS_HONGOS,QUECHUA_YAUYOS_HONGOS,yauy1235,Yauyos Quechua
Que.QUECHUAN.QUECHUA_HUANCA_SHAUSHA,QUECHUA_HUANCA_SHAUSHA,jauj1238,Jauja Wanca Quechua
Que.QUECHUAN.QUECHUA_HUANCA_HUAYLLA,QUECHUA_HUANCA_HUAYLLA,huay1241,Huaylla Wanca Quechua
Que.QUECHUAN.QUECHUA_HUANCA_HUAYCHA,QUECHUA_HUANCA_HUAYCHA,huay1241,Huaylla Wanca Quechua
Que.QUECHUAN.QUECHUA_NORTH_JUNIN_CAJAS,QUECHUA_NORTH_JUNIN_CAJAS,nort2980,North Junín Quechua
Que.QUECHUAN.QUECHUA_DE_AMBO_HUANUCO_PASCO_PASCO,QUECHUA_DE_AMBO_HUANUCO_PASCO_PASCO,ambo1252,Ambo-Pasco Quechua
Que.QUECHUAN.QUECHUA_NORTH_JUNIN_TARMA,QUECHUA_NORTH_JUNIN_TARMA,nort2980,North Junín Quechua
Que.QUECHUAN.QUECHUA_ANCASH_CHIQUIAN,QUECHUA_ANCASH_CHIQUIAN,chiq1249,Chiquián Ancash Quechua
Que.QUECHUAN.HUANUCO,HUANUCO,hual1241,Huallaga Huánuco Quechua
Que.QUECHUAN.QUECHUA_HUANUCO_PANAO,QUECHUA_HUANUCO_PANAO,pana1306,Panao Huánuco Quechua
Que.QUECHUAN.CHACPAR,CHACPAR,sout2992,Southern Conchucos Ancash Quechua
Que.QUECHUAN.QUECHUA_ANCASH_HUAYLAS_HUARAZ,QUECHUA_ANCASH_HUAYLAS_HUARAZ,huay1240,Huaylas Ancash Quechua
Que.QUECHUAN.YANAC,YANAC,coro1247,Corongo Ancash Quechua
Que.QUECHUAN.QUECHUA_ANCASH_HUAYLAS_WATA,QUECHUA_ANCASH_HUAYLAS_WATA,huay1240,Huaylas Ancash Quechua
Que.QUECHUAN.QUECHUA_ANCASH_HUAYLAS_PAMPAROMAS,QUECHUA_ANCASH_HUAYLAS_PAMPAROMAS,huay1240,Huaylas Ancash Quechua
Que.QUECHUAN.QUECHUA_HUAYLAS_ANCASH,QUECHUA_HUAYLAS_ANCASH,huay1240,Huaylas Ancash Quechua
Que.QUECHUAN.QUECHUA_DE_LAMBAYEQUE,QUECHUA_DE_LAMBAYEQUE,lamb1276,Lambayeque Quechua
Que.QUECHUAN.CHETILLA,CHETILLA,caja1238,Cajamarca Quechua
Que.QUECHUAN.INKAWASI,INKAWASI,lamb1276,Lambayeque Quechua
Que.QUECHUAN.QUECHUA_AREQUIPA_UNION,QUECHUA_AREQUIPA_UNION,areq1237,Arequipa-La Unión Quechua
Que.QUECHUAN.QUECHUA_ABANCAY_TINTAY,QUECHUA_ABANCAY_TINTAY,ayac1239,Ayacucho Quechua
Que.QUECHUAN.ATALLA,ATALLA,ayac1239,Ayacucho Quechua
Que.QUECHUAN.QUECHUA_AYACUCHO,QUECHUA_AYACUCHO,ayac1239,Ayacucho Quechua
Que.QUECHUAN.QUECHUA_ARGENTINA,QUECHUA_ARGENTINA,sant1432,Santiago del Estero Quichua
Que.QUECHUAN.CURVA,CURVA,nort2976,North Bolivian Quechua
Que.QUECHUAN.POCONA,POCONA,sout2991,South Bolivian Quechua
Que.QUECHUAN.MARAGUA,MARAGUA,sout2991,South Bolivian Quechua
Que.QUECHUAN.TAQUILE,TAQUILE,puno1238,Puno Quechua
Que.QUECHUAN.PUNO_CITY,PUNO_CITY,puno1238,Puno Quechua
Que.QUECHUAN.CUZCO_GNL,CUZCO_GNL,cusc1236,Cusco Quechua
Que.QUECHUAN.QUECHUA_CHACHAPOYAS,QUECHUA_CHACHAPOYAS,chac1250,Chachapoyas Quechua
Que.QUECHUAN.QUECHUA_SAN_MARTIN,QUECHUA_SAN_MARTIN,sanm1289,San Martín Quechua
Que.QUECHUAN.QUECHUA_NAPO_LOWLAND,QUECHUA_NAPO_LOWLAND,napo1242,Napo Lowland Quechua
Que.QUECHUAN.SERENA,SERENA,tena1240,Tena Lowland Quichua
Que.QUECHUAN.INGA,INGA,sout2990,Southern Pastaza Quechua
Que.QUECHUAN.QUECHUA_PASTAZA,QUECHUA_PASTAZA,sout2990,Southern Pastaza Quechua
Que.QUECHUAN.QUECHUA_IMBABURA,QUECHUA_IMBABURA,imba1240,Imbabura Highland Quichua
Que.QUECHUAN.INGA_MEDIO_PUTUMAYO,INGA_MEDIO_PUTUMAYO,jung1240,San Andrés-Lowland Inga
Que.QUECHUAN.INGA_PUTUMAYO,INGA_PUTUMAYO,inga1252,Colombian Inga
Que.QUECHUAN.QUICHUA_CHIMBORAZO_NIZAG,QUICHUA_CHIMBORAZO_NIZAG,chim1302,Bolivar-North Chimborazo Highland Quichua
Que.QUECHUAN.QUICHUA_CANYAR,QUICHUA_CANYAR,cana1262,Cañar-Azuay-South Chimborazo Highland Quichua
Que.QUECHUAN.QUICHUA_LOJA,QUICHUA_LOJA,loja1235,Loja Highland Quichua
Que.QUECHUAN.QUICHUA_AZUAY,QUICHUA_AZUAY,cana1262,Cañar-Azuay-South Chimborazo Highland Quichua
Que.QUECHUAN.QUICHUA_IMBABURA_2,QUICHUA_IMBABURA_2,imba1240,Imbabura Highland Quichua
Que.QUECHUAN.QUICHUA_PICHANCHA,QUICHUA_PICHANCHA,cald1236,Calderón Highland Quichua
Que.QUECHUAN.QUICHUA_CHIMBORAZO_TROJE,QUICHUA_CHIMBORAZO_TROJE,chim1302,Bolivar-North Chimborazo Highland Quichua
Que.QUECHUAN.CHIMBORAZO_QUICHUA,CHIMBORAZO_QUICHUA,chim1302,Bolivar-North Chimborazo Highland Quichua
Que.QUECHUAN.TROJE,TROJE,chim1302,Bolivar-North Chimborazo Highland Quichua
Que.QUECHUAN.QUICHUA_BOLIVAR_CACHISAGUA,QUICHUA_BOLIVAR_CACHISAGUA,nort2973,Northern Pastaza Quichua
Que.QUECHUAN.QUICHUA_TUNGURAHUA_SALASACA,QUICHUA_TUNGURAHUA_SALASACA,sala1272,Tungurahua Highland Quichua
Que.QUECHUAN.QUICHUA_TUNGURAHUA_GUAPANTE,QUICHUA_TUNGURAHUA_GUAPANTE,sala1272,Tungurahua Highland Quichua
Que.QUECHUAN.QUICHUA_COTOPAXI_TIGUA,QUICHUA_COTOPAXI_TIGUA,cald1236,Calderón Highland Quichua
Que.QUECHUAN.QUICHUA_COTOPAXI_PAPAURCO,QUICHUA_COTOPAXI_PAPAURCO,cald1236,Calderón Highland Quichua
Que.QUECHUAN.QUICHUA_COTOPAXI_COMPANIA_GRANDE,QUICHUA_COTOPAXI_COMPANIA_GRANDE,cald1236,Calderón Highland Quichua
Yrr.YARURO.YARURO,YARURO,pume1238,Pumé
Sln.SALINAN.SALINAN,SALINAN,sali1253,Salinan
Mov.MOVIMA.MOVIMA,MOVIMA,movi1243,Movima
Cof.COFAN.COFAN,COFAN,cofa1242,Cofán
Zun.ZUNI.ZUNI,ZUNI,zuni1245,Zuni
Cui.CUITLATEC.CUITLATEC,CUITLATEC,cuit1236,Cuitlatec
Hui.BORAN.MUINANE,MUINANE,muin1242,Muinane
Hui.BORAN.MUINANE_2,MUINANE_2,muin1242,Muinane
Hui.BORAN.BORA,BORA,bora1263,Bora
Hui.BORAN.MIRANA,MIRANA,bora1263,Bora
Chq.CHIQUITO.CHIQUITANO,CHIQUITANO,chiq1248,Lomeriano-Ignaciano Chiquitano
MZ.MIXE_ZOQUE.SOTEAPAN_ZOQUE,SOTEAPAN_ZOQUE,high1276,Highland Popoluca
MZ.MIXE_ZOQUE.TEXISTEPEC_ZOQUE,TEXISTEPEC_ZOQUE,texi1237,Texistepec Popoluca
MZ.MIXE_ZOQUE.MARIA_CHIMALAPA,MARIA_CHIMALAPA,chim1300,Chimalapa Zoque
MZ.MIXE_ZOQUE.MIGUEL_CHIMALAPA,MIGUEL_CHIMALAPA,chim1300,Chimalapa Zoque
MZ.MIXE_ZOQUE.CHIAPAS_ZOQUE,CHIAPAS_ZOQUE,copa1236,Central-South Chiapas Zoque
MZ.MIXE_ZOQUE.ZOQUE_FRANCISCO_LEON,ZOQUE_FRANCISCO_LEON,fran1266,Northern Chiapas Zoque
MZ.MIXE_ZOQUE.ZOQUE_RAYON,ZOQUE_RAYON,rayo1235,Northeast Chiapas Zoque
MZ.MIXE_ZOQUE.TAPACHULTEC,TAPACHULTEC,tapa1260,Tapachultec
MZ.MIXE_ZOQUE.SAYULA_POPOLUCA,SAYULA_POPOLUCA,sayu1241,Sayula Popoluca
MZ.MIXE_ZOQUE.OLUTA_POPOLUCA,OLUTA_POPOLUCA,olut1240,Oluta Popoluca
MZ.MIXE_ZOQUE.NORTH_HIGHLAND_MIXE,NORTH_HIGHLAND_MIXE,toto1305,Totontepec Mixe
MZ.MIXE_ZOQUE.ULTERIOR_MIXE_C,ULTERIOR_MIXE_C,,
MZ.MIXE_ZOQUE.AYUTLA_MIXE,AYUTLA_MIXE,tlah1239,Tlahuitoltepec Mixe
MZ.MIXE_ZOQUE.SOUTH_HIGHLAND_MIXE,SOUTH_HIGHLAND_MIXE,tlah1239,Tlahuitoltepec Mixe
MZ.MIXE_ZOQUE.LOWLAND_MIXE,LOWLAND_MIXE,coat1238,Coatlán Mixe
Tau.TAUSHIRO.TAUSHIRO,TAUSHIRO,taus1253,Taushiro
KF.KWOMTARI.PYU,PYU,pyuu1245,Pyu
Yal.YALE.NAGATIMAN,NAGATIMAN,yale1246,Yale
Cad.CADDOAN.CADDO,CADDO,cadd1256,Caddo
Cad.CADDOAN.WICHITA,WICHITA,wich1260,Wichita
Cad.CADDOAN.WICHITA_2,WICHITA_2,wich1260,Wichita
Cad.CADDOAN.KITSAI,KITSAI,kits1249,Kitsai
Cad.CADDOAN.ARIKARA,ARIKARA,arik1262,Arikara
Cad.CADDOAN.PAWNEE,PAWNEE,pawn1254,Pawnee
Cad.CADDOAN.PAWNEE_2,PAWNEE_2,pawn1254,Pawnee
Iro.SOUTHERN_IROQUOIAN.CHEROKEE,CHEROKEE,cher1273,Cherokee
Iro.NORTHERN_IROQUOIAN.TUSCARORA,TUSCARORA,tusc1257,Tuscarora
Iro.NORTHERN_IROQUOIAN.WENDAT_HURON,WENDAT_HURON,wyan1247,Huron-Wyandot
Iro.NORTHERN_IROQUOIAN.WYANDOT,WYANDOT,wyan1247,Huron-Wyandot
Iro.NORTHERN_IROQUOIAN.CAYUGA,CAYUGA,cayu1261,Cayuga
Iro.NORTHERN_IROQUOIAN.SENECA,SENECA,sene1264,Seneca
Iro.NORTHERN_IROQUOIAN.ONONDAGA,ONONDAGA,onon1246,Onondaga
Iro.NORTHERN_IROQUOIAN.MOHAWK,MOHAWK,moha1258,Mohawk
Iro.NORTHERN_IROQUOIAN.ONEIDA,ONEIDA,onei1249,Oneida
OM.CHIAPANEC_MANGUE.CHIAPANEC,CHIAPANEC,chia1262,Chiapanec
OM.CHIAPANEC_MANGUE.MANGUE,MANGUE,moni1237,Mangue
OM.CHIAPANEC_MANGUE.CHOROTEGA,CHOROTEGA,moni1237,Mangue
OM.SUBTIABA_TLAPANEC.SUBTIABA,SUBTIABA,subt1250,Subtiaba
OM.SUBTIABA_TLAPANEC.MEPHAA_ACATEPEC,MEPHAA_ACATEPEC,acat1239,Acatepec Me'phaa
OM.SUBTIABA_TLAPANEC.TLACOAPA_MEPHAA,TLACOAPA_MEPHAA,tlac1237,Tlacoapa Me'phaa
OM.SUBTIABA_TLAPANEC.TEOCUITLAPA_MEPHAA,TEOCUITLAPA_MEPHAA,acat1239,Acatepec Me'phaa
OM.SUBTIABA_TLAPANEC.AZOYU_TLAPANEC,AZOYU_TLAPANEC,azoy1236,Azoyú Me'phaa
OM.SUBTIABA_TLAPANEC.TLAPANEC_MALINALTEPEC,TLAPANEC_MALINALTEPEC,mali1285,Malinaltepec Me'phaa
OM.CHINANTECAN.LEALAO_CHINANTEC,LEALAO_CHINANTEC,leal1235,Lealao Chinantec
OM.CHINANTECAN.CHINANTEC_COMALTEPEC,CHINANTEC_COMALTEPEC,coma1246,Comaltepec Chinantec
OM.CHINANTECAN.CHINANTEC_QUIOTEPEC,CHINANTEC_QUIOTEPEC,quio1240,Quiotepec Chinantec
OM.CHINANTECAN.CHINANTEC_PALANTLA,CHINANTEC_PALANTLA,pala1351,Palantla Chinantec
OM.CHINANTECAN.CHINANTEC_TEPETOTUTLA,CHINANTEC_TEPETOTUTLA,tepe1279,Tepetotutla Chinantec
OM.CHINANTECAN.CHINANTEC_OJITLAN,CHINANTEC_OJITLAN,ojit1237,Ojitlán Chinantec
OM.CHINANTECAN.CHINANTEC_SAN_FELIPE_USILA,CHINANTEC_SAN_FELIPE_USILA,usil1237,Usila Chinantec
OM.CHINANTECAN.CHINANTEC_SOCHIAPAN,CHINANTEC_SOCHIAPAN,soch1239,Sochiapam Chinantec
OM.CHICHIMEC.JONAZ_DE_1776,JONAZ_DE_1776,chic1272,Chichimeca-Jonaz
OM.PAMEAN.CENTRAL_PAME,CENTRAL_PAME,cent2145,Central Pame
OM.PAMEAN.TAMASOPO_PAME,TAMASOPO_PAME,nort2984,Northern Pame
OM.PAMEAN.PAME_DE_JILIAPAN_1767,PAME_DE_JILIAPAN_1767,sout2999,Southern Pame
OM.PAMEAN.PAME_MERIDIONAL,PAME_MERIDIONAL,sout2999,Southern Pame
OM.PAMEAN.PAME_DE_JILIAPAN_1958,PAME_DE_JILIAPAN_1958,sout2999,Southern Pame
OM.PAMEAN.PAME_DE_PALUCA_1958,PAME_DE_PALUCA_1958,sout2999,Southern Pame
OM.OTOMIAN.OCUILTECO,OCUILTECO,atzi1235,Atzingo Matlatzinca
OM.OTOMIAN.MATLATZINCA_SAN_FRANCISCO_OXTOTILPAN_2,MATLATZINCA_SAN_FRANCISCO_OXTOTILPAN_2,sanf1262,San Francisco Matlatzinca
OM.OTOMIAN.MATLATZINCA_SAN_FRANCISCO_OXTOTILPAN,MATLATZINCA_SAN_FRANCISCO_OXTOTILPAN,sanf1262,San Francisco Matlatzinca
OM.OTOMIAN.MAZAHUA,MAZAHUA,cent2144,Central Mazahua
OM.OTOMIAN.MAZAHUA_CENTRAL,MAZAHUA_CENTRAL,cent2144,Central Mazahua
OM.OTOMIAN.TEMASCALCINGO_MAZAHUA,TEMASCALCINGO_MAZAHUA,cent2144,Central Mazahua
OM.OTOMIAN.OTOMI_TEMOAYA,OTOMI_TEMOAYA,temo1245,Temoaya Otomi
OM.OTOMIAN.OTOMI_DE_SAN_ANDRES_CUEXCONTITLAN,OTOMI_DE_SAN_ANDRES_CUEXCONTITLAN,esta1236,Estado de México Otomi
OM.OTOMIAN.OTOMI_TOLUCA,OTOMI_TOLUCA,esta1236,Estado de México Otomi
OM.OTOMIAN.OTOMI_DE_EL_BAILE,OTOMI_DE_EL_BAILE,east2556,Eastern Highland Otomi
OM.OTOMIAN.OTOMI_DE_IXTENCO,OTOMI_DE_IXTENCO,ixte1237,Ixtenco Otomi
OM.OTOMIAN.OTOMI_ACAMBAY,OTOMI_ACAMBAY,quer1236,Querétaro Otomi
OM.OTOMIAN.OTOMI_QUERETARO,OTOMI_QUERETARO,quer1236,Querétaro Otomi
OM.OTOMIAN.OTOMI_DE_1776,OTOMI_DE_1776,mezq1235,Mezquital Otomi
OM.OTOMIAN.OTOMI_MEZQUITAL,OTOMI_MEZQUITAL,mezq1235,Mezquital Otomi
OM.AMUZGOAN.AMUZGO,AMUZGO,,
OM.MIXTECAN.TRIQUI_COPALA,TRIQUI_COPALA,copa1237,Copala Triqui
OM.MIXTECAN.TRIQUI_CHICAHUAXTLA,TRIQUI_CHICAHUAXTLA,chic1273,Chicahuaxtla Triqui
OM.MIXTECAN.TRIQUI_SAN_MARTIN_ITUNYOSO,TRIQUI_SAN_MARTIN_ITUNYOSO,sanm1298,San Martín Itunyoso Triqui
OM.MIXTECAN.CUICATEC,CUICATEC,tepe1280,Tepeuxila Cuicatec
OM.MIXTECAN.MIXTEC_ALCOZAUCA,MIXTEC_ALCOZAUCA,alco1235,Alcozauca Mixtec
OM.MIXTECAN.JICALTEPEC_MIXTEC,JICALTEPEC_MIXTEC,pino1237,Pinotepa Nacional Mixtec
OM.MIXTECAN.MIXTEC_CHAYUCO,MIXTEC_CHAYUCO,chay1249,Chayuco Mixtec
OM.MIXTECAN.MIXTECO_DE_SAN_JUAN_COLORADO,MIXTECO_DE_SAN_JUAN_COLORADO,sanj1281,San Juan Colorado Mixtec
OM.MIXTECAN.MIXTEC_PENYOLES,MIXTEC_PENYOLES,peno1244,Peñoles Mixtec
OM.MIXTECAN.MIXTEC_NORTHERN_TLAXIACO,MIXTEC_NORTHERN_TLAXIACO,nort2985,Northern Tlaxiaco Mixtec
OM.MIXTECAN.CHALCATONGO_MIXTEC,CHALCATONGO_MIXTEC,sanm1295,San Miguel El Grande Mixtec
OM.MIXTECAN.MIXTECO_DE_YOSONDUA,MIXTECO_DE_YOSONDUA,yoso1239,Yosondúa Mixtec
OM.MIXTECAN.YOSONDUA_MIXTEC,YOSONDUA_MIXTEC,yoso1239,Yosondúa Mixtec
OM.POPOLOCAN.SAN_JERONIMO_TECOATL,SAN_JERONIMO_TECOATL,sanj1286,San Jerónimo Tecóatl Mazatec
OM.POPOLOCAN.SAN_MIGUEL_SOYOLTEPEC,SAN_MIGUEL_SOYOLTEPEC,soya1237,Soyaltepec Mazatec
OM.POPOLOCAN.MAZATLAN_DE_FLORES,MAZATLAN_DE_FLORES,maza1296,Mazatlán Mazatec
OM.POPOLOCAN.HUAUTLA_DE_JIMENEZ,HUAUTLA_DE_JIMENEZ,huau1238,Huautla Mazatec
OM.POPOLOCAN.SAN_LORENZO_CUAUNECUILTITLA,SAN_LORENZO_CUAUNECUILTITLA,maza1296,Mazatlán Mazatec
OM.POPOLOCAN.SAN_JUAN_CHIQUIHUITLAN,SAN_JUAN_CHIQUIHUITLAN,chiq1250,Chiquihuitlán Mazatec
OM.POPOLOCAN.MAZATEC_CHIQUIHUITLAN,MAZATEC_CHIQUIHUITLAN,chiq1250,Chiquihuitlán Mazatec
OM.POPOLOCAN.JALAPA_DE_DIAZ,JALAPA_DE_DIAZ,jala1237,Jalapa De Díaz Mazatec
OM.POPOLOCAN.SAN_BARTOLOME_AYAUTLA,SAN_BARTOLOME_AYAUTLA,ayau1235,Ayautla Mazatec
OM.POPOLOCAN.SAN_PEDRO_IXCATLAN,SAN_PEDRO_IXCATLAN,ixca1246,Ixcatlán Mazatec
OM.POPOLOCAN.IXCATEC,IXCATEC,ixca1245,Ixcatec
OM.POPOLOCAN.CHOCHO_OCOTLAN,CHOCHO_OCOTLAN,choc1279,Chochotec
OM.POPOLOCAN.CHOCHOTEC,CHOCHOTEC,choc1279,Chochotec
OM.POPOLOCAN.POPOLOCA_DE_SAN_VICENTE_COYOTEPEC,POPOLOCA_DE_SAN_VICENTE_COYOTEPEC,coyo1236,Coyotepec Popoloca
OM.POPOLOCAN.POPOLOCA_METZONTLA,POPOLOCA_METZONTLA,mezo1235,Mezontla Popoloca
OM.POPOLOCAN.POPOLOCA_SAN_JUAN_ATZINGO,POPOLOCA_SAN_JUAN_ATZINGO,sanj1285,San Juan Atzingo Popoloca
OM.ZAPOTECAN.CHATINO_TATALTEPEC,CHATINO_TATALTEPEC,tata1258,Tataltepec Chatino
OM.ZAPOTECAN.CHATINO_WESTERN_HIGHLAND,CHATINO_WESTERN_HIGHLAND,west2644,Western Highland Chatino
OM.ZAPOTECAN.ZACATEPEC_CHATINO,ZACATEPEC_CHATINO,zaca1242,Zacatepec Chatino
OM.ZAPOTECAN.LACHIXIO_ZAPOTEC,LACHIXIO_ZAPOTEC,lach1249,Lachixío Zapotec
OM.ZAPOTECAN.ZAPOTEC_1578,ZAPOTEC_1578,,
OM.ZAPOTECAN.TEXMELUCAN_ZAPOTEC,TEXMELUCAN_ZAPOTEC,texm1235,Texmelucan Zapotec
OM.ZAPOTECAN.COATLAN_LOXICHA_ZAPOTEC,COATLAN_LOXICHA_ZAPOTEC,sanb1241,San Baltazar Loxicha Zapotec
OM.ZAPOTECAN.ZAPOTEC_SIERRA_DE_JUAREZ,ZAPOTEC_SIERRA_DE_JUAREZ,sier1250,Sierra de Juárez Zapotec
OM.ZAPOTECAN.ALOAPAM_ZAPOTEC,ALOAPAM_ZAPOTEC,aloa1235,Aloápam Zapotec
OM.ZAPOTECAN.YARENI_ZAPOTEC,YARENI_ZAPOTEC,yare1249,Yareni Zapotec
OM.ZAPOTECAN.ZAPOTEC_SOUTHERN_RINCON,ZAPOTEC_SOUTHERN_RINCON,sout3004,Southern Rincon Zapotec
OM.ZAPOTECAN.CHOAPAN_ZAPOTEC,CHOAPAN_ZAPOTEC,choa1237,Choapan Zapotec
OM.ZAPOTECAN.ZAPOTEC_YALALAG,ZAPOTEC_YALALAG,yala1267,Yalálag Zapotec
OM.ZAPOTECAN.CAJONOS_ZAPOTEC,CAJONOS_ZAPOTEC,cajo1238,Cajonos Zapotec
OM.ZAPOTECAN.ZAPOTEC_YATZACHI,ZAPOTEC_YATZACHI,yatz1235,Yatzachi Zapotec
OM.ZAPOTECAN.ZAPOTEC_ZOOGOCHO,ZAPOTEC_ZOOGOCHO,zoog1238,Zoogocho Zapotec
OM.ZAPOTECAN.AMATLAN_ZAPOTEC,AMATLAN_ZAPOTEC,amat1238,Amatlán Zapotec
OM.ZAPOTECAN.ZAPOTEC_LOXICHA,ZAPOTEC_LOXICHA,loxi1235,Loxicha Zapotec
OM.ZAPOTECAN.XANAGUIA_ZAPOTEC,XANAGUIA_ZAPOTEC,xana1235,Xanaguía Zapotec
OM.ZAPOTECAN.QUIOQUITANI_QUIERI_ZAPOTEC,QUIOQUITANI_QUIERI_ZAPOTEC,quio1241,Quioquitani-Quieri Zapotec
OM.ZAPOTECAN.ZAPOTEC_MIXTEPEC,ZAPOTEC_MIXTEPEC,mixt1426,Mixtepec Zapotec
OM.ZAPOTECAN.ISTHMUS_ZAPOTEC,ISTHMUS_ZAPOTEC,isth1244,Isthmus Zapotec
OM.ZAPOTECAN.SANTA_MARIA_QUIEGOLANI_ZAPOTEC,SANTA_MARIA_QUIEGOLANI_ZAPOTEC,sant1451,Santa María Quiegolani Zapotec
OM.ZAPOTECAN.SAN_PEDRO_QUIATONI_ZAPOTEC,SAN_PEDRO_QUIATONI_ZAPOTEC,sanp1261,San Pedro Quiatoni Zapotec
OM.ZAPOTECAN.ZAPOTEC_MITLA,ZAPOTEC_MITLA,mitl1236,Mitla Zapotec
OM.ZAPOTECAN.ZAPOTEC_SAN_LUCAS_QUIAVINI,ZAPOTEC_SAN_LUCAS_QUIAVINI,sanj1284,Western Tlacolula Valley Zapotec
OM.ZAPOTECAN.TILQUIAPAN_ZAPOTEC,TILQUIAPAN_ZAPOTEC,tilq1235,Tilquiapan Zapotec
OM.ZAPOTECAN.SANTA_INES_YATZECHI_ZAPOTEC,SANTA_INES_YATZECHI_ZAPOTEC,sant1447,Santa Inés Yatzechi Zapotec
OM.ZAPOTECAN.AYOQUESCO_ZAPOTEC,AYOQUESCO_ZAPOTEC,ayoq1235,Ayoquesco Zapotec
OM.ZAPOTECAN.OCOTLAN_ZAPOTEC,OCOTLAN_ZAPOTEC,ocot1244,Ocotlán Zapotec
Pae.PAEZAN.PAEZ,PAEZ,paez1247,Páez
Pae.PAEZAN.PAEZ_2,PAEZ_2,paez1247,Páez
Mak.MAKU.MAKU,MAKU,maku1246,Máku
Sio.SIOUAN.CATAWBA,CATAWBA,cata1286,Catawba
Sio.SIOUAN.CROW,CROW,crow1244,Crow
Sio.SIOUAN.HIDATSA,HIDATSA,hida1246,Hidatsa
Sio.SIOUAN.TUTELO,TUTELO,tute1247,Tutelo
Sio.SIOUAN.BILOXI,BILOXI,bilo1248,Biloxi
Sio.SIOUAN.OFO,OFO,ofoo1242,Ofo
Sio.SIOUAN.MANDAN,MANDAN,mand1446,Mandan
Sio.SIOUAN.LAKHOTA,LAKHOTA,lako1247,Lakota
Sio.SIOUAN.ASSINIBOINE,ASSINIBOINE,assi1247,Assiniboine
Sio.SIOUAN.DAKOTA,DAKOTA,dako1258,Dakota
Sio.SIOUAN.LAKOTA,LAKOTA,lako1247,Lakota
Sio.SIOUAN.IOWA_OTO,IOWA_OTO,iowa1245,Iowa-Oto
Sio.SIOUAN.WINNEBAGO,WINNEBAGO,hoch1243,Ho-Chunk
Sio.SIOUAN.KANSA,KANSA,kans1243,Kansa
Sio.SIOUAN.OSAGE,OSAGE,osag1243,Osage
Sio.SIOUAN.OMAHA_PONCA,OMAHA_PONCA,omah1247,Omaha-Ponca
Sio.SIOUAN.QUAPAW,QUAPAW,quap1242,Quapaw
Aik.AIKANA.AIKANA,AIKANA,aika1237,Aikanã
Kwz.KWAZA.KWAZA,KWAZA,kwaz1243,Kwaza
LV.LULE_VILELA.LULE_AND_TONOCOTE,LULE_AND_TONOCOTE,lule1238,Lule
Ata.ATAKAPA.ATAKAPA,ATAKAPA,atak1252,Atakapa
NWC.NORTHWEST_CAUCASIAN.ABAZA,ABAZA,abaz1241,Abaza
NWC.NORTHWEST_CAUCASIAN.ABKHAZ,ABKHAZ,abkh1244,Abkhaz
NWC.NORTHWEST_CAUCASIAN.UBYKH,UBYKH,ubyk1235,Ubykh
NWC.NORTHWEST_CAUCASIAN.ADYGHE,ADYGHE,adyg1241,West Circassian
NWC.NORTHWEST_CAUCASIAN.KABARDIAN,KABARDIAN,kaba1278,Kabardian
Nam.NAMBIKUARAN.SABANE,SABANE,saba1268,Sabanê
Nam.NAMBIKUARAN.NAMBIKWARA,NAMBIKWARA,sout2994,Southern Nambikuára
Nam.NAMBIKUARAN.MAMAINDE,MAMAINDE,mama1278,Mamaindé
NDe.TLINGIT.TLINGIT,TLINGIT,tlin1245,Tlingit
NDe.EYAK.EYAK,EYAK,eyak1241,Eyak
NDe.ATHAPASKAN.CHIRICAHUA,CHIRICAHUA,mesc1238,Mescalero-Chiricahua Apache
NDe.ATHAPASKAN.SAN_CARLOS,SAN_CARLOS,west2615,Western Apache
NDe.ATHAPASKAN.NAVAHO,NAVAHO,nava1243,Navajo
NDe.ATHAPASKAN.NAVAJO,NAVAJO,nava1243,Navajo
NDe.ATHAPASKAN.JICARILLA_APACHE,JICARILLA_APACHE,jica1244,Jicarilla Apache
NDe.ATHAPASKAN.JICARILLA,JICARILLA,jica1244,Jicarilla Apache
NDe.ATHAPASKAN.LIPAN,LIPAN,lipa1241,Lipan Apache
NDe.ATHAPASKAN.GALICE,GALICE,gali1261,Galice
NDe.ATHAPASKAN.MATTOLE,MATTOLE,matt1238,Mattole-Bear River
NDe.ATHAPASKAN.KATO,KATO,kato1244,Kato
NDe.ATHAPASKAN.HUPA,HUPA,hupa1239,Hupa-Chilula
NDe.ATHAPASKAN.HUPA_2,HUPA_2,hupa1239,Hupa-Chilula
NDe.ATHAPASKAN.KOYUKON,KOYUKON,koyu1237,Koyukon
NDe.ATHAPASKAN.SARCEE,SARCEE,sars1236,Sarsi
NDe.ATHAPASKAN.CHIPEWYAN,CHIPEWYAN,chip1261,Chipewyan
NDe.ATHAPASKAN.C_CARRIER,C_CARRIER,carr1249,Central Carrier
NDe.ATHAPASKAN.CARRIER,CARRIER,carr1249,Central Carrier
NDe.ATHAPASKAN.KUTCHIN,KUTCHIN,gwic1235,Gwich'in
NDe.ATHAPASKAN.BEAVER,BEAVER,beav1236,Beaver
NDe.ATHAPASKAN.DOGRIB,DOGRIB,dogr1252,Dogrib
NDe.ATHAPASKAN.HARE,HARE,nort2942,North Slavey
NDe.ATHAPASKAN.SLAVEY,SLAVEY,sout2959,South Slavey
NDe.ATHAPASKAN.UPPER_TANANA_TETLIN,UPPER_TANANA_TETLIN,uppe1437,Upper Tanana
NDe.ATHAPASKAN.TANACROSS,TANACROSS,tana1290,Tanacross
NDe.ATHAPASKAN.AHTNA,AHTNA,ahte1237,Ahtena
NDe.ATHAPASKAN.MANTASTA_AHTENA,MANTASTA_AHTENA,ahte1237,Ahtena
NDe.ATHAPASKAN.UPPER_INLET_TANAINA,UPPER_INLET_TANAINA,tana1289,Dena'ina
NDe.ATHAPASKAN.OUTER_INLET_TANAINA,OUTER_INLET_TANAINA,tana1289,Dena'ina
NDe.ATHAPASKAN.INLAND_TANAINA,INLAND_TANAINA,tana1289,Dena'ina
NDe.ATHAPASKAN.ILIAMNA_TANAINA,ILIAMNA_TANAINA,tana1289,Dena'ina
Pen.KLAMATH_MODOC.KLAMATH,KLAMATH,klam1254,Klamath-Modoc
Yen.YENISEIAN.ARIN,ARIN,arin1243,Arin
Yen.YENISEIAN.PUMPOKOL,PUMPOKOL,pump1237,Pumpokol
Yen.YENISEIAN.ASSAN,ASSAN,assa1266,Assan
Yen.YENISEIAN.KOTT,KOTT,kott1239,Kott-Assan
Yen.YENISEIAN.EIGHTEENTH_CENTURY_KET,EIGHTEENTH_CENTURY_KET,kett1243,Ket
Yen.YENISEIAN.KET,KET,kett1243,Ket
Yen.YENISEIAN.YUGH_RECENT,YUGH_RECENT,yugh1239,Yugh
Chu.CHUMASH.OBISPENYO,OBISPENYO,obis1242,Obispeño
Chu.CHUMASH.CRUZENYO,CRUZENYO,cruz1243,Cruzeño
Chu.CHUMASH.INESENYO,INESENYO,ines1240,Ineseño
Chu.CHUMASH.VENTURENYO,VENTURENYO,vent1242,Ventureño
Chu.CHUMASH.CHUMASH_BARBARENO,CHUMASH_BARBARENO,barb1263,Barbareño
Lec.LECO.LEKO,LEKO,leco1242,Leco
Pen.YOKUTS.YOKUTS_TINLINNEH,YOKUTS_TINLINNEH,yoku1256,Northern Yokuts
Pen.YOKUTS.YOKUTS_UNKNOWN,YOKUTS_UNKNOWN,yoku1256,Northern Yokuts
Pen.COSTANOAN.MUTSUN,MUTSUN,muts1243,Mutsun
Pen.COSTANOAN.RUMSEN,RUMSEN,muts1243,Mutsun
Pen.MIWOK.MIWOK_LAKE,MIWOK_LAKE,lake1258,Lake Miwok
Pen.MIWOK.OLAMENTKE,OLAMENTKE,coas1301,Coast Miwok
Pen.MIWOK.MIWOK_BODEGA,MIWOK_BODEGA,coas1301,Coast Miwok
Pen.MIWOK.PLAINS_MIWOK,PLAINS_MIWOK,plai1259,Plains Miwok
Pen.MIWOK.CENTRAL_SIERRA_MIWOK,CENTRAL_SIERRA_MIWOK,cent2140,Central Sierra Miwok
Pen.MIWOK.NORTHERN_SIERRA_MIWOK,NORTHERN_SIERRA_MIWOK,nort2968,Northern Sierra Miwok
Pen.MIWOK.S_SIERRA_MIWOK,S_SIERRA_MIWOK,sout2985,Southern Sierra Miwok
Cht.CHITIMACHA.CHITIMACHA,CHITIMACHA,chit1248,Chitimacha
Cht.CHITIMACHA.CHITIMACHA_2,CHITIMACHA_2,chit1248,Chitimacha
Chn.PUELCHE.GUNUNA_KUNE,GUNUNA_KUNE,puel1244,Puelche
Chn.PUELCHE.GUNUNA_KUNE_2,GUNUNA_KUNE_2,puel1244,Puelche
Bar.BARBACOAN.GUAMBIANO,GUAMBIANO,guam1248,Guambiano
Bar.BARBACOAN.TOTORO,TOTORO,toto1306,Totoro
Bar.BARBACOAN.AWA_PIT,AWA_PIT,awac1239,Awa-Cuaiquer
Bar.BARBACOAN.CAYAPA,CAYAPA,chac1249,Cha'palaa
Bar.BARBACOAN.COLORADO,COLORADO,colo1256,Tsafiki
Mun.MUNICHI.MUNICHI,MUNICHI,muni1258,Muniche
Hai.HAIDA.HAIDA,HAIDA,sout2956,Southern Haida
Yam.YAMANA.YAMANA,YAMANA,yama1264,Yámana
Jiv.JIVAROAN.AGUARUNA,AGUARUNA,agua1253,Aguaruna
Jiv.JIVAROAN.AGUARUNA_2,AGUARUNA_2,agua1253,Aguaruna
Jiv.JIVAROAN.ACHUAR,ACHUAR,achu1248,Achuar-Shiwiar
Jiv.JIVAROAN.SHUAR,SHUAR,shua1257,Shuar
Jiv.JIVAROAN.HUAMBISA,HUAMBISA,huam1247,Huambisa
Jiv.JIVAROAN.JIVARO_SHUAR,JIVARO_SHUAR,shua1257,Shuar
Bar.ANDAQUI.ANDAQUI,ANDAQUI,anda1286,Andaqui
Pen.MOLALA.MOLALA,MOLALA,mola1238,Molale
Pen.SAHAPTIAN.NEZ_PERCE,NEZ_PERCE,nezp1238,Nez Perce
Pen.SAHAPTIAN.UMATILLA_SAHAPTIN,UMATILLA_SAHAPTIN,umat1237,Umatilla
Ala.ALACALUFAN.QAWASQAR,QAWASQAR,qawa1238,Qawasqar
EA.ALEUT.ALEUT,ALEUT,aleu1260,Aleut
EA.ESKIMO.ST_LAWRENCE_YUPIK,ST_LAWRENCE_YUPIK,cent2128,Central Siberian Yupik
EA.ESKIMO.YUPIK_CENTRAL_SIBERIAN_CHAPLINO,YUPIK_CENTRAL_SIBERIAN_CHAPLINO,cent2128,Central Siberian Yupik
EA.ESKIMO.YUPIK_SIRENIK,YUPIK_SIRENIK,sire1246,Old Sirenik
EA.ESKIMO.C_YUPIK,C_YUPIK,cent2127,Central Alaskan Yupik
EA.ESKIMO.EAST_GREENLANDIC,EAST_GREENLANDIC,kala1399,Kalaallisut
EA.ESKIMO.INUPIAQ,INUPIAQ,nort2943,North Alaskan Inupiatun
EA.ESKIMO.WEST_GREENLANDIC,WEST_GREENLANDIC,kala1399,Kalaallisut
EA.ESKIMO.INUKTITUT_EASTERN_CANADIAN,INUKTITUT_EASTERN_CANADIAN,east2534,Eastern Canadian Inuktitut
EA.ESKIMO.KANGIRYUARMIUTUN,KANGIRYUARMIUTUN,west2618,Western Canadian Inuktitut
Tot.TOTONACAN.TEPEHUA_PISA_FLORES,TEPEHUA_PISA_FLORES,pisa1237,Pisaflores Tepehua
Tot.TOTONACAN.TEPEHUA_HUEHUETLA,TEPEHUA_HUEHUETLA,hueh1236,Huehuetla Tepehua
Tot.TOTONACAN.TEPEHUA_TLACHICHILCO,TEPEHUA_TLACHICHILCO,tlac1235,Tlachichilco Tepehua
Tot.TOTONACAN.TOTONAC_MISANTLA,TOTONAC_MISANTLA,yecu1235,Yecuatla Totonac
Tot.TOTONACAN.TOTONAC_TEJERIA,TOTONAC_TEJERIA,,
Tot.TOTONACAN.TOTONAC_COATEPEC,TOTONAC_COATEPEC,,
Tot.TOTONACAN.TOTONAC_OLINTLA,TOTONAC_OLINTLA,,
Tot.TOTONACAN.TOTONAC_UPPER_NEXACA,TOTONAC_UPPER_NEXACA,uppe1275,Upper Necaxa Totonac
Tot.TOTONACAN.XICOTEPEC_TOTONAC,XICOTEPEC_TOTONAC,xico1235,Xicotepec De Juárez Totonac
Tot.TOTONACAN.TOTONAC_FILOMENA_MATA,TOTONAC_FILOMENA_MATA,filo1235,Filomeno Mata Totonac
Tot.TOTONACAN.PAPANTLA_TOTONAC,PAPANTLA_TOTONAC,papa1238,Papantla Totonac
Tot.TOTONACAN.TOTONAC_COYUTLA,TOTONAC_COYUTLA,high1243,Highland Totonac
Tot.TOTONACAN.TOTONAC_HIGHLAND,TOTONAC_HIGHLAND,high1243,Highland Totonac
Tot.TOTONACAN.TOTONAC_OZELONACAXTLA,TOTONAC_OZELONACAXTLA,,
OC.ALSEA.ALSEA,ALSEA,alse1251,Alsea-Yaquina
Ktn.KUTENAI.KUTENAI,KUTENAI,kute1249,Kutenai
Chk.CHIMAKUAN.QUILEUTE,QUILEUTE,quil1240,Quileute
Wak.SOUTHERN_WAKASHAN.MAKAH,MAKAH,maka1318,Makah
Wak.SOUTHERN_WAKASHAN.DITIDAHT,DITIDAHT,diti1235,Ditidaht
Wak.SOUTHERN_WAKASHAN.NOOTKA,NOOTKA,nuuc1236,Nuu-chah-nulth
Wak.NORTHERN_WAKASHAN.HAISLA,HAISLA,hais1244,Haisla
Wak.NORTHERN_WAKASHAN.KWAKWALA,KWAKWALA,kwak1269,Kwak'wala
Wak.NORTHERN_WAKASHAN.HEILTSUK,HEILTSUK,heil1246,Heiltsuk-Oowekyala
Wak.NORTHERN_WAKASHAN.OOWEKYALA,OOWEKYALA,heil1246,Heiltsuk-Oowekyala
OC.SIUSLAWAN.SIUSLAW,SIUSLAW,sius1254,Siuslaw
Sal.BELLA_COOLA.BELLA_COOLA,BELLA_COOLA,bell1243,Bella Coola
Sal.TILLAMOOK.TILLAMOOK,TILLAMOOK,till1254,Tillamook
Sal.INTERIOR_SALISH.LILLOOET,LILLOOET,lill1248,Lillooet
Sal.INTERIOR_SALISH.SHUSWAP,SHUSWAP,shus1248,Shuswap
Sal.INTERIOR_SALISH.THOMPSON,THOMPSON,thom1243,Thompson
Sal.INTERIOR_SALISH.COLUMBIA_WENATCHI,COLUMBIA_WENATCHI,colu1241,Columbia-Wenatchi
Sal.INTERIOR_SALISH.OKANAGAN_COLVILLE,OKANAGAN_COLVILLE,okan1243,Okanagan
Sal.INTERIOR_SALISH.COEUR_DALENE,COEUR_DALENE,coeu1236,Coeur d'Alene
Sal.INTERIOR_SALISH.MONTANA_SALISH,MONTANA_SALISH,kali1308,Kalispel-Pend d'Oreille
Sal.INTERIOR_SALISH.KALISPEL_PEND_DOREILLE,KALISPEL_PEND_DOREILLE,kali1308,Kalispel-Pend d'Oreille
Sal.INTERIOR_SALISH.SPOKANE,SPOKANE,spok1245,Spokane
Sal.TSAMOSAN.QUINAULT,QUINAULT,quin1251,Quinault
Sal.TSAMOSAN.CHEHALIS_UPPER,CHEHALIS_UPPER,uppe1439,Upper Chehalis
Sal.TSAMOSAN.COWLITZ,COWLITZ,cowl1242,Cowlitz
Sal.CENTRAL_SALISH.TWANA,TWANA,twan1247,Twana
Sal.CENTRAL_SALISH.LUSHOOTSEED,LUSHOOTSEED,lush1252,Northern Lushootseed
Sal.CENTRAL_SALISH.PUGET_SALISH,PUGET_SALISH,sout2965,Southern Puget Sound Salish
Sal.CENTRAL_SALISH.SECHELT,SECHELT,sech1246,Sechelt
Sal.CENTRAL_SALISH.COMOX,COMOX,como1259,Comox
Sal.CENTRAL_SALISH.SLIAMMON,SLIAMMON,como1259,Comox
Sal.CENTRAL_SALISH.SQUAMISH,SQUAMISH,squa1248,Squamish
Sal.CENTRAL_SALISH.NOOKSACK,NOOKSACK,nook1247,Nooksack
Sal.CENTRAL_SALISH.STOLO,STOLO,halk1245,Halkomelem
Sal.CENTRAL_SALISH.COWICHAN,COWICHAN,halk1245,Halkomelem
Sal.CENTRAL_SALISH.MUSQUEAM,MUSQUEAM,halk1245,Halkomelem
Sal.CENTRAL_SALISH.CLALLAM,CLALLAM,clal1241,Clallam
Sal.CENTRAL_SALISH.SAMISH,SAMISH,stra1244,Northern Straits Salish
Sal.CENTRAL_SALISH.SONGISH,SONGISH,stra1244,Northern Straits Salish
Sal.CENTRAL_SALISH.SAANICH,SAANICH,stra1244,Northern Straits Salish
Sal.CENTRAL_SALISH.SALISH_STRAITS,SALISH_STRAITS,stra1244,Northern Straits Salish
Chl.CHOLON.CHOLON,CHOLON,chol1284,Cholón
Pui.PUINAVE.PUINABE,PUINABE,puin1248,Puinave
Pui.PUINAVE.PUINAVE,PUINAVE,puin1248,Puinave
CN.CACUA_NUKAK.NUKAK_MAKU,NUKAK_MAKU,nuka1242,Nukak Makú
CN.CACUA_NUKAK.NUKAK,NUKAK,nuka1242,Nukak Makú
CN.CACUA_NUKAK.CACUA,CACUA,cacu1241,Kakua
CN.CACUA_NUKAK.KAKUA,KAKUA,cacu1241,Kakua
LV.LULE_VILELA.VILELA,VILELA,vile1241,Vilela
Gch.GUACHI.GUACHI,GUACHI,,
Pen.WINTUAN.WINTU,WINTU,nucl1651,Nuclear Wintu
Pen.MAIDUAN.MAIDU_KONKAU,MAIDU_KONKAU,nort2951,Northwest Maidu
Pen.MAIDUAN.MAIDU_NORTHWEST_NAKUM,MAIDU_NORTHWEST_NAKUM,nort2951,Northwest Maidu
Pen.MAIDUAN.NISENAN,NISENAN,nise1244,Nisenan
Pen.MAIDUAN.NE_MAIDU,NE_MAIDU,nort2952,Northeast Maidu
WY.WAPPO.WAPPO,WAPPO,wapp1239,Wappo
WY.YUKIAN.YUKI,YUKI,yuki1243,Northern Yukian
Tol.TOL.JICAQUE,JICAQUE,toll1241,Tol
WP.NORTH_CENTRAL_BIRDS_HEAD.MAI_BRAT,MAI_BRAT,maib1239,Maybrat
Hok.PALAIHNIHAN.ACHUMAWI,ACHUMAWI,achu1247,Achumawi
Hok.PALAIHNIHAN.ATSUGEWI,ATSUGEWI,atsu1245,Atsugewi
OC.COOSAN.HANIS_COOS,HANIS_COOS,coos1249,Hanis
Hok.SHASTA.SHASTA,SHASTA,shas1239,Shasta
Hok.CHIMARIKO.CHIMARIKO,CHIMARIKO,chim1301,Chimariko
Hok.SERI.SERI,SERI,seri1257,Seri
Hok.POMOAN.SOUTHEASTERN_POMO,SOUTHEASTERN_POMO,sout2982,Southeastern Pomo
Hok.POMOAN.POMO_EASTERN,POMO_EASTERN,east2545,Eastern Pomo
Hok.POMOAN.KASHAYA,KASHAYA,kash1280,Kashaya
Hok.POMOAN.SOUTHERN_POMO,SOUTHERN_POMO,sout2984,Southern Pomo
Hok.POMOAN.POMO_NORTHEASTERN,POMO_NORTHEASTERN,nort2967,Northeastern Russian River Pomo
Hok.POMOAN.POMO_CENTRAL,POMO_CENTRAL,cent2138,Central Pomo
Hok.POMOAN.POMO_NORTHERN,POMO_NORTHERN,nort2966,Northern Pomo
Hok.YUMAN.COCHIMI,COCHIMI,coch1272,Cochimi
Hok.YUMAN.KILIWA,KILIWA,kili1268,Kiliwa
Hok.YUMAN.PAIPAI,PAIPAI,paip1241,Paipai
Hok.YUMAN.DIEGUENO,DIEGUENO,kumi1248,Tipai-Kumeyaay-Huerteno
Hok.YUMAN.COCOPA,COCOPA,coco1261,Cocopa
Hok.YUMAN.TIPAI,TIPAI,kumi1248,Tipai-Kumeyaay-Huerteno
Hok.YUMAN.YAVAPAI,YAVAPAI,hava1248,Havasupai-Walapai-Yavapai
Hok.YUMAN.WALAPAI,WALAPAI,hava1248,Havasupai-Walapai-Yavapai
Hok.YUMAN.HAVASUPAI,HAVASUPAI,hava1248,Havasupai-Walapai-Yavapai
Hok.YUMAN.MOHAVE,MOHAVE,moha1256,Mohave
Hok.YUMAN.MOJAVE,MOJAVE,moha1256,Mohave
Hok.YUMAN.MARICOPA,MARICOPA,mari1440,Maricopa
Hok.YUMAN.YUMA,YUMA,quec1382,Quechan
Yuw.YUWANA.YUWANA,YUWANA,yuwa1244,Hoti
Yuw.YUWANA.YUWANA_2,YUWANA_2,yuwa1244,Hoti
Slv.SALIBA.SALIBA_COLUMBIA,SALIBA_COLUMBIA,sali1298,Sáliba
Slv.PIAROA.PIAROA,PIAROA,piar1243,Piaroa
Com.COMECRUDAN.COMECRUDO,COMECRUDO,come1251,Comecrudan
Teq.TEQUISTLATECAN.HIGHLAND_TEQUISTLATEC,HIGHLAND_TEQUISTLATEC,high1242,Highland Oaxaca Chontal
Teq.TEQUISTLATECAN.OAXACA_CHONTAL,OAXACA_CHONTAL,lowl1260,Lowland Oaxaca Chontal
UA.HOPI.HOPI,HOPI,hopi1249,Hopi
UA.NUMIC.SHOSHONI,SHOSHONI,shos1248,Shoshoni
UA.NUMIC.COMANCHE,COMANCHE,coma1245,Comanche
UA.NUMIC.TUMPISA,TUMPISA,pana1305,Panamint
UA.NUMIC.PANAMINT,PANAMINT,pana1305,Panamint
UA.NUMIC.NORTHERN_PAIUTE_BANNOCK,NORTHERN_PAIUTE_BANNOCK,nort2954,Northern Paiute
UA.NUMIC.NORTHERN_PAIUTE,NORTHERN_PAIUTE,nort2954,Northern Paiute
UA.NUMIC.WESTERN_MONO,WESTERN_MONO,mono1275,Mono (USA)
UA.NUMIC.KAWAIISU,KAWAIISU,kawa1283,Kawaiisu
UA.NUMIC.SOUTHERN_PAIUTE,SOUTHERN_PAIUTE,utes1238,Ute-Southern Paiute
UA.NUMIC.UTE_SOUTHERN_PAIUTE,UTE_SOUTHERN_PAIUTE,,
UA.NUMIC.UTE_1,UTE_1,utes1238,Ute-Southern Paiute
UA.NUMIC.UTE_2,UTE_2,utes1238,Ute-Southern Paiute
UA.TUBATULABAL.TUBATULABAL,TUBATULABAL,tuba1278,Tübatulabal
UA.TAKIC.SERRANO,SERRANO,serr1255,Serrano
UA.TAKIC.GABRIELINO,GABRIELINO,serr1255,Serrano
UA.TAKIC.KITANEMUK,KITANEMUK,,
UA.TAKIC.LUISENO,LUISENO,luis1253,Luiseno-Juaneño
UA.TAKIC.CAHUILLA,CAHUILLA,cahu1264,Cahuilla
UA.TAKIC.CUPENO,CUPENO,cupe1243,Cupeño
UA.TEPIMAN.NORTHERN_TEPEHUAN,NORTHERN_TEPEHUAN,nort2959,Northern Tepehuan
UA.TEPIMAN.SOUTHERN_TEPEHUAN,SOUTHERN_TEPEHUAN,sout2976,Southeastern Tepehuan
UA.TEPIMAN.TEPECANO,TEPECANO,tepe1278,Tepecano
UA.TEPIMAN.PIMA_BAJO,PIMA_BAJO,pima1248,Pima Bajo
UA.TEPIMAN.LOWER_PIMA,LOWER_PIMA,pima1248,Pima Bajo
UA.TEPIMAN.TOHONO_OODHAM,TOHONO_OODHAM,toho1245,Tohono O'odham
UA.TEPIMAN.UPPER_PIMA,UPPER_PIMA,toho1245,Tohono O'odham
UA.TARAHUMARAN.CENTRAL_TARAHUMARA,CENTRAL_TARAHUMARA,cent2131,Central Tarahumara
UA.TARAHUMARAN.HUARIJIO,HUARIJIO,huar1255,Huarijio
UA.TARAHUMARAN.GUARIJIO,GUARIJIO,huar1255,Huarijio
UA.TARAHUMARAN.WARIHIO,WARIHIO,huar1255,Huarijio
UA.TUBAR.TUBAR,TUBAR,tuba1279,Tubar
UA.CAHITA.EUDEVE,EUDEVE,opat1246,Teguima
UA.CAHITA.OPATA,OPATA,opat1246,Teguima
UA.CAHITA.YAQUI,YAQUI,yaqu1251,Yaqui
UA.CAHITA.YAQUI_2,YAQUI_2,yaqu1251,Yaqui
UA.CAHITA.MAYO,MAYO,mayo1264,Mayo
UA.CAHITA.MAYO_LOS_CAPOMOS,MAYO_LOS_CAPOMOS,mayo1264,Mayo
UA.CORACHOL.HUICHOL,HUICHOL,huic1243,Huichol
UA.CORACHOL.EL_NAYAR_CORA,EL_NAYAR_CORA,elna1235,El Nayar Cora
UA.AZTECAN.NAHUATL_AMILCINGO_ZACUALPAN,NAHUATL_AMILCINGO_ZACUALPAN,,
UA.AZTECAN.NAHUATL_HUEYAPAN_TETELA_DEL_VOLCAN,NAHUATL_HUEYAPAN_TETELA_DEL_VOLCAN,,
UA.AZTECAN.NAHUATL_ACAXOCHITLAN,NAHUATL_ACAXOCHITLAN,,
UA.AZTECAN.NAHUATL_COYOTEPEC,NAHUATL_COYOTEPEC,,
UA.AZTECAN.NAHUATL_SAN_FRANCISCO_TLALNEPANTLA,NAHUATL_SAN_FRANCISCO_TLALNEPANTLA,,
UA.AZTECAN.TETELCINGO_NAHUATL,TETELCINGO_NAHUATL,tete1251,Tetelcingo Nahuatl
UA.AZTECAN.NAHUATL_SAN_MIGUEL_AYOTLA,NAHUATL_SAN_MIGUEL_AYOTLA,cent2132,Tlaxcala-Puebla-Central Nahuatl
UA.AZTECAN.NAHUATL_SAN_PEDRO_TLALCUAPAN_SANTA_ANA_CHIAUTEMPAN,NAHUATL_SAN_PEDRO_TLALCUAPAN_SANTA_ANA_CHIAUTEMPAN,cent2132,Tlaxcala-Puebla-Central Nahuatl
UA.AZTECAN.CLASSICAL_NAHUATL,CLASSICAL_NAHUATL,clas1250,Classical Nahuatl
UA.AZTECAN.NAHUATL_XILOCUAUTLA_HUAUCHINANGO,NAHUATL_XILOCUAUTLA_HUAUCHINANGO,nort2957,Northern Puebla Nahuatl
UA.AZTECAN.NAHUATL_DEL_NORTE_DEL_ESTADO_DE_PUEBLA,NAHUATL_DEL_NORTE_DEL_ESTADO_DE_PUEBLA,nort2957,Northern Puebla Nahuatl
UA.AZTECAN.POCHUTLA_NAHUATL,POCHUTLA_NAHUATL,poch1244,Pochutec
UA.AZTECAN.NAHUATL_TEPOTZTLAN,NAHUATL_TEPOTZTLAN,more1259,Morelos Nahuatl
UA.AZTECAN.NAHUATL_SAN_JERONINO_AMANALCO,NAHUATL_SAN_JERONINO_AMANALCO,,
UA.AZTECAN.NAHUATL_XOXOCOTLA_PUENTE_DE_IXTLA,NAHUATL_XOXOCOTLA_PUENTE_DE_IXTLA,,
UA.AZTECAN.NAHUATL_AXOCHIAPAN,NAHUATL_AXOCHIAPAN,,
UA.AZTECAN.NAHUATL_ATLACHOLOAYA_XOCHITEPEC,NAHUATL_ATLACHOLOAYA_XOCHITEPEC,tlam1239,Tlamacazapa Nahuatl
UA.AZTECAN.NAHUATL_CUENTEPEC_TEMIXCO,NAHUATL_CUENTEPEC_TEMIXCO,tlam1239,Tlamacazapa Nahuatl
UA.AZTECAN.NAHUATL_CHILACACHAPA_CUETZALA_DEL_PROGRESO,NAHUATL_CHILACACHAPA_CUETZALA_DEL_PROGRESO,coat1240,Coatepec Nahuatl
UA.AZTECAN.NAHUATL_COATEPEC_COSTALES,NAHUATL_COATEPEC_COSTALES,coat1240,Coatepec Nahuatl
UA.AZTECAN.NAHUATL_COATEPEC_COSTALES_TELEOLOAPAN,NAHUATL_COATEPEC_COSTALES_TELEOLOAPAN,coat1240,Coatepec Nahuatl
UA.AZTECAN.NAHUATL_XALATZALA_TLAPA,NAHUATL_XALATZALA_TLAPA,,
UA.AZTECAN.NAHUATL_XALPATLAHUAC,NAHUATL_XALPATLAHUAC,,
UA.AZTECAN.NAHUATL_QUETZALAPA_AZOYU,NAHUATL_QUETZALAPA_AZOYU,,
UA.AZTECAN.NAHUATL_POMARO_AQUILA,NAHUATL_POMARO_AQUILA,mich1245,Michoacán Nahuatl
UA.AZTECAN.NAHUATL_SAN_AGUSTIN_DE_BUENAVENTURA,NAHUATL_SAN_AGUSTIN_DE_BUENAVENTURA,west2778,Western Durango Nahuatl
UA.AZTECAN.NAHUATL_SAN_PEDRO_JICORA,NAHUATL_SAN_PEDRO_JICORA,,
UA.AZTECAN.NAHUATL_SAN_JOSE_MIAHUATLAN,NAHUATL_SAN_JOSE_MIAHUATLAN,sout2973,Southeastern Puebla Nahuatl
UA.AZTECAN.NAHUATL_SAN_PABLO_ZOQUITLAN,NAHUATL_SAN_PABLO_ZOQUITLAN,sier1248,Sierra Negra Nahuatl
UA.AZTECAN.NAHUATL_HUATLATLAUCA,NAHUATL_HUATLATLAUCA,cent2133,Central Puebla Nahuatl
UA.AZTECAN.NAHUATL_JICOCINGO_ZACATLAN,NAHUATL_JICOCINGO_ZACATLAN,,
UA.AZTECAN.NAHUATL_SANTA_ANA_TLACOTENCO,NAHUATL_SANTA_ANA_TLACOTENCO,,
UA.AZTECAN.NAHUATL_CUACUILA_HUAUCHINANGO,NAHUATL_CUACUILA_HUAUCHINANGO,zaca1241,Zacatlán-Ahuacatlán-Tepetzintla Nahuatl
UA.AZTECAN.NAHUATL_JALATLACO,NAHUATL_JALATLACO,,
UA.AZTECAN.NAHUATL_STA_MA_COAPAN,NAHUATL_STA_MA_COAPAN,high1278,Highland Puebla Nahuatl
UA.AZTECAN.NAHUATL_CHICHIQUILA,NAHUATL_CHICHIQUILA,,
UA.AZTECAN.NAHUATL_RAFAEL_DELGADO,NAHUATL_RAFAEL_DELGADO,huax1236,Huaxcaleca Nahuatl
UA.AZTECAN.NAHUATL_SANTA_MARIA_TEOPOXCO,NAHUATL_SANTA_MARIA_TEOPOXCO,,
UA.AZTECAN.NAHUATL_SAN_BERNARDINO_TEOTITLAN_DEL_CAMINO,NAHUATL_SAN_BERNARDINO_TEOTITLAN_DEL_CAMINO,nort2958,Northern Oaxaca Nahuatl
UA.AZTECAN.NAHUATL_SAN_AGUSTIN_OAPAN,NAHUATL_SAN_AGUSTIN_OAPAN,guer1241,Central Guerrero Nahuatl
UA.AZTECAN.NAHUATL_XAALITLA_TEPECUAUILCO,NAHUATL_XAALITLA_TEPECUAUILCO,,
UA.AZTECAN.NAHUATL_HUITZILTEPEC_ZUMPANGO_DEL_RIO,NAHUATL_HUITZILTEPEC_ZUMPANGO_DEL_RIO,guer1241,Central Guerrero Nahuatl
UA.AZTECAN.NAHUATL_ATLIACA_TIXTLA,NAHUATL_ATLIACA_TIXTLA,guer1241,Central Guerrero Nahuatl
UA.AZTECAN.NAHUATL_ACATLAN,NAHUATL_ACATLAN,guer1241,Central Guerrero Nahuatl
UA.AZTECAN.NAHUATL_ZITLALA,NAHUATL_ZITLALA,guer1241,Central Guerrero Nahuatl
UA.AZTECAN.PIPIL,PIPIL,pipi1250,Pipil
UA.AZTECAN.NAHUATL_MECAYAPAN,NAHUATL_MECAYAPAN,isth1242,Isthmus-Mecayapan Nahuatl
UA.AZTECAN.NAHUATL_PAJAPAN,NAHUATL_PAJAPAN,isth1241,Isthmus-Pajapan Nahuatl
UA.AZTECAN.TABASCO_NAHUATL_CUPILCO,TABASCO_NAHUATL_CUPILCO,taba1265,Tabasco Nahuatl
UA.AZTECAN.NAHUATL_AYOTOXCO,NAHUATL_AYOTOXCO,,
UA.AZTECAN.NAHUATL_REYES_DE_VALLARTA_TUZAMAPAN,NAHUATL_REYES_DE_VALLARTA_TUZAMAPAN,,
UA.AZTECAN.HIGHLAND_PUEBLA_NAHUATL,HIGHLAND_PUEBLA_NAHUATL,high1278,Highland Puebla Nahuatl
UA.AZTECAN.NAHUATL_SIERRA_DE_ZACAPOAXTLA,NAHUATL_SIERRA_DE_ZACAPOAXTLA,high1278,Highland Puebla Nahuatl
UA.AZTECAN.NAHUATL_CHILOCOYO_HUEHUETLA,NAHUATL_CHILOCOYO_HUEHUETLA,,
UA.AZTECAN.NAHUATL_IXTACAMAXTITLAN,NAHUATL_IXTACAMAXTITLAN,,
UA.AZTECAN.NAHUATL_CHIGNAUTLA,NAHUATL_CHIGNAUTLA,,
UA.AZTECAN.NAHUATL_CUAMELC0_TIANGUISTENGO,NAHUATL_CUAMELC0_TIANGUISTENGO,,
UA.AZTECAN.NAHUATL_CUATLAMAYAN_ANTONIO_SANTOS,NAHUATL_CUATLAMAYAN_ANTONIO_SANTOS,,
UA.AZTECAN.NAHUATL_CHINANCAHUATL_ZACUALTIPAN,NAHUATL_CHINANCAHUATL_ZACUALTIPAN,,
UA.AZTECAN.NAHUATL_ZAHUASTIPAN_SAN_AUGUSTIN_METZQUITITLAN,NAHUATL_ZAHUASTIPAN_SAN_AUGUSTIN_METZQUITITLAN,,
UA.AZTECAN.NAHUATL_LAS_BALSAS,NAHUATL_LAS_BALSAS,,
UA.AZTECAN.NAHUATL_XOCHIATIPAN,NAHUATL_XOCHIATIPAN,,
UA.AZTECAN.NAHUATL_MONTEGRANDE_PLATON_SANCHEZ,NAHUATL_MONTEGRANDE_PLATON_SANCHEZ,,
UA.AZTECAN.NAHUATL_CHICONTEPEC,NAHUATL_CHICONTEPEC,cent2134,Central Huasteca Nahuatl
UA.AZTECAN.NAHUATL_COXCATLAN,NAHUATL_COXCATLAN,west2624,Western Huasteca Nahuatl
UA.AZTECAN.NAHUATL_TLALNEPANTLA_TAMAZUNCHALE,NAHUATL_TLALNEPANTLA_TAMAZUNCHALE,,
UA.AZTECAN.NAHUATL_XILITLA,NAHUATL_XILITLA,,
UA.AZTECAN.NAHUATL_HUEYATI_YAHUALICA,NAHUATL_HUEYATI_YAHUALICA,,
UA.AZTECAN.NAHUATL_BUENOS_AIRES_ALAMO,NAHUATL_BUENOS_AIRES_ALAMO,east2538,Eastern Huasteca Nahuatl
UA.AZTECAN.NAHUATL_IXHUATLAN_DE_MADERO,NAHUATL_IXHUATLAN_DE_MADERO,,
UA.AZTECAN.NAHUATL_LA_REFORMA_TEPEHUACAN_DE_GUERRERO,NAHUATL_LA_REFORMA_TEPEHUACAN_DE_GUERRERO,,
Cam.CAMSA.KAMSA,KAMSA,cams1241,Camsá
Yan.YANOMAM.SANIMA,SANIMA,sanu1240,Sanumá
Yan.YANOMAM.SANUMA,SANUMA,sanu1240,Sanumá
Yan.YANOMAM.YANOMAME,YANOMAME,yano1261,Yanomamö
Yan.YANOMAM.YANOMAM,YANOMAM,yano1262,Yanomám
Yan.YANOMAM.YANOMAMI,YANOMAMI,yano1262,Yanomám
Yan.YANOMAM.YANAM,YANAM,nina1238,Ninam
Yan.YANOMAM.YANAM_2,YANAM_2,nina1238,Ninam
Yan.YANOMAM.NINAM,NINAM,nina1238,Ninam
Yan.YANOMAM.SHIRISHANA,SHIRISHANA,nina1238,Ninam
Mol.MOLOF.MOLOF,MOLOF,molo1262,Molof
Sep.SEPIK_HILL.PAUPE,PAUPE,,
Keh.KEHU.KEHU,KEHU,kehu1238,Kehu
Jap.JAPANESE.EI_JAPANESE,EI_JAPANESE,nucl1643,Japanese
Jap.JAPANESE.TAKARAJIMA_JAPANESE,TAKARAJIMA_JAPANESE,nucl1643,Japanese
Jap.JAPANESE.JAPANESE_KYOTO,JAPANESE_KYOTO,nucl1643,Japanese
Jap.JAPANESE.TOKYO_JAPANESE,TOKYO_JAPANESE,nucl1643,Japanese
Jap.JAPANESE.JAPANESE_2,JAPANESE_2,nucl1643,Japanese
Jap.JAPANESE.JAPANESE,JAPANESE,nucl1643,Japanese
Jap.JAPANESE.YONAMINE,YONAMINE,kuni1268,Kunigami
Jap.JAPANESE.SHURI,SHURI,cent2126,Central Okinawan
Jap.JAPANESE.NAHA,NAHA,cent2126,Central Okinawan
Jap.JAPANESE.IZENA_KUNIGAMI,IZENA_KUNIGAMI,kuni1268,Kunigami
Jap.JAPANESE.YAMAZATO_OKINAWAN,YAMAZATO_OKINAWAN,cent2126,Central Okinawan
Jap.JAPANESE.AKAJIMA_OKINAWAN,AKAJIMA_OKINAWAN,cent2126,Central Okinawan
Jap.JAPANESE.HIGA_OKINAWAN,HIGA_OKINAWAN,cent2126,Central Okinawan
Jap.JAPANESE.KAMIKATETSU_KIKAI,KAMIKATETSU_KIKAI,kika1239,Kikai
Jap.JAPANESE.YORON,YORON,yoro1243,Yoron
Jap.JAPANESE.TOKUWASE,TOKUWASE,toku1246,Toku-No-Shima
Jap.JAPANESE.NORTHERN_AMAMI_OSHIMA,NORTHERN_AMAMI_OSHIMA,nort2935,Northern Amami-Oshima
Jap.JAPANESE.SANI_AMAMI,SANI_AMAMI,nort2935,Northern Amami-Oshima
Jap.JAPANESE.FUKUSATO_MIYAKO,FUKUSATO_MIYAKO,miya1259,Miyako
Jap.JAPANESE.MIYAKO,MIYAKO,miya1259,Miyako
Jap.JAPANESE.NISHIHARA_MIYAKO,NISHIHARA_MIYAKO,miya1259,Miyako
Jap.JAPANESE.AZA_IRABU_MIYAKO,AZA_IRABU_MIYAKO,miya1259,Miyako
Jap.JAPANESE.KUNINAKA_MIYAKO,KUNINAKA_MIYAKO,miya1259,Miyako
Jap.JAPANESE.KOMI_YAEYAMA,KOMI_YAEYAMA,yaey1239,Yaeyama
Jap.JAPANESE.HATERUMA_YAEYAMA,HATERUMA_YAEYAMA,yaey1239,Yaeyama
Jap.JAPANESE.KOHAMA_YAEYAMA,KOHAMA_YAEYAMA,yaey1239,Yaeyama
Jap.JAPANESE.KABIRA_YAEYAMA,KABIRA_YAEYAMA,yaey1239,Yaeyama
Jap.JAPANESE.YAEYAMA,YAEYAMA,yaey1239,Yaeyama
Jap.JAPANESE.KUROSHIMA_YAEYAMA,KUROSHIMA_YAEYAMA,yaey1239,Yaeyama
Jap.JAPANESE.UEHARA_YAEYAMA,UEHARA_YAEYAMA,yaey1239,Yaeyama
Jap.JAPANESE.YONAGUNI,YONAGUNI,yona1241,Yonaguni
Jap.JAPANESE.TAKETOMI_YAEYAMA,TAKETOMI_YAEYAMA,yaey1239,Yaeyama
Mur.MURA.PIRAHA,PIRAHA,pira1253,Pirahã
Alg.YUROK.YUROK,YUROK,yuro1248,Yurok
Alg.WIYOT.WIYOT,WIYOT,wiyo1248,Wiyot
Alg.ALGONQUIAN.CHEYENNE,CHEYENNE,chey1247,Cheyenne
Alg.ALGONQUIAN.ARAPAHO,ARAPAHO,arap1274,Arapaho
Alg.ALGONQUIAN.GROS_VENTRE,GROS_VENTRE,gros1243,Gros Ventre
Alg.ALGONQUIAN.BLACKFOOT,BLACKFOOT,siks1238,Siksika
Alg.ALGONQUIAN.POWHATAN_UnnamedInSource,POWHATAN_UnnamedInSource,powh1243,Powhatan
Alg.ALGONQUIAN.WAMPANOAG_NATICK,WAMPANOAG_NATICK,wamp1249,Wampanoag
Alg.ALGONQUIAN.MAHICAN,MAHICAN,mahi1248,Mahican
Alg.ALGONQUIAN.DELAWARE_MUNSEE,DELAWARE_MUNSEE,muns1251,Munsee
Alg.ALGONQUIAN.UNAMI_UnnamedInSource,UNAMI_UnnamedInSource,unam1242,Unami
Alg.ALGONQUIAN.PASSAMAQUODDY_MALISEET_UnnamedInSource,PASSAMAQUODDY_MALISEET_UnnamedInSource,male1292,Malecite-Passamaquoddy
Alg.ALGONQUIAN.MICMAC,MICMAC,mikm1235,Mi'kmaq
Alg.ALGONQUIAN.MOHEGAN,MOHEGAN,pequ1242,Pequot-Mohegan
Alg.ALGONQUIAN.ABNAKI_EASTERN,ABNAKI_EASTERN,east2544,Eastern Abenaki
Alg.ALGONQUIAN.ABNAKI_WESTERN,ABNAKI_WESTERN,west2630,Western Abenaki
Alg.ALGONQUIAN.ATIKAMEKW,ATIKAMEKW,atik1240,Atikamekw
Alg.ALGONQUIAN.MONTAGNAIS,MONTAGNAIS,mont1268,Montagnais
Alg.ALGONQUIAN.NASKAPI,NASKAPI,nask1242,Naskapi
Alg.ALGONQUIAN.CREE_WOODS,CREE_WOODS,wood1236,Woods Cree
Alg.ALGONQUIAN.MENOMINEE,MENOMINEE,meno1252,Menominee
Alg.ALGONQUIAN.SHAWNEE,SHAWNEE,shaw1249,Shawnee
Alg.ALGONQUIAN.KASKASKIA_ILLINOIS,KASKASKIA_ILLINOIS,miam1252,Miami
Alg.ALGONQUIAN.MIAMI,MIAMI,miam1252,Miami
Alg.ALGONQUIAN.FOX,FOX,mesk1242,Meskwaki
Alg.ALGONQUIAN.KICKAPOO,KICKAPOO,kick1244,Kickapoo
Alg.ALGONQUIAN.POTAWATOMI,POTAWATOMI,pota1247,Potawatomi
Alg.ALGONQUIAN.OTTAWA,OTTAWA,,
Alg.ALGONQUIAN.ALGONQUIN,ALGONQUIN,algo1255,Algonquin
Alg.ALGONQUIAN.OJIBWA_SEVERN,OJIBWA_SEVERN,seve1240,Severn Ojibwa
Alg.ALGONQUIAN.CHIPPEWA,CHIPPEWA,chip1241,Chippewa
Alg.ALGONQUIAN.OJIBWA_EASTERN,OJIBWA_EASTERN,east2542,Eastern Ojibwa
Can.CANICHANA.CANICHANA,CANICHANA,cani1243,Canichana
Cnd.CANDOSHI.CANDOSHI,CANDOSHI,cand1248,Candoshi-Shapra
Mas.MASCOIAN.SANAPANA_ENLHET,SANAPANA_ENLHET,nort2971,Enlhet Norte
Mas.MASCOIAN.SANAPANA_ANGAITE,SANAPANA_ANGAITE,anga1316,Angaité
Mas.MASCOIAN.LENGUA,LENGUA,sout2989,Enxet Sur
Mas.MASCOIAN.LENGUA_2,LENGUA_2,sout2989,Enxet Sur
Yuc.YUCHI.YUCHI,YUCHI,yuch1247,Yuchi
Zap.ZAPAROAN.OMURANO,OMURANO,omur1241,Omurano
MGe.KAMAKAN.KAMAKAN,KAMAKAN,kama1372,Kamakan
Ton.TONKAWA.TONKAWA,TONKAWA,tonk1249,Tonkawa
Gcu.KADIWEU.KADIWEU,KADIWEU,kadi1248,Kadiwéu
Gcu.SOUTH_GUAICURUAN.ABIPON,ABIPON,abip1241,Abipon
Gcu.SOUTH_GUAICURUAN.MOCOVI,MOCOVI,moco1246,Mocoví
Gcu.SOUTH_GUAICURUAN.PILAGA,PILAGA,pila1245,Pilagá
Gcu.SOUTH_GUAICURUAN.TOBA,TOBA,toba1269,Toba
Pay.PAYAGUA.PAYAGUA,PAYAGUA,,
Mat.MATACOAN.MACA,MACA,maca1260,Maká
Mat.MATACOAN.NIVACLE,NIVACLE,niva1238,Nivaclé
Mat.MATACOAN.CHOROTE,CHOROTE,iyoj1235,Riverine Chorote
Mat.MATACOAN.CHOROTE_IYOWUJWA,CHOROTE_IYOWUJWA,iyow1239,Forest Chorote
Mat.MATACOAN.MATACO,MATACO,wich1264,Güisnay
Mat.MATACOAN.WICHI_LHAMTES_VEJOZ,WICHI_LHAMTES_VEJOZ,wich1263,Vejoz
Mat.MATACOAN.WICHI_LHAMTES,WICHI_LHAMTES,wich1263,Vejoz
Mat.MATACOAN.WICHI_LHAMTES_GUISNAY,WICHI_LHAMTES_GUISNAY,wich1264,Güisnay
MGe.YATE.FULNIO,FULNIO,fuln1247,Fulniô
Mus.MUSKOGEAN.CREEK,CREEK,cree1270,Creek
Mus.MUSKOGEAN.MIKASUKI,MIKASUKI,mika1239,Mikasuki
Mus.MUSKOGEAN.CHICKASAW,CHICKASAW,chic1270,Chickasaw
Mus.MUSKOGEAN.CHOCTAW,CHOCTAW,choc1276,Choctaw
Mus.MUSKOGEAN.ALABAMA,ALABAMA,alab1237,Alabama
Mus.MUSKOGEAN.KOASATI,KOASATI,koas1236,Koasati
Tim.TIMUCUA.TIMUCUA,TIMUCUA,timu1245,Timucua
May.MAYAN.HUASTEC,HUASTEC,huas1242,Huastec
May.MAYAN.CHICOMUCELTEC,CHICOMUCELTEC,chic1271,Chicomuceltec
May.MAYAN.HUASTEC_VERACRUZ,HUASTEC_VERACRUZ,huas1242,Huastec
May.MAYAN.ITZAJ,ITZAJ,itza1241,Itza'
May.MAYAN.MOPAN,MOPAN,mopa1243,Mopan
May.MAYAN.MOPAN_SAN_LUIS_PETEN,MOPAN_SAN_LUIS_PETEN,mopa1243,Mopan
May.MAYAN.MAYA_YUCATAN,MAYA_YUCATAN,yuca1254,Yucatec Maya
May.MAYAN.LACANDON,LACANDON,laca1243,Lacandon
May.MAYAN.MAYA_YUCATECA,MAYA_YUCATECA,yuca1254,Yucatec Maya
May.MAYAN.TOJOLABAL,TOJOLABAL,tojo1241,Tojolabal
May.MAYAN.CHUJ_SAN_MATEO_IXTATAN,CHUJ_SAN_MATEO_IXTATAN,chuj1250,Chuj
May.MAYAN.CHUJ,CHUJ,chuj1250,Chuj
May.MAYAN.MOCHO,MOCHO,moch1257,Mocho
May.MAYAN.ACATECO_SAN_MIGUEL_ACATAN,ACATECO_SAN_MIGUEL_ACATAN,west2635,Akateko
May.MAYAN.QANJOBAL_SANTA_EULALIA,QANJOBAL_SANTA_EULALIA,qanj1241,Q'anjob'al
May.MAYAN.JAKALTEKO_EASTERN,JAKALTEKO_EASTERN,popt1235,Popti'
May.MAYAN.JACALTEC,JACALTEC,popt1235,Popti'
May.MAYAN.JACALTECO_WESTERN,JACALTECO_WESTERN,popt1235,Popti'
May.MAYAN.CHOL_TILA,CHOL_TILA,chol1282,Chol
May.MAYAN.CHOL_TUMBALA,CHOL_TUMBALA,chol1282,Chol
May.MAYAN.CHONTAL_TABASCO,CHONTAL_TABASCO,taba1266,Tabasco Chontal
May.MAYAN.CHORTI,CHORTI,chor1273,Ch'orti'
May.MAYAN.CHOLTI,CHOLTI,,
May.MAYAN.CHORTI_JOCOTAN,CHORTI_JOCOTAN,chor1273,Ch'orti'
May.MAYAN.TZELTAL_BACHAJON,TZELTAL_BACHAJON,tzel1254,Tzeltal
May.MAYAN.TZELTAL_OXCHUC,TZELTAL_OXCHUC,tzel1254,Tzeltal
May.MAYAN.TZOTZIL_ZINACANTAN_1600,TZOTZIL_ZINACANTAN_1600,,
May.MAYAN.TZOTZIL_VENUSTIANO_CARRANZA,TZOTZIL_VENUSTIANO_CARRANZA,tzot1259,Tzotzil
May.MAYAN.TZOTZIL_SAN_ANDRES,TZOTZIL_SAN_ANDRES,tzot1259,Tzotzil
May.MAYAN.TZOTZIL_HUIXTAN,TZOTZIL_HUIXTAN,tzot1259,Tzotzil
May.MAYAN.ZINACANTAN_TZOTZIL,ZINACANTAN_TZOTZIL,tzot1259,Tzotzil
May.MAYAN.AGUACATECO_AGUACATAN,AGUACATECO_AGUACATAN,agua1252,Aguacateco
May.MAYAN.AGUACATEC,AGUACATEC,agua1252,Aguacateco
May.MAYAN.IXIL_CHAJUL,IXIL_CHAJUL,ixil1251,Ixil
May.MAYAN.TECO_TECTITAN,TECO_TECTITAN,tekt1235,Tektiteko
May.MAYAN.NORTHERN_MAM_SAN_ILDEFONSO_IXTAHUACAN,NORTHERN_MAM_SAN_ILDEFONSO_IXTAHUACAN,mamm1241,Mam
May.MAYAN.MAM_TECTITAN,MAM_TECTITAN,tekt1235,Tektiteko
May.MAYAN.MAM_TACANA_3,MAM_TACANA_3,mamm1241,Mam
May.MAYAN.MAM_TACANA_1,MAM_TACANA_1,mamm1241,Mam
May.MAYAN.MAM_TACANA_2,MAM_TACANA_2,mamm1241,Mam
May.MAYAN.MAM_NORTHERN,MAM_NORTHERN,mamm1241,Mam
May.MAYAN.MAM_SAN_SEBASTIAN_H,MAM_SAN_SEBASTIAN_H,mamm1241,Mam
May.MAYAN.MAM_SANTIAGO_CHIMALTENANGO,MAM_SANTIAGO_CHIMALTENANGO,mamm1241,Mam
May.MAYAN.MAM_TODOS_SANTOS_CUCHUMATAN_3,MAM_TODOS_SANTOS_CUCHUMATAN_3,mamm1241,Mam
May.MAYAN.MAM_TODOS_SANTOS_CUCHUMATAN_1,MAM_TODOS_SANTOS_CUCHUMATAN_1,mamm1241,Mam
May.MAYAN.MAM_TODOS_SANTOS_CUCHUMATAN_2,MAM_TODOS_SANTOS_CUCHUMATAN_2,mamm1241,Mam
May.MAYAN.MAM_SAN_ILDEFONSO_IXTAHUACAN,MAM_SAN_ILDEFONSO_IXTAHUACAN,mamm1241,Mam
May.MAYAN.MAM_SAN_JUAN_ATITLAN,MAM_SAN_JUAN_ATITLAN,mamm1241,Mam
May.MAYAN.MAM_SAN_RAFAEL_PETZAL,MAM_SAN_RAFAEL_PETZAL,mamm1241,Mam
May.MAYAN.MAM_SAN_GASPAR_IXCHIL,MAM_SAN_GASPAR_IXCHIL,mamm1241,Mam
May.MAYAN.MAM_SAN_PEDRO_NECTA,MAM_SAN_PEDRO_NECTA,mamm1241,Mam
May.MAYAN.MAM_SANTA_BARBARA,MAM_SANTA_BARBARA,mamm1241,Mam
May.MAYAN.MAM_CABRICAN,MAM_CABRICAN,mamm1241,Mam
May.MAYAN.SOUTHERN_MAM_SAN_JUAN_OSTUNCALCO,SOUTHERN_MAM_SAN_JUAN_OSTUNCALCO,mamm1241,Mam
May.MAYAN.MAM_SAN_MIGUEL_SIGUILA,MAM_SAN_MIGUEL_SIGUILA,mamm1241,Mam
May.MAYAN.MAM_CAJOLA,MAM_CAJOLA,mamm1241,Mam
May.MAYAN.MAM_CONSEPCION_CHIQUIRICHAPA,MAM_CONSEPCION_CHIQUIRICHAPA,mamm1241,Mam
May.MAYAN.MAM_SAN_JUAN_OSTUNCALCO,MAM_SAN_JUAN_OSTUNCALCO,mamm1241,Mam
May.MAYAN.MAM_SAN_MARTIN_SACATEPEQUEZ,MAM_SAN_MARTIN_SACATEPEQUEZ,mamm1241,Mam
May.MAYAN.POQOMCHI_WESTERN,POQOMCHI_WESTERN,poqo1254,Poqomchi'
May.MAYAN.WESTERN_POCOMAM_SAN_CRISTOBAL_VERAPAZ,WESTERN_POCOMAM_SAN_CRISTOBAL_VERAPAZ,poqo1253,Poqomam
May.MAYAN.POCOMAM_EASTERN,POCOMAM_EASTERN,poqo1253,Poqomam
May.MAYAN.POCOMAM_SAN_LUIS_JILOTEPEQUE,POCOMAM_SAN_LUIS_JILOTEPEQUE,poqo1253,Poqomam
May.MAYAN.EASTERN_KEKCHI_CAHABON,EASTERN_KEKCHI_CAHABON,kekc1242,Q'eqchi'
May.MAYAN.KEKCHI,KEKCHI,kekc1242,Q'eqchi'
May.MAYAN.WESTERN_KEKCHI_SAN_JUAN_CHAMELCO,WESTERN_KEKCHI_SAN_JUAN_CHAMELCO,kekc1242,Q'eqchi'
May.MAYAN.USPANTEKO,USPANTEKO,uspa1245,Uspanteco
May.MAYAN.SIPAKAPENSE,SIPAKAPENSE,sipa1247,Sipacapense
May.MAYAN.SACAPULTECO_SACAPULAS_CENTRO,SACAPULTECO_SACAPULAS_CENTRO,saca1238,Sacapulteco
May.MAYAN.TZUTUJIL_WESTERN,TZUTUJIL_WESTERN,tzut1248,Tz'utujil
May.MAYAN.TZUTUJIL_SANTIAGO_ATITLAN,TZUTUJIL_SANTIAGO_ATITLAN,tzut1248,Tz'utujil
May.MAYAN.TZUTUJIL_SAN_JUAN_LA_LAGUNA,TZUTUJIL_SAN_JUAN_LA_LAGUNA,tzut1248,Tz'utujil
May.MAYAN.SOUTHERN_CAKCHIQUEL_SAN_ANDRES_ITZAPA,SOUTHERN_CAKCHIQUEL_SAN_ANDRES_ITZAPA,kaqc1270,Kaqchikel
May.MAYAN.WESTERN_CAKCHIQUEL_PATZUN,WESTERN_CAKCHIQUEL_PATZUN,kaqc1270,Kaqchikel
May.MAYAN.NORTHERN_CAKCHIQUEL_TECPAN,NORTHERN_CAKCHIQUEL_TECPAN,kaqc1270,Kaqchikel
May.MAYAN.NORTHERN_CAKCHIQUEL_SAN_MARTIN_JILOTEPEQUE,NORTHERN_CAKCHIQUEL_SAN_MARTIN_JILOTEPEQUE,kaqc1270,Kaqchikel
May.MAYAN.EASTERN_QUICHE_RABINAL,EASTERN_QUICHE_RABINAL,achi1256,Achi
May.MAYAN.WESTERN_QUICHE_SANTA_CATARINA_IXTAHUACAN,WESTERN_QUICHE_SANTA_CATARINA_IXTAHUACAN,kich1262,K'iche'
May.MAYAN.CENTRAL_QUICHE,CENTRAL_QUICHE,kich1262,K'iche'
May.MAYAN.WESTERN_QUICHE_TOTONICAPAN,WESTERN_QUICHE_TOTONICAPAN,kich1262,K'iche'
May.MAYAN.WESTERN_QUICHE_MOMOSTENANGO,WESTERN_QUICHE_MOMOSTENANGO,kich1262,K'iche'
May.MAYAN.CENTRAL_QUICHE_SANTA_MARIA_CHIQUIMULA,CENTRAL_QUICHE_SANTA_MARIA_CHIQUIMULA,kich1262,K'iche'
May.MAYAN.KICHE,KICHE,kich1262,K'iche'
May.MAYAN.QUICHE,QUICHE,kich1262,K'iche'
May.MAYAN.KICHEE_SANTA_MARIA_CHIQUIMULA_2,KICHEE_SANTA_MARIA_CHIQUIMULA_2,kich1262,K'iche'
May.MAYAN.KICHEE_SANTA_CRUZ_DE_EL_QUICHE,KICHEE_SANTA_CRUZ_DE_EL_QUICHE,kich1262,K'iche'
May.MAYAN.KICHEE_SAN_ANTONIO_ILOTENANGO,KICHEE_SAN_ANTONIO_ILOTENANGO,kich1262,K'iche'
May.MAYAN.KICHEE_JOYABAJ_2,KICHEE_JOYABAJ_2,kich1262,K'iche'
May.MAYAN.KICHEE_ZACUALPA,KICHEE_ZACUALPA,kich1262,K'iche'
May.MAYAN.KICHEE_ALDEA_ARGUETA_SOLOLA,KICHEE_ALDEA_ARGUETA_SOLOLA,kich1262,K'iche'
May.MAYAN.KICHEE_NAHUALA_1,KICHEE_NAHUALA_1,kich1262,K'iche'
May.MAYAN.KICHEE_SANTA_CLARA_LA_LAGUNA,KICHEE_SANTA_CLARA_LA_LAGUNA,kich1262,K'iche'
May.MAYAN.KICHEE_SANTA_LUCIA_UTATLAN,KICHEE_SANTA_LUCIA_UTATLAN,kich1262,K'iche'
May.MAYAN.KICHEE_NAHUALA_2,KICHEE_NAHUALA_2,kich1262,K'iche'
May.MAYAN.KICHEE_JOYABAJ_1,KICHEE_JOYABAJ_1,kich1262,K'iche'
May.MAYAN.KICHEE_CUBULCO,KICHEE_CUBULCO,kich1262,K'iche'
May.MAYAN.KICHEE_SAN_MIGUEL_CHICAJ,KICHEE_SAN_MIGUEL_CHICAJ,kich1262,K'iche'
May.MAYAN.KICHEE_RABINAL,KICHEE_RABINAL,achi1256,Achi
May.MAYAN.KICHEE_SANTA_MARIA_CHIQUIMULA_1,KICHEE_SANTA_MARIA_CHIQUIMULA_1,kich1262,K'iche'
May.MAYAN.KICHEE_CUNEN_1,KICHEE_CUNEN_1,kich1262,K'iche'
May.MAYAN.KICHEE_CUNEN_2,KICHEE_CUNEN_2,kich1262,K'iche'
May.MAYAN.KICHEE_CHICHICASTENANGO,KICHEE_CHICHICASTENANGO,kich1262,K'iche'
May.MAYAN.KICHEE_TOTONICAPAN_1,KICHEE_TOTONICAPAN_1,kich1262,K'iche'
May.MAYAN.KICHEE_TOTONICAPAN_2,KICHEE_TOTONICAPAN_2,kich1262,K'iche'
May.MAYAN.KICHEE_MOMOSTENANGO,KICHEE_MOMOSTENANGO,kich1262,K'iche'
May.MAYAN.KICHEE_CANTEL,KICHEE_CANTEL,kich1262,K'iche'
May.MAYAN.KICHEE_SAMAYAC_1,KICHEE_SAMAYAC_1,kich1262,K'iche'
May.MAYAN.KICHEE_SAMAYAC_2,KICHEE_SAMAYAC_2,kich1262,K'iche'
May.MAYAN.KICHEE_SAN_JOSE_CHIQUILAJA_QUETZ,KICHEE_SAN_JOSE_CHIQUILAJA_QUETZ,kich1262,K'iche'
May.MAYAN.KICHEE_ZUNIL,KICHEE_ZUNIL,kich1262,K'iche'
Cah.CAHUAPANAN.JEBERO,JEBERO,jebe1250,Jebero
Cah.CAHUAPANAN.CHAYAHUITA,CHAYAHUITA,chay1248,Shawi
Krt.KARTVELIAN.SVAN,SVAN,svan1243,Svan
Krt.KARTVELIAN.GEORGIAN,GEORGIAN,nucl1302,Georgian
Krt.KARTVELIAN.LAZ,LAZ,lazz1240,Laz
Krt.KARTVELIAN.MINGRELIAN,MINGRELIAN,ming1252,Mingrelian
Ele.TATE.KAKI_AE,KAKI_AE,,
TC.TIMOTE_CUICA.CUICA,CUICA,,
TC.TIMOTE_CUICA.MIRRIPU_TIMOTE,MIRRIPU_TIMOTE,,
TNG.TANAHMERAH.TANAHMERAH,TANAHMERAH,tana1288,Tanahmerah
TNG.DUNA.DUNA,DUNA,duna1248,Duna
TNG.DUNA.BOGAYA,BOGAYA,boga1247,Bogaya
Mrw.MORWAP.SAWA,SAWA,else1239,Elseng
Bor.BORDER.AWJI,AWJI,awyi1241,Awyi
Bor.BORDER.TAIKAT,TAIKAT,taik1255,Taikat
Bor.BORDER.MANEM,MANEM,mane1266,Manem
Bor.BORDER.SENGI,SENGI,seng1285,Senggi
Bor.BORDER.IMONDA,IMONDA,imon1245,Imonda
Bor.BORDER.WARIS,WARIS,wari1266,Waris
Bor.BORDER.DAONDA,DAONDA,daon1243,Daonda
Bor.BORDER.AMANAB,AMANAB,aman1265,Amanab
Bor.BORDER.WAINA,WAINA,sowa1245,Sowanda
Bas.BASQUE.BASQUE,BASQUE,basq1248,Basque
Nah.NAHALI.NIHALI,NIHALI,niha1238,Nihali
Nah.NAHALI.NIHALI_2,NIHALI_2,niha1238,Nihali
Nah.NAHALI.NAHALI,NAHALI,niha1238,Nihali
Usk.USKU.USKU,USKU,usku1243,Usku
Nad.NADAHUP.NADEB,NADEB,nade1244,Nadëb
Nad.NADAHUP.DAW,DAW,daww1239,Dâw
Nad.NADAHUP.JUPDA,JUPDA,hupd1244,Hup
Nad.NADAHUP.YUHUP,YUHUP,yuhu1238,Yuhup
ESu.KULIAK.NYANGI,NYANGI,nyan1313,Nyang'i
ESu.KULIAK.TEPES,TEPES,sooo1256,Soo
ESu.KULIAK.IK_2,IK_2,ikkk1242,Ik
ESu.KULIAK.IK,IK,ikkk1242,Ik
TNG.GOILALAN.AFOA,AFOA,,
TNG.GOILALAN.TAUADE,TAUADE,taua1242,Tauade
TNG.GOILALAN.KUNIMAIPA,KUNIMAIPA,kuni1267,Kunimaipa
TNG.GOILALAN.FUYUG_GAGAGRA,FUYUG_GAGAGRA,fuyu1242,Fuyug
TNG.GOILALAN.MAFULU,MAFULU,,
ESu.EASTERN_JEBEL.INGASSANA,INGASSANA,gaam1241,Gaam
ESu.EASTERN_JEBEL.AKA,AKA,akaa1242,Aka
ESu.EASTERN_JEBEL.MOLO,MOLO,molo1257,Molo
ESu.SURMIC.MESENGO,MESENGO,maja1242,Majang
ESu.SURMIC.BAALE,BAALE,kaci1244,Kacipo-Balesi
ESu.SURMIC.ZILMAMU,ZILMAMU,kaci1244,Kacipo-Balesi
ESu.SURMIC.DIDINGA,DIDINGA,didi1258,Didinga
ESu.SURMIC.NARIM_LARIM,NARIM_LARIM,nari1240,Narim
ESu.SURMIC.MURLE,MURLE,murl1244,Murle
ESu.SURMIC.TENNET,TENNET,tenn1246,Tennet
ESu.SURMIC.KWEGU,KWEGU,kweg1241,Kwegu
ESu.SURMIC.MEEN,MEEN,meen1242,Me'en
ESu.SURMIC.MURSI,MURSI,murs1242,Mursi
ESu.SURMIC.SURI_CHAI,SURI_CHAI,suri1267,Tirma-Chai
ESu.SURMIC.TIRMA,TIRMA,suri1267,Tirma-Chai
ESu.TEMEIN.TEMEIN,TEMEIN,nucl1339,Temein
ESu.NYIMANG.AFITTI,AFITTI,afit1238,Afitti
ESu.NYIMANG.AMA_AFRICA,AMA_AFRICA,amas1236,Ama (Sudan)
ESu.NILOTIC.KUKU,KUKU,bari1284,Bari
ESu.NILOTIC.NGYEPU,NGYEPU,bari1284,Bari
ESu.NILOTIC.BARI_SUDAN,BARI_SUDAN,bari1284,Bari
ESu.NILOTIC.NYANGGWARA,NYANGGWARA,bari1284,Bari
ESu.NILOTIC.KAKWA,KAKWA,kakw1240,Kakwa
ESu.NILOTIC.MONDARI,MONDARI,mand1425,Mandari
ESu.NILOTIC.DONGOTONO,DONGOTONO,dong1294,Dongotono
ESu.NILOTIC.LOKOYA,LOKOYA,loko1254,Lokoya
ESu.NILOTIC.ONGAMO,ONGAMO,ngas1238,Ngasa
ESu.NILOTIC.MAASAI,MAASAI,masa1300,Masai
ESu.NILOTIC.CAMUS,CAMUS,samb1315,Samburu
ESu.NILOTIC.SAMPUR,SAMPUR,samb1315,Samburu
ESu.NILOTIC.TESO,TESO,teso1249,Teso
ESu.NILOTIC.TURKANA,TURKANA,turk1308,Turkana
ESu.NILOTIC.KARIMOJONG,KARIMOJONG,kara1483,Karamojong
ESu.NILOTIC.NYANGATOM_2,NYANGATOM_2,nyan1315,Nyangatom
ESu.NILOTIC.NYANGATOM,NYANGATOM,nyan1315,Nyangatom
ESu.NILOTIC.OMOTIK,OMOTIK,omot1239,Omotik
ESu.NILOTIC.DATOOGA_DIALECT_2,DATOOGA_DIALECT_2,dato1239,Barabayiiga-Gisamjanga
ESu.NILOTIC.DATOOGA_DIALECT_3,DATOOGA_DIALECT_3,dato1239,Barabayiiga-Gisamjanga
ESu.NILOTIC.DATOOGA_DIALECT_4,DATOOGA_DIALECT_4,dato1239,Barabayiiga-Gisamjanga
ESu.NILOTIC.DATOOGA_DIALECT_6,DATOOGA_DIALECT_6,dato1239,Barabayiiga-Gisamjanga
ESu.NILOTIC.DATOOGA_DIALECT_5,DATOOGA_DIALECT_5,dato1239,Barabayiiga-Gisamjanga
ESu.NILOTIC.ENDO,ENDO,mark1255,Markweeta
ESu.NILOTIC.POKOT,POKOT,poko1263,Pökoot
ESu.NILOTIC.SOGOO,SOGOO,okie1245,Okiek
ESu.NILOTIC.SABAOT,SABAOT,saba1262,Sabaot
ESu.NILOTIC.KALENJIN,KALENJIN,kips1239,Kipsigis
ESu.NILOTIC.NANDI_2,NANDI_2,nand1266,Nandi
ESu.NILOTIC.NANDI,NANDI,nand1266,Nandi
ESu.NILOTIC.NORTH_TUGEN,NORTH_TUGEN,tuge1241,Tugen
ESu.NILOTIC.NUER,NUER,nuer1246,Nuer
ESu.NILOTIC.DINKA_NORTHWESTERN,DINKA_NORTHWESTERN,nort2816,Northwestern Dinka
ESu.NILOTIC.DINKA_SOUTHEASTERN,DINKA_SOUTHEASTERN,sout2834,Southeastern Dinka
ESu.NILOTIC.DINKA_NORTHEASTERN,DINKA_NORTHEASTERN,nort2815,Northeastern Dinka
ESu.NILOTIC.REK,REK,sout2832,Southwestern Dinka
ESu.NILOTIC.DINKA_SOUTH_CENTRAL,DINKA_SOUTH_CENTRAL,sout2833,South Central Dinka
ESu.NILOTIC.BURUN,BURUN,buru1301,Northern Burun
ESu.NILOTIC.JUMJUM,JUMJUM,jumj1238,Jumjum
ESu.NILOTIC.MABAAN,MABAAN,maba1273,Mabaan
ESu.NILOTIC.SHILLUK,SHILLUK,shil1265,Shilluk
ESu.NILOTIC.GIUR,GIUR,luwo1239,Luwo
ESu.NILOTIC.PARI,PARI,pari1256,Päri
ESu.NILOTIC.ANYUAK,ANYUAK,anua1242,Anuak
ESu.NILOTIC.SHILLUK_2,SHILLUK_2,shil1265,Shilluk
ESu.NILOTIC.ACHOLI,ACHOLI,acol1236,Acoli
ESu.NILOTIC.ACHOLI_2,ACHOLI_2,acol1236,Acoli
ESu.NILOTIC.LANGO,LANGO,lang1324,Lango (Uganda)
ESu.NILOTIC.ALUR,ALUR,alur1250,Alur
ESu.NILOTIC.ADHOLA,ADHOLA,adho1243,Adhola
ESu.NILOTIC.LUO,LUO,luok1236,Luo (Kenya and Tanzania)
Krd.KATLA_TIMA.TIMA,TIMA,tima1241,Tima
Krd.KATLA_TIMA.KATLA,KATLA,katl1237,Katla
Krd.TALODI_PROPER.LUMUN,LUMUN,lumu1239,Lumun
Krd.TALODI_PROPER.DENGEBU,DENGEBU,dagi1241,Dagik
Krd.TALODI_PROPER.NGILE,NGILE,ngil1242,Ngile
Krd.TALODI_PROPER.TOCHO,TOCHO,toch1257,Tocho
Krd.TALODI_PROPER.JOMANG,JOMANG,talo1250,Tasomi-Tata
Krd.TALODI_PROPER.NDING,NDING,ndin1245,Nding
Krd.HEIBAN.KO1,KO1,kooo1244,Ko
Krd.HEIBAN.WARNANG,WARNANG,warn1244,Warnang
Krd.HEIBAN.MORO,MORO,moro1285,Moro
Krd.HEIBAN.TIRO,TIRO,tira1254,Tira
Krd.HEIBAN.SHIRUMBA,SHIRUMBA,shwa1239,Shwai
Krd.HEIBAN.RERE,RERE,koal1240,Koalib-Rere
Krd.HEIBAN.LOGOL,LOGOL,logo1262,Logol
Krd.HEIBAN.UTORO,UTORO,otor1240,Otoro
Krd.HEIBAN.ABUL,ABUL,heib1243,Ebang
Krd.HEIBAN.EBANG,EBANG,heib1243,Ebang
Krd.HEIBAN.LARU_SUDAN,LARU_SUDAN,laro1243,Laru (North Sudan)
HM.HMONG_MIEN.GUNDONG_PA_HNG,GUNDONG_PA_HNG,pahn1237,Pa-Hng
HM.HMONG_MIEN.PA_HNG,PA_HNG,pahn1237,Pa-Hng
HM.HMONG_MIEN.YOUNUO_BUNU,YOUNUO_BUNU,youn1235,Younuo Bunu
HM.HMONG_MIEN.HUANGLUO_BUNU,HUANGLUO_BUNU,youn1235,Younuo Bunu
HM.HMONG_MIEN.LIUXIANG_BUNU,LIUXIANG_BUNU,jion1236,Jiongnai Bunu
HM.HMONG_MIEN.LONGHUA_BUNU,LONGHUA_BUNU,jion1236,Jiongnai Bunu
HM.HMONG_MIEN.LONGHUA_BUNU_2,LONGHUA_BUNU_2,jion1236,Jiongnai Bunu
HM.HMONG_MIEN.CHENHU_SHE,CHENHU_SHE,shee1238,She
HM.HMONG_MIEN.HAIFENG_SHE,HAIFENG_SHE,shee1238,She
HM.HMONG_MIEN.SHE_CHINA,SHE_CHINA,shee1238,She
HM.HMONG_MIEN.LIANHUA_SHE,LIANHUA_SHE,shee1238,She
HM.HMONG_MIEN.YANGHAO_HMONG,YANGHAO_HMONG,nort2747,Northern Qiandong Miao
HM.HMONG_MIEN.HMU,HMU,nort2747,Northern Qiandong Miao
HM.HMONG_MIEN.ZHENFENG_HMONG,ZHENFENG_HMONG,nort2747,Northern Qiandong Miao
HM.HMONG_MIEN.XIANGXI_HMONG,XIANGXI_HMONG,west2430,Western Xiangxi Miao
HM.HMONG_MIEN.LAYIPING_HMONG,LAYIPING_HMONG,west2430,Western Xiangxi Miao
HM.HMONG_MIEN.JIWEI_HMONG,JIWEI_HMONG,west2430,Western Xiangxi Miao
HM.HMONG_MIEN.WESTERN_XIANGXI_HMONG,WESTERN_XIANGXI_HMONG,west2430,Western Xiangxi Miao
HM.HMONG_MIEN.NUMAO_BUNU,NUMAO_BUNU,buna1273,Bunu
HM.HMONG_MIEN.BUNU,BUNU,buna1273,Bunu
HM.HMONG_MIEN.DAHUA_BUNU,DAHUA_BUNU,buna1273,Bunu
HM.HMONG_MIEN.JINGCUN_BUNU,JINGCUN_BUNU,buna1273,Bunu
HM.HMONG_MIEN.HMONG_DAW,HMONG_DAW,hmon1333,Hmong Daw
HM.HMONG_MIEN.PHETCHABUN_HMONG,PHETCHABUN_HMONG,hmon1333,Hmong Daw
HM.HMONG_MIEN.HMONG_NJUA,HMONG_NJUA,hmon1264,Hmong Njua
HM.HMONG_MIEN.TAK_HMONG,TAK_HMONG,hmon1264,Hmong Njua
HM.HMONG_MIEN.DAPING_MIEN,DAPING_MIEN,dzao1238,Dzao Min
HM.HMONG_MIEN.SHUANGLONG_MIEN,SHUANGLONG_MIEN,biao1254,Biao-Jiao Mien
HM.HMONG_MIEN.DONGSHAN_BIAO_MON,DONGSHAN_BIAO_MON,biao1256,Biao Mon
HM.HMONG_MIEN.CHANGPING_BIAO_MON,CHANGPING_BIAO_MON,biao1256,Biao Mon
HM.HMONG_MIEN.DAPINGJIANG_MIEN,DAPINGJIANG_MIEN,iumi1238,Iu Mien
HM.HMONG_MIEN.YAO,YAO,iumi1238,Iu Mien
HM.HMONG_MIEN.CHIANGRAI_MIEN,CHIANGRAI_MIEN,iumi1238,Iu Mien
HM.HMONG_MIEN.TAIPAN_MIEN,TAIPAN_MIEN,iumi1238,Iu Mien
HM.HMONG_MIEN.HAINAN_KIM_MUN,HAINAN_KIM_MUN,kimm1245,Kim Mun
HM.HMONG_MIEN.HAININH_MIEN,HAININH_MIEN,kimm1245,Kim Mun
ST.HRUSISH.BENGRU_HRUSO,BENGRU_HRUSO,,
ST.TUJIA.NORTHERN_TUJIA,NORTHERN_TUJIA,nort2732,Northern Tujia
ST.BAI.JIANCHUAN_BAI_2,JIANCHUAN_BAI_2,cent2004,Central Bai
ST.BAI.QILIQIAO_BAI_2,QILIQIAO_BAI_2,sout2730,Southern Bai
ST.BAI.ZHOUCHENG_BAI_2,ZHOUCHENG_BAI_2,sout2730,Southern Bai
ST.BAI.ERYUAN_BAI,ERYUAN_BAI,cent2004,Central Bai
ST.BAI.YUNLONG_BAI,YUNLONG_BAI,cent2004,Central Bai
ST.BAI.XIANGYUN_BAI,XIANGYUN_BAI,sout2730,Southern Bai
ST.BAI.LANPING_BAI,LANPING_BAI,nort2724,Northern Bai
ST.BAI.JIANCHUAN_BAI,JIANCHUAN_BAI,cent2004,Central Bai
ST.BAI.HEQING_BAI,HEQING_BAI,cent2004,Central Bai
ST.BAI.TUOLUO_BAI,TUOLUO_BAI,nort2724,Northern Bai
ST.BAI.GONGXING_BAI,GONGXING_BAI,nort2724,Northern Bai
ST.BAI.ENQI_BAI,ENQI_BAI,nort2724,Northern Bai
ST.BAI.EGA_BAI,EGA_BAI,nort2724,Northern Bai
ST.BAI.LUOBENZHUO_BAI_2,LUOBENZHUO_BAI_2,nort2724,Northern Bai
ST.BAI.JINMAN_BAI,JINMAN_BAI,nort2724,Northern Bai
ST.BAI.LUOBENZHUO_BAI,LUOBENZHUO_BAI,nort2724,Northern Bai
ST.BAI.MAZHELONG_BAI,MAZHELONG_BAI,sout2730,Southern Bai
ST.BAI.JINXING_BAI,JINXING_BAI,cent2004,Central Bai
ST.BAI.DASHI_BAI,DASHI_BAI,cent2004,Central Bai
ST.BAI.QILIQIAO_BAI,QILIQIAO_BAI,sout2730,Southern Bai
ST.BAI.SHI_BAI,SHI_BAI,cent2004,Central Bai
ST.BAI.XISHAN_BAI,XISHAN_BAI,cent2004,Central Bai
ST.BAI.ZHAOZHUANG_BAI,ZHAOZHUANG_BAI,sout2730,Southern Bai
ST.BAI.ZHOUCHENG_BAI,ZHOUCHENG_BAI,sout2730,Southern Bai
ST.BAI.HEDIAN_BAI,HEDIAN_BAI,sout2730,Southern Bai
ST.BAI.JINDUN_BAI,JINDUN_BAI,cent2004,Central Bai
ST.BAI.LONGMEN_BAI,LONGMEN_BAI,cent2004,Central Bai
ST.BAI.JINDING_BAI,JINDING_BAI,nort2724,Northern Bai
ST.CHINESE.OLD_CHINESE,OLD_CHINESE,oldc1244,Old Chinese
ST.CHINESE.SUZHOU_WU,SUZHOU_WU,wuch1236,Wu Chinese
ST.CHINESE.XIANG,XIANG,xian1251,Xiang Chinese
ST.CHINESE.MIDDLE_CHINESE,MIDDLE_CHINESE,midd1344,Middle Chinese
ST.CHINESE.DUNGAN,DUNGAN,dung1253,Dungan
ST.CHINESE.KUNMING_MANDARIN,KUNMING_MANDARIN,mand1415,Mandarin Chinese
ST.CHINESE.MANDARIN_2,MANDARIN_2,mand1415,Mandarin Chinese
ST.CHINESE.MANDARIN,MANDARIN,mand1415,Mandarin Chinese
ST.CHINESE.CANTONESE,CANTONESE,yuec1235,Yue Chinese
ST.CHINESE.HAKKA,HAKKA,hakk1236,Hakka Chinese
ST.CHINESE.YONGAN_CHINESE,YONGAN_CHINESE,minz1235,Min Zhong Chinese
ST.CHINESE.FUZHOU,FUZHOU,mind1253,Min Dong Chinese
ST.CHINESE.FUZHOU_CHINESE,FUZHOU_CHINESE,mind1253,Min Dong Chinese
ST.CHINESE.PUTIAN_CHINESE,PUTIAN_CHINESE,puxi1243,Pu-Xian Chinese
ST.CHINESE.HAINAN_MINNAN_CHINESE,HAINAN_MINNAN_CHINESE,minn1241,Min Nan Chinese
ST.CHINESE.CHAOYANG_CHINESE,CHAOYANG_CHINESE,minn1241,Min Nan Chinese
ST.CHINESE.AMOY_MINNAN_CHINESE,AMOY_MINNAN_CHINESE,minn1241,Min Nan Chinese
ST.CHINESE.DONGSHAN_CHINESE,DONGSHAN_CHINESE,minn1241,Min Nan Chinese
Sul.SULUNG.PUROIK,PUROIK,sulu1241,Eastern Puroik
Sul.SULUNG.SULUNG,SULUNG,sulu1241,Eastern Puroik
ST.WESTERN_ARUNACHAL.BUGUN,BUGUN,bugu1246,Bugun
ST.KHO_BWA.CHUG,CHUG,chug1252,Duhumbi
ST.KHO_BWA.LISH,LISH,lish1235,Khispi
ST.KHO_BWA.SARTANG,SARTANG,sart1249,Sartang
ST.WESTERN_ARUNACHAL.SHERDUKPEN,SHERDUKPEN,sher1257,Sherdukpen
ST.DIGAROAN.IDU_MISHMI,IDU_MISHMI,idum1241,Idu
ST.DIGAROAN.TARAON,TARAON,diga1241,Tawra
ST.DHAMMAI_UNCLASSIFIED.DHAMMAI,DHAMMAI,saja1240,Sajolang
ST.DHAMMAI_UNCLASSIFIED.MIJI,MIJI,saja1240,Sajolang
ST.KHO_BWA.KORO_INDIA,KORO_INDIA,koro1316,Koro
ST.TANI.ASHING,ASHING,bori1243,Bori-Karko
ST.TANI.MISING,MISING,misi1242,Mising-Padam-Miri-Minyong
ST.TANI.BENGNI,BENGNI,bori1243,Bori-Karko
ST.TANI.BOKAR,BOKAR,bori1243,Bori-Karko
ST.TANI.APATANI,APATANI,apat1240,Apatani
ST.TANI.BANGNI_NYISHI,BANGNI_NYISHI,nyis1236,Nyishi-Hill Miri
ST.TANI.DOUYU_BANGNI,DOUYU_BANGNI,nyis1236,Nyishi-Hill Miri
ST.TANI.ADI_GALO,ADI_GALO,galo1242,Galo
ST.TANI.GALO,GALO,galo1242,Galo
ST.TANI.NISHING,NISHING,nyis1236,Nyishi-Hill Miri
ST.TANI.NISI,NISI,nyis1236,Nyishi-Hill Miri
ST.TANI.NA_INDIA,NA_INDIA,naaa1245,Na
ST.TANI.NISI_TAGIN,NISI_TAGIN,tagi1241,Tagin
ST.DHIMALIC.DHIMAL,DHIMAL,dhim1246,Dhimal
ST.MRU.MRU,MRU,mruu1242,Mru
ST.NORTHERN_NAGA.YOGLI,YOGLI,tase1235,Pangwa Naga
ST.NORTHERN_NAGA.NOCTE,NOCTE,noct1238,Nocte Naga
ST.NORTHERN_NAGA.NAGA_NOCTE,NAGA_NOCTE,noct1238,Nocte Naga
ST.NORTHERN_NAGA.NAGA_WANCHO,NAGA_WANCHO,wanc1238,Wancho Naga
ST.NORTHERN_NAGA.WANCHO,WANCHO,wanc1238,Wancho Naga
ST.NORTHERN_NAGA.CHANG,CHANG,chan1313,Chang Naga
ST.NORTHERN_NAGA.CHANG_2,CHANG_2,chan1313,Chang Naga
ST.NORTHERN_NAGA.NAGA_CHANG,NAGA_CHANG,chan1313,Chang Naga
ST.NORTHERN_NAGA.KONYAK,KONYAK,kony1248,Konyak Naga
ST.NORTHERN_NAGA.NAGA_KONYAK,NAGA_KONYAK,kony1248,Konyak Naga
ST.NORTHERN_NAGA.NAGA_PHOM,NAGA_PHOM,phom1236,Phom Naga
ST.NORTHERN_NAGA.PHOM,PHOM,phom1236,Phom Naga
ST.JINGHPO.JINGPHO,JINGPHO,kach1280,Southern Jinghpaw
ST.JINGHPO.JINGPHO_2,JINGPHO_2,kach1280,Southern Jinghpaw
ST.JINGHPO.SINGPHO,SINGPHO,sing1264,Northern Jinghpaw
ST.BODO_GARO.RABHA,RABHA,rabh1238,Rabha
ST.BODO_GARO.A_TONG,A_TONG,aton1241,Atong (India)
ST.BODO_GARO.WANANG,WANANG,koch1250,Koch
ST.BODO_GARO.GARO,GARO,garo1247,Garo
ST.BODO_GARO.DEURI,DEURI,deor1238,Deori
ST.BODO_GARO.KOK_BOROK_2,KOK_BOROK_2,kokb1239,Kok Borok
ST.BODO_GARO.TIPPERA_TONGPAI,TIPPERA_TONGPAI,tipp1239,Tippera
ST.BODO_GARO.RIANG,RIANG,rian1262,Riang (India)
ST.BODO_GARO.USUI,USUI,usui1238,Usui
ST.BODO_GARO.TIWA,TIWA,tiwa1253,Tiwa (India)
ST.BODO_GARO.DIMASA,DIMASA,dima1251,Dimasa
ST.BODO_GARO.BODO_INDIA,BODO_INDIA,bodo1269,Bodo-Mech
ST.BODO_GARO.KACHARI,KACHARI,kach1279,Kachari
ST.KUKI_CHIN.MOSHANG,MOSHANG,tase1235,Pangwa Naga
ST.KUKI_CHIN.CHOTHE,CHOTHE,chot1239,Chothe
ST.KUKI_CHIN.NAGA_TARAO,NAGA_TARAO,tara1313,Tarao
ST.KUKI_CHIN.KOIRENG,KOIRENG,koir1240,Koireng
ST.KUKI_CHIN.CHIN_ZYPHE,CHIN_ZYPHE,zyph1238,Zyphe
ST.KUKI_CHIN.LAKHER_MARA,LAKHER_MARA,mara1382,Mara
ST.KUKI_CHIN.CHIN_SIYIN,CHIN_SIYIN,siyi1240,Sizang Chin
ST.KUKI_CHIN.CHIN_TEDIM,CHIN_TEDIM,tedi1235,Tedim Chin
ST.KUKI_CHIN.CHIN_THADO,CHIN_THADO,thad1238,Thado Chin
ST.KUKI_CHIN.CHIN_HAKA,CHIN_HAKA,haka1240,Haka Chin
ST.KUKI_CHIN.LUSHAI,LUSHAI,lush1249,Mizo
ST.KUKI_CHIN.HMAR,HMAR,hmar1241,Hmar
ST.KUKI_CHIN.HRANGKHOL,HRANGKHOL,hran1239,Hrangkhol
ST.KUKI_CHIN.KARBI,KARBI,karb1241,Hills Karbi
ST.KUKI_CHIN.NAGA_LOTHA,NAGA_LOTHA,loth1237,Lotha Naga
ST.KUKI_CHIN.NAGA_YIMCHUNGRU,NAGA_YIMCHUNGRU,yimc1240,Yimchungru Naga
ST.KUKI_CHIN.NAGA_AO,NAGA_AO,aona1235,Ao Naga
ST.KUKI_CHIN.NAGA_SANGTAM,NAGA_SANGTAM,sang1321,Sangtam Naga
ST.KUKI_CHIN.NAGA_POCHURI,NAGA_POCHURI,poch1243,Pochuri Naga
ST.KUKI_CHIN.NAGA_RENGMA,NAGA_RENGMA,nort2725,Northern Rengma Naga
ST.KUKI_CHIN.NAGA_SOUTHERN_RENGMA,NAGA_SOUTHERN_RENGMA,sout2732,Southern Rengma Naga
ST.KUKI_CHIN.NAGA_SUMI,NAGA_SUMI,sumi1235,Sumi Naga
ST.KUKI_CHIN.KHEZHA,KHEZHA,khez1235,Khezha Naga
ST.KUKI_CHIN.NAGA_MAO,NAGA_MAO,maon1238,Mao Naga
ST.KUKI_CHIN.ANGAMI,ANGAMI,anga1288,Angami Naga
ST.KUKI_CHIN.NAGA_CHOKRI,NAGA_CHOKRI,chok1243,Chokri Naga
ST.KUKI_CHIN.MEITEI,MEITEI,mani1292,Manipuri
ST.KUKI_CHIN.NAGA_TANGKHUL,NAGA_TANGKHUL,tang1336,East-Central Tangkhul Naga
ST.KUKI_CHIN.NAGA_KHOIBU,NAGA_KHOIBU,khoi1251,Khoibu
ST.KUKI_CHIN.NAGA_MARING,NAGA_MARING,mari1416,Maring Naga
ST.KUKI_CHIN.KABUI_RONGMEI,KABUI_RONGMEI,rong1266,Rongmei Naga
ST.KUKI_CHIN.NAGA_THANGAL,NAGA_THANGAL,,
ST.KUKI_CHIN.NAGA_MARAM,NAGA_MARAM,mara1379,Maram Naga
ST.KUKI_CHIN.NAGA_LIANGMAI,NAGA_LIANGMAI,lian1251,Liangmai Naga
ST.KUKI_CHIN.NAGA_ZEME,NAGA_ZEME,,
ST.KUKI_CHIN.NAGA_MZIEME,NAGA_MZIEME,,
ST.LEPCHA.LEPCHA,LEPCHA,lepc1244,Lepcha
ST.MAHAKIRANTI.KHAM,KHAM,gama1251,Gamale Kham
ST.MAHAKIRANTI.KHAM_TAKALE,KHAM_TAKALE,west2420,Western Parbate Kham
ST.MAHAKIRANTI.TAKA_KHAM,TAKA_KHAM,west2420,Western Parbate Kham
ST.MAHAKIRANTI.CHEPANG,CHEPANG,chep1245,Chepang
ST.MAHAKIRANTI.MAGAR,MAGAR,east2352,Eastern Magar
ST.MAHAKIRANTI.MAGAR_2,MAGAR_2,east2352,Eastern Magar
ST.MAHAKIRANTI.THANGMI,THANGMI,than1259,Thangmi
ST.MAHAKIRANTI.DOLAKHA_NEWAR,DOLAKHA_NEWAR,newa1246,Kathmandu Valley Newari
ST.MAHAKIRANTI.KHWOPA_NEWAR,KHWOPA_NEWAR,newa1246,Kathmandu Valley Newari
ST.MAHAKIRANTI.DUMI,DUMI,dumi1241,Dumi
ST.MAHAKIRANTI.DUMI_2,DUMI_2,dumi1241,Dumi
ST.MAHAKIRANTI.KHALING,KHALING,khal1275,Khaling
ST.MAHAKIRANTI.JERUNG,JERUNG,jeru1240,Jerung
ST.MAHAKIRANTI.WAMBULE,WAMBULE,wamb1257,Wambule
ST.MAHAKIRANTI.THULUNG,THULUNG,thul1246,Thulung
ST.MAHAKIRANTI.SUNWAR,SUNWAR,sunw1242,Sunwar
ST.MAHAKIRANTI.BAHING,BAHING,bahi1252,Bahing
ST.MAHAKIRANTI.SUNWAR_2,SUNWAR_2,sunw1242,Sunwar
ST.MAHAKIRANTI.LIMBU,LIMBU,limb1266,Limbu
ST.MAHAKIRANTI.MEWA_KHOLA_LIMBU,MEWA_KHOLA_LIMBU,limb1266,Limbu
ST.MAHAKIRANTI.LOHORUNG,LOHORUNG,nort2727,Lohorung
ST.MAHAKIRANTI.CHHINTANGE,CHHINTANGE,chhi1245,Chintang
ST.MAHAKIRANTI.YAKHA,YAKHA,yakk1236,Yakkha
ST.MAHAKIRANTI.PUMA,PUMA,puma1239,Puma
ST.MAHAKIRANTI.CAMLING,CAMLING,caml1239,Camling
ST.MAHAKIRANTI.DUNGMALI,DUNGMALI,dung1252,Dungmali
ST.MAHAKIRANTI.WALING,WALING,wali1261,Waling
ST.MAHAKIRANTI.SAMPANG,SAMPANG,samp1249,Sampang
ST.MAHAKIRANTI.KULUNG,KULUNG,kulu1253,Kulung (Nepal)
ST.MAHAKIRANTI.NACHERING,NACHERING,nach1240,Nachering
ST.TANI.KAMAN,KAMAN,miju1243,Kman
ST.NUNGISH.RAWANG,RAWANG,rawa1265,Rawang
ST.NUNGISH.DRUNG,DRUNG,drun1238,Drung
ST.NUNGISH.ANONG,ANONG,nung1282,Nung (Myanmar)
ST.NUNGISH.NUNG_CHINA,NUNG_CHINA,drun1238,Drung
ST.KAREN.KAREN_SGAW,KAREN_SGAW,sgaw1245,S'gaw Karen
ST.KAREN.KAREN_PAO,KAREN_PAO,paok1235,Pa'o Karen
ST.KAREN.KAREN_PWO_EASTERN,KAREN_PWO_EASTERN,pwoe1235,Pwo Eastern Karen
ST.KAREN.KAREN_PWO_WESTERN,KAREN_PWO_WESTERN,pwow1235,Pwo Western Karen
ST.KAREN.KAREN_YINTALE,KAREN_YINTALE,yint1235,Yintale Karen
ST.KAREN.KAREN_YINBAW,KAREN_YINBAW,yinb1236,Yinbaw Karen
ST.KAREN.KAYAN,KAYAN,kaya1315,Kayan Lahwi
ST.KAREN.BWE_KAREN,BWE_KAREN,bwek1238,Bwe Karen
ST.KAREN.KAREN_GEBA,KAREN_GEBA,geba1237,Geba Karen
ST.KAREN.KAREN_MANUMANAW,KAREN_MANUMANAW,manu1255,Manumanaw Karen
ST.KAREN.KAYAH_LI_EASTERN,KAYAH_LI_EASTERN,east2342,Eastern Kayah
ST.KAREN.KAYAH_WESTERN,KAYAH_WESTERN,west2409,Western Kayah
ST.BURMESE_LOLO.BURMESE,BURMESE,nucl1310,Burmese
ST.BURMESE_LOLO.YANGON_BURMESE,YANGON_BURMESE,nucl1310,Burmese
ST.BURMESE_LOLO.HPON,HPON,hpon1238,Hpon
ST.BURMESE_LOLO.MARU,MARU,maru1249,Maru
ST.BURMESE_LOLO.PELA,PELA,pela1242,Pela
ST.BURMESE_LOLO.ACHANG,ACHANG,acha1249,Longchuan Achang
ST.BURMESE_LOLO.XIANDAO,XIANDAO,acha1249,Longchuan Achang
ST.BURMESE_LOLO.ZAIWA,ZAIWA,zaiw1241,Zaiwa
ST.BURMESE_LOLO.LASHI,LASHI,lash1243,Lashi
ST.BURMESE_LOLO.LASHI_2,LASHI_2,lash1243,Lashi
ST.BURMESE_LOLO.NUSU,NUSU,nusu1239,Nusu
ST.BURMESE_LOLO.LAHU,LAHU,lahu1253,Lahu
ST.BURMESE_LOLO.LAHU_2,LAHU_2,lahu1253,Lahu
ST.BURMESE_LOLO.KATSO,KATSO,kats1235,Katso
ST.BURMESE_LOLO.SANI_YI,SANI_YI,sani1269,Sani
ST.BURMESE_LOLO.XIDE,XIDE,sich1238,Sichuan Yi
ST.BURMESE_LOLO.NUOSU_YI,NUOSU_YI,sich1238,Sichuan Yi
ST.BURMESE_LOLO.DAFANG,DAFANG,wusa1235,Wusa Nasu
ST.BURMESE_LOLO.LISU,LISU,lisu1250,Lisu
ST.BURMESE_LOLO.LISU_2,LISU_2,lisu1250,Lisu
ST.BURMESE_LOLO.LALO,LALO,xish1235,Xishanba Lalo
ST.BURMESE_LOLO.NANJIANG,NANJIANG,xish1235,Xishanba Lalo
ST.BURMESE_LOLO.JINO,JINO,youl1235,Youle Jinuo
ST.BURMESE_LOLO.PHANA,PHANA,phan1254,Phana'
ST.BURMESE_LOLO.BISU,BISU,bisu1244,Bisu
ST.BURMESE_LOLO.PHUNOI,PHUNOI,phun1245,Phunoi
ST.BURMESE_LOLO.MOJIANG_HONI,MOJIANG_HONI,honi1244,Honi
ST.BURMESE_LOLO.SHUIGUI_HONI,SHUIGUI_HONI,honi1244,Honi
ST.BURMESE_LOLO.DAZHAI_HANI,DAZHAI_HANI,hani1248,Hani
ST.BURMESE_LOLO.AKHA,AKHA,akha1245,Akha
ST.BURMESE_LOLO.GELANGHE_AKHA,GELANGHE_AKHA,akha1245,Akha
ST.BURMESE_LOLO.KADUO,KADUO,kadu1253,Kaduo
ST.BURMESE_LOLO.MPI,MPI,mpii1239,Mpi
ST.BURMESE_LOLO.ENU,ENU,enuu1235,Enu
ST.BURMESE_LOLO.BIYUE,BIYUE,biyo1243,Biyo
ST.BURMESE_LOLO.CAIYUAN_BIYO,CAIYUAN_BIYO,biyo1243,Biyo
ST.NAXI.NAXI,NAXI,naxi1245,Naxi
ST.NAXI.NAXI_2,NAXI_2,naxi1245,Naxi
ST.QIANGIC.OLD_TANGUT,OLD_TANGUT,tang1334,Tangut
ST.QIANGIC.ZHABA,ZHABA,zhab1238,Zhaba
ST.QIANGIC.JIULONG_PUMI,JIULONG_PUMI,nort2723,Northern Pumi
ST.QIANGIC.TANGUT,TANGUT,tang1334,Tangut
ST.QIANGIC.STODSDE,STODSDE,shan1274,Stodsde
ST.QIANGIC.QIANG_PUXI,QIANG_PUXI,sout2728,Southern Qiang
ST.QIANGIC.QIANG_MIANCHI,QIANG_MIANCHI,sout2728,Southern Qiang
ST.QIANGIC.MAWO_QIANG,MAWO_QIANG,nort2722,Northern Qiang
ST.QIANGIC.QIANG_YADU,QIANG_YADU,nort2722,Northern Qiang
ST.QIANGIC.QIANG_LONGXI,QIANG_LONGXI,sout2728,Southern Qiang
ST.RAJI_RAUTE.RAJI,RAJI,raji1240,Raji
ST.RAJI_RAUTE.RAUTE,RAUTE,raut1239,Raute
ST.BODIC.KINNAURI,KINNAURI,kinn1249,Kinnauri
ST.BODIC.RONGPO,RONGPO,rong1264,Rongpo
ST.BODIC.CHAUDANGSI,CHAUDANGSI,chau1259,Chaudangsi
ST.BODIC.BYANSI,BYANSI,byan1241,Byangsi
ST.BODIC.DARMIYA,DARMIYA,darm1243,Darma
ST.BODIC.KAIKE,KAIKE,kaik1246,Kaike
ST.BODIC.TAMANG,TAMANG,east2347,Eastern Tamang
ST.BODIC.MANANGE,MANANGE,mana1288,Manange
ST.BODIC.CHANTYAL,CHANTYAL,chan1310,Chantyal
ST.BODIC.MARPHATAN_THAKALI,MARPHATAN_THAKALI,thak1245,Thakali
ST.BODIC.THAKALI,THAKALI,thak1245,Thakali
ST.BODIC.GHACHOK,GHACHOK,guru1261,Gurung
ST.BODIC.GURUNG,GURUNG,guru1261,Gurung
ST.BODIC.GURUNG_WESTERN,GURUNG_WESTERN,guru1261,Gurung
ST.BODIC.TSHANGLA,TSHANGLA,tsha1245,Tshangla
ST.BODIC.DAKPAKHA,DAKPAKHA,dakp1242,Dakpakha
ST.BODIC.BUMTHANGKHA,BUMTHANGKHA,bumt1240,Bumthangkha
ST.BODIC.RANG_PAS,RANG_PAS,tibe1272,Tibetan
ST.BODIC.SPITI_BHOTI,SPITI_BHOTI,spit1240,Spiti Bhoti
ST.BODIC.JIREL,JIREL,jire1238,Jirel
ST.BODIC.SHERPA,SHERPA,sher1255,Solu-Khumbu Sherpa
ST.BODIC.LOWA,LOWA,lowa1242,Lowa
ST.BODIC.KYIRONG,KYIRONG,kyer1238,Kyerung
ST.BODIC.MAQU_TIBETAN,MAQU_TIBETAN,amdo1237,Amdo Tibetan
ST.BODIC.RGYALTHANG,RGYALTHANG,kham1282,Khams Tibetan
ST.BAIMA.SOUTHERN_BAIMA,SOUTHERN_BAIMA,baim1244,Baima
ST.BAIMA.NORTHERN_BAIMA,NORTHERN_BAIMA,baim1244,Baima
ST.BAIMA.WUJIAO_BAIMA,WUJIAO_BAIMA,baim1244,Baima
ST.BODIC.DZONGKHA,DZONGKHA,dzon1239,Dzongkha
ST.BODIC.TIBETAN_CENTRAL,TIBETAN_CENTRAL,tibe1272,Tibetan
ST.BODIC.LHASA_TIBETAN,LHASA_TIBETAN,tibe1272,Tibetan
ST.BODIC.TIBETAN_LHASA,TIBETAN_LHASA,tibe1272,Tibetan
ST.BODIC.TIBETAN_WRITTEN,TIBETAN_WRITTEN,tibe1272,Tibetan
ST.BODIC.PURIK,PURIK,puri1258,Purik-Sham-Nubra
ST.BODIC.WESTERN_BALTI,WESTERN_BALTI,balt1258,Balti
ST.BODIC.EASTERN_BALTI,EASTERN_BALTI,balt1258,Balti
ST.BODIC.CHORBAT_BALTI,CHORBAT_BALTI,balt1258,Balti
ST.BODIC.KHARMANG_BALTI,KHARMANG_BALTI,balt1258,Balti
ST.BODIC.KARGIL_BALTI,KARGIL_BALTI,balt1258,Balti
ST.BODIC.KHAPALU_BALTI,KHAPALU_BALTI,balt1258,Balti
ST.BODIC.SKARDU_BALTI,SKARDU_BALTI,balt1258,Balti
ST.BODIC.RONDU_BALTI,RONDU_BALTI,balt1258,Balti
ST.BODIC.SHIGAR_BALTI,SHIGAR_BALTI,balt1258,Balti
TNG.DAMAL.DAMAL_2,DAMAL_2,dama1272,Damal
Sum.SUMERIAN.SUMERIAN,SUMERIAN,sume1241,Sumerian
Kun.KUNZA.KUNZA,KUNZA,kunz1244,Kunza
Arc.ARAUCANIAN.RANQUELCHE,RANQUELCHE,mapu1245,Mapudungun
Arc.ARAUCANIAN.MAPUDUNGUN,MAPUDUNGUN,mapu1245,Mapudungun
Arc.ARAUCANIAN.MAPUDUNGUN_2,MAPUDUNGUN_2,mapu1245,Mapudungun
Arc.ARAUCANIAN.MAPUDUNGUN_3,MAPUDUNGUN_3,mapu1245,Mapudungun
Tar.TARASCAN.TARASCAN,TARASCAN,pure1242,Purepecha
Tar.TARASCAN.PURHEPECHA_2,PURHEPECHA_2,pure1242,Purepecha
Tar.TARASCAN.PUREPECHA,PUREPECHA,pure1242,Purepecha
Tar.TARASCAN.PURHEPECHA,PURHEPECHA,pure1242,Purepecha
Wsh.WASHO.WASHO,WASHO,wash1253,Washo
Kus.KUSUNDA.KUSUNDA,KUSUNDA,kusu1250,Kusunda
NDa.NAKH.BATS,BATS,bats1242,Bats
NDa.NAKH.AKKIN_CHECHEN,AKKIN_CHECHEN,chec1245,Chechen
NDa.NAKH.CHECHEN,CHECHEN,chec1245,Chechen
NDa.NAKH.INGUSH,INGUSH,ingu1240,Ingush
NDa.LAK_DARGWA.LAK,LAK,lakk1252,Lak
NDa.LAK_DARGWA.KUBACHI_DARGI,KUBACHI_DARGI,kuba1248,Kubachi
NDa.LAK_DARGWA.DARGWA,DARGWA,darg1241,North-Central Dargwa
NDa.LAK_DARGWA.MUIRI_DARGI,MUIRI_DARGI,darg1241,North-Central Dargwa
NDa.LAK_DARGWA.KAJTAK_DARGI,KAJTAK_DARGI,kajt1238,Kajtak
NDa.LAK_DARGWA.XAJDAK_DARGI,XAJDAK_DARGI,kajt1238,Kajtak
NDa.LAK_DARGWA.ICARI_DARGI,ICARI_DARGI,kajt1238,Kajtak
NDa.LAK_DARGWA.SANZHI_DARGI,SANZHI_DARGI,kajt1238,Kajtak
NDa.LEZGIC.KHINALUG,KHINALUG,khin1240,Khinalug
NDa.LEZGIC.UDI,UDI,udii1243,Udi
NDa.LEZGIC.ARCHI,ARCHI,arch1244,Archi
NDa.LEZGIC.ARCHI_2,ARCHI_2,arch1244,Archi
NDa.LEZGIC.BUDUKH,BUDUKH,budu1248,Budukh
NDa.LEZGIC.KRYZ,KRYZ,kryt1240,Kryz
NDa.LEZGIC.RUTUL,RUTUL,rutu1240,Rutul
NDa.LEZGIC.TSAKHUR,TSAKHUR,tsak1249,Tsakhur
NDa.LEZGIC.AGUL,AGUL,aghu1253,Aghul
NDa.LEZGIC.NORTHERN_TABASSARAN,NORTHERN_TABASSARAN,taba1259,Tabasaran
NDa.LEZGIC.TABASARAN,TABASARAN,taba1259,Tabasaran
NDa.LEZGIC.MIKRAKH_LEZGI,MIKRAKH_LEZGI,lezg1247,Lezgian
NDa.LEZGIC.KUBA_LEZGI,KUBA_LEZGI,lezg1247,Lezgian
NDa.LEZGIC.LEZGI,LEZGI,lezg1247,Lezgian
NDa.AVAR_ANDIC_TSEZIC.TOKITIN_KARATA,TOKITIN_KARATA,kara1474,Karata-Tukita
NDa.AVAR_ANDIC_TSEZIC.AKHVAKH,AKHVAKH,akhv1239,Northern Akhvakh
NDa.AVAR_ANDIC_TSEZIC.NORTHERN_AKHVAKH,NORTHERN_AKHVAKH,akhv1239,Northern Akhvakh
NDa.AVAR_ANDIC_TSEZIC.SOUTHERN_AKHVAKH,SOUTHERN_AKHVAKH,akhv1239,Northern Akhvakh
NDa.AVAR_ANDIC_TSEZIC.ANDI,ANDI,andi1255,Andi
NDa.AVAR_ANDIC_TSEZIC.ANDI_MUNI,ANDI_MUNI,andi1255,Andi
NDa.AVAR_ANDIC_TSEZIC.KARATA,KARATA,kara1474,Karata-Tukita
NDa.AVAR_ANDIC_TSEZIC.BAGWALAL,BAGWALAL,bagv1239,Bagvalal
NDa.AVAR_ANDIC_TSEZIC.TINDI,TINDI,tind1238,Tindi
NDa.AVAR_ANDIC_TSEZIC.CHAMALAL,CHAMALAL,cham1309,Chamalal
NDa.AVAR_ANDIC_TSEZIC.BOTLIKH,BOTLIKH,botl1242,Botlikh
NDa.AVAR_ANDIC_TSEZIC.GODOBERI,GODOBERI,ghod1238,Godoberi
NDa.AVAR_ANDIC_TSEZIC.HUNZIB,HUNZIB,hunz1247,Hunzib
NDa.AVAR_ANDIC_TSEZIC.BEZHTA,BEZHTA,bezh1248,Bezhta
NDa.AVAR_ANDIC_TSEZIC.BEZHTA_2,BEZHTA_2,bezh1248,Bezhta
NDa.AVAR_ANDIC_TSEZIC.INKHOKWARI,INKHOKWARI,khva1239,Khwarshi-Inkhoqwari
NDa.AVAR_ANDIC_TSEZIC.KHWARSHI,KHWARSHI,khva1239,Khwarshi-Inkhoqwari
NDa.AVAR_ANDIC_TSEZIC.SAGADIN_TSEZ,SAGADIN_TSEZ,dido1241,Tsez
NDa.AVAR_ANDIC_TSEZIC.MOKOK_TSEZ,MOKOK_TSEZ,dido1241,Tsez
NDa.AVAR_ANDIC_TSEZIC.HINUKH,HINUKH,hinu1240,Hinuq
NDa.AVAR_ANDIC_TSEZIC.TSEZ,TSEZ,dido1241,Tsez
NDa.AVAR_ANDIC_TSEZIC.AVAR_KUSUR,AVAR_KUSUR,avar1256,Avar
NDa.AVAR_ANDIC_TSEZIC.AVAR_ZAKATALY,AVAR_ZAKATALY,avar1256,Avar
NDa.AVAR_ANDIC_TSEZIC.AVAR_ANTSUKH,AVAR_ANTSUKH,avar1256,Avar
NDa.AVAR_ANDIC_TSEZIC.AVAR_KARAKH,AVAR_KARAKH,avar1256,Avar
NDa.AVAR_ANDIC_TSEZIC.AVAR,AVAR,avar1256,Avar
NDa.AVAR_ANDIC_TSEZIC.AVAR_HID,AVAR_HID,avar1256,Avar
NDa.AVAR_ANDIC_TSEZIC.AVAR_BATLUKH,AVAR_BATLUKH,avar1256,Avar
NDa.AVAR_ANDIC_TSEZIC.AVAR_ANDALAL,AVAR_ANDALAL,avar1256,Avar
Brs.BURUSHASKI.BURUSHASKI,BURUSHASKI,buru1296,Burushaski
Brs.BURUSHASKI.CENTRAL_YASIN_BURUSHASKI,CENTRAL_YASIN_BURUSHASKI,buru1296,Burushaski
Brs.BURUSHASKI.MURTAZABAD_HUNZA_BURUSHASKI,MURTAZABAD_HUNZA_BURUSHASKI,buru1296,Burushaski
Brs.BURUSHASKI.HAIDERABAD_HUNZA_BURUSHASKI,HAIDERABAD_HUNZA_BURUSHASKI,buru1296,Burushaski
Brs.BURUSHASKI.NAZIMABAD_HUNZA_BURUSHASKI,NAZIMABAD_HUNZA_BURUSHASKI,buru1296,Burushaski
Brs.BURUSHASKI.UYUM_NAGAR_BURUSHASKI,UYUM_NAGAR_BURUSHASKI,buru1296,Burushaski
Brs.BURUSHASKI.HOPER_NAGAR_BURUSHASKI,HOPER_NAGAR_BURUSHASKI,buru1296,Burushaski
Brs.BURUSHASKI.GANISH_HUNZA_BURUSHASKI,GANISH_HUNZA_BURUSHASKI,buru1296,Burushaski
Brs.BURUSHASKI.HUSSAINABAD_HUNZA_BURUSHASKI,HUSSAINABAD_HUNZA_BURUSHASKI,buru1296,Burushaski
Kor.KOREAN.KOREAN,KOREAN,kore1280,Korean
Cmu.CHIMUAN.MOCHICA,MOCHICA,moch1259,Mochica
Ura.SAMOYEDIC.KARAGASSISCH,KARAGASSISCH,mato1250,Mator-Taigi-Karagas
Ura.SAMOYEDIC.MATORISCH,MATORISCH,mato1250,Mator-Taigi-Karagas
Ura.SAMOYEDIC.SELKUP,SELKUP,selk1253,Selkup
Ura.SAMOYEDIC.NENETS,NENETS,nene1249,Tundra Nenets
Ura.UGRIC.KHANTY,KHANTY,khan1273,Kazym-Berezover-Suryskarer Khanty
Ura.UGRIC.MANSI,MANSI,mans1258,Northern Mansi
Ura.MORDVIN.ERZYA,ERZYA,erzy1239,Erzya
Ura.MORDVIN.MOKSCHA_MORDWINISCH,MOKSCHA_MORDWINISCH,moks1248,Moksha
Ura.SAAMI.KILDIN_SAAMI,KILDIN_SAAMI,kild1236,Kildin Saami
Ura.SAAMI.INARI_SAAMI,INARI_SAAMI,inar1241,Inari Saami
Ura.SAAMI.SKOLT_SAAMI,SKOLT_SAAMI,skol1241,Skolt Saami
Ura.SAAMI.SOUTH_SAAMI,SOUTH_SAAMI,sout2674,South Saami
Ura.SAAMI.LULE_SAAMI,LULE_SAAMI,lule1254,Lule Saami
Ura.SAAMI.NORTH_SAAMI,NORTH_SAAMI,nort2671,North Saami
Ura.MARI.TSCHEREMISSISCH_KOZMODEMJANSK,TSCHEREMISSISCH_KOZMODEMJANSK,west2392,Western Mari
Ura.MARI.MEADOW_MARI,MEADOW_MARI,east2328,Eastern Mari
Ura.MARI.TSCHEREMISSISCH_URZUM,TSCHEREMISSISCH_URZUM,east2328,Eastern Mari
Ura.UGRIC.CSANGO,CSANGO,hung1274,Hungarian
Ura.UGRIC.HUNGARIAN,HUNGARIAN,hung1274,Hungarian
Ura.PERMIC.UDMURT,UDMURT,udmu1245,Udmurt
Ura.PERMIC.KOMI_PERMYAK,KOMI_PERMYAK,komi1269,Komi-Permyak
Ura.PERMIC.KOMI_ZYRIAN,KOMI_ZYRIAN,komi1268,Komi-Zyrian
Ura.FINNIC.FINNISH,FINNISH,finn1318,Finnish
Ura.FINNIC.INGRIAN,INGRIAN,ingr1248,Ingrian
Ura.FINNIC.ESTONIAN,ESTONIAN,esto1258,Estonian
Ura.FINNIC.LIVE,LIVE,livv1244,Liv
Ura.FINNIC.VEPS,VEPS,veps1250,Veps
Ura.FINNIC.VOTIC,VOTIC,voti1245,Votic
Ura.FINNIC.ESTONIAN_VORO,ESTONIAN_VORO,sout2679,South Estonian
Ura.FINNIC.KARELIAN,KARELIAN,kare1335,Karelian
Yka.YUKAGHIR.YUKAGHIR_TUNDRA,YUKAGHIR_TUNDRA,nort2745,Northern Yukaghir
Yka.YUKAGHIR.KOLYMA_YUKAGIR,KOLYMA_YUKAGIR,sout2750,Southern Yukaghir
Alt.TURKIC.CHUVASH,CHUVASH,chuv1255,Chuvash
Alt.TURKIC.DOLGAN,DOLGAN,dolg1241,Dolgan
Alt.TURKIC.SAKHA,SAKHA,yaku1245,Sakha
Alt.TURKIC.TOFA,TOFA,kara1462,Taiga Sayan Turkic
Alt.TURKIC.TUVAN,TUVAN,tuvi1240,Tuvinian
Alt.TURKIC.ALTAI,ALTAI,sout2694,Southern Altai
Alt.TURKIC.MIDDLE_CHULYM,MIDDLE_CHULYM,chul1246,Lower Chulym Turkic
Alt.TURKIC.KHAKAS,KHAKAS,khak1248,Khakas
Alt.TURKIC.SHOR,SHOR,shor1247,Mrassu Shor-Tutal
Alt.TURKIC.KHALAJ_IRAN,KHALAJ_IRAN,turk1303,Khalaj Turkic
Alt.TURKIC.ILI_TURKI,ILI_TURKI,ilit1241,Ili Turki
Alt.TURKIC.CHAGATAI,CHAGATAI,chag1247,Chagatai
Alt.TURKIC.UYGHUR,UYGHUR,uigh1240,Uighur
Alt.TURKIC.UZBEK,UZBEK,nort2690,Northern Uzbek
Alt.TURKIC.NOGAI,NOGAI,noga1249,Nogai
Alt.TURKIC.KYRGYZ,KYRGYZ,kirg1245,Kirghiz
Alt.TURKIC.KAZAKH,KAZAKH,kaza1248,Kazakh
Alt.TURKIC.KARAKALPAK,KARAKALPAK,kara1467,Kara-Kalpak
Alt.TURKIC.BASHKIR,BASHKIR,bash1264,Bashkir
Alt.TURKIC.TATAR,TATAR,tata1255,Tatar
Alt.TURKIC.MISHER_TATAR,MISHER_TATAR,tata1255,Tatar
Alt.TURKIC.KAZAN_TATAR,KAZAN_TATAR,tata1255,Tatar
Alt.TURKIC.KUMYK,KUMYK,kumy1244,Kumyk
Alt.TURKIC.KARAIM,KARAIM,kara1464,Karaim
Alt.TURKIC.KARACHAY_BALKAR,KARACHAY_BALKAR,kara1465,Karachay-Balkar
Alt.TURKIC.CRIMEAN_TATAR,CRIMEAN_TATAR,crim1257,Crimean Tatar
Alt.TURKIC.CRIMEAN_TURKISH,CRIMEAN_TURKISH,crim1257,Crimean Tatar
Alt.TURKIC.SALAR,SALAR,sala1264,Salar
Alt.TURKIC.SALAR_2,SALAR_2,sala1264,Salar
Alt.TURKIC.AZERBAIJANI_SOUTHERN,AZERBAIJANI_SOUTHERN,sout2697,South Azerbaijani
Alt.TURKIC.GAGAUZ,GAGAUZ,gaga1249,Gagauz
Alt.TURKIC.TURKISH,TURKISH,nucl1301,Turkish
Alt.TURKIC.TURKISH_2,TURKISH_2,nucl1301,Turkish
Alt.TURKIC.AZERBAIJANI_NORTH_2,AZERBAIJANI_NORTH_2,nort2697,North Azerbaijani
Alt.TURKIC.AZERBAIJANI_NORTH,AZERBAIJANI_NORTH,nort2697,North Azerbaijani
Alt.TURKIC.TEREKEME_AZERI,TEREKEME_AZERI,nort2697,North Azerbaijani
Alt.TURKIC.TURKMEN_2,TURKMEN_2,turk1304,Turkmen
Alt.TURKIC.TURKMEN,TURKMEN,turk1304,Turkmen
Alt.TURKIC.DARA_GAZ_KHORASANI_2,DARA_GAZ_KHORASANI_2,khor1269,Khorasan Turkic
Alt.TURKIC.SHURAK_KHORASANI,SHURAK_KHORASANI,khor1269,Khorasan Turkic
Alt.TURKIC.DOUGHAI_KHORASANI,DOUGHAI_KHORASANI,khor1269,Khorasan Turkic
Alt.TURKIC.QUCHAN_KHORASANI,QUCHAN_KHORASANI,khor1269,Khorasan Turkic
Alt.TURKIC.ASADLI_KHORASANI,ASADLI_KHORASANI,khor1269,Khorasan Turkic
Alt.TURKIC.SHIRWAN_KHORASANI,SHIRWAN_KHORASANI,khor1269,Khorasan Turkic
Alt.TURKIC.ZEYARAT_KHORASANI,ZEYARAT_KHORASANI,khor1269,Khorasan Turkic
Alt.TURKIC.DARA_GAZ_KHORASANI_1,DARA_GAZ_KHORASANI_1,khor1269,Khorasan Turkic
Alt.TURKIC.SHEYH_TEYMUR_KHORASANI,SHEYH_TEYMUR_KHORASANI,khor1269,Khorasan Turkic
Alt.TURKIC.LOTF_ABAD_KHORASANI,LOTF_ABAD_KHORASANI,khor1269,Khorasan Turkic
Alt.TURKIC.MARESHK_KHORASANI,MARESHK_KHORASANI,khor1269,Khorasan Turkic
Alt.TURKIC.JONK_KHORASANI,JONK_KHORASANI,khor1269,Khorasan Turkic
Alt.TURKIC.GUJGI_KHORASANI,GUJGI_KHORASANI,khor1269,Khorasan Turkic
Alt.TURKIC.CHARAM_SARJAM_KHORASANI,CHARAM_SARJAM_KHORASANI,khor1269,Khorasan Turkic
Alt.TURKIC.QARA_BAGH_KHORASANI,QARA_BAGH_KHORASANI,khor1269,Khorasan Turkic
Alt.TURKIC.LANGAR_KHORASANI,LANGAR_KHORASANI,khor1269,Khorasan Turkic
Alt.TURKIC.RUH_ABAD_KHORASANI,RUH_ABAD_KHORASANI,khor1269,Khorasan Turkic
Alt.TURKIC.PIR_KOMAJ_KHORASANI,PIR_KOMAJ_KHORASANI,khor1269,Khorasan Turkic
Alt.TURKIC.HARW_E_OLYA_KHORASANI,HARW_E_OLYA_KHORASANI,khor1269,Khorasan Turkic
Alt.TURKIC.JOGHATAY_KHORASANI,JOGHATAY_KHORASANI,khor1269,Khorasan Turkic
Alt.TURKIC.HOKM_ABAD_KHORASANI,HOKM_ABAD_KHORASANI,khor1269,Khorasan Turkic
Alt.TURKIC.SOLTAN_ABAD_KHORASANI,SOLTAN_ABAD_KHORASANI,khor1269,Khorasan Turkic
Gap.GAPUN.TAIAP,TAIAP,taia1239,Taiap
Gap.GAPUN.TAYAP,TAYAP,taia1239,Taiap
KT.KIOWA_TANOAN.KIOWA,KIOWA,kiow1266,Kiowa
KT.KIOWA_TANOAN.TIWA_SOUTHERN,TIWA_SOUTHERN,sout2961,Southern Tiwa
KT.KIOWA_TANOAN.TIWA_NORTHERN_PICURIS,TIWA_NORTHERN_PICURIS,nort1550,Taos Northern Tiwa
KT.KIOWA_TANOAN.TIWA_NORTHERN_TAOS,TIWA_NORTHERN_TAOS,nort1550,Taos Northern Tiwa
KT.KIOWA_TANOAN.JEMEZ,JEMEZ,jeme1245,Towa
KT.KIOWA_TANOAN.TEWA_ARIZONA,TEWA_ARIZONA,tewa1260,Rio Grande Tewa
KT.KIOWA_TANOAN.TEWA_SAN_JUAN_PUEBLO,TEWA_SAN_JUAN_PUEBLO,tewa1260,Rio Grande Tewa
KT.KIOWA_TANOAN.TEWA_SANTA_CLARA,TEWA_SANTA_CLARA,tewa1260,Rio Grande Tewa
Puq.PUQUINA.PUQUINA,PUQUINA,puqu1242,Puquina
Alg.ALGONQUIAN.MICHIF,MICHIF,mich1243,Heritage Michif
AA.SOUTHERN_CUSHITIC.INNER_MBUGU_BUMBULI,INNER_MBUGU_BUMBULI,mbug1240,Mbugu
AA.SOUTHERN_CUSHITIC.NORMAL_MBUGU,NORMAL_MBUGU,mbug1240,Mbugu
Dra.CENTRAL_DRAVIDIAN.NORTHWESTERN_KOLAMI,NORTHWESTERN_KOLAMI,nort2699,Northwestern Kolami
Dra.CENTRAL_DRAVIDIAN.PARJI,PARJI,duru1236,Duruwa
Dra.NORTHERN_DRAVIDIAN.BRAHUI,BRAHUI,brah1256,Brahui
Dra.NORTHERN_DRAVIDIAN.KUMARBHAG_PAHARIA,KUMARBHAG_PAHARIA,kuma1274,Kumarbhag Paharia
Dra.NORTHERN_DRAVIDIAN.SAURIA_PAHARIA,SAURIA_PAHARIA,saur1249,Sauria Paharia
Dra.NORTHERN_DRAVIDIAN.KURUKH,KURUKH,kuru1301,Kurukh
Dra.NORTHERN_DRAVIDIAN.KURUX_NEPALI,KURUX_NEPALI,kuru1301,Kurukh
Dra.SOUTH_CENTRAL_DRAVIDIAN.TELUGU,TELUGU,telu1262,Telugu
Dra.SOUTH_CENTRAL_DRAVIDIAN.TELUGU_2,TELUGU_2,telu1262,Telugu
Dra.SOUTH_CENTRAL_DRAVIDIAN.KUI,KUI,kuii1252,Kui (India)
Dra.SOUTH_CENTRAL_DRAVIDIAN.KUVI,KUVI,kuvi1243,Kuvi
Dra.SOUTH_CENTRAL_DRAVIDIAN.MANDA_INDIA,MANDA_INDIA,mand1413,Manda (India)
Dra.SOUTH_CENTRAL_DRAVIDIAN.PENGO,PENGO,peng1244,Pengo
Dra.SOUTH_CENTRAL_DRAVIDIAN.SOUTH_BASTAR_GONDI,SOUTH_BASTAR_GONDI,dand1238,Dandami Maria
Dra.SOUTH_CENTRAL_DRAVIDIAN.DORLI_GONDI,DORLI_GONDI,koya1251,Koya
Dra.SOUTH_CENTRAL_DRAVIDIAN.ABUJHMARIA,ABUJHMARIA,mari1414,Maria (India)
Dra.SOUTH_CENTRAL_DRAVIDIAN.HILL_MARIA_GONDI,HILL_MARIA_GONDI,mari1414,Maria (India)
Dra.SOUTH_CENTRAL_DRAVIDIAN.SOUTH_EASTERN_GONDI,SOUTH_EASTERN_GONDI,aher1237,Aheri Gondi
Dra.SOUTH_CENTRAL_DRAVIDIAN.SOUTHERN_GONDI_2,SOUTHERN_GONDI_2,utno1237,Adilabad Gondi
Dra.SOUTH_CENTRAL_DRAVIDIAN.ADILABAD_GONDI,ADILABAD_GONDI,utno1237,Adilabad Gondi
Dra.SOUTH_CENTRAL_DRAVIDIAN.SOUTHERN_GONDI,SOUTHERN_GONDI,utno1237,Adilabad Gondi
Dra.SOUTH_CENTRAL_DRAVIDIAN.NORTH_BASTAR_GONDI,NORTH_BASTAR_GONDI,aher1237,Aheri Gondi
Dra.SOUTH_CENTRAL_DRAVIDIAN.WESTERN_GONDI,WESTERN_GONDI,nort2702,Northern Gondi
Dra.SOUTH_CENTRAL_DRAVIDIAN.NORTHERN_GONDI,NORTHERN_GONDI,nort2702,Northern Gondi
Dra.SOUTHERN_DRAVIDIAN.KORAGA_KORRA,KORAGA_KORRA,korr1238,Korra Koraga
Dra.SOUTHERN_DRAVIDIAN.TULU,TULU,tulu1259,Tulu-Bohuai
Dra.SOUTHERN_DRAVIDIAN.BADAGA,BADAGA,bada1257,Badaga
Dra.SOUTHERN_DRAVIDIAN.KANNADA,KANNADA,nucl1305,Kannada
Dra.SOUTHERN_DRAVIDIAN.RAVULA,RAVULA,ravu1237,Ravula
Dra.SOUTHERN_DRAVIDIAN.BETTA_KURUMBA,BETTA_KURUMBA,bett1235,Betta Kurumba
Dra.SOUTHERN_DRAVIDIAN.KURUMBA_ALU,KURUMBA_ALU,aluk1238,Alu Kurumba
Dra.SOUTHERN_DRAVIDIAN.TODA,TODA,toda1252,Toda
Dra.SOUTHERN_DRAVIDIAN.IRULA,IRULA,irul1243,Irula of the Nilgiri
Dra.SOUTHERN_DRAVIDIAN.OLD_TAMIL,OLD_TAMIL,oldt1248,Old Tamil
Dra.SOUTHERN_DRAVIDIAN.TAMIL,TAMIL,tami1289,Tamil
Dra.SOUTHERN_DRAVIDIAN.MALAYALAM,MALAYALAM,mala1464,Malayalam
Dra.SOUTHERN_DRAVIDIAN.PALIYAN,PALIYAN,pali1274,Paliyan
Dra.SOUTHERN_DRAVIDIAN.ULLATAN,ULLATAN,ulla1237,Ullatan
Kri.KARIRI.KARIRI,KARIRI,kari1255,Karirí-Xocó
IE.ILLYRIAN.ILLYRIAN,ILLYRIAN,illy1234,Illyrian
Alt.MONGOLIC.MOGHOL,MOGHOL,mogh1245,Mogholi
Alt.MONGOLIC.TACHENG_DAGUR,TACHENG_DAGUR,daur1238,Dagur
Alt.MONGOLIC.DAUR,DAUR,daur1238,Dagur
Alt.MONGOLIC.SHIRA_YUGUR,SHIRA_YUGUR,east2337,East Yugur
Alt.MONGOLIC.MONGUOR,MONGUOR,huzh1238,Mongghul
Alt.MONGOLIC.BONAN,BONAN,bona1250,Bonan
Alt.MONGOLIC.KANGJIA,KANGJIA,kang1281,Kangjia
Alt.MONGOLIC.SANTA_MONGOLIAN,SANTA_MONGOLIAN,dong1285,Dongxiang
Alt.MONGOLIC.KHAMNIGAN_MONGOL,KHAMNIGAN_MONGOL,kham1281,Khamnigan Mongol
Alt.MONGOLIC.KALMYK,KALMYK,kalm1243,Oirad-Kalmyk-Darkhat
Alt.MONGOLIC.BURIAT_MONGOLIA,BURIAT_MONGOLIA,mong1330,Mongolia Buriat
Alt.MONGOLIC.BURIAT_RUSSIA,BURIAT_RUSSIA,russ1264,Russia Buriat
Alt.MONGOLIC.KALAQIN,KALAQIN,peri1253,Peripheral Mongolian
Alt.MONGOLIC.MONGOLIAN,MONGOLIAN,halh1238,Halh Mongolian
Alt.TUNGUSIC.OROCHI,OROCHI,oroc1248,Oroch
Alt.TUNGUSIC.UDEHE,UDEHE,udih1248,Udihe
Alt.TUNGUSIC.HEZHE,HEZHE,nana1257,Nanai
Alt.TUNGUSIC.NANAI_CHINA,NANAI_CHINA,nana1257,Nanai
Alt.TUNGUSIC.NAYKHIN_NANAI,NAYKHIN_NANAI,nana1257,Nanai
Alt.TUNGUSIC.NANAI,NANAI,nana1257,Nanai
Alt.TUNGUSIC.UILTA,UILTA,orok1265,Orok
Alt.TUNGUSIC.ULCHA,ULCHA,ulch1241,Ulch
Alt.TUNGUSIC.JURCHEN,JURCHEN,jurc1239,Jurchen
Alt.TUNGUSIC.SIBE_MANCHU,SIBE_MANCHU,xibe1242,Xibe
Alt.TUNGUSIC.XIBE,XIBE,xibe1242,Xibe
Alt.TUNGUSIC.AIHUI_MANCHU,AIHUI_MANCHU,manc1252,Manchu
Alt.TUNGUSIC.MANCHU_2,MANCHU_2,manc1252,Manchu
Alt.TUNGUSIC.MANCHU,MANCHU,manc1252,Manchu
Alt.TUNGUSIC.MANCHU_3,MANCHU_3,manc1252,Manchu
Alt.TUNGUSIC.EWEN,EWEN,even1260,Even
Alt.TUNGUSIC.EVEN,EVEN,even1260,Even
Alt.TUNGUSIC.KUR_URMI,KUR_URMI,even1259,Evenki
Alt.TUNGUSIC.EWENKI_2,EWENKI_2,even1259,Evenki
Alt.TUNGUSIC.NEGIDAL,NEGIDAL,negi1245,Negidal
Alt.TUNGUSIC.NEGIDAL_VERCHOVSKI,NEGIDAL_VERCHOVSKI,negi1245,Negidal
Alt.TUNGUSIC.OROQEN,OROQEN,oroq1238,Oroqen
Alt.TUNGUSIC.SOLON,SOLON,even1259,Evenki
Alt.TUNGUSIC.EWENKI_1,EWENKI_1,even1259,Evenki
Alt.TUNGUSIC.EVENKI_POLIGUS_LITERARY,EVENKI_POLIGUS_LITERARY,even1259,Evenki
Etr.ETRUSCAN.ETRUSCAN,ETRUSCAN,etru1241,Etruscan
CK.SOUTHERN_CHUKOTKO_KAMCHATKAN.N_ITELMEN,N_ITELMEN,itel1242,West Itelmen
CK.SOUTHERN_CHUKOTKO_KAMCHATKAN.S_ITELMEN,S_ITELMEN,itel1242,West Itelmen
CK.NORTHERN_CHUKOTKO_KAMCHATKAN.ALUTOR,ALUTOR,alut1245,Alutor
CK.NORTHERN_CHUKOTKO_KAMCHATKAN.CHUKCHEE,CHUKCHEE,chuk1273,Chukchi
CK.NORTHERN_CHUKOTKO_KAMCHATKAN.KORYAK,KORYAK,kory1246,Koryak
IE.CELTIC.WELSH,WELSH,wels1247,Welsh
IE.CELTIC.BRETON,BRETON,bret1244,Breton
IE.CELTIC.CORNISH,CORNISH,corn1251,Cornish
IE.CELTIC.GAELIC_SCOTTISH,GAELIC_SCOTTISH,scot1245,Scottish Gaelic
IE.CELTIC.MANX,MANX,manx1243,Manx
IE.CELTIC.IRISH_GAELIC,IRISH_GAELIC,,
IE.CELTIC.OLD_IRISH,OLD_IRISH,oldi1245,Early Irish
IE.ALBANIAN.ALBANIAN_GHEG,ALBANIAN_GHEG,gheg1238,Gheg Albanian
IE.ALBANIAN.ALBANIAN,ALBANIAN,tosk1239,Northern Tosk Albanian
IE.ALBANIAN.ALBANIAN_TOSK,ALBANIAN_TOSK,tosk1239,Northern Tosk Albanian
IE.ROMANCE.LATIN,LATIN,lati1261,Latin
IE.ROMANCE.VLACH,VLACH,arom1237,Aromanian
IE.ROMANCE.TURIA_AROMANIAN,TURIA_AROMANIAN,arom1237,Aromanian
IE.ROMANCE.ROMANIAN_MEGLENO,ROMANIAN_MEGLENO,megl1237,Megleno-Romanian
IE.ROMANCE.ROMANIAN,ROMANIAN,roma1327,Romanian
IE.ROMANCE.ROMANIAN_2,ROMANIAN_2,roma1327,Romanian
IE.ROMANCE.CORSICAN,CORSICAN,cors1241,Corsican
IE.ROMANCE.SARDINIAN_CAMPIDANESE,SARDINIAN_CAMPIDANESE,camp1261,Campidanese Sardinian
IE.ROMANCE.SARDINIAN,SARDINIAN,,
IE.ROMANCE.SARDINIAN_LOGUDARESE,SARDINIAN_LOGUDARESE,logu1236,Logudorese Sardinian
IE.ROMANCE.DALMATIAN,DALMATIAN,dalm1243,Dalmatian
IE.ROMANCE.SICILIAN_UnnamedInSource,SICILIAN_UnnamedInSource,sici1248,Sicilian
IE.ROMANCE.ITALIAN_GROSSETO_TUSCAN,ITALIAN_GROSSETO_TUSCAN,ital1282,Italian
IE.ROMANCE.NEAPOLITAN_CALABRESE,NEAPOLITAN_CALABRESE,neap1235,Continental Southern Italian
IE.ROMANCE.ITALIAN,ITALIAN,ital1282,Italian
IE.ROMANCE.ARAGONESE,ARAGONESE,arag1245,Aragonese
IE.ROMANCE.VALENCIAN,VALENCIAN,stan1289,Catalan
IE.ROMANCE.BALEAR_CATALAN,BALEAR_CATALAN,stan1289,Catalan
IE.ROMANCE.CATALAN,CATALAN,stan1289,Catalan
IE.ROMANCE.CATALAN_2,CATALAN_2,stan1289,Catalan
IE.ROMANCE.GASCON,GASCON,occi1239,Occitan
IE.ROMANCE.LANGUEDOCIEN,LANGUEDOCIEN,occi1239,Occitan
IE.ROMANCE.OCCITAN_ARANESE,OCCITAN_ARANESE,occi1239,Occitan
IE.ROMANCE.GALICIAN,GALICIAN,gali1258,Galician
IE.ROMANCE.PORTUGUESE,PORTUGUESE,port1283,Portuguese
IE.ROMANCE.ASTURIAN,ASTURIAN,astu1245,Asturian-Leonese-Cantabrian
IE.ROMANCE.SPANISH,SPANISH,stan1288,Spanish
IE.ROMANCE.JUDEO_ESPAGNOL,JUDEO_ESPAGNOL,ladi1251,Ladino
IE.ROMANCE.EMILIANO_FERRARESE,EMILIANO_FERRARESE,emil1241,Emiliano
IE.ROMANCE.ROMAGNOL_RAVENNATE,ROMAGNOL_RAVENNATE,roma1328,Romagnol
IE.ROMANCE.EMILIANO_CARPIGIANO,EMILIANO_CARPIGIANO,emil1241,Emiliano
IE.ROMANCE.EMILIANO_REGGIANO,EMILIANO_REGGIANO,emil1241,Emiliano
IE.ROMANCE.LIGURIAN_RAPALLO,LIGURIAN_RAPALLO,ligu1248,Ligurian
IE.ROMANCE.LIGURIAN_STELLA,LIGURIAN_STELLA,ligu1248,Ligurian
IE.ROMANCE.LIGURIAN_GENOESE,LIGURIAN_GENOESE,ligu1248,Ligurian
IE.ROMANCE.PIEMONTESE_VERCELLESE,PIEMONTESE_VERCELLESE,piem1238,Piemontese
IE.ROMANCE.LOMBARD_PLESIO,LOMBARD_PLESIO,lomb1257,Lombard
IE.ROMANCE.LOMBARD_BERGAMO,LOMBARD_BERGAMO,lomb1257,Lombard
IE.ROMANCE.PIEMONTESE_BARBANIA,PIEMONTESE_BARBANIA,piem1238,Piemontese
IE.ROMANCE.PIEMONTESE_CARMAGNOLA,PIEMONTESE_CARMAGNOLA,piem1238,Piemontese
IE.ROMANCE.PIEMONTESE_LANZO_TORINESE,PIEMONTESE_LANZO_TORINESE,piem1238,Piemontese
IE.ROMANCE.FRIULIAN,FRIULIAN,friu1240,Friulian
IE.ROMANCE.NONES,NONES,ladi1250,Ladin
IE.ROMANCE.NONES_FASSANO,NONES_FASSANO,ladi1250,Ladin
IE.ROMANCE.NONES_GARDENESE,NONES_GARDENESE,ladi1250,Ladin
IE.ROMANCE.ARPITAN,ARPITAN,fran1260,Arpitan
IE.ROMANCE.FRENCH,FRENCH,stan1290,French
IE.ROMANCE.ROMANSH_SURSILVAN,ROMANSH_SURSILVAN,roma1326,Romansh
IE.ROMANCE.ROMANSH_VALLADER,ROMANSH_VALLADER,roma1326,Romansh
IE.ROMANCE.ROMANSH_GRISHUN,ROMANSH_GRISHUN,roma1326,Romansh
IE.ROMANCE.ROMANSH_SURMIRAN,ROMANSH_SURMIRAN,roma1326,Romansh
IE.BALTIC.OLD_PRUSSIAN,OLD_PRUSSIAN,prus1238,Old Prussian
IE.BALTIC.LATVIAN,LATVIAN,stan1325,Standard Latvian
IE.BALTIC.LITHUANIAN,LITHUANIAN,lith1251,Lithuanian
IE.SLAVIC.SLOVENIAN,SLOVENIAN,slov1268,Slovenian
IE.SLAVIC.BOSNIAN,BOSNIAN,bosn1245,Bosnian Standard
IE.SLAVIC.CROATIAN,CROATIAN,croa1245,Croatian Standard
IE.SLAVIC.SERBOCROATIAN,SERBOCROATIAN,sout1528,Serbian-Croatian-Bosnian
IE.SLAVIC.OLD_CHURCH_SLAVONIC,OLD_CHURCH_SLAVONIC,chur1257,Church Slavic
IE.SLAVIC.BULGARIAN,BULGARIAN,bulg1262,Bulgarian
IE.SLAVIC.MACEDONIAN,MACEDONIAN,mace1250,Macedonian
IE.SLAVIC.NASHTA,NASHTA,mace1250,Macedonian
IE.SLAVIC.UKRAINIAN,UKRAINIAN,ukra1253,Ukrainian
IE.SLAVIC.BELARUSIAN,BELARUSIAN,bela1254,Belarusian
IE.SLAVIC.NINILCHIK_RUSSIAN,NINILCHIK_RUSSIAN,russ1263,Russian
IE.SLAVIC.RUSSIAN,RUSSIAN,russ1263,Russian
IE.SLAVIC.SLOVAK,SLOVAK,slov1269,Slovak
IE.SLAVIC.CZECH,CZECH,czec1258,Czech
IE.SLAVIC.KASHUBIAN,KASHUBIAN,kash1274,Kashubian
IE.SLAVIC.POLISH,POLISH,poli1260,Polish
IE.SLAVIC.UPPER_SORBIAN,UPPER_SORBIAN,uppe1395,Upper Sorbian
IE.SLAVIC.LOWER_SORBIAN,LOWER_SORBIAN,lowe1385,Lower Sorbian
IE.SLAVIC.LOWER_SORBIAN_2,LOWER_SORBIAN_2,lowe1385,Lower Sorbian
IE.GREEK.GREEK_ANCIENT,GREEK_ANCIENT,anci1242,Ionic-Attic Ancient Greek
IE.GREEK.GREEK,GREEK,mode1248,Modern Greek
IE.ANATOLIAN.HITTITE,HITTITE,hitt1242,Hittite
IE.ANATOLIAN.PALAIC,PALAIC,pala1331,Palaic
IE.TOCHARIAN.TOCHARIAN_A,TOCHARIAN_A,tokh1242,Tokharian A
IE.TOCHARIAN.COMMON_TOCHARIAN,COMMON_TOCHARIAN,,
IE.TOCHARIAN.TOCHARIAN_B,TOCHARIAN_B,tokh1243,Tokharian B
IE.GERMANIC.GOTHIC,GOTHIC,goth1244,Gothic
IE.GERMANIC.DANISH,DANISH,dani1285,Danish
IE.GERMANIC.JAMTLANDIC,JAMTLANDIC,swed1254,Swedish
IE.GERMANIC.SWEDISH,SWEDISH,swed1254,Swedish
IE.GERMANIC.OLD_NORSE,OLD_NORSE,oldn1244,Old Norse
IE.GERMANIC.FAROESE,FAROESE,faro1244,Faroese
IE.GERMANIC.ICELANDIC,ICELANDIC,icel1247,Icelandic
IE.GERMANIC.NORWEGIAN_NYNORSK_TOTEN,NORWEGIAN_NYNORSK_TOTEN,norw1258,Norwegian
IE.GERMANIC.NORWEGIAN_BOKMAAL,NORWEGIAN_BOKMAAL,norw1258,Norwegian
IE.GERMANIC.NORWEGIAN_RIKSMAL,NORWEGIAN_RIKSMAL,norw1258,Norwegian
IE.GERMANIC.GJESTAL_NORWEGIAN,GJESTAL_NORWEGIAN,norw1258,Norwegian
IE.GERMANIC.SANDNES_NORWEGIAN,SANDNES_NORWEGIAN,norw1258,Norwegian
IE.GERMANIC.OLD_ENGLISH,OLD_ENGLISH,olde1238,Old English (ca. 450-1100)
IE.GERMANIC.ENGLISH,ENGLISH,stan1293,English
IE.GERMANIC.SCOTS,SCOTS,scot1243,Scots
IE.GERMANIC.FRISIAN_WESTERN,FRISIAN_WESTERN,west2354,Western Frisian
IE.GERMANIC.NORTH_FRISIAN_AMRUM,NORTH_FRISIAN_AMRUM,nort2626,Northern Frisian
IE.GERMANIC.OLD_FRISIAN,OLD_FRISIAN,oldf1241,Old Frisian
IE.GERMANIC.OLD_SAXON,OLD_SAXON,olds1250,Old Saxon
IE.GERMANIC.PLAUTDIETSCH,PLAUTDIETSCH,plau1238,Plautdietsch
IE.GERMANIC.EASTERN_FRISIAN,EASTERN_FRISIAN,nort2628,German Northern Low Saxon
IE.GERMANIC.STELLINGWERFS,STELLINGWERFS,stel1238,Stellingwerfs
IE.GERMANIC.NORTHERN_LOW_SAXON,NORTHERN_LOW_SAXON,nort2627,Eastern Low German
IE.GERMANIC.OLD_LOW_FRANCONIAN,OLD_LOW_FRANCONIAN,,
IE.GERMANIC.OLD_HIGH_GERMAN,OLD_HIGH_GERMAN,oldh1241,Old High German (ca. 750-1050)
IE.GERMANIC.YIDDISH_EASTERN,YIDDISH_EASTERN,east2295,Eastern Yiddish
IE.GERMANIC.YIDDISH_WESTERN,YIDDISH_WESTERN,west2361,Western Yiddish
IE.GERMANIC.CIMBRIAN,CIMBRIAN,cimb1238,Cimbrian
IE.GERMANIC.ALSATIAN,ALSATIAN,swis1247,Central Alemannic
IE.GERMANIC.BERNESE_GERMAN,BERNESE_GERMAN,swis1247,Central Alemannic
IE.GERMANIC.SWABIAN,SWABIAN,swab1242,Swabian
IE.GERMANIC.LIMBURGISH,LIMBURGISH,limb1263,Limburgan
IE.GERMANIC.LUXEMBOURGISH,LUXEMBOURGISH,luxe1241,Moselle Franconian
IE.GERMANIC.SAXON_UPPER,SAXON_UPPER,uppe1400,Central East Middle German
IE.GERMANIC.STANDARD_GERMAN,STANDARD_GERMAN,stan1295,German
IE.GERMANIC.AFRIKAANS,AFRIKAANS,afri1274,Afrikaans
IE.GERMANIC.DUTCH,DUTCH,dutc1256,Dutch
IE.GERMANIC.BRABANTIC,BRABANTIC,dutc1256,Dutch
IE.GERMANIC.ZEEUWS,ZEEUWS,zeeu1238,Zeeuws
IE.GERMANIC.FRANS_VLAAMS,FRANS_VLAAMS,vlaa1240,Western Flemish
IE.GERMANIC.WESTVLAAMS,WESTVLAAMS,vlaa1240,Western Flemish
IE.ARMENIAN.ARMENIAN_CLASSICAL,ARMENIAN_CLASSICAL,clas1249,Classical-Middle Armenian
IE.ARMENIAN.EASTERN_ARMENIAN,EASTERN_ARMENIAN,nucl1235,Eastern Armenian
IE.ARMENIAN.WESTERN_ARMENIAN,WESTERN_ARMENIAN,homs1234,Western Armenian
IE.IRANIAN.OLD_PERSIAN,OLD_PERSIAN,oldp1254,Old Persian (ca. 600-400 B.C.)
IE.IRANIAN.JUDEO_TAT,JUDEO_TAT,jude1256,Judeo-Tat
IE.IRANIAN.JUDEO_TAT_2,JUDEO_TAT_2,jude1256,Judeo-Tat
IE.IRANIAN.PERSIAN,PERSIAN,west2369,Western Farsi
IE.IRANIAN.EASTERN_FARSI,EASTERN_FARSI,dari1249,Dari
IE.IRANIAN.TAJIK,TAJIK,taji1245,Tajik
IE.IRANIAN.BALOCHI_EASTERN,BALOCHI_EASTERN,east2304,Eastern Balochi
IE.IRANIAN.BALOCHI_WESTERN,BALOCHI_WESTERN,west2368,Western Balochi
IE.IRANIAN.GURANI,GURANI,gura1251,Gurani
IE.IRANIAN.KIRMANJKI,KIRMANJKI,kirm1248,Kirmanjki
IE.IRANIAN.KURDISH_CENTRAL,KURDISH_CENTRAL,cent1972,Central Kurdish
IE.IRANIAN.KURDISH_KURMANJI,KURDISH_KURMANJI,nort2641,Northern Kurdish
IE.IRANIAN.MEYMAI,MEYMAI,khun1255,Khunsaric
IE.IRANIAN.NATANZI,NATANZI,nata1252,Natanzic
IE.IRANIAN.TALYSH,TALYSH,taly1247,North-Central Talysh
IE.IRANIAN.VAFSI,VAFSI,vafs1240,Vafsi
IE.IRANIAN.GILAKI,GILAKI,gila1241,Gilaki
IE.IRANIAN.SHAHMIRZADI,SHAHMIRZADI,shah1253,Shahmirzadi
IE.IRANIAN.SORKHEI,SORKHEI,sork1239,Sorkhei-Aftari
IE.IRANIAN.SANGISARI,SANGISARI,sang1315,Sangisari
IE.IRANIAN.LASGERDI,LASGERDI,lasg1238,Lasgerdi
IE.IRANIAN.SEMNANI,SEMNANI,semn1249,Semnani-Biyabuneki
IE.IRANIAN.YAGHNOBI,YAGHNOBI,yagn1238,Yagnobi
IE.IRANIAN.AVESTAN,AVESTAN,aves1237,Avestan
IE.IRANIAN.AVESTAN_2,AVESTAN_2,aves1237,Avestan
IE.IRANIAN.DIGOR_OSSETIAN,DIGOR_OSSETIAN,iron1242,Iron Ossetian
IE.IRANIAN.IRON_OSSETIAN,IRON_OSSETIAN,iron1242,Iron Ossetian
IE.IRANIAN.SARIKOLI,SARIKOLI,sari1246,Sarikoli
IE.IRANIAN.SHUGHNI,SHUGHNI,shug1248,Shughni
IE.IRANIAN.MUNJANI,MUNJANI,munj1244,Munji
IE.IRANIAN.YIDGHA,YIDGHA,yidg1240,Yidgha
IE.IRANIAN.ISHKOMAN_WAKHI,ISHKOMAN_WAKHI,wakh1245,Wakhi
IE.IRANIAN.YASIN_WAKHI,YASIN_WAKHI,wakh1245,Wakhi
IE.IRANIAN.CHAPURSAN_WAKHI,CHAPURSAN_WAKHI,wakh1245,Wakhi
IE.IRANIAN.CENTRAL_GOJAL_WAKHI,CENTRAL_GOJAL_WAKHI,wakh1245,Wakhi
IE.IRANIAN.SHIMSAL_WAKHI,SHIMSAL_WAKHI,wakh1245,Wakhi
IE.IRANIAN.ORMURI,ORMURI,ormu1247,Ormuri
IE.IRANIAN.PARACHI,PARACHI,para1299,Parachi
IE.IRANIAN.WANECI,WANECI,wane1241,Waneci
IE.IRANIAN.KANDAHAR_PASHTO,KANDAHAR_PASHTO,sout2649,Southern Pashto
IE.IRANIAN.PISHIN_PASHTO,PISHIN_PASHTO,sout2649,Southern Pashto
IE.IRANIAN.QUETTA_PASHTO,QUETTA_PASHTO,sout2649,Southern Pashto
IE.IRANIAN.CHAMAN_PASHTO,CHAMAN_PASHTO,sout2649,Southern Pashto
IE.IRANIAN.PASHIN_KAKARI_PASHTO,PASHIN_KAKARI_PASHTO,sout2649,Southern Pashto
IE.IRANIAN.NINGRAHAR_PASHTO,NINGRAHAR_PASHTO,nort2646,Northern Pashto
IE.IRANIAN.HANGU_PASHTO,HANGU_PASHTO,nort2646,Northern Pashto
IE.IRANIAN.SHINWARI_PASHTO,SHINWARI_PASHTO,nort2646,Northern Pashto
IE.IRANIAN.PARACHINAR_PASHTO,PARACHINAR_PASHTO,nort2646,Northern Pashto
IE.IRANIAN.ZAKHA_KHEL_AFRIDI_PASHTO,ZAKHA_KHEL_AFRIDI_PASHTO,nort2646,Northern Pashto
IE.IRANIAN.THAL_PASHTO,THAL_PASHTO,nort2646,Northern Pashto
IE.IRANIAN.JAMRUD_AFRIDI_PASHTO,JAMRUD_AFRIDI_PASHTO,nort2646,Northern Pashto
IE.IRANIAN.TIRAH_AFRIDI_PASHTO,TIRAH_AFRIDI_PASHTO,nort2646,Northern Pashto
IE.IRANIAN.LAKKI_MARWAT_PASHTO,LAKKI_MARWAT_PASHTO,cent1973,Central Pashto
IE.IRANIAN.KARAK_PASHTO,KARAK_PASHTO,cent1973,Central Pashto
IE.IRANIAN.BANNU_PASHTO,BANNU_PASHTO,cent1973,Central Pashto
IE.IRANIAN.WANA_PASHTO,WANA_PASHTO,cent1973,Central Pashto
IE.IRANIAN.MIRAN_SHAH_PASHTO,MIRAN_SHAH_PASHTO,cent1973,Central Pashto
IE.IRANIAN.BAR_PASHTO,BAR_PASHTO,nort2646,Northern Pashto
IE.IRANIAN.MALLAGORI_PASHTO,MALLAGORI_PASHTO,nort2646,Northern Pashto
IE.IRANIAN.MOHMAND_PASHTO,MOHMAND_PASHTO,nort2646,Northern Pashto
IE.IRANIAN.MARDAN_PASHTO,MARDAN_PASHTO,nort2646,Northern Pashto
IE.IRANIAN.DIR_PASHTO,DIR_PASHTO,nort2646,Northern Pashto
IE.IRANIAN.BAJAUR_PASHTO,BAJAUR_PASHTO,nort2646,Northern Pashto
IE.IRANIAN.MINGORA_PASHTO,MINGORA_PASHTO,nort2646,Northern Pashto
IE.IRANIAN.MADYAN_PASHTO,MADYAN_PASHTO,nort2646,Northern Pashto
IE.IRANIAN.OGHI_PASHTO,OGHI_PASHTO,nort2646,Northern Pashto
IE.IRANIAN.BAFFA_PASHTO,BAFFA_PASHTO,nort2646,Northern Pashto
IE.IRANIAN.BATAGRAM_PASHTO,BATAGRAM_PASHTO,nort2646,Northern Pashto
IE.IRANIAN.SWABI_PASHTO,SWABI_PASHTO,nort2646,Northern Pashto
IE.IRANIAN.CHERAT_PASHTO,CHERAT_PASHTO,nort2646,Northern Pashto
IE.IRANIAN.JALLOZAI_PASHTO,JALLOZAI_PASHTO,nort2646,Northern Pashto
IE.IRANIAN.PESHAWAR_PASHTO,PESHAWAR_PASHTO,nort2646,Northern Pashto
IE.IRANIAN.NORTHERN_PASHTO,NORTHERN_PASHTO,nort2646,Northern Pashto
IE.IRANIAN.CHARSADDA_PASHTO,CHARSADDA_PASHTO,nort2646,Northern Pashto
IE.NURISTANI.EASTERN_KATIVIRI,EASTERN_KATIVIRI,kati1270,Katë
IE.NURISTANI.SHEKHANI,SHEKHANI,kamv1242,Kamviri
IE.INDIC.MALDIVIAN,MALDIVIAN,dhiv1236,Dhivehi
IE.INDIC.SINHALA,SINHALA,sinh1246,Sinhala
IE.INDIC.VEDDA,VEDDA,vedd1240,Veddah
IE.INDIC.SANSKRIT,SANSKRIT,sans1269,Sanskrit
IE.INDIC.ORIYA,ORIYA,oriy1255,Odia
IE.INDIC.ASSAMESE,ASSAMESE,assa1263,Assamese
IE.INDIC.RAJBANSHI,RAJBANSHI,rajb1243,Rajbanshi
IE.INDIC.BENGALI,BENGALI,beng1280,Bengali
IE.INDIC.CHAKMA_UnnamedInSource,CHAKMA_UnnamedInSource,chak1266,Chakma
IE.INDIC.KUMAUNI,KUMAUNI,kuma1273,Kumaoni
IE.INDIC.NEPALI,NEPALI,nepa1254,Nepali
IE.INDIC.JAUNSARI,JAUNSARI,jaun1243,Jaunsari
IE.INDIC.PAHARI_MAHASU,PAHARI_MAHASU,maha1287,Mahasu Pahari
IE.INDIC.MANDEALI,MANDEALI,mand1409,Mandeali
IE.INDIC.PANGWALI,PANGWALI,pang1282,Pangwali
IE.INDIC.BHADRAWAHI,BHADRAWAHI,bhad1241,Bhadrawahi
IE.INDIC.CHURAHI,CHURAHI,chur1258,Churahi
IE.INDIC.BHATTIYALI,BHATTIYALI,bhat1263,Bhattiyali
IE.INDIC.CHAMBEALI,CHAMBEALI,cham1307,Chambeali
IE.INDIC.PALI,PALI,pali1273,Pali
IE.INDIC.MAITHILI,MAITHILI,mait1250,Maithili
IE.INDIC.SADRI,SADRI,sadr1248,Sadri
IE.INDIC.BHOIPURI,BHOIPURI,bhoj1244,Bhojpuri
IE.INDIC.BHOJPURI,BHOJPURI,bhoj1244,Bhojpuri
IE.INDIC.DARAI,DARAI,dara1250,Darai
IE.INDIC.DANUWAR,DANUWAR,koch1253,Kochariya-East Danuwar
IE.INDIC.DARAI_2,DARAI_2,dara1250,Darai
IE.INDIC.RANA,RANA,rana1246,Rana Tharu
IE.INDIC.CHITWAN,CHITWAN,chit1274,Chitwania Tharu
IE.INDIC.MORANG,MORANG,koch1247,Kochila Tharu
IE.INDIC.DANG,DANG,dang1260,Dangaura Tharu
IE.INDIC.KONKANI,KONKANI,konk1267,Konkan Marathi
IE.INDIC.MARATHI,MARATHI,mara1378,Marathi
IE.INDIC.DOMARI,DOMARI,doma1258,Domari
IE.INDIC.NAWAR_ZUTT,NAWAR_ZUTT,doma1258,Domari
IE.INDIC.DOMAAKI,DOMAAKI,doma1260,Domaaki
IE.INDIC.GREEK_ROMANY,GREEK_ROMANY,balk1252,Balkan Romani
IE.INDIC.SOFIA_ERLI_ROMANI,SOFIA_ERLI_ROMANI,balk1252,Balkan Romani
IE.INDIC.BUGURDZI_ROMANI,BUGURDZI_ROMANI,balk1252,Balkan Romani
IE.INDIC.GURBET_ROMANI,GURBET_ROMANI,vlax1238,Vlax Romani
IE.INDIC.MACEDONIAN_DZAMBAZI_ROMANIAN,MACEDONIAN_DZAMBAZI_ROMANIAN,vlax1238,Vlax Romani
IE.INDIC.LOVARA_ROMANI,LOVARA_ROMANI,vlax1238,Vlax Romani
IE.INDIC.VLAX_ROMANI,VLAX_ROMANI,vlax1238,Vlax Romani
IE.INDIC.SEPECIDES_ROMANI,SEPECIDES_ROMANI,balk1252,Balkan Romani
IE.INDIC.CRIMEAN_ROMANI,CRIMEAN_ROMANI,balk1252,Balkan Romani
IE.INDIC.URSARI_ROMANI,URSARI_ROMANI,balk1252,Balkan Romani
IE.INDIC.KOSOVO_ARLI_ROMANI,KOSOVO_ARLI_ROMANI,balk1252,Balkan Romani
IE.INDIC.MACEDONIAN_ARLI_ROMANI,MACEDONIAN_ARLI_ROMANI,balk1252,Balkan Romani
IE.INDIC.BANATISKI_GURBET_ROMANI,BANATISKI_GURBET_ROMANI,vlax1238,Vlax Romani
IE.INDIC.SREMSKI_GURBET_ROMANI,SREMSKI_GURBET_ROMANI,vlax1238,Vlax Romani
IE.INDIC.EAST_SLOVAK_ROMANI,EAST_SLOVAK_ROMANI,carp1235,Central Romani
IE.INDIC.FINNISH_ROMANI,FINNISH_ROMANI,kalo1256,Kalo Finnish Romani
IE.INDIC.DOLENJSKI_ROMANI,DOLENJSKI_ROMANI,sint1235,Sinte-Manus Romani
IE.INDIC.SINTI_ROMANI,SINTI_ROMANI,sint1235,Sinte-Manus Romani
IE.INDIC.GURVARI_ROMANI,GURVARI_ROMANI,carp1235,Central Romani
IE.INDIC.HUNGARIAN_VEND_ROMANI,HUNGARIAN_VEND_ROMANI,carp1235,Central Romani
IE.INDIC.ROMUNGRO_ROMANI,ROMUNGRO_ROMANI,carp1235,Central Romani
IE.INDIC.SELICE_ROMANI,SELICE_ROMANI,carp1235,Central Romani
IE.INDIC.BURGENLAND_ROMANI,BURGENLAND_ROMANI,carp1235,Central Romani
IE.INDIC.WELSH_ROMANI,WELSH_ROMANI,wels1246,Welsh Romani
IE.INDIC.LATVIAN_ROMANI,LATVIAN_ROMANI,balt1257,Baltic Romani
IE.INDIC.LITHUANIAN_ROMANI,LITHUANIAN_ROMANI,balt1257,Baltic Romani
IE.INDIC.NORTH_RUSSIAN_ROMANI,NORTH_RUSSIAN_ROMANI,balt1257,Baltic Romani
IE.INDIC.BUNDELI,BUNDELI,bund1253,Bundeli
IE.INDIC.HARYANVI,HARYANVI,hary1238,Haryanvi
IE.INDIC.HINDI,HINDI,hind1269,Hindi
IE.INDIC.URDU,URDU,urdu1245,Urdu
IE.INDIC.VAAGRI_BOLI,VAAGRI_BOLI,vaag1238,Vaagri Booli
IE.INDIC.GUJARATI,GUJARATI,guja1252,Gujarati
IE.INDIC.SAURASHTRA,SAURASHTRA,saur1248,Saurashtra
IE.INDIC.HADOTI,HADOTI,hado1235,Hadothi
IE.INDIC.LAMANI,LAMANI,lamb1269,Lambadi
IE.INDIC.MARWARI,MARWARI,marw1260,Marwari (India)
IE.INDIC.AGRA_GUJARI,AGRA_GUJARI,guja1253,Gujari
IE.INDIC.KAGHAN_GUJARI,KAGHAN_GUJARI,guja1253,Gujari
IE.INDIC.MENDHAR_GUJARI,MENDHAR_GUJARI,guja1253,Gujari
IE.INDIC.CENTRAL_AZAD_KASHMIR_GUJARI,CENTRAL_AZAD_KASHMIR_GUJARI,guja1253,Gujari
IE.INDIC.SOUTHERN_HAZARA_GUJARI,SOUTHERN_HAZARA_GUJARI,guja1253,Gujari
IE.INDIC.SOUTHERN_AZAD_KASHMIR_GUJARI,SOUTHERN_AZAD_KASHMIR_GUJARI,guja1253,Gujari
IE.INDIC.NORTHERN_AZAD_KASHMIR_GUJARI,NORTHERN_AZAD_KASHMIR_GUJARI,guja1253,Gujari
IE.INDIC.GILGIT_GUJARI,GILGIT_GUJARI,guja1253,Gujari
IE.INDIC.SETTLED_SWAT_GUJARI,SETTLED_SWAT_GUJARI,guja1253,Gujari
IE.INDIC.TRANSHUMANT_SWAT_GUJARI,TRANSHUMANT_SWAT_GUJARI,guja1253,Gujari
IE.INDIC.CHITRAL_GUJARI,CHITRAL_GUJARI,guja1253,Gujari
IE.INDIC.DIR_GUJARI,DIR_GUJARI,guja1253,Gujari
IE.INDIC.KUNAR_GUJARI,KUNAR_GUJARI,guja1253,Gujari
IE.INDIC.PUNJABI_MAJHI,PUNJABI_MAJHI,panj1256,Eastern Panjabi
IE.INDIC.SANSI,SANSI,sans1271,Sansi
IE.INDIC.PAHARI_POTWARI,PAHARI_POTWARI,paha1251,Pahari Potwari
IE.INDIC.WESTERN_PANJABI_SHAHPUR,WESTERN_PANJABI_SHAHPUR,west2386,Western Panjabi
IE.INDIC.SERAIKI,SERAIKI,sera1259,Saraiki
IE.INDIC.TALAGANG_HINDKO,TALAGANG_HINDKO,sout2668,Southern Hindko
IE.INDIC.ATTOCK_CITY_HINDKO,ATTOCK_CITY_HINDKO,sout2668,Southern Hindko
IE.INDIC.ATTOCK,ATTOCK,sout2668,Southern Hindko
IE.INDIC.JAMMUN,JAMMUN,nort2662,Northern Hindko
IE.INDIC.PAKHA_GOLAM_HINDKO,PAKHA_GOLAM_HINDKO,sout2668,Southern Hindko
IE.INDIC.WAD_PAGGA_HINDKO,WAD_PAGGA_HINDKO,sout2668,Southern Hindko
IE.INDIC.KOHAT_CITY_HINDKO,KOHAT_CITY_HINDKO,sout2668,Southern Hindko
IE.INDIC.BALAKOT_HINDKO,BALAKOT_HINDKO,nort2662,Northern Hindko
IE.INDIC.SHERPUR_HINDKO,SHERPUR_HINDKO,nort2662,Northern Hindko
IE.INDIC.SINGO_DI_GARHI_HINDKO,SINGO_DI_GARHI_HINDKO,nort2662,Northern Hindko
IE.INDIC.PESHAWAR_CITY_HINDKO,PESHAWAR_CITY_HINDKO,sout2668,Southern Hindko
IE.INDIC.MANSEHRA_HINDKO,MANSEHRA_HINDKO,nort2662,Northern Hindko
IE.INDIC.KASHMIRI,KASHMIRI,kash1277,Kashmiri
IE.INDIC.DAMELI,DAMELI,dame1241,Dameli
IE.INDIC.DAMELI_2,DAMELI_2,dame1241,Dameli
IE.INDIC.GAWAR_BATI,GAWAR_BATI,gawa1247,Gawar-Bati
IE.INDIC.ZUGUNUK_KALASHA,ZUGUNUK_KALASHA,kala1372,Chitral Kalasha
IE.INDIC.GURU_KALASHA,GURU_KALASHA,kala1372,Chitral Kalasha
IE.INDIC.KRAKAL_KALASHA,KRAKAL_KALASHA,kala1372,Chitral Kalasha
IE.INDIC.CHATORKHAND_KHOWAR,CHATORKHAND_KHOWAR,khow1242,Khowar
IE.INDIC.GARAM_CHISHMA_KHOWAR,GARAM_CHISHMA_KHOWAR,khow1242,Khowar
IE.INDIC.KESU_KHOWAR,KESU_KHOWAR,khow1242,Khowar
IE.INDIC.ODIR_KHOWAR,ODIR_KHOWAR,khow1242,Khowar
IE.INDIC.USHU_KHOWAR,USHU_KHOWAR,khow1242,Khowar
IE.INDIC.PARGAM_NISAR_KHOWAR,PARGAM_NISAR_KHOWAR,khow1242,Khowar
IE.INDIC.INDUS_KOHISTANI,INDUS_KOHISTANI,indu1241,Indus Kohistani
IE.INDIC.KOHISTANI_INDUS,KOHISTANI_INDUS,indu1241,Indus Kohistani
IE.INDIC.KALAMI,KALAMI,kala1373,Gawri
IE.INDIC.TORWALI,TORWALI,torw1241,Torwali
IE.INDIC.SAVI,SAVI,savi1242,Sauji
IE.INDIC.KALKOTI,KALKOTI,kalk1245,Kalkoti
IE.INDIC.PURIGAL_PHALURA,PURIGAL_PHALURA,phal1254,Palula
IE.INDIC.BIORI_PHALURA,BIORI_PHALURA,phal1254,Palula
IE.INDIC.ASHRET_PHALURA,ASHRET_PHALURA,phal1254,Palula
IE.INDIC.USHOJO,USHOJO,usho1238,Ushojo
IE.INDIC.SHINA_2,SHINA_2,shin1264,Shina
IE.INDIC.SHINA_GURESI,SHINA_GURESI,shin1264,Shina
IE.INDIC.SHINA_KOHISTANI,SHINA_KOHISTANI,shin1264,Shina
IE.INDIC.BUNJI_SHINA,BUNJI_SHINA,shin1264,Shina
IE.INDIC.GOHARABAD_SHINA,GOHARABAD_SHINA,shin1264,Shina
IE.INDIC.SAZIN_SHINA,SAZIN_SHINA,shin1264,Shina
IE.INDIC.TANGIR_SHINA,TANGIR_SHINA,shin1264,Shina
IE.INDIC.HARBAN_SHINA,HARBAN_SHINA,shin1264,Shina
IE.INDIC.DAREL_SHINA,DAREL_SHINA,shin1264,Shina
IE.INDIC.JELIL_CHILAS_SHINA,JELIL_CHILAS_SHINA,shin1264,Shina
IE.INDIC.KHINAR_CHILAS_SHINA,KHINAR_CHILAS_SHINA,shin1264,Shina
IE.INDIC.PALAS_SHINA,PALAS_SHINA,shin1264,Shina
IE.INDIC.JALKOT_SHINA,JALKOT_SHINA,shin1264,Shina
IE.INDIC.KOLAI_SHINA,KOLAI_SHINA,shin1264,Shina
IE.INDIC.GILGIT_SHINA,GILGIT_SHINA,shin1264,Shina
IE.INDIC.CHALT_SHINA,CHALT_SHINA,shin1264,Shina
IE.INDIC.NAGAR_SHINA,NAGAR_SHINA,shin1264,Shina
IE.INDIC.HUNZA_SHINA,HUNZA_SHINA,shin1264,Shina
IE.INDIC.BAGROT_SHINA,BAGROT_SHINA,shin1264,Shina
IE.INDIC.HARAMOSH_SHINA,HARAMOSH_SHINA,shin1264,Shina
IE.INDIC.PUNIAL_SHINA,PUNIAL_SHINA,shin1264,Shina
IE.INDIC.GUPIS_SHINA,GUPIS_SHINA,shin1264,Shina
IE.INDIC.RONDU_SHINA,RONDU_SHINA,shin1264,Shina
IE.INDIC.SATPARA_SHINA,SATPARA_SHINA,shin1264,Shina
IE.INDIC.BROKSKAT,BROKSKAT,brok1247,Brokskat
IE.INDIC.BROK_SKAD,BROK_SKAD,brok1247,Brokskat
IE.INDIC.GULTARI_SHINA,GULTARI_SHINA,shin1264,Shina
IE.INDIC.KACHURA_SHINA,KACHURA_SHINA,shin1264,Shina
IE.INDIC.KHARMANG_SHINA,KHARMANG_SHINA,shin1264,Shina
IE.INDIC.ASTOR_SHINA,ASTOR_SHINA,shin1264,Shina
IE.INDIC.DASHKIN_SHINA,DASHKIN_SHINA,shin1264,Shina
Kak.KARANKAWA.KARANKAWA,KARANKAWA,kara1289,Karankawa
Son.SONGHAY.KOYRA_CHIINI,KOYRA_CHIINI,koyr1240,Koyra Chiini Songhay
Son.SONGHAY.TADAKSAHAK,TADAKSAHAK,tada1238,Tadaksahak
Son.SONGHAY.KORANDJE,KORANDJE,kora1291,Korandje
Son.SONGHAY.TASAWAQ,TASAWAQ,tasa1240,Tasawaq
Son.SONGHAY.KOROBORO_SENNI,KOROBORO_SENNI,koyr1242,Koyraboro Senni Songhai
Son.SONGHAY.TONDI_SONGWAY_KIINI,TONDI_SONGWAY_KIINI,humb1243,Humburi Senni Songhay
Son.SONGHAY.DENDI,DENDI,dend1243,Dendi (Benin)
Son.SONGHAY.DJENNE_CHIINI,DJENNE_CHIINI,zarm1239,Zarma-Kaado
Son.SONGHAY.ZARMA,ZARMA,zarm1239,Zarma-Kaado
Sha.SHABO.SHABO,SHABO,shab1252,Shabo
Gum.GUMUZ.GUMUZ,GUMUZ,gumu1244,Northern Gumuz
Gum.GUMUZ.DISOHA,DISOHA,gumu1244,Northern Gumuz
Gum.GUMUZ.SESE,SESE,gumu1244,Northern Gumuz
Kom.KOMAN.GWAMA,GWAMA,kwam1249,Gwama
Kom.KOMAN.NORTHERN_KOMA,NORTHERN_KOMA,kwam1249,Gwama
Kom.KOMAN.LANGA,LANGA,opuu1239,Opo
Kom.KOMAN.SOUTHERN_KOMA,SOUTHERN_KOMA,komo1258,Komo (Sudan-Ethiopia)
Kom.KOMAN.UDUK,UDUK,uduk1239,Uduk
Kom.KOMAN.CENTRAL_KOMA,CENTRAL_KOMA,komo1258,Komo (Sudan-Ethiopia)
Kom.KOMAN.KOMA,KOMA,komo1258,Komo (Sudan-Ethiopia)
AA.BIRAYLE.BIRAYLE,BIRAYLE,bira1253,Ongota
AA.BIRAYLE.ONGOTA,ONGOTA,bira1253,Ongota
AA.SOUTH_OMOTIC.DIME,DIME,dime1235,Dime
AA.SOUTH_OMOTIC.ARI,ARI,aari1239,Aari
AA.SOUTH_OMOTIC.BANNA,BANNA,hame1242,Hamer-Banna
AA.NORTH_OMOTIC.NORTHERN_MAO,NORTHERN_MAO,bamb1262,Bambassi
AA.NORTH_OMOTIC.GANZA,GANZA,ganz1246,Ganza
AA.NORTH_OMOTIC.HOZO,HOZO,hozo1236,Hozo
AA.NORTH_OMOTIC.SEZE,SEZE,seze1235,Seze
AA.DIZOID.MAJI,MAJI,dizi1235,Dizin
AA.DIZOID.NAO,NAO,nayi1243,Nayi
AA.DIZOID.SHEKO,SHEKO,shek1245,Sheko
AA.NORTH_OMOTIC.JANJERO,JANJERO,yems1235,Yemsa
AA.NORTH_OMOTIC.SHINASSHA,SHINASSHA,boro1277,Boro (Ethiopia)
AA.NORTH_OMOTIC.SHINASSHA_2,SHINASSHA_2,boro1277,Boro (Ethiopia)
AA.NORTH_OMOTIC.SOUTHERN_MAO,SOUTHERN_MAO,anfi1235,Anfillo
AA.NORTH_OMOTIC.MOCHA_2,MOCHA_2,shek1244,Shekkacho
AA.NORTH_OMOTIC.MOCHA,MOCHA,shek1244,Shekkacho
AA.NORTH_OMOTIC.KEFA,KEFA,kafa1242,Kafa
AA.NORTH_OMOTIC.KEFA_2,KEFA_2,kafa1242,Kafa
AA.NORTH_OMOTIC.BENCHO,BENCHO,benc1235,Bench
AA.NORTH_OMOTIC.SHE,SHE,benc1235,Bench
AA.NORTH_OMOTIC.CHARA,CHARA,char1269,Chara
AA.NORTH_OMOTIC.GIDICHO,GIDICHO,koor1239,Koorete
AA.NORTH_OMOTIC.KOYRA,KOYRA,koor1239,Koorete
AA.NORTH_OMOTIC.KACHAMA,KACHAMA,kach1284,Kachama-Ganjule-Haro
AA.NORTH_OMOTIC.ZERGULLA,ZERGULLA,zays1235,Zayse-Zergulla
AA.NORTH_OMOTIC.ZAYSE,ZAYSE,zays1235,Zayse-Zergulla
AA.NORTH_OMOTIC.BASKETO,BASKETO,bask1236,Basketo
AA.NORTH_OMOTIC.MALE_ETHIOPIA,MALE_ETHIOPIA,male1284,Male (Ethiopia)
AA.NORTH_OMOTIC.DORZE,DORZE,dorz1235,Dorze
AA.NORTH_OMOTIC.OYDA,OYDA,oyda1235,Oyda
AA.NORTH_OMOTIC.WOLAYTTA,WOLAYTTA,wola1242,Wolaytta
AA.NORTH_OMOTIC.WELAMO,WELAMO,wola1242,Wolaytta
AA.NORTH_OMOTIC.DACHE,DACHE,gamo1243,Gamo
AA.NORTH_OMOTIC.KULLO,KULLO,dawr1236,Dawro
Kuj.KUJARGE.KUJARKE,KUJARKE,kuja1239,Kujarge
AA.SOUTHERN_CUSHITIC.AASAX,AASAX,aasa1238,Aasax
AA.SOUTHERN_CUSHITIC.KWADZA,KWADZA,kwad1248,Kw'adza
AA.SOUTHERN_CUSHITIC.BURUNGE,BURUNGE,buru1320,Burunge
AA.SOUTHERN_CUSHITIC.ALAGWA,ALAGWA,alag1248,Alagwa
AA.SOUTHERN_CUSHITIC.IRAQW,IRAQW,iraq1241,Iraqw
AA.SOUTHERN_CUSHITIC.IRAQW_2,IRAQW_2,iraq1241,Iraqw
AA.BEJA.BEJA,BEJA,beja1238,Beja
AA.BEJA.BEJA_2,BEJA_2,beja1238,Beja
AA.CENTRAL_CUSHITIC.AWNGI_2,AWNGI_2,awng1244,Awngi
AA.CENTRAL_CUSHITIC.AWNGI,AWNGI,awng1244,Awngi
AA.CENTRAL_CUSHITIC.KEMANT,KEMANT,qima1242,Qimant
AA.CENTRAL_CUSHITIC.KEMANT_2,KEMANT_2,qima1242,Qimant
AA.CENTRAL_CUSHITIC.BILIN,BILIN,bili1260,Bilin
AA.CENTRAL_CUSHITIC.BILIN_2,BILIN_2,bili1260,Bilin
AA.CENTRAL_CUSHITIC.XAMTANGA,XAMTANGA,xamt1239,Xamtanga
AA.CENTRAL_CUSHITIC.XAMTANGA_2,XAMTANGA_2,xamt1239,Xamtanga
AA.DAHALO.DAHALO,DAHALO,daha1245,Dahalo
AA.DAHALO.DAHALO_2,DAHALO_2,daha1245,Dahalo
AA.LOWLAND_EAST_CUSHITIC.BURJI,BURJI,burj1242,Burji
AA.LOWLAND_EAST_CUSHITIC.BURJI_2,BURJI_2,burj1242,Burji
AA.HIGHLAND_EAST_CUSHITIC.SIDAMO,SIDAMO,sida1246,Sidamo
AA.HIGHLAND_EAST_CUSHITIC.SIDAMO_2,SIDAMO_2,sida1246,Sidamo
AA.HIGHLAND_EAST_CUSHITIC.GEDEO,GEDEO,gede1246,Gedeo
AA.HIGHLAND_EAST_CUSHITIC.GEDEO_2,GEDEO_2,gede1246,Gedeo
AA.HIGHLAND_EAST_CUSHITIC.KAMBAATA,KAMBAATA,kamb1316,Kambaata
AA.HIGHLAND_EAST_CUSHITIC.KAMBAATA_2,KAMBAATA_2,kamb1316,Kambaata
AA.HIGHLAND_EAST_CUSHITIC.HADIYYA,HADIYYA,hadi1240,Hadiyya
AA.HIGHLAND_EAST_CUSHITIC.LIBIDO,LIBIDO,libi1250,Libido
AA.HIGHLAND_EAST_CUSHITIC.HADIYYA_2,HADIYYA_2,hadi1240,Hadiyya
AA.LOWLAND_EAST_CUSHITIC.BOON,BOON,boon1242,Boon
AA.LOWLAND_EAST_CUSHITIC.SAHO_2,SAHO_2,saho1246,Saho
AA.LOWLAND_EAST_CUSHITIC.SAHO,SAHO,saho1246,Saho
AA.LOWLAND_EAST_CUSHITIC.AFAR,AFAR,afar1241,Afar
AA.LOWLAND_EAST_CUSHITIC.AFAR_2,AFAR_2,afar1241,Afar
AA.LOWLAND_EAST_CUSHITIC.MOGOGODO,MOGOGODO,yaak1241,Yaaku
AA.LOWLAND_EAST_CUSHITIC.BUSSA,BUSSA,buss1239,Bussa
AA.LOWLAND_EAST_CUSHITIC.BUSSA_2,BUSSA_2,buss1239,Bussa
AA.LOWLAND_EAST_CUSHITIC.GAWWADA,GAWWADA,gaww1239,Ale-Gawwada
AA.LOWLAND_EAST_CUSHITIC.TSAMAI,TSAMAI,tsam1247,Tsamai
AA.LOWLAND_EAST_CUSHITIC.TSAMAI_2,TSAMAI_2,tsam1247,Tsamai
AA.LOWLAND_EAST_CUSHITIC.GAWWADA_2,GAWWADA_2,gaww1239,Ale-Gawwada
AA.LOWLAND_EAST_CUSHITIC.GOBEZE,GOBEZE,gaww1239,Ale-Gawwada
AA.LOWLAND_EAST_CUSHITIC.WERIZE,WERIZE,gaww1239,Ale-Gawwada
AA.LOWLAND_EAST_CUSHITIC.ARBORE,ARBORE,arbo1245,Arbore
AA.LOWLAND_EAST_CUSHITIC.ARBORE_2,ARBORE_2,arbo1245,Arbore
AA.LOWLAND_EAST_CUSHITIC.EL_MOLO,EL_MOLO,elmo1238,El Molo
AA.LOWLAND_EAST_CUSHITIC.DAASANACH_2,DAASANACH_2,daas1238,Daasanach
AA.LOWLAND_EAST_CUSHITIC.DAASANACH,DAASANACH,daas1238,Daasanach
AA.LOWLAND_EAST_CUSHITIC.BAISO,BAISO,bais1246,Baiso
AA.LOWLAND_EAST_CUSHITIC.BAISO_2,BAISO_2,bais1246,Baiso
AA.LOWLAND_EAST_CUSHITIC.MAAY,MAAY,maay1238,Maay
AA.LOWLAND_EAST_CUSHITIC.TUNNI,TUNNI,tunn1238,Tunni
AA.LOWLAND_EAST_CUSHITIC.RENDILLE,RENDILLE,rend1243,Rendille
AA.LOWLAND_EAST_CUSHITIC.RENDILLE_2,RENDILLE_2,rend1243,Rendille
AA.LOWLAND_EAST_CUSHITIC.SOMALI,SOMALI,soma1255,Somali
AA.LOWLAND_EAST_CUSHITIC.SOMALI_2,SOMALI_2,soma1255,Somali
AA.LOWLAND_EAST_CUSHITIC.KOMSO_2,KOMSO_2,kons1243,Konso
AA.LOWLAND_EAST_CUSHITIC.KOMSO,KOMSO,kons1243,Konso
AA.LOWLAND_EAST_CUSHITIC.GIDOLE,GIDOLE,dira1242,Dirasha
AA.LOWLAND_EAST_CUSHITIC.GIDOLE_2,GIDOLE_2,dira1242,Dirasha
AA.LOWLAND_EAST_CUSHITIC.W_OROMO,W_OROMO,west2721,West Central Oromo
AA.LOWLAND_EAST_CUSHITIC.MECHA_OROMO,MECHA_OROMO,west2721,West Central Oromo
AA.LOWLAND_EAST_CUSHITIC.EASTERN_OROMO,EASTERN_OROMO,east2652,Eastern Oromo
AA.LOWLAND_EAST_CUSHITIC.EASTERN_OROMO_2,EASTERN_OROMO_2,east2652,Eastern Oromo
AA.LOWLAND_EAST_CUSHITIC.BORANA_OROMO_2,BORANA_OROMO_2,bora1271,Borana-Arsi-Guji Oromo
AA.LOWLAND_EAST_CUSHITIC.BORANA_OROMO,BORANA_OROMO,bora1271,Borana-Arsi-Guji Oromo
AA.LOWLAND_EAST_CUSHITIC.ORMA,ORMA,orma1241,Orma
AA.EAST_CHADIC.KERA,KERA,kera1255,Kera
AA.EAST_CHADIC.GABRI,GABRI,gabr1253,Gabri
AA.EAST_CHADIC.SOMRAI,SOMRAI,somr1248,Somrai
AA.EAST_CHADIC.TUMAK,TUMAK,tuma1260,Tumak
AA.EAST_CHADIC.MOKILKO,MOKILKO,muku1242,Mukulu
AA.EAST_CHADIC.UBI,UBI,ubii1238,Ubi
AA.EAST_CHADIC.SABA,SABA,saba1276,Saba
AA.EAST_CHADIC.SOKORO,SOKORO,soko1263,Sokoro
AA.EAST_CHADIC.BAREIN,BAREIN,bare1279,Barain
AA.EAST_CHADIC.KAJAKSE,KAJAKSE,kaja1254,Kajakse
AA.EAST_CHADIC.MUBI,MUBI,mubi1246,Mubi
AA.EAST_CHADIC.BIDIYA,BIDIYA,bidi1241,Bidiyo
AA.EAST_CHADIC.DANGALEAT,DANGALEAT,dang1274,Dangaleat
AA.EAST_CHADIC.MIGAMA,MIGAMA,miga1249,Migaama
AA.EAST_CHADIC.MABIRE,MABIRE,mabi1242,Mabire
AA.EAST_CHADIC.BIRGIT,BIRGIT,birg1239,Birgit
AA.EAST_CHADIC.MOGUM,MOGUM,mogu1251,Mogum
AA.MASA.MESME,MESME,mesm1239,Mesme
AA.MASA.HERDE,HERDE,herd1236,Herde
AA.MASA.PEVE_LAME,PEVE_LAME,peve1243,Peve
AA.MASA.PEVE_PALA,PEVE_PALA,peve1243,Peve
AA.MASA.MARBA,MARBA,marb1239,Marba
AA.MASA.MUSEY,MUSEY,muse1242,Musey
AA.MASA.MASANA_POGO,MASANA_POGO,masa1322,Masana
AA.MASA.MASANA,MASANA,masa1322,Masana
AA.WEST_CHADIC.NGIZIM,NGIZIM,ngiz1242,Ngizim
AA.WEST_CHADIC.BADE,BADE,bade1248,Bade
AA.WEST_CHADIC.TESHENAWA,TESHENAWA,tesh1239,Teshenawa
AA.WEST_CHADIC.BOGHOM,BOGHOM,bogh1241,Boghom
AA.WEST_CHADIC.GURUNTUM_MBAARU,GURUNTUM_MBAARU,guru1271,Guruntum-Mbaaru
AA.WEST_CHADIC.JIMI,JIMI,jimi1255,Jimi (Nigeria)
AA.WEST_CHADIC.DASS_DWAT,DASS_DWAT,dass1243,Dass
AA.WEST_CHADIC.DYARIM,DYARIM,,
AA.WEST_CHADIC.SAYA,SAYA,saya1246,Saya
AA.WEST_CHADIC.GEJI,GEJI,nucl1692,Gyaazi
AA.WEST_CHADIC.POLCI_BULI,POLCI_BULI,buli1260,Buli (Bauchi State)
AA.WEST_CHADIC.POLCI_ZUL,POLCI_ZUL,zull1239,Zul
AA.WEST_CHADIC.POLCI,POLCI,,
AA.WEST_CHADIC.DIRI,DIRI,diri1259,Diri
AA.WEST_CHADIC.ZUMBUN,ZUMBUN,zumb1240,Zumbun
AA.WEST_CHADIC.SIRI,SIRI,siri1278,Siri
AA.WEST_CHADIC.CIWOGAI,CIWOGAI,ciwo1236,Ciwogai
AA.WEST_CHADIC.PAANCI,PAANCI,paaa1242,Pa'a
AA.WEST_CHADIC.MBURKU,MBURKU,mbur1239,Mburku
AA.WEST_CHADIC.MIYA,MIYA,miya1266,Miya
AA.WEST_CHADIC.KARIYA,KARIYA,kari1316,Kariya
AA.WEST_CHADIC.WARJI,WARJI,warj1253,Warji-Gala
AA.WEST_CHADIC.HAUSA_3,HAUSA_3,haus1257,Hausa
AA.WEST_CHADIC.KANO,KANO,haus1257,Hausa
AA.WEST_CHADIC.HAUSA_2,HAUSA_2,haus1257,Hausa
AA.WEST_CHADIC.HAUSA,HAUSA,haus1257,Hausa
AA.WEST_CHADIC.GWAGWA,GWAGWA,gwan1268,Gwandara
AA.WEST_CHADIC.KARSHI,KARSHI,gwan1268,Gwandara
AA.WEST_CHADIC.ARABISHI,ARABISHI,gwan1268,Gwandara
AA.WEST_CHADIC.GITATA,GITATA,gwan1268,Gwandara
AA.WEST_CHADIC.GARAKU,GARAKU,gwan1268,Gwandara
AA.WEST_CHADIC.NIMBIA,NIMBIA,gwan1268,Gwandara
AA.WEST_CHADIC.FYER,FYER,fyer1241,Fyer
AA.WEST_CHADIC.TAMBAS,TAMBAS,tamb1267,Tambas
AA.WEST_CHADIC.RON_DAFFO_BUTURA,RON_DAFFO_BUTURA,ronn1241,Ron
AA.WEST_CHADIC.RON_BOKKOS,RON_BOKKOS,ronn1241,Ron
AA.WEST_CHADIC.RON_MANGAR,RON_MANGAR,ronn1241,Ron
AA.WEST_CHADIC.RON_MONGUNA,RON_MONGUNA,ronn1241,Ron
AA.WEST_CHADIC.SHA,SHA,shaa1247,Sya
AA.WEST_CHADIC.KULERE,KULERE,kule1247,Kulere
AA.WEST_CHADIC.DUHWA,DUHWA,duhw1236,Duhwa
AA.WEST_CHADIC.MUNDAT,MUNDAT,mund1334,Mindat
AA.WEST_CHADIC.YIWOM,YIWOM,yiwo1237,Yiwom
AA.WEST_CHADIC.GOEMAI,GOEMAI,goem1240,Goemai
AA.WEST_CHADIC.MONTOL,MONTOL,mont1280,Montol
AA.WEST_CHADIC.KOFYAR,KOFYAR,kofy1242,Pan
AA.WEST_CHADIC.MISHIP,MISHIP,mish1244,Miship
AA.WEST_CHADIC.MUPUN,MUPUN,mwag1236,Mwaghavul
AA.WEST_CHADIC.MWAGHAVUL,MWAGHAVUL,mwag1236,Mwaghavul
AA.WEST_CHADIC.ANGAS,ANGAS,ngas1240,Ngas
AA.WEST_CHADIC.DERA,DERA,dera1248,Dera (Nigeria)
AA.WEST_CHADIC.PERO,PERO,pero1241,Pero
AA.WEST_CHADIC.PERO_2,PERO_2,pero1241,Pero
AA.WEST_CHADIC.TANGALE,TANGALE,nucl1696,Tangale
AA.WEST_CHADIC.KWAAMI,KWAAMI,kwaa1269,Kwaami
AA.WEST_CHADIC.KAREKARE,KAREKARE,kare1348,Karekare
AA.WEST_CHADIC.GERA,GERA,gera1246,Gera
AA.WEST_CHADIC.GERA_2,GERA_2,gera1246,Gera
AA.WEST_CHADIC.GERUMA,GERUMA,geru1240,Geruma
AA.WEST_CHADIC.GALAMBU,GALAMBU,gala1264,Galambu
AA.WEST_CHADIC.KIRFI,KIRFI,giiw1236,Giiwo
AA.WEST_CHADIC.NGAMO,NGAMO,ngam1282,Ngamo
AA.WEST_CHADIC.BOLE,BOLE,nucl1695,Bole
AA.WEST_CHADIC.BEELE,BEELE,beel1236,Beele
AA.WEST_CHADIC.BOLE_2,BOLE_2,nucl1695,Bole
AA.BIU_MANDARA.CUVOK,CUVOK,cuvo1236,Cuvok
AA.BIU_MANDARA.MAFA,MAFA,mafa1239,Mafa
AA.BIU_MANDARA.TERA_PIDLIMDI,TERA_PIDLIMDI,tera1251,Tera
AA.BIU_MANDARA.TERA,TERA,tera1251,Tera
AA.BIU_MANDARA.BOGA,BOGA,boga1251,Boga
AA.BIU_MANDARA.HWANA,HWANA,hwan1240,Hwana
AA.BIU_MANDARA.GAANDA,GAANDA,gaan1243,Ga'anda
AA.BIU_MANDARA.GAANDA_GABIN,GAANDA_GABIN,gaan1243,Ga'anda
AA.BIU_MANDARA.SUKUR,SUKUR,suku1272,Sukur
AA.BIU_MANDARA.DABA,DABA,nucl1683,Daba
AA.BIU_MANDARA.ZIZILIVAKAN,ZIZILIVAKAN,zizi1238,Zizilivakan
AA.BIU_MANDARA.SHARWA,SHARWA,shar1249,Sharwa
AA.BIU_MANDARA.TSUVAN,TSUVAN,tsuv1243,Tsuvan
AA.BIU_MANDARA.GUDU,GUDU,gudu1250,Gudu
AA.BIU_MANDARA.JIMI_CAMEROON,JIMI_CAMEROON,jimi1254,Jimi (Cameroon)
AA.BIU_MANDARA.FALI_MUCHELLA,FALI_MUCHELLA,fali1285,Fali
AA.BIU_MANDARA.FALI_BAGIRA,FALI_BAGIRA,fali1285,Fali
AA.BIU_MANDARA.GUDE,GUDE,gude1246,Gude
AA.BIU_MANDARA.HOLMA,HOLMA,holm1250,Holma
AA.BIU_MANDARA.NZANYI,NZANYI,nzan1240,Nzanyi
AA.BIU_MANDARA.BATA_ZUMU,BATA_ZUMU,bata1314,Bata
AA.BIU_MANDARA.BATA_MALABU,BATA_MALABU,bata1314,Bata
AA.BIU_MANDARA.BACAMA,BACAMA,baca1246,Bacama
AA.BIU_MANDARA.BACAMA_MULYEN,BACAMA_MULYEN,baca1246,Bacama
AA.BIU_MANDARA.MBUKO,MBUKO,mbuk1243,Mbuko
AA.BIU_MANDARA.VAME,VAME,vame1236,Vame
AA.BIU_MANDARA.JINA,JINA,jina1244,Jina
AA.BIU_MANDARA.GIDAR,GIDAR,gida1247,Gidar
AA.BIU_MANDARA.LAGWAN,LAGWAN,lagw1237,Lagwan
AA.BIU_MANDARA.MSER,MSER,mser1242,Mser
AA.BIU_MANDARA.BUDUMA,BUDUMA,budu1265,Buduma
AA.BIU_MANDARA.MAKARY_KOTOKO,MAKARY_KOTOKO,mpad1242,Mpade
AA.BIU_MANDARA.AFADE,AFADE,afad1236,Afade
AA.BIU_MANDARA.MALGBE,MALGBE,malg1250,Malgbe
AA.BIU_MANDARA.MBARA,MBARA,mbar1260,Mbara (Chad)
AA.BIU_MANDARA.MUSGU_D_PLUS_RD,MUSGU_D_PLUS_RD,musg1254,Musgu
AA.BIU_MANDARA.MUNJUK,MUNJUK,musg1254,Musgu
AA.BIU_MANDARA.MUSGU_K,MUSGU_K,musg1254,Musgu
AA.BIU_MANDARA.MUSGU_R,MUSGU_R,musg1254,Musgu
AA.BIU_MANDARA.MUSGU_B,MUSGU_B,musg1254,Musgu
AA.BIU_MANDARA.MUSGU_O,MUSGU_O,musg1254,Musgu
AA.BIU_MANDARA.PUTAI,PUTAI,puta1243,Putai
AA.BIU_MANDARA.BURA,BURA,bura1292,Bura-Pabir
AA.BIU_MANDARA.CIBAK,CIBAK,ciba1236,Cibak
AA.BIU_MANDARA.NGGWAHYI,NGGWAHYI,nggw1242,Nggwahyi
AA.BIU_MANDARA.MARGI,MARGI,marg1265,Marghi Central
AA.BIU_MANDARA.HILDI,HILDI,marg1266,Marghi South
AA.BIU_MANDARA.WAMDIU,WAMDIU,marg1266,Marghi South
AA.BIU_MANDARA.HUBA,HUBA,huba1236,Huba
AA.BIU_MANDARA.KILBA,KILBA,huba1236,Huba
AA.BIU_MANDARA.PODOKO,PODOKO,park1239,Parkwa
AA.BIU_MANDARA.GLAVDA,GLAVDA,glav1244,Glavda
AA.BIU_MANDARA.WANDALA,WANDALA,wand1278,Wandala
AA.BIU_MANDARA.DGHWEDE,DGHWEDE,dghw1239,Dghwede
AA.BIU_MANDARA.CINENI,CINENI,cine1238,Cineni
AA.BIU_MANDARA.GAVA,GAVA,gudu1252,Guduf-Gava
AA.BIU_MANDARA.MOFU_GUDUR,MOFU_GUDUR,mofu1248,Mofu-Gudur
AA.BIU_MANDARA.ZULGO,ZULGO,zulg1242,Zulgo-Gemzek
AA.BIU_MANDARA.MADA_CAMEROON,MADA_CAMEROON,mada1293,Mada (Cameroon)
AA.BIU_MANDARA.WUZLAM,WUZLAM,wuzl1236,Wuzlam
AA.BIU_MANDARA.MOLOKO,MOLOKO,molo1266,Moloko
AA.BIU_MANDARA.MUYANG,MUYANG,muya1243,Muyang
AA.BIU_MANDARA.LAMANG_HITKALANCHI,LAMANG_HITKALANCHI,lama1288,Lamang
AA.BIU_MANDARA.HDI,HDI,hdii1240,Hdi
AA.BIU_MANDARA.VEMGO_MABAS,VEMGO_MABAS,vemg1240,Vemgo-Mabas
AA.BIU_MANDARA.PSIKYE,PSIKYE,psik1239,Psikye
AA.BIU_MANDARA.BANA,BANA,bana1305,Bana
AA.BIU_MANDARA.FALI_GILI,FALI_GILI,kamw1239,Kamwe
AA.BIU_MANDARA.FALI_KIRIYA,FALI_KIRIYA,kamw1239,Kamwe
AA.BIU_MANDARA.KAMALE,KAMALE,kamw1239,Kamwe
AA.BIU_MANDARA.BAZZA,BAZZA,kamw1239,Kamwe
AA.BIU_MANDARA.NKAFA,NKAFA,kamw1239,Kamwe
AA.BIU_MANDARA.FUTU,FUTU,kamw1239,Kamwe
AA.BIU_MANDARA.GHYE,GHYE,kamw1239,Kamwe
AA.EGYPTIAN_COPTIC.LATE_EGYPTIAN,LATE_EGYPTIAN,,
AA.EGYPTIAN_COPTIC.COPTIC,COPTIC,copt1239,Coptic
AA.EGYPTIAN_COPTIC.MIDDLE_EGYPTIAN,MIDDLE_EGYPTIAN,,
AA.BERBER.GHADAMES,GHADAMES,ghad1239,Ghadames
AA.BERBER.GHADAMES_2,GHADAMES_2,ghad1239,Ghadames
AA.BERBER.ZENAGA,ZENAGA,zena1248,Zenaga
AA.BERBER.ZENAGA_2,ZENAGA_2,zena1248,Zenaga
AA.BERBER.TETSERRET,TETSERRET,tets1235,Tetserret
AA.BERBER.TAMAHAQ_TAHAGGART_2,TAMAHAQ_TAHAGGART_2,taha1241,Tahaggart Tamahaq
AA.BERBER.TAMAHAQ_TAHAGGART,TAMAHAQ_TAHAGGART,taha1241,Tahaggart Tamahaq
AA.BERBER.TAMASHEQ,TAMASHEQ,tama1365,Tamasheq
AA.BERBER.TAMAJEQ_TAYART_AIR,TAMAJEQ_TAYART_AIR,taya1257,Tayart Tamajeq
AA.BERBER.AWJILAH,AWJILAH,awji1241,Awjilah
AA.BERBER.FOQAHA,FOQAHA,sawk1238,Sawknah-Fogaha
AA.BERBER.SIWI,SIWI,siwi1239,Siwi
AA.BERBER.SIWA_BERBER,SIWA_BERBER,siwi1239,Siwi
AA.BERBER.JEBEL_NEFUSA,JEBEL_NEFUSA,nafu1238,Nafusi
AA.BERBER.NAFUSI,NAFUSI,nafu1238,Nafusi
AA.BERBER.BENI_SNOUS_WESTERN_ALGERIAN_BERBER,BENI_SNOUS_WESTERN_ALGERIAN_BERBER,tari1263,Tarifiyt-Beni-Iznasen-Eastern Middle Atlas Berber
AA.BERBER.TARIFIT_GUELAIA,TARIFIT_GUELAIA,tari1263,Tarifiyt-Beni-Iznasen-Eastern Middle Atlas Berber
AA.BERBER.TARIFIT_BENI_IZNASSEN,TARIFIT_BENI_IZNASSEN,tari1263,Tarifiyt-Beni-Iznasen-Eastern Middle Atlas Berber
AA.BERBER.TUMZABT,TUMZABT,tumz1238,Tumzabt
AA.BERBER.OUARGLA_BERBER,OUARGLA_BERBER,taga1278,Ouargli
AA.BERBER.WARGLA,WARGLA,taga1278,Ouargli
AA.BERBER.KABYLE,KABYLE,kaby1243,Kabyle
AA.BERBER.KABYLE_GREATER_KABYLIA_AT_MANGELLAT,KABYLE_GREATER_KABYLIA_AT_MANGELLAT,kaby1243,Kabyle
AA.BERBER.FIGUIG,FIGUIG,cent2194,Central Moroccan Berber
AA.BERBER.GHOMARA,GHOMARA,ghom1257,Ghomara
AA.BERBER.SENHAYI,SENHAYI,senh1238,Senhaja De Srair
AA.BERBER.SENHAJA_DE_SRAIR,SENHAJA_DE_SRAIR,senh1238,Senhaja De Srair
AA.BERBER.TAMAZIGHT_CENTRAL_ATLAS_AYT_IZDEG,TAMAZIGHT_CENTRAL_ATLAS_AYT_IZDEG,cent2194,Central Moroccan Berber
AA.BERBER.TAMAZIGHT_CENTRAL_ATLAS_AYT_NDHIR,TAMAZIGHT_CENTRAL_ATLAS_AYT_NDHIR,cent2194,Central Moroccan Berber
AA.BERBER.AYT_SEGHROUCHEN,AYT_SEGHROUCHEN,cent2194,Central Moroccan Berber
AA.BERBER.TAMAZIGHT_CENTRAL_ATLAS_NTIFA,TAMAZIGHT_CENTRAL_ATLAS_NTIFA,cent2194,Central Moroccan Berber
AA.BERBER.TASHELHIT_IDA_USEMLAL,TASHELHIT_IDA_USEMLAL,tach1250,Tachelhit
AA.SEMITIC.AKKADIAN,AKKADIAN,akka1240,Akkadian
AA.SEMITIC.AKKADIAN_2,AKKADIAN_2,akka1240,Akkadian
AA.SEMITIC.ETHIOPIC,ETHIOPIC,geez1241,Geez
AA.SEMITIC.GEEZ_3,GEEZ_3,geez1241,Geez
AA.SEMITIC.GEEZ,GEEZ,geez1241,Geez
AA.SEMITIC.TIGRIGNA,TIGRIGNA,tigr1271,Tigrinya
AA.SEMITIC.TIGRINYA_2,TIGRINYA_2,tigr1271,Tigrinya
AA.SEMITIC.TIGRINYA,TIGRINYA,tigr1271,Tigrinya
AA.SEMITIC.TIGRE,TIGRE,tigr1270,Tigre
AA.SEMITIC.TIGRE_2,TIGRE_2,tigr1270,Tigre
AA.SEMITIC.GEEZ_2,GEEZ_2,geez1241,Geez
AA.SEMITIC.ARGOBBA,ARGOBBA,argo1244,Argobba
AA.SEMITIC.AMHARIC_2,AMHARIC_2,amha1245,Amharic
AA.SEMITIC.AMHARIC,AMHARIC,amha1245,Amharic
AA.SEMITIC.AMHARIC_3,AMHARIC_3,amha1245,Amharic
AA.SEMITIC.HARARI,HARARI,hara1271,Harari
AA.SEMITIC.HARARI_2,HARARI_2,hara1271,Harari
AA.SEMITIC.ZWAY,ZWAY,zayy1238,Zay
AA.SEMITIC.SILTE,SILTE,silt1240,Silt'e
AA.SEMITIC.WALANI_SILTE,WALANI_SILTE,wola1253,Wolane
AA.SEMITIC.GAFAT,GAFAT,gafa1240,Gafat
AA.SEMITIC.SODDO,SODDO,kist1241,Kistane
AA.SEMITIC.MESQAN,MESQAN,mesq1240,Mesqan
AA.SEMITIC.CHAHA,CHAHA,seba1251,Sebat Bet Gurage
AA.SEMITIC.GETO,GETO,seba1251,Sebat Bet Gurage
AA.SEMITIC.INNEMOR,INNEMOR,inor1238,Inoric
AA.SEMITIC.MESMES_2,MESMES_2,mesm1243,Mesmes
AA.SEMITIC.MESMES,MESMES,mesm1243,Mesmes
AA.SEMITIC.HOBYOT,HOBYOT,hoby1242,Hobyót
AA.SEMITIC.HARSUSI,HARSUSI,hars1241,Harsusi
AA.SEMITIC.MEHRI,MEHRI,mehr1241,Mehri
AA.SEMITIC.MEHRI_2,MEHRI_2,mehr1241,Mehri
AA.SEMITIC.SOQOTRI,SOQOTRI,soqo1240,Soqotri
AA.SEMITIC.SOQOTRI_2,SOQOTRI_2,soqo1240,Soqotri
AA.SEMITIC.SAURI,SAURI,sheh1240,Jibbali
AA.SEMITIC.SHEHRI,SHEHRI,sheh1240,Jibbali
AA.SEMITIC.UGARITIC,UGARITIC,ugar1238,Ugaritic
AA.SEMITIC.PHOENICIAN,PHOENICIAN,phoe1239,Phoenician
AA.SEMITIC.BIBLICAL_HEBREW,BIBLICAL_HEBREW,anci1244,Ancient Hebrew
AA.SEMITIC.HEBREW,HEBREW,hebr1245,Modern Hebrew
AA.SEMITIC.ARAMAIC_ANCIENT,ARAMAIC_ANCIENT,,
AA.SEMITIC.CHRISTIAN_PALESTINIAN,CHRISTIAN_PALESTINIAN,west2763,Western Neo-Aramaic
AA.SEMITIC.MALULA,MALULA,west2763,Western Neo-Aramaic
AA.SEMITIC.WESTERN_NEO_ARAMAIC,WESTERN_NEO_ARAMAIC,west2763,Western Neo-Aramaic
AA.SEMITIC.CLASSICAL_SYRIAC,CLASSICAL_SYRIAC,clas1252,Classical Syriac
AA.SEMITIC.SYRIAC,SYRIAC,clas1252,Classical Syriac
AA.SEMITIC.SYRIAC_2,SYRIAC_2,clas1252,Classical Syriac
AA.SEMITIC.MODERN_MANDAIC,MODERN_MANDAIC,nucl1706,Neo-Mandaic
AA.SEMITIC.CLASSICAL_MANDAIC,CLASSICAL_MANDAIC,clas1253,Classical Mandaic
AA.SEMITIC.NEO_MANDAIC_KHORRAMSHAHR,NEO_MANDAIC_KHORRAMSHAHR,nucl1706,Neo-Mandaic
AA.SEMITIC.MLAHSO,MLAHSO,mlah1239,Mlahsô
AA.SEMITIC.TUROYO,TUROYO,turo1239,Turoyo
AA.SEMITIC.HERTEVIN,HERTEVIN,hert1241,Hertevin
AA.SEMITIC.ACHAEMENID_ARAMAIC,ACHAEMENID_ARAMAIC,jewi1240,Jewish Babylonian Aramaic (ca. 200-1200 CE)
AA.SEMITIC.ASSYRIAN_NEO_ARAMAIC,ASSYRIAN_NEO_ARAMAIC,,
AA.SEMITIC.JILU,JILU,assy1241,Assyrian Neo-Aramaic
AA.SEMITIC.LISHAN_DIDAN,LISHAN_DIDAN,lish1246,Lishán Didán
AA.SEMITIC.URMI,URMI,assy1241,Assyrian Neo-Aramaic
AA.SEMITIC.AMEDYA_ARAMAIC,AMEDYA_ARAMAIC,assy1241,Assyrian Neo-Aramaic
AA.SEMITIC.ARAMAIC,ARAMAIC,chal1275,Chaldean Neo-Aramaic
AA.SEMITIC.SABEAN,SABEAN,saba1279,Sabaic
AA.SEMITIC.ARABIC_QURANIC,ARABIC_QURANIC,stan1318,Standard Arabic
AA.SEMITIC.STANDARD_ARABIC,STANDARD_ARABIC,stan1318,Standard Arabic
AA.SEMITIC.CLASSICAL_ARABIC,CLASSICAL_ARABIC,stan1318,Standard Arabic
AA.SEMITIC.IRAQ_MUSLIM_BAGHDAD_ARABIC,IRAQ_MUSLIM_BAGHDAD_ARABIC,meso1252,Gilit Mesopotamian Arabic
AA.SEMITIC.SOUKHNE_SYRIAN_ARABIC,SOUKHNE_SYRIAN_ARABIC,meso1252,Gilit Mesopotamian Arabic
AA.SEMITIC.YEMEN_SANAANI_ARABIC,YEMEN_SANAANI_ARABIC,sana1295,Sanaani Arabic
AA.SEMITIC.OGADEN_ARABIC,OGADEN_ARABIC,,
AA.SEMITIC.ARABIC_GULF_SPOKEN,ARABIC_GULF_SPOKEN,gulf1241,Gulf Arabic
AA.SEMITIC.KUWAITI_ARABIC,KUWAITI_ARABIC,gulf1241,Gulf Arabic
AA.SEMITIC.CAIRO_ARABIC,CAIRO_ARABIC,egyp1253,Egyptian Arabic
AA.SEMITIC.ARABIC_SUDANESE_SPOKEN,ARABIC_SUDANESE_SPOKEN,suda1236,Sudanese Arabic
AA.SEMITIC.NIGERIAN_ARABIC,NIGERIAN_ARABIC,chad1249,Chadian Arabic
AA.SEMITIC.SUDANESE_ARABIC,SUDANESE_ARABIC,suda1236,Sudanese Arabic
AA.SEMITIC.PALESTINIAN_ARABIC,PALESTINIAN_ARABIC,sout3123,South Levantine Arabic
AA.SEMITIC.DAMASCUS_ARABIC,DAMASCUS_ARABIC,nort3139,Levantine Arabic
AA.SEMITIC.ARABIC_NORTH_LEVANTINE_SPOKEN,ARABIC_NORTH_LEVANTINE_SPOKEN,nort3139,Levantine Arabic
AA.SEMITIC.SYRIAN_ARABIC,SYRIAN_ARABIC,nort3139,Levantine Arabic
AA.SEMITIC.ARABIC_CYPRIOT_SPOKEN,ARABIC_CYPRIOT_SPOKEN,cypr1248,Cypriot Arabic
AA.SEMITIC.SAN_ANDRES_ARABIC_3,SAN_ANDRES_ARABIC_3,nort3139,Levantine Arabic
AA.SEMITIC.SAN_ANDRES_ARABIC_2,SAN_ANDRES_ARABIC_2,nort3139,Levantine Arabic
AA.SEMITIC.SAN_ANDRES_ARABIC_1,SAN_ANDRES_ARABIC_1,nort3139,Levantine Arabic
AA.SEMITIC.ARABIC_LIBYAN_SPOKEN,ARABIC_LIBYAN_SPOKEN,liby1240,Libyan Arabic
AA.SEMITIC.MALTESE,MALTESE,malt1254,Maltese
AA.SEMITIC.MALTESE_ARABIC,MALTESE_ARABIC,malt1254,Maltese
AA.SEMITIC.TUNISIAN_ARABIC_MAGHRIB,TUNISIAN_ARABIC_MAGHRIB,tuni1259,Tunisian Arabic
AA.SEMITIC.DELLYS,DELLYS,alge1239,Algerian Arabic
AA.SEMITIC.TRIPOLI_JEWISH_ARABIC,TRIPOLI_JEWISH_ARABIC,liby1240,Libyan Arabic
AA.SEMITIC.MOROCCAN_ARABIC,MOROCCAN_ARABIC,moro1292,Moroccan Arabic
AA.SEMITIC.MOROCCAN_ARABIC_2,MOROCCAN_ARABIC_2,moro1292,Moroccan Arabic
Knm.KUNAMA.ILIT,ILIT,kuna1268,Kunama
Knm.KUNAMA.KUNAMA,KUNAMA,kuna1268,Kunama
ESu.NARA.NARA,NARA,nara1262,Nara
ESu.DAJU.LOGORIK,LOGORIK,logo1261,Logorik
ESu.DAJU.SHATT,SHATT,shat1244,Shatt
ESu.DAJU.NYALGULGULE,NYALGULGULE,njal1239,Njalgulgule
ESu.DAJU.SILA,SILA,dars1235,Dar Sila Daju
ESu.DAJU.NYALA,NYALA,darf1239,Dar Fur Daju
Ijo.IJOID.DEFAKA,DEFAKA,defa1248,Defaka
Ijo.IJOID.AKAHA,AKAHA,sout2774,Southeast Ijo
Ijo.IJOID.NEMBE,NEMBE,sout2774,Southeast Ijo
Ijo.IJOID.NKORO,NKORO,nkor1239,Nkoroo
Ijo.IJOID.IBANI,IBANI,iban1261,Ibani
Ijo.IJOID.KALABARI,KALABARI,kala1381,Kalabari
Ijo.IJOID.OKRIKA,OKRIKA,kiri1254,Kirike
Ijo.IJOID.AKITA,AKITA,okod1238,Okodia
Ijo.IJOID.BISENI,BISENI,bise1238,Biseni
Ijo.IJOID.ORUMA,ORUMA,orum1241,Oruma
Ijo.IJOID.BUMO,BUMO,izon1238,Izon
Ijo.IJOID.OPOROMO,OPOROMO,izon1238,Izon
Ijo.IJOID.EAST_OLODIAMA,EAST_OLODIAMA,izon1238,Izon
Ijo.IJOID.BASAN,BASAN,izon1238,Izon
Ijo.IJOID.IDUWINI,IDUWINI,izon1238,Izon
Ijo.IJOID.OGULAGHA,OGULAGHA,izon1238,Izon
Ijo.IJOID.GBARANMATU,GBARANMATU,izon1238,Izon
Ijo.IJOID.AROGBO,AROGBO,izon1238,Izon
Ijo.IJOID.FURUPAGHA,FURUPAGHA,izon1238,Izon
Ijo.IJOID.APOI,APOI,izon1238,Izon
Ijo.IJOID.OYAKIRI,OYAKIRI,izon1238,Izon
Ijo.IJOID.IKIBIRI,IKIBIRI,izon1238,Izon
Ijo.IJOID.EAST_TARAKIRI,EAST_TARAKIRI,izon1238,Izon
Ijo.IJOID.OGBOIN,OGBOIN,izon1238,Izon
Ijo.IJOID.IZON,IZON,izon1238,Izon
Ijo.IJOID.GBARAIN,GBARAIN,izon1238,Izon
Ijo.IJOID.KOLOKUMA,KOLOKUMA,izon1238,Izon
Ijo.IJOID.EKPETIAMA,EKPETIAMA,izon1238,Izon
Ijo.IJOID.WEST_TARAKIRI,WEST_TARAKIRI,izon1238,Izon
Ijo.IJOID.KABOU,KABOU,izon1238,Izon
Ijo.IJOID.KUNBO,KUNBO,izon1238,Izon
Ijo.IJOID.MEIN,MEIN,izon1238,Izon
Ijo.IJOID.OGBE_IJO,OGBE_IJO,izon1238,Izon
Ijo.IJOID.OPEREMO,OPEREMO,izon1238,Izon
Mab.MABAN.KIBET,KIBET,kibe1241,Kibet
Mab.MABAN.RUNGA,RUNGA,rung1258,Runga
Mab.MABAN.MABA_CHAD,MABA_CHAD,maba1277,Maba (Chad)
Mab.MABAN.MASALIT,MASALIT,nucl1440,Masalit
Kad.KADUGLI.KEIGA,KEIGA,keig1242,Keiga
Kad.KADUGLI.KAMDANG,KAMDANG,tuli1249,Tulishi
Kad.KADUGLI.TULISHI,TULISHI,tuli1249,Tulishi
Kad.KADUGLI.KRONGO,KRONGO,kron1241,Krongo
Kad.KADUGLI.FAMA,FAMA,kron1241,Krongo
Kad.KADUGLI.KURONDI,KURONDI,tumt1243,Tumtum
Kad.KADUGLI.CHIRORO,CHIRORO,kang1288,Kanga
Kad.KADUGLI.KANGA,KANGA,kang1288,Kanga
Kad.KADUGLI.KATCHA,KATCHA,katc1249,Katcha-Kadugli-Miri
Kad.KADUGLI.MIRI,MIRI,katc1249,Katcha-Kadugli-Miri
Kad.KADUGLI.KADUGLI_2,KADUGLI_2,katc1249,Katcha-Kadugli-Miri
CSu.KRESH.AJA,AJA,ajas1235,Aja (South Sudan)
CSu.KRESH.GBAYA,GBAYA,gbay1288,Kresh-Woro
CSu.MANGBETU.LOMBI,LOMBI,lomb1254,Lombi
CSu.MANGBETU.ASOA,ASOA,asoa1238,Asoa
CSu.MANGBETU.MANGBETU,MANGBETU,mang1394,Mangbetu
CSu.MANGBETU.MANGBETU_2,MANGBETU_2,mang1394,Mangbetu
CSu.BONGO_BAGIRMI.BIRRI_C_AFRICAN_REP,BIRRI_C_AFRICAN_REP,birr1240,Birri
CSu.MANGBUTU_EFE.MANGBUTU,MANGBUTU,mang1396,Mangbutu
CSu.MANGBUTU_EFE.MAMVU,MAMVU,mamv1243,Mamvu
CSu.MANGBUTU_EFE.BALESE,BALESE,lese1243,Lese
CSu.MANGBUTU_EFE.MVUBA,MVUBA,mvub1239,Mvuba
CSu.LENDU.NGITI,NGITI,ngit1239,Ngiti
CSu.LENDU.LENDU,LENDU,lend1245,Lendu
CSu.LENDU.LENDU_DJADHA,LENDU_DJADHA,lend1245,Lendu
CSu.LENDU.LENDU_TADHA,LENDU_TADHA,lend1245,Lendu
CSu.LENDU.LENDU_NJAWDHA,LENDU_NJAWDHA,lend1245,Lendu
CSu.LENDU.LENDU_PIDHA,LENDU_PIDHA,lend1245,Lendu
CSu.LENDU.LENDU_DDRADHA,LENDU_DDRADHA,lend1245,Lendu
CSu.MORU_MAADI.LULUBA,LULUBA,olub1238,Olu'bo
CSu.MORU_MAADI.PANDIKERI,PANDIKERI,madi1260,Ma'di
CSu.MORU_MAADI.LOKAI,LOKAI,madi1260,Ma'di
CSu.MORU_MAADI.MAADI,MAADI,madi1260,Ma'di
CSu.MORU_MAADI.OJIGA,OJIGA,avok1242,Avokaya
CSu.MORU_MAADI.OJILA,OJILA,avok1242,Avokaya
CSu.MORU_MAADI.LOGO,LOGO,logo1259,Logo
CSu.MORU_MAADI.KELIKO,KELIKO,keli1248,Keliko
CSu.MORU_MAADI.LUGBARA,LUGBARA,lugb1240,Lugbara
CSu.MORU_MAADI.ANDRI,ANDRI,moru1253,Moru
CSu.MORU_MAADI.BALIMBA,BALIMBA,moru1253,Moru
CSu.MORU_MAADI.AGI,AGI,moru1253,Moru
CSu.MORU_MAADI.WADI,WADI,moru1253,Moru
CSu.MORU_MAADI.KEDIRU,KEDIRU,moru1253,Moru
CSu.MORU_MAADI.LAKAMADI,LAKAMADI,moru1253,Moru
CSu.MORU_MAADI.MIZA,MIZA,moru1253,Moru
CSu.BONGO_BAGIRMI.SINYAR,SINYAR,siny1243,Sinyar
CSu.BONGO_BAGIRMI.FORMONA,FORMONA,siny1243,Sinyar
CSu.BONGO_BAGIRMI.BONGO,BONGO,bong1285,Bongo
CSu.BONGO_BAGIRMI.BAKA_SUDAN,BAKA_SUDAN,baka1274,Baka (South Sudan)
CSu.BONGO_BAGIRMI.MODO,MODO,jurm1239,Jur Modo
CSu.BONGO_BAGIRMI.YULU,YULU,yulu1243,Yulu-Binga
CSu.BONGO_BAGIRMI.NDOKA,NDOKA,luto1241,Lutos
CSu.BONGO_BAGIRMI.GULA_SARA,GULA_SARA,gula1266,Gula (Central African Republic)
CSu.BONGO_BAGIRMI.FONGORO,FONGORO,fong1243,Gélé (Dar Fongoro)
CSu.BONGO_BAGIRMI.GULA_MERE,GULA_MERE,gula1266,Gula (Central African Republic)
CSu.BONGO_BAGIRMI.KARA,KARA,kara1482,Kara (Central African Republic)
CSu.BONGO_BAGIRMI.GULA_ZURA,GULA_ZURA,gula1266,Gula (Central African Republic)
CSu.BONGO_BAGIRMI.BAGIRMI,BAGIRMI,bagi1246,Bagirmi
CSu.BONGO_BAGIRMI.KENGA,KENGA,keng1240,Kenga
CSu.BONGO_BAGIRMI.NABA_KUKA,NABA_KUKA,naba1253,Naba
CSu.BONGO_BAGIRMI.FURU,FURU,furu1242,Furu
CSu.BONGO_BAGIRMI.KABA_DEME_SARA,KABA_DEME_SARA,sara1322,Sara Kaba Deme
CSu.BONGO_BAGIRMI.NA_CHAD,NA_CHAD,sara1321,Sara Kaba Náà
CSu.BONGO_BAGIRMI.NGAMBAY,NGAMBAY,ngam1268,Ngambay
CSu.BONGO_BAGIRMI.KABBA,KABBA,kaba1281,Kaba
CSu.BONGO_BAGIRMI.MBAY,MBAY,mbay1241,Mbay
CSu.BONGO_BAGIRMI.BEJOND,BEJOND,bedj1245,Nangnda
CSu.BONGO_BAGIRMI.GOR,GOR,gorr1238,Gor
CSu.BONGO_BAGIRMI.HORO,HORO,horo1247,Horo
CSu.BONGO_BAGIRMI.GULAY,GULAY,gula1268,Gulay
CSu.BONGO_BAGIRMI.SAR_CHAD,SAR_CHAD,sarr1246,Sar
Had.HADZA.HADZA,HADZA,hadz1240,Hadza
Sad.SANDAWE.SANDAWE,SANDAWE,sand1273,Sandawe
KK.KHOE_KWADI.KWADI,KWADI,kwad1244,Kwadi
KK.KHOE_KWADI.KORANA,KORANA,kora1292,Korana
KK.KHOE_KWADI.KHOEKHOEGOWAB,KHOEKHOEGOWAB,nama1264,Nama (Namibia)
KK.KHOE_KWADI.NAMA,NAMA,nama1264,Nama (Namibia)
KK.KHOE_KWADI.NAMA_2,NAMA_2,nama1264,Nama (Namibia)
KK.KHOE_KWADI.MASARWA_TATI,MASARWA_TATI,tsoa1238,Northern Tshwa
KK.KHOE_KWADI.KHWE,KHWE,kxoe1243,Kxoe
KK.KHOE_KWADI.KXOE,KXOE,kxoe1243,Kxoe
KK.KHOE_KWADI.NARO,NARO,naro1249,Naro
KK.KHOE_KWADI.NARON,NARON,naro1249,Naro
KK.KHOE_KWADI.GWI,GWI,gwii1239,/Gwi
KK.KHOE_KWADI.GXANA,GXANA,gana1274,//Gana
Kxa.KXA.HOAN,HOAN,hoaa1235,Amkoe
Kxa.KXA.KUNG,KUNG,kung1261,North-Central Ju
Kxa.KXA.KUNG_EKOKA,KUNG_EKOKA,kung1261,North-Central Ju
Kxa.KXA.JUHOAN,JUHOAN,juho1239,South-Eastern Ju
Kxa.KXA.KAUEN,KAUEN,juho1239,South-Eastern Ju
Tu.TU.NU,NU,nngg1234,N||ng
Tu.TU.KAM_KA_KE,KAM_KA_KE,xamm1241,/Xam
Tu.TU.BATWA,BATWA,xegw1238,//Xegwi
Tu.TU.NG_KE,NG_KE,nngg1234,N||ng
Tu.TU.AUNI,AUNI,lowe1407,Lower-Nosop
Tu.TU.NU_EN,NU_EN,huaa1248,East Taa
Tu.TU.MASARWA_KAKIA,MASARWA_KAKIA,huaa1248,East Taa
Tu.TU.XOON_MASARWA,XOON_MASARWA,huaa1248,East Taa
Tu.TU.XOON,XOON,huaa1248,East Taa
Tu.TU.XOON_NUEN,XOON_NUEN,huaa1248,East Taa
Teb.PAWAIAN.PAWAIA,PAWAIA,pawa1255,Pawaia
SAn.SOUTH_ANDAMANESE.JARAWA,JARAWA,jara1245,Jarawa (India)
SAn.SOUTH_ANDAMANESE.ONGE,ONGE,onge1236,Önge
Dog.DOGON.WALO_KUMBE,WALO_KUMBE,bank1259,Bankan Tey Dogon
Dog.DOGON.BUNOGE,BUNOGE,buno1241,Bunoge Dogon
Dog.DOGON.AMPARI_PA,AMPARI_PA,ampa1238,Ampari Dogon
Dog.DOGON.NYAMBEENGGE_2,NYAMBEENGGE_2,momb1254,Mombo Dogon
Dog.DOGON.NYAMBEENGGE_1,NYAMBEENGGE_1,momb1254,Mombo Dogon
Dog.DOGON.DOGON_DOGUL_DOM,DOGON_DOGUL_DOM,dogu1235,Dogul Dom Dogon
Dog.DOGON.DOGON_BONDUM_DOM,DOGON_BONDUM_DOM,bond1248,Najamba-Kindige
Dog.DOGON.TEBUL_URE,TEBUL_URE,tebu1239,Tebul Ure Dogon
Dog.DOGON.ANA_TINGA,ANA_TINGA,anat1248,Ana Tinga Dogon
Dog.DOGON.YANDA,YANDA,yand1257,Yanda Dom Dogon
Dog.DOGON.DOGON,DOGON,toro1252,Toro So Dogon
Dog.DOGON.DOGON_DONNO_SO,DOGON_DONNO_SO,donn1239,Donno So Dogon
Dog.DOGON.DOGON_TENE_KAN,DOGON_TENE_KAN,tene1248,Tengou-Togo Dogon
Dog.DOGON.DOGON_TOMO_KAN,DOGON_TOMO_KAN,tomo1243,Tomo Kan Dogon
Dog.DOGON.DOGON_JAMSAY,DOGON_JAMSAY,jams1239,Jamsay Dogon
Dog.DOGON.DOGON_TORO_TEGU_NEMGUENE,DOGON_TORO_TEGU_NEMGUENE,toro1253,Toro Tegu Dogon
Dog.DOGON.DOGON_TORO_TEGU_IWRA,DOGON_TORO_TEGU_IWRA,toro1253,Toro Tegu Dogon
Dog.DOGON.DOGON_TORO_TEGU_PIRINGUA,DOGON_TORO_TEGU_PIRINGUA,toro1253,Toro Tegu Dogon
Man.EASTERN_MANDE.GAGU,GAGU,gagu1242,Gban
Man.EASTERN_MANDE.BENG,BENG,beng1286,Beng
Man.EASTERN_MANDE.MWAN,MWAN,mwan1250,Mwan
Man.EASTERN_MANDE.WAN,WAN,wann1242,Wan
Man.EASTERN_MANDE.WAN_2,WAN_2,wann1242,Wan
Man.EASTERN_MANDE.MANN,MANN,mann1248,Mann
Man.EASTERN_MANDE.GURO,GURO,guro1248,Guro
Man.EASTERN_MANDE.YAURE,YAURE,yaou1238,Yaouré
Man.EASTERN_MANDE.YAKOUBA,YAKOUBA,nucl1770,Nuclear Dan
Man.EASTERN_MANDE.TOURA,TOURA,tour1242,Toura (Côte d'Ivoire)
Man.EASTERN_MANDE.BISA,BISA,biss1248,Bissa
Man.EASTERN_MANDE.SAMO_MATYA,SAMO_MATYA,maty1235,Matya Samo
Man.EASTERN_MANDE.KYENGA,KYENGA,kyen1242,Kyenga
Man.EASTERN_MANDE.SHANGA,SHANGA,shan1282,Shanga
Man.EASTERN_MANDE.BOKO,BOKO,boko1266,Boko (Benin)
Man.EASTERN_MANDE.ILLO_BUSA,ILLO_BUSA,busa1253,Busa
Man.EASTERN_MANDE.BOKOBARU,BOKOBARU,boko1267,Bokobaru
Man.EASTERN_MANDE.BUSA_NIGERIA,BUSA_NIGERIA,busa1253,Busa
Man.WESTERN_MANDE.SONINKE,SONINKE,soni1259,Soninke
Man.WESTERN_MANDE.BOZO_HAINYAHO,BOZO_HAINYAHO,hain1253,Hainyaxo Bozo
Man.WESTERN_MANDE.BOZO_JENAAMA,BOZO_JENAAMA,jena1242,Jenaama Bozo
Man.WESTERN_MANDE.SOROGAMA,SOROGAMA,jena1242,Jenaama Bozo
Man.WESTERN_MANDE.BOZO_TIEYAHO,BOZO_TIEYAHO,tiey1235,Tiéyaxo Bozo
Man.WESTERN_MANDE.TIEYAXO,TIEYAXO,tiey1235,Tiéyaxo Bozo
Man.WESTERN_MANDE.SOUTHERN_BOBO_MADARE,SOUTHERN_BOBO_MADARE,,
Man.WESTERN_MANDE.JO,JO,jowu1238,Jowulu
Man.WESTERN_MANDE.SEEKU,SEEKU,seek1238,Seeku
Man.WESTERN_MANDE.BANKA,BANKA,bank1258,Bankagooma
Man.WESTERN_MANDE.DUUNGOMA,DUUNGOMA,duun1242,Duungooma
Man.WESTERN_MANDE.DZUUN,DZUUN,dzuu1241,Dzùùngoo
Man.WESTERN_MANDE.KPELLE,KPELLE,libe1247,Liberia Kpelle
Man.WESTERN_MANDE.KPELLE_GUINEA,KPELLE_GUINEA,guin1254,Guinea Kpelle
Man.WESTERN_MANDE.LIBERIAN_KPELLE,LIBERIAN_KPELLE,libe1247,Liberia Kpelle
Man.WESTERN_MANDE.LOMA_LIBERIA,LOMA_LIBERIA,loma1260,Loma (Liberia)
Man.WESTERN_MANDE.BANDI,BANDI,band1352,Bandi
Man.WESTERN_MANDE.LOKO,LOKO,loko1255,Loko
Man.WESTERN_MANDE.MENDE,MENDE,mend1266,Mende (Sierra Leone)
Man.WESTERN_MANDE.SUSU,SUSU,susu1250,Susu
Man.WESTERN_MANDE.YALUNKA,YALUNKA,yalu1240,Yalunka
Man.WESTERN_MANDE.JERI_KUO,JERI_KUO,jeri1242,Jeli
Man.WESTERN_MANDE.LIGBI,LIGBI,ligb1244,Ligbi
Man.WESTERN_MANDE.KONO,KONO,kono1268,Kono (Sierra Leone)
Man.WESTERN_MANDE.VAI,VAI,vaii1241,Vai
Man.WESTERN_MANDE.KURANKO,KURANKO,kura1250,Kuranko
Man.WESTERN_MANDE.LELE_GUINEA,LELE_GUINEA,lele1266,Lele (Guinea)
Man.WESTERN_MANDE.MANDINKA,MANDINKA,mand1436,Mandinka
Man.WESTERN_MANDE.MANINKAKAN_KITA,MANINKAKAN_KITA,kita1249,Kita Maninkakan
Man.WESTERN_MANDE.MALINKE,MALINKE,west2500,Western Maninkakan
Man.WESTERN_MANDE.XAASONGAXANGO,XAASONGAXANGO,xaas1235,Xaasongaxango
Man.WESTERN_MANDE.BAMBARA,BAMBARA,bamb1269,Bambara
Man.WESTERN_MANDE.MANINKAKAN_EASTERN,MANINKAKAN_EASTERN,east2426,Eastern Maninkakan
Man.WESTERN_MANDE.JULA_DE_KONG,JULA_DE_KONG,dyul1238,Dyula
Man.WESTERN_MANDE.BOLON,BOLON,bolo1266,Bolon
Man.WESTERN_MANDE.MARKA,MARKA,mark1256,Marka
Man.WESTERN_MANDE.JULA_VEHICULAIRE,JULA_VEHICULAIRE,dyul1238,Dyula
Man.WESTERN_MANDE.TUDUGUKAKAN,TUDUGUKAKAN,woje1238,Wojenaka
Man.WESTERN_MANDE.NOWOLOKAKAN,NOWOLOKAKAN,woje1238,Wojenaka
Man.WESTERN_MANDE.VANDUGUKAKAN,VANDUGUKAKAN,woje1238,Wojenaka
Man.WESTERN_MANDE.FOLOKAKAN,FOLOKAKAN,woje1238,Wojenaka
Man.WESTERN_MANDE.GBELEBANKAKAN,GBELEBANKAKAN,woje1238,Wojenaka
Man.WESTERN_MANDE.BODUGUKAKAN,BODUGUKAKAN,woje1238,Wojenaka
Man.WESTERN_MANDE.WOJENEKAKAN,WOJENEKAKAN,woje1238,Wojenaka
Man.WESTERN_MANDE.SIENKOKAKAN,SIENKOKAKAN,woje1238,Wojenaka
Man.WESTERN_MANDE.BARALAKAKAN,BARALAKAKAN,maho1249,Mahou
Man.WESTERN_MANDE.FINANGAKAN,FINANGAKAN,maho1249,Mahou
Man.WESTERN_MANDE.TENENGAKAN,TENENGAKAN,maho1249,Mahou
Man.WESTERN_MANDE.KOROKAKAN,KOROKAKAN,maho1249,Mahou
Man.WESTERN_MANDE.MAUKAKAN,MAUKAKAN,maho1249,Mahou
Man.WESTERN_MANDE.KARANJANKAN,KARANJANKAN,woro1256,Worodougou
Man.WESTERN_MANDE.KANIKAKAN,KANIKAKAN,woro1256,Worodougou
Man.WESTERN_MANDE.WORODUGUKAKAN,WORODUGUKAKAN,woro1256,Worodougou
Man.WESTERN_MANDE.SIAKAKAN,SIAKAKAN,koya1253,Koyaga
Man.WESTERN_MANDE.KOYAGAKAN,KOYAGAKAN,koya1253,Koyaga
Man.WESTERN_MANDE.SAGAKAKAN,SAGAKAKAN,koya1253,Koyaga
Man.WESTERN_MANDE.KOROKAN,KOROKAN,koro1306,Koro (Côte d'Ivoire)
Man.WESTERN_MANDE.NIGBIKAN,NIGBIKAN,koya1253,Koyaga
NC.SOUTHERN_ATLANTIC.EAST_LIMBA,EAST_LIMBA,east2387,East Limba
NC.SOUTHERN_ATLANTIC.MANSOANKA,MANSOANKA,mans1259,Mansoanka
NC.SOUTHERN_ATLANTIC.GOLA,GOLA,gola1255,Gola
NC.SOUTHERN_ATLANTIC.LANDOMA,LANDOMA,land1256,Landoma
NC.SOUTHERN_ATLANTIC.BAGA_SITEMU,BAGA_SITEMU,baga1272,Baga Sitemu
NC.SOUTHERN_ATLANTIC.THEMNE,THEMNE,timn1235,Timne
NC.SOUTHERN_ATLANTIC.BAGA_MADURI,BAGA_MADURI,baga1270,Baga Manduri
NC.SOUTHERN_ATLANTIC.KISI,KISI,sout2778,Southern Kisi
NC.SOUTHERN_ATLANTIC.KISSI,KISSI,nort2765,Northern Kissi
NC.SOUTHERN_ATLANTIC.SHERBRO,SHERBRO,sher1258,Sherbro
NC.SOUTHERN_ATLANTIC.MMANI,MMANI,bull1247,Bullom So
NC.SOUTHERN_ATLANTIC.KRIM,KRIM,krim1238,Krim
NC.NORTHERN_ATLANTIC.NALU,NALU,nalu1240,Nalu
NC.BIJAGO.BIJOGO,BIJOGO,bidy1244,Kanyaki-Kagbaaga-Kajoko Bidyogo
NC.NORTHERN_ATLANTIC.BAYOT,BAYOT,bayo1255,Kugere-Kuxinge
NC.NORTHERN_ATLANTIC.BALANTA,BALANTA,bala1301,Balanta-Kentohe
NC.NORTHERN_ATLANTIC.BALANTA_GANJA,BALANTA_GANJA,bala1302,Balanta-Ganja
NC.NORTHERN_ATLANTIC.MANKANYA,MANKANYA,mank1251,Mankanya
NC.NORTHERN_ATLANTIC.PAPEL,PAPEL,pape1239,Papel
NC.NORTHERN_ATLANTIC.MANJACA_CHURO,MANJACA_CHURO,mand1419,Mandjak
NC.NORTHERN_ATLANTIC.MANJACA_COSTA_DE_BAIXO,MANJACA_COSTA_DE_BAIXO,mand1419,Mandjak
NC.NORTHERN_ATLANTIC.DIOLA,DIOLA,jola1263,Jola-Fonyi
NC.NORTHERN_ATLANTIC.JOLA,JOLA,jola1263,Jola-Fonyi
NC.NORTHERN_ATLANTIC.KERAK,KERAK,kera1248,Keerak
NC.NORTHERN_ATLANTIC.KARON,KARON,karo1294,Karon
NC.NORTHERN_ATLANTIC.BIAFADA,BIAFADA,biaf1240,Biafada
NC.NORTHERN_ATLANTIC.PAJADE,PAJADE,bady1239,Jaad-Badyara
NC.NORTHERN_ATLANTIC.BAINOUK_GUNYAAMOLO,BAINOUK_GUNYAAMOLO,bain1261,Bainouk-Gunyaamolo-Gutobor
NC.NORTHERN_ATLANTIC.KASANGA,KASANGA,kasa1248,Kasanga
NC.NORTHERN_ATLANTIC.KOBIANA,KOBIANA,kobi1241,Kobiana
NC.NORTHERN_ATLANTIC.WOLOF,WOLOF,nucl1347,Wolof
NC.NORTHERN_ATLANTIC.WOLOF_GAMBIAN,WOLOF_GAMBIAN,gamb1252,Gambian Wolof
NC.NORTHERN_ATLANTIC.NDUT_FALOR,NDUT_FALOR,ndut1239,Ndut
NC.NORTHERN_ATLANTIC.PALOR_2,PALOR_2,palo1243,Palor
NC.NORTHERN_ATLANTIC.SAFEN,SAFEN,saaf1238,Saafi-Saafi
NC.NORTHERN_ATLANTIC.LEHAR,LEHAR,leha1242,Lehar
NC.NORTHERN_ATLANTIC.NON,NON,noon1242,Noon
NC.NORTHERN_ATLANTIC.WAMEY,WAMEY,wame1240,Wamey
NC.NORTHERN_ATLANTIC.SERER_SINE,SERER_SINE,sere1260,Sereer
NC.NORTHERN_ATLANTIC.FULA,FULA,pula1263,Pulaar
NC.NORTHERN_ATLANTIC.FULFULDE_ADAMAWA,FULFULDE_ADAMAWA,adam1253,Adamawa Fulfulde
NC.NORTHERN_ATLANTIC.FULFULDE,FULFULDE,nige1253,Hausa States Fulfulde
NC.NORTHERN_ATLANTIC.FULFULDE_MAASINA,FULFULDE_MAASINA,maas1239,Maasina Fulfulde
NC.NORTHERN_ATLANTIC.PULAR,PULAR,pula1262,Pular
NC.GBAYA_MANZA_NGBAKA.BANGANDU,BANGANDU,bang1347,Ngombe-Bangandu
NC.GBAYA_MANZA_NGBAKA.BIYANDA,BIYANDA,sout2785,Southwest Gbaya
NC.GBAYA_MANZA_NGBAKA.KARA_BODOE,KARA_BODOE,nort2775,Northwest Gbaya
NC.GBAYA_MANZA_NGBAKA.BOKOTO,BOKOTO,boko1261,Bokoto
NC.GBAYA_MANZA_NGBAKA.GBAYA_BOZOUM,GBAYA_BOZOUM,gbay1286,Gbaya-Bozoum
NC.GBAYA_MANZA_NGBAKA.GBEYA,GBEYA,gbay1287,Gbaya-Bossangoa
NC.GBAYA_MANZA_NGBAKA.BOFI,BOFI,bofi1238,Bofi
NC.GBAYA_MANZA_NGBAKA.GBAYA_MBODOMO,GBAYA_MBODOMO,gbay1281,Gbaya-Mbodomo
NC.GBAYA_MANZA_NGBAKA.NGBAKA,NGBAKA,ngba1285,Ngbaka Minagende
NC.GBAYA_MANZA_NGBAKA.NGBAKA_BOKANGA,NGBAKA_BOKANGA,ngba1284,Ngbaka Ma'bo
NC.GBAYA_MANZA_NGBAKA.MANZA,MANZA,manz1243,Manza
NC.GBAYA_MANZA_NGBAKA.NGBAKA_MANZA,NGBAKA_MANZA,ngba1287,Ngbaka Manza
NC.UBANGI.ALI,ALI,alii1240,Ali
NC.UBANGI.BARAMBU,BARAMBU,bara1361,Barambu
NC.UBANGI.PAMBIA,PAMBIA,pamb1243,Pambia
NC.UBANGI.NZAKARA,NZAKARA,nzak1247,Nzakara
NC.UBANGI.GEME,GEME,geme1244,Geme
NC.UBANGI.ZANDE,ZANDE,zand1248,Zande
NC.UBANGI.LANGBASI,LANGBASI,lang1318,Langbashe
NC.UBANGI.NGBUGU,NGBUGU,sout2787,South Central Banda
NC.UBANGI.GBI,GBI,west2458,West Central Banda
NC.UBANGI.MBANZA,MBANZA,mban1263,Mbandja
NC.UBANGI.BANDA_YANGERE,BANDA_YANGERE,band1348,Banda-Yangere
NC.UBANGI.LINDA,LINDA,band1344,Banda-Bambari
NC.UBANGI.BANDA_NDELE_NGAO,BANDA_NDELE_NGAO,band1345,Banda-Ndélé
NC.UBANGI.GABU,GABU,gobu1238,Gobu
NC.UBANGI.MONO_CONGO,MONO_CONGO,mono1270,Mono (Democratic Republic of Congo)
NC.UBANGI.NGBANDI,NGBANDI,sout2784,Southern Ngbandi
NC.UBANGI.YAKOMA,YAKOMA,yako1252,Yakoma
NC.UBANGI.SANGO,SANGO,sang1328,Sango
NC.UBANGI.FEROGE,FEROGE,fero1244,Feroge
NC.UBANGI.MANGAYAT,MANGAYAT,mang1387,Mangayat
NC.UBANGI.INDRI,INDRI,indr1247,Indri
NC.UBANGI.TOGOYO,TOGOYO,togo1252,Togoyo
NC.UBANGI.BAI,BAI,baii1251,Bai
NC.UBANGI.BELANDA_VIRI,BELANDA_VIRI,bela1255,Belanda Viri
NC.UBANGI.NDOGO,NDOGO,ndog1248,Ndogo
NC.UBANGI.TAGBU,TAGBU,tagb1255,Tagbu
NC.UBANGI.MA,MA,made1252,Ma (Democratic Republic of Congo)
NC.UBANGI.DONGO,DONGO,dong1290,Dongo
NC.UBANGI.NDUNGA,NDUNGA,ndun1249,Ndunga
NC.UBANGI.MONDO,MONDO,mund1326,Mündü
NC.UBANGI.BANGBA,BANGBA,bang1345,Bangba
NC.UBANGI.MAYOGO,MAYOGO,mayo1261,Mayogo
NC.UBANGI.LIMASSA,LIMASSA,lima1246,Limassa
NC.UBANGI.BAKA_2,BAKA_2,baka1272,Baka (Cameroon)
NC.UBANGI.MONZOMBO,MONZOMBO,monz1249,Monzombo
NC.UBANGI.NGBAKA_KPALA,NGBAKA_KPALA,kpal1241,Kpala
NC.UBANGI.GBANZILI,GBANZILI,gban1258,Gbanziri-Boraka
NC.UBANGI.NGBAKA_MABO,NGBAKA_MABO,ngba1284,Ngbaka Ma'bo
NC.UBANGI.NGBAKA_GILIMA,NGBAKA_GILIMA,gili1241,Gilima
NC.UBANGI.NGBAKA_PENDI,NGBAKA_PENDI,ngba1284,Ngbaka Ma'bo
NC.ADAMAWA.SAMBA_LEKO,SAMBA_LEKO,samb1305,Samba Leko
NC.ADAMAWA.NYONG,NYONG,nyon1241,Nyong
NC.ADAMAWA.WOM_AFRICA,WOM_AFRICA,womn1235,Wom (Nigeria)
NC.ADAMAWA.LONGTO,LONGTO,long1387,Longto
NC.ADAMAWA.PEERE,PEERE,peer1241,Peere
NC.ADAMAWA.DOOHWAAYAAYO,DOOHWAAYAAYO,doya1240,Doyayo
NC.ADAMAWA.MOMI,MOMI,momj1237,Mom Jango
NC.ADAMAWA.KUMBA,KUMBA,kumb1238,Kumba
NC.ADAMAWA.PANGSENG,PANGSENG,pang1286,Pangseng
NC.ADAMAWA.RANG,RANG,rang1269,Rang
NC.ADAMAWA.KPASHAM,KPASHAM,kpas1242,Kpasam
NC.ADAMAWA.BALI_NIGERIA,BALI_NIGERIA,bali1245,Bali (Nigeria)
NC.ADAMAWA.YOTI,YOTI,yott1234,Yotti
NC.ADAMAWA.TEME,TEME,teme1252,Teme
NC.ADAMAWA.WAKA,WAKA,waka1275,Waka
NC.ADAMAWA.YANDANG,YANDANG,yend1241,Yendang
NC.ADAMAWA.BON_GULA,BON_GULA,bong1282,Bon Gula
NC.ADAMAWA.GULA_IRO,GULA_IRO,gula1265,Gula Iro
NC.ADAMAWA.BUA,BUA,buaa1245,Bua
NC.ADAMAWA.LUA_NIELLIM,LUA_NIELLIM,niel1243,Niellim
NC.ADAMAWA.TUNIA,TUNIA,tuni1251,Tunia
NC.ADAMAWA.KOKE,KOKE,koke1240,Koke
NC.ADAMAWA.NOY,NOY,noyy1238,Noy
NC.ADAMAWA.GOUNDO,GOUNDO,goun1238,Goundo
NC.ADAMAWA.BESME,BESME,besm1235,Besme
NC.ADAMAWA.KIM,KIM,kimm1246,Kim
NC.ADAMAWA.DAY,DAY,dayy1236,Day
NC.ADAMAWA.DAMA,DAMA,dama1267,Dama (Cameroon)
NC.ADAMAWA.GALKE,GALKE,ndai1238,Ndai
NC.ADAMAWA.MAMBAI,MAMBAI,mamb1294,Mambai
NC.ADAMAWA.TUPURI,TUPURI,tupu1244,Tupuri
NC.ADAMAWA.MUNDANG,MUNDANG,mund1325,Mundang
NC.ADAMAWA.PAM,PAM,pamm1242,Pam (Cameroon)
NC.ADAMAWA.TO,TO,tooo1238,To
NC.ADAMAWA.MBUM,MBUM,mbum1254,Mbum
NC.ADAMAWA.KO,KO,kuoo1238,Kuo
NC.ADAMAWA.NJAK_MBAI,NJAK_MBAI,nzak1246,Nzakambay
NC.ADAMAWA.NGOUMI,NGOUMI,nzak1246,Nzakambay
NC.ADAMAWA.KALI,KALI,kare1338,Kare (Central African Republic)
NC.ADAMAWA.KARANG,KARANG,kara1478,Karang
NC.ADAMAWA.NDOK_MBALI,NDOK_MBALI,kara1478,Karang
NC.GUR.NAFAARA,NAFAARA,nafa1258,Nafanan
NC.GUR.SENOUFO_TAGWANA,SENOUFO_TAGWANA,tagw1240,Tagwana Senoufo
NC.GUR.SENUFO_CEBAARA,SENUFO_CEBAARA,ceba1235,Senari
NC.GUR.MAMARA_SENOUFO,MAMARA_SENOUFO,mama1271,Mamara Senoufo
NC.GUR.SENUFO_SICITE,SENUFO_SICITE,sici1249,Sìcìté Sénoufo
NC.GUR.SENOUFO_SUPYIRE,SENOUFO_SUPYIRE,supy1237,Supyire Senoufo
NC.GUR.KULANGO_BOUNA,KULANGO_BOUNA,boun1243,Bouna Kulango
NC.GUR.LORHON,LORHON,teen1242,Téén
NC.GUR.VIEMO,VIEMO,viem1243,Viemo
NC.GUR.CEFO,CEFO,tief1242,Tiefo-Daramandugu
NC.GUR.NATIORO,NATIORO,nati1243,Natioro
NC.GUR.WARA,WARA,wara1292,Samue
NC.ADAMAWA.LONGUDA,LONGUDA,long1389,Longuda
NC.ADAMAWA.BURAK,BURAK,bura1271,Burak
NC.ADAMAWA.WAJA,WAJA,waja1259,Waja
NC.ADAMAWA.AWAK,AWAK,awak1250,Awak
NC.ADAMAWA.DADIYA,DADIYA,dadi1249,Dadiya
NC.GUR.BAATONUM,BAATONUM,baat1238,Baatonum
NC.GUR.TURKA,TURKA,turk1306,Turka
NC.GUR.PANA,PANA,pana1295,Pana (Burkina Faso)
NC.GUR.KASEM,KASEM,kase1253,Kasem
NC.GUR.KABIYE,KABIYE,kabi1261,Kabiyé
NC.GUR.LAMA,LAMA,lama1275,Lama (Togo)
NC.GUR.VAGALA,VAGALA,vagl1239,Vagla
NC.GUR.PAASAAL,PAASAAL,paas1238,Paasaal
NC.GUR.SISAALA_TUMULUNG,SISAALA_TUMULUNG,tumu1242,Tumulung Sisaala
NC.GUR.SISAALA_WESTERN,SISAALA_WESTERN,west2465,Western Sisaala
NC.GUR.KOROMFE,KOROMFE,koro1298,Koromfé
NC.GUR.BOMU_BOBO,BOMU_BOBO,sout2840,Southern Bobo Madaré
NC.GUR.BWAMU,BWAMU,buam1238,Buamu
NC.GUR.BULI_GHANA,BULI_GHANA,buli1254,Buli (Ghana)
NC.GUR.KONNI,KONNI,konn1242,Konni
NC.GUR.BIALI,BIALI,bial1238,Biali
NC.GUR.WAAMA,WAAMA,waam1244,Waama
NC.GUR.NATENI,NATENI,nate1242,Nateni
NC.GUR.DITAMMARI,DITAMMARI,dita1238,Ditammari
NC.GUR.MBELIME,MBELIME,mbel1240,Mbelime
NC.GUR.NAWDM,NAWDM,nawd1238,Nawdm
NC.GUR.YOM,YOM,yomm1242,Yom
NC.GUR.AKASELEM,AKASELEM,akas1242,Akaselem
NC.GUR.BASSARI,BASSARI,ntch1242,Ntcham
NC.GUR.GOURMANCHEMA,GOURMANCHEMA,gour1243,Gourmanchéma
NC.GUR.MOBA,MOBA,moba1244,Moba
NC.GUR.KONKOMBA_2,KONKOMBA_2,konk1269,Konkomba
NC.GUR.KONKOMBA,KONKOMBA,konk1269,Konkomba
NC.GUR.NGANGAM,NGANGAM,ngan1299,Ngangam
NC.GUR.NOTRE,NOTRE,notr1240,Notre
NC.GUR.KUSAL,KUSAL,kusa1250,Kusaal
NC.GUR.HANGA,HANGA,hang1258,Hanga
NC.GUR.KAMARA,KAMARA,kama1357,Kamara
NC.GUR.DAGBANI,DAGBANI,dagb1246,Dagbani
NC.GUR.MAMPRULI,MAMPRULI,mamp1244,Mampruli
NC.GUR.MOORE,MOORE,moss1236,Mossi
NC.GUR.FRAFRA,FRAFRA,fare1241,Farefare
NC.GUR.NINKARE,NINKARE,fare1241,Farefare
NC.GUR.SAFALIBA,SAFALIBA,safa1243,Safaliba
NC.GUR.BIRIFOR_SOUTHERN,BIRIFOR_SOUTHERN,sout2790,Southern Birifor
NC.GUR.DAGAARE,DAGAARE,sout2789,Central Dagaare
NC.GUR.WALI,WALI,wali1263,Wali (Ghana)
NC.KWA.EGA,EGA,egaa1242,Ega
NC.KWA.DANGME,DANGME,adan1247,Adangme
NC.KWA.GA,GA,gaaa1244,Ga
NC.KWA.IKPANA,IKPANA,logb1245,Ikpana
NC.KWA.ADELE,ADELE,adel1244,Adele
NC.KWA.ANII,ANII,anii1245,Anii
NC.KWA.LIKPE,LIKPE,sekp1241,Sekpele
NC.KWA.SELE,SELE,sele1249,Selee
NC.KWA.AKPAFU,AKPAFU,siwu1238,Siwu
NC.KWA.BUEM_LELEMI,BUEM_LELEMI,lele1264,Lelemi
NC.KWA.SIWU,SIWU,siwu1238,Siwu
NC.KWA.FONGBE,FONGBE,fonn1241,Fon
NC.KWA.EWE_ADANGBE,EWE_ADANGBE,,
NC.KWA.GEN,GEN,genn1243,Gen
NC.KWA.AKEBU,AKEBU,akeb1238,Akebu
NC.KWA.ANIMERE,ANIMERE,anim1239,Animere
NC.KWA.SIDEME,SIDEME,avat1244,Avatime
NC.KWA.TEGBO,TEGBO,tafi1243,Tafi
NC.KWA.TUTRUGBU,TUTRUGBU,nyan1302,Nyangbo
NC.KWA.IKPOSO,IKPOSO,ikpo1238,Ikposo
NC.KWA.AHLO,AHLO,igoo1238,Igo
NC.KWA.TUWULI,TUWULI,tuwu1238,Tuwuli
NC.KWA.ABE,ABE,abee1242,Abé
NC.KWA.ADIOUKROU,ADIOUKROU,adio1239,Adioukrou
NC.KWA.AVIKAM,AVIKAM,avik1243,Avikam
NC.KWA.ATTIE,ATTIE,atti1239,Attié
NC.KWA.ABRON,ABRON,abro1238,Abron
NC.KWA.TWI_ASANTE,TWI_ASANTE,akan1250,Akan
NC.KWA.TWI_FANTE,TWI_FANTE,akan1250,Akan
NC.KWA.AHANTE,AHANTE,ahan1243,Ahanta
NC.KWA.NZEMA,NZEMA,nzim1238,Nzima
NC.KWA.ANUFO,ANUFO,anuf1239,Anufo
NC.KWA.BAULE,BAULE,baou1238,Baoulé
NC.KWA.ANYI,ANYI,anyi1245,Anyin
NC.KWA.EFUTU,EFUTU,awut1241,Awutu
NC.KWA.LARTEH,LARTEH,lart1238,Larteh
NC.KWA.HILL_GUANG,HILL_GUANG,guaa1238,Gua
NC.KWA.NKAMI,NKAMI,nkon1248,Nkonya
NC.KWA.DOMPO,DOMPO,domp1238,Dompo
NC.KWA.GONJA,GONJA,gonj1241,Gonja
NC.KWA.NAWURI,NAWURI,nawu1242,Nawuri
NC.KWA.GECHODE,GECHODE,giky1238,Gikyode
NC.KWA.GENYANGA,GENYANGA,giny1241,Ginyanga
NC.KWA.KRACHI,KRACHI,krac1238,Krache
NC.KWA.NCHUMURU,NCHUMURU,chum1261,Chumburung
NC.KWA.TCHUMBULI,TCHUMBULI,tchu1241,Tchumbuli
NC.MBRE.MBRE,MBRE,mbre1244,Mbre
NC.ADAMAWA.FALI,FALI,sout2782,South Fali
NC.KRU.KLAO,KLAO,klao1243,Klao
NC.KRU.BASSA,BASSA,nucl1418,Bassa
NC.KRU.DEWOIN,DEWOIN,dewo1238,Dewoin
NC.KRU.KRUMAN,KRUMAN,tepo1239,Tepo Krumen
NC.KRU.WOBE,WOBE,weno1238,Wobe-Wè Northern
NC.KRU.GLIO_OUBI,GLIO_OUBI,glio1241,Glio-Oubi
NC.KRU.WE_SOUTHERN,WE_SOUTHERN,weso1238,Wè Southern
NC.KRU.KUWAA,KUWAA,kuwa1247,Kuwaa
NC.KRU.BAKWE,BAKWE,bakw1243,Bakwé
NC.KRU.NEYO,NEYO,neyo1238,Neyo
NC.KRU.DIDA_LAKOTA,DIDA_LAKOTA,lako1244,Lakota Dida
NC.KRU.DIDA_YOCOBOUE,DIDA_YOCOBOUE,yoco1235,Yocoboué Dida
NC.KRU.BETE_GUIBEROUA,BETE_GUIBEROUA,guib1246,Guiberoua Béte
NC.KRU.BETE_DALOA,BETE_DALOA,dalo1238,Daloa Bété
NC.KRU.GODIE,GODIE,godi1239,Godié
NC.IGBOID.EKPEYE,EKPEYE,ekpe1253,Ekpeye
NC.IGBOID.OGBA,OGBA,ogba1241,Ogbah
NC.IGBOID.UKAWANI_ABOH_NDONI,UKAWANI_ABOH_NDONI,ukwu1241,Ukwuani-Aboh-Ndoni
NC.IGBOID.IZI,IZI,izii1239,Izi
NC.IGBOID.ECHIE,ECHIE,nucl1417,Igbo
NC.IGBOID.IGBO_ONITSHA,IGBO_ONITSHA,nucl1417,Igbo
NC.DEFOID.AHAN,AHAN,ahan1244,Àhàn
NC.DEFOID.AYERE,AYERE,ayer1245,Ayere
NC.DEFOID.ARIGIDI,ARIGIDI,arig1246,Arigidi
NC.DEFOID.IGALA,IGALA,igal1242,Igala
NC.DEFOID.OKA,OKA,yoru1245,Yoruba
NC.DEFOID.YORUBA,YORUBA,yoru1245,Yoruba
NC.UKAAN.UKAAN,UKAAN,ukaa1243,Ukaan
NC.UKAAN.IKAKUMO,IKAKUMO,ukaa1243,Ukaan
NC.UKAAN.IKAAN,IKAAN,ukaa1243,Ukaan
NC.UKAAN.IYINNO,IYINNO,ukaa1243,Ukaan
NC.UKAAN.ISHEU,ISHEU,ukaa1243,Ukaan
NC.UKAAN.IIGAU,IIGAU,ukaa1243,Ukaan
NC.AKPES.AKUNNU,AKUNNU,akpe1248,Akpes
NC.EDOID.EPIE,EPIE,epie1238,Epie
NC.EDOID.ENGENNI,ENGENNI,enge1239,Egene
NC.EDOID.EGENE,EGENE,enge1239,Egene
NC.EDOID.DEGEMA_2,DEGEMA_2,dege1246,Degema
NC.EDOID.DEGEMA,DEGEMA,dege1246,Degema
NC.EDOID.OKPE,OKPE,okpe1250,Okpe (Southwestern Edo)
NC.EDOID.URHOBO,URHOBO,urho1239,Urhobo
NC.EDOID.UVBIE,UVBIE,uvbi1238,Uvbie
NC.EDOID.URHOBO_2,URHOBO_2,urho1239,Urhobo
NC.EDOID.ISOKO,ISOKO,isok1239,Isoko
NC.EDOID.ERUWA,ERUWA,eruw1238,Eruwa
NC.EDOID.IBILO,IBILO,okpa1238,Okpamheri
NC.EDOID.OKPAMHERI,OKPAMHERI,okpa1238,Okpamheri
NC.EDOID.UHAMI,UHAMI,uham1238,Uhami
NC.EDOID.EHUEUN,EHUEUN,ehue1238,Ehueun
NC.EDOID.UKUE,UKUE,ukue1238,Ukue
NC.EDOID.AOMA,AOMA,emai1241,Emai-Iuleha-Ora
NC.EDOID.EMAI,EMAI,emai1241,Emai-Iuleha-Ora
NC.EDOID.EDO,EDO,bini1246,Bini
NC.EDOID.EDO_2,EDO_2,bini1246,Bini
NC.EDOID.GHOTUO,GHOTUO,ghot1243,Ghotuo
NC.EDOID.AVBIANWU,AVBIANWU,yekh1238,Yekhee
NC.EDOID.AUCHI,AUCHI,yekh1238,Yekhee
NC.EDOID.UNEME,UNEME,unem1238,Uneme
NC.OKO.OKO_OSANYE_ENI,OKO_OSANYE_ENI,okoe1238,Oko-Eni-Osayen
NC.IDOMOID.IGEDE,IGEDE,iged1239,Igede
NC.IDOMOID.IDOMA,IDOMA,idom1241,Idoma
NC.IDOMOID.YALA,YALA,yala1263,Yala
NC.CROSS_RIVER.ABUA,ABUA,abua1244,Abua
NC.CROSS_RIVER.OGBRONUAGUM,OGBRONUAGUM,ogbr1243,Ogbronuagum
NC.CROSS_RIVER.MBEMBE,MBEMBE,cros1244,Cross River Mbembe
NC.CROSS_RIVER.KOHUMONO,KOHUMONO,kohu1244,Kohumono
NC.CROSS_RIVER.BAN_OGOI,BAN_OGOI,baan1241,Baan
NC.CROSS_RIVER.ELEME,ELEME,elem1253,Eleme
NC.CROSS_RIVER.ELEME_2,ELEME_2,elem1253,Eleme
NC.CROSS_RIVER.GOKANA,GOKANA,goka1239,Gokana
NC.CROSS_RIVER.KANA,KANA,khan1278,Khana
NC.CROSS_RIVER.TEE,TEE,teee1242,Tee
NC.CROSS_RIVER.OBOLO,OBOLO,obol1243,Obolo
NC.CROSS_RIVER.IKO,IKO,ikoo1245,Iko
NC.CROSS_RIVER.IBINO,IBINO,ibin1241,Ibino
NC.CROSS_RIVER.IBUORO,IBUORO,ibuo1242,Ibuoro
NC.CROSS_RIVER.ITUMBUSO,ITUMBUSO,itum1245,Itu Mbon Uzo
NC.CROSS_RIVER.EFAI,EFAI,efai1241,Efai
NC.CROSS_RIVER.EKIT,EKIT,ekit1246,Ekit
NC.CROSS_RIVER.ETEBI,ETEBI,eteb1238,Etebi
NC.CROSS_RIVER.ANAANG,ANAANG,anaa1238,Anaang
NC.CROSS_RIVER.UKWA,UKWA,ukwa1238,Ukwa
NC.CROSS_RIVER.IBIBIO_2,IBIBIO_2,ibib1240,Ibibio
NC.CROSS_RIVER.EFIK,EFIK,efik1245,Efik
NC.CROSS_RIVER.IBIBIO_1,IBIBIO_1,ibib1240,Ibibio
NC.CROSS_RIVER.USAKADE,USAKADE,usag1244,Usaghade
NC.CROSS_RIVER.ILUE,ILUE,ilue1241,Ilue
NC.CROSS_RIVER.OKOBO,OKOBO,okob1241,Okobo
NC.CROSS_RIVER.ORO,ORO,oroo1241,Oro
NC.CROSS_RIVER.EBUGHU,EBUGHU,ebug1241,Ebughu
NC.CROSS_RIVER.ENWANG,ENWANG,enwa1245,Enwan (Akwa Ibom State)
NC.CROSS_RIVER.UDA,UDA,udaa1238,Uda
NC.KAINJI.RESHE,RESHE,resh1242,Reshe
NC.KAINJI.LARU_NIGERIA,LARU_NIGERIA,laru1238,Laru (Nigeria)
NC.KAINJI.LOPA,LOPA,lopa1238,Lopa
NC.KAINJI.LELA,LELA,clel1238,C'lela
NC.KAINJI.DUKA,DUKA,huns1239,Hun-Saare
NC.KAINJI.FAKAI_A,FAKAI_A,kagf1238,Ut-Main
NC.KAINJI.GWAMHI_WURI,GWAMHI_WURI,gwam1244,Gwamhi-Wuri
NC.KAINJI.ROR,ROR,kagf1238,Ut-Main
NC.KAINJI.PONGU,PONGU,pong1250,Pongu
NC.KAINJI.PONGU_2,PONGU_2,pong1250,Pongu
NC.KAINJI.MADAKA,MADAKA,bauc1238,Bauchi
NC.KAINJI.ROGO,ROGO,rogo1238,Rogo
NC.KAINJI.SEGEMUK,SEGEMUK,east2403,Eastern Acipa
NC.KAINJI.SHAMA,SHAMA,sham1278,Shama-Sambuga
NC.KAINJI.CINDA_1,CINDA_1,cind1241,Yara
NC.KAINJI.CINDA_2,CINDA_2,cind1241,Yara
NC.KAINJI.CINDA_5,CINDA_5,cind1241,Yara
NC.KAINJI.REGI,REGI,cind1241,Yara
NC.KAINJI.KUKI,KUKI,cind1241,Yara
NC.KAINJI.CICIPU,CICIPU,cici1237,Cicipu
NC.KAINJI.CISHINGINI,CISHINGINI,cish1238,Western-Kambari-Cishingini
NC.KAINJI.SALKA,SALKA,tsis1238,Salka-Tsishingini
NC.KAINJI.TSUVADI,TSUVADI,tsuv1239,Tsuvadi
NC.KAINJI.RUBASA,RUBASA,basa1282,Basa (Nigeria)
NC.KAINJI.AMO,AMO,amoo1242,Amo
NC.KAINJI.GAMO_NINGI,GAMO_NINGI,gamo1241,Gamo-Ningi
NC.KAINJI.KUDU_CAMO,KUDU_CAMO,kudu1241,Kudu-Camo
NC.KAINJI.LERE_TAKAYA,LERE_TAKAYA,lere1241,Lere
NC.KAINJI.LERE_GANA,LERE_GANA,lere1241,Lere
NC.KAINJI.LERE_SI,LERE_SI,lere1241,Lere
NC.KAINJI.SHENI,SHENI,shen1251,Sheni-Ziriya
NC.KAINJI.ZIRIYA,ZIRIYA,ziri1239,Ziriya
NC.KAINJI.GYEM,GYEM,gyem1238,Gyem
NC.KAINJI.SHAU,SHAU,shau1238,Shau
NC.KAINJI.IZORA,IZORA,izor1238,Izora
NC.KAINJI.SANGA,SANGA,sang1329,Sanga (Nigeria)
NC.KAINJI.JANJI,JANJI,janj1240,Janji
NC.KAINJI.JERE,JERE,jere1244,Jere
NC.KAINJI.IGUTA,IGUTA,igut1238,Iguta
NC.NUPOID.GADE,GADE,gade1242,Gade
NC.NUPOID.IGBIRRA,IGBIRRA,ebir1243,Ebira
NC.NUPOID.GBARI,GBARI,gbar1246,Gbari
NC.NUPOID.NUPE,NUPE,nupe1254,Nupe-Nupe-Tako
NC.PLATOID.KUTEB,KUTEB,kute1248,Kutep
NC.PLATOID.KPAN,KPAN,kpan1246,Kpan
NC.JUKUNOID.JIBA,JIBA,jiba1237,Jiba
NC.PLATOID.JIBU,JIBU,jibu1239,Jibu
NC.PLATOID.JUKUN_TAKUM,JUKUN_TAKUM,juku1254,Jukun Takum
NC.JUKUNOID.HONE,HONE,hone1235,Hõne
NC.JUKUNOID.WAPAN,WAPAN,wapa1235,Wapan
NC.JUKUNOID.WAPHA,WAPHA,waph1238,Wãpha
NC.PLATOID.KADARA,KADARA,kada1284,Kadara
NC.PLATOID.KULU,KULU,ikul1238,Ikulu
NC.PLATOID.KWANKA,KWANKA,,
NC.PLATOID.TAPSHIN,TAPSHIN,surr1238,Sur
NC.PLATOID.YANGKAM,YANGKAM,yang1290,Yangkam
NC.PLATOID.PE,PE,peee1238,Pye
NC.PLATOID.TAROK,TAROK,taro1263,Tarok
NC.PLATOID.RUKUL,RUKUL,boru1244,Bo-Rukul
NC.PLATOID.FYEM,FYEM,fyam1238,Fyam
NC.PLATOID.HOROM,HOROM,horo1245,Horom
NC.PLATOID.SHALL,SHALL,shal1242,Shall-Zwall
NC.PLATOID.ITEN,ITEN,eten1239,Eten
NC.PLATOID.BEROM_F,BEROM_F,bero1242,Berom
NC.PLATOID.TAHOSS,TAHOSS,bero1242,Berom
NC.PLATOID.BEROM_R,BEROM_R,bero1242,Berom
NC.PLATOID.NDUN,NDUN,ahwa1235,Ndunic
NC.PLATOID.SHAKARA,SHAKARA,ahwa1235,Ndunic
NC.PLATOID.CARA,CARA,cara1270,Cara
NC.PLATOID.TYAP,TYAP,tyap1238,Tyap
NC.PLATOID.IZERE,IZERE,izer1241,Izere
NC.PLATOID.GANANG,GANANG,gana1270,Ganang
NC.PLATOID.CEN,CEN,cenn1238,Cen
NC.PLATOID.FIRAN,FIRAN,fira1238,Firan
NC.PLATOID.ELOYI,ELOYI,eloy1241,Ajiri
NC.PLATOID.AKE,AKE,akee1238,Akye
NC.PLATOID.EGGON,EGGON,eggo1239,Eggon
NC.PLATOID.JIJILI,JIJILI,tanj1247,Rjili
NC.PLATOID.JILI,JILI,liji1238,Lijili
NC.PLATOID.HASHA,HASHA,hash1238,Hasha
NC.PLATOID.TORO,TORO,toro1249,Toro
NC.PLATOID.TESU,TESU,alum1246,Arum
NC.PLATOID.CORI,CORI,cori1240,Kyoli
NC.PLATOID.HYAM,HYAM,hyam1245,Hyam
NC.PLATOID.BEGBERE_EJAR,BEGBERE_EJAR,begb1241,Begbere-Ejar
NC.PLATOID.NYANKPA,NYANKPA,yesk1239,Nyankpa
NC.PLATOID.IDU,IDU,idun1241,Dũya
NC.PLATOID.ITOO,ITOO,ashe1269,Ashe
NC.PLATOID.GWARA,GWARA,,
NC.PLATOID.AYU,AYU,ayuu1242,Ayu
NC.PLATOID.SAMBE,SAMBE,ninz1246,Ninzo
NC.PLATOID.CE,CE,chee1238,Che
NC.PLATOID.ANIB,ANIB,kanu1277,Kanufi
NC.PLATOID.NINKYOP,NINKYOP,kani1277,Kaningdon-Nindem
NC.PLATOID.BU_NIGERIA,BU_NIGERIA,buuu1244,Bu
NC.PLATOID.NINGYE,NINGYE,ning1271,Ningye
NC.PLATOID.NINKA,NINKA,ning1271,Ningye
NC.PLATOID.NUNKU,NUNKU,numa1252,Numana
NC.PLATOID.MADA,MADA,mada1282,Mada (Nigeria)
NC.PLATOID.NDEYWAN,NDEYWAN,mada1282,Mada (Nigeria)
NC.PLATOID.NCEKPE,NCEKPE,mada1282,Mada (Nigeria)
NC.PLATOID.KEJA,KEJA,mada1282,Mada (Nigeria)
NC.PLATOID.GBUGYAR,GBUGYAR,mada1282,Mada (Nigeria)
NC.PLATOID.RIJA,RIJA,mada1282,Mada (Nigeria)
NC.PLATOID.NJIGBAN,NJIGBAN,mada1282,Mada (Nigeria)
NC.PLATOID.RINZE,RINZE,mada1282,Mada (Nigeria)
NC.PLATOID.NCO,NCO,mada1282,Mada (Nigeria)
NC.BANTOID.DONG,DONG,dong1293,Dong
NC.BANTOID.SAMBA_DAGA,SAMBA_DAGA,samb1311,Sama Mum
NC.BANTOID.TIKAR_AKUEN,TIKAR_AKUEN,tika1246,Tikar
NC.BANTOID.TWUMWU,TWUMWU,tika1246,Tikar
NC.BANTOID.NIZAA,NIZAA,suga1248,Nizaa
NC.BANTOID.KONJA_NDUNG,KONJA_NDUNG,kwan1276,Kwanja
NC.BANTOID.KONJA_SUNDANI,KONJA_SUNDANI,kwan1276,Kwanja
NC.BANTOID.MAMBILA,MAMBILA,nige1255,Western Mambila
NC.BANTOID.MAMBILA_ATTA,MAMBILA_ATTA,came1252,Donga Mambila
NC.BANTOID.SOMYEV,SOMYEV,somy1238,Somyev
NC.BANTOID.WAWA,WAWA,wawa1246,Wawa
NC.BANTOID.VUTE_MBANJO,VUTE_MBANJO,vute1244,Vute
NC.BANTOID.VUTE_YOKO,VUTE_YOKO,vute1244,Vute
NC.CROSS_RIVER.BEKWARRA,BEKWARRA,bekw1241,Bekwarra
NC.CROSS_RIVER.BOKI,BOKI,boky1238,Bokyi
NC.BANTOID.BURU,BURU,buru1299,Buru-Angwe
NC.BANTOID.NJWANDE,NJWANDE,bita1251,Bitare
NC.BANTOID.BATU_ANWE,BATU_ANWE,batu1255,Batu
NC.BANTOID.AFI_AMANDA,AFI_AMANDA,batu1255,Batu
NC.BANTOID.KAMINO,KAMINO,batu1255,Batu
NC.BANTOID.ESIMBI,ESIMBI,esim1238,Esimbi
NC.BANTOID.IPULO,IPULO,ipul1238,Ipulo-Olulu
NC.BANTOID.TIV_1,TIV_1,tivv1240,Tiv
NC.BANTOID.TIV_2,TIV_2,tivv1240,Tiv
NC.BANTOID.MBE,MBE,mbee1249,Mbe
NC.BANTOID.BALEP,BALEP,ndoe1238,Ndoe
NC.BANTOID.EKPARABONG,EKPARABONG,ndoe1238,Ndoe
NC.BANTOID.EKAJUK,EKAJUK,ekaj1238,Ekajuk
NC.BANTOID.NNAM,NNAM,nnam1238,Nnam
NC.BANTOID.EFUTOP,EFUTOP,efut1242,Efutop
NC.BANTOID.NSELLE,NSELLE,nden1250,Nde-Nsele-Nta
NC.BANTOID.NTA,NTA,nden1250,Nde-Nsele-Nta
NC.BANTOID.NDE,NDE,nden1250,Nde-Nsele-Nta
NC.BANTOID.NKIM,NKIM,nkem1242,Nkem-Nkum
NC.BANTOID.NKUMM,NKUMM,nkem1242,Nkem-Nkum
NC.BANTOID.EJAGHAM,EJAGHAM,ejag1239,Ejagham
NC.BANTOID.BENDEGHE,BENDEGHE,ejag1239,Ejagham
NC.BANTOID.EKOI,EKOI,ejag1239,Ejagham
NC.BANTOID.KEAKA,KEAKA,ejag1239,Ejagham
NC.BANTOID.OBANG,OBANG,ejag1239,Ejagham
NC.BANTOID.KENYANG_KITWII,KENYANG_KITWII,keny1279,Kenyang
NC.BANTOID.BAS_KENYANG,BAS_KENYANG,keny1279,Kenyang
NC.BANTOID.CENTRAL_KENYANG,CENTRAL_KENYANG,keny1279,Kenyang
NC.BANTOID.HAUT_KENYANG,HAUT_KENYANG,keny1279,Kenyang
NC.BANTOID.KENDEM,KENDEM,kend1252,Kendem
NC.BANTOID.DENYA_TAKAMANDA,DENYA_TAKAMANDA,deny1238,Denya
NC.BANTOID.DENYA_BITIEKU,DENYA_BITIEKU,deny1238,Denya
NC.BANTOID.DENYA_BAJWO,DENYA_BAJWO,deny1238,Denya
NC.BANTOID.DENYA_BASHO,DENYA_BASHO,deny1238,Denya
NC.BANTOID.MBU,MBU,mbuu1238,Ajumbu
NC.BANTOID.MISSONG,MISSONG,abar1238,Mungbam
NC.BANTOID.ABAR,ABAR,abar1238,Mungbam
NC.BANTOID.FANG,FANG,fang1248,Fang (Cameroon)
NC.BANTOID.KOSHIN,KOSHIN,kosh1246,Koshin
NC.BANTOID.MUNDABLI,MUNDABLI,mund1328,Mundabli-Mufu
NC.BANTOID.BU,BU,mund1328,Mundabli-Mufu
NC.BANTOID.KEMEZUNG,KEMEZUNG,keme1240,Kemezung
NC.BANTOID.MASHI_NIGERIA,MASHI_NIGERIA,mash1269,Mashi (Nigeria)
NC.BANTOID.NAKI,NAKI,naki1238,Naki
NC.BANTOID.NSARI,NSARI,nsar1238,Nsari
NC.BANTOID.NONI,NONI,noon1243,Noone
NC.BANTOID.CUNG,CUNG,,
NC.BANTOID.MUNGONG,MUNGONG,ncan1245,Ncane-Mungong
NC.BANTOID.NCANE,NCANE,ncan1245,Ncane-Mungong
NC.BANTOID.MODELE,MODELE,befa1241,Menchum
NC.BANTOID.AMBELE,AMBELE,ambe1247,Ambele
NC.BANTOID.AMBELE_2,AMBELE_2,ambe1247,Ambele
NC.BANTOID.AMASI,AMASI,mant1267,Manta
NC.BANTOID.NDEMLI,NDEMLI,ndem1249,Ndemli
NC.BANTOID.LAMNSOQ,LAMNSOQ,lamn1239,Lamnso'
NC.BANTOID.WUSHI,WUSHI,wush1238,Wushi
NC.BANTOID.BABUNGO,BABUNGO,veng1238,Vengo
NC.BANTOID.KENSWEINSEI,KENSWEINSEI,kens1251,Kenswei Nsei
NC.BANTOID.AGHEM_ISU,AGHEM_ISU,aghe1239,Aghem
NC.BANTOID.AGHEM_WEH,AGHEM_WEH,aghe1239,Aghem
NC.BANTOID.BU_CAMEROON,BU_CAMEROON,laim1240,Laimbue
NC.BANTOID.AGHEM_WUM,AGHEM_WUM,aghe1239,Aghem
NC.BANTOID.MMEN,MMEN,mmen1238,Mmen
NC.BANTOID.BUM_A_CAMEROON,BUM_A_CAMEROON,,
NC.BANTOID.KOM,KOM,komc1235,Kom (Cameroon)
NC.BANTOID.KOM_MBIZINAKU,KOM_MBIZINAKU,komc1235,Kom (Cameroon)
NC.BANTOID.BABANKI,BABANKI,baba1266,Babanki
NC.BANTOID.KUO,KUO,okuu1243,Oku
NC.BANTOID.MUNDANI,MUNDANI,mund1327,Mundani
NC.BANTOID.NGOMBALE,NGOMBALE,ngom1271,Ngombale
NC.BANTOID.NGOMBA,NGOMBA,ngom1272,Ngomba
NC.BANTOID.YEMBA_2,YEMBA_2,yemb1246,Yemba
NC.BANTOID.YEMBA_1,YEMBA_1,yemb1246,Yemba
NC.BANTOID.BAMILEKE,BAMILEKE,yemb1246,Yemba
NC.BANTOID.MEDUMBA,MEDUMBA,medu1238,Medumba
NC.BANTOID.FEFE_1,FEFE_1,fefe1239,Fe'fe'
NC.BANTOID.FEFE_2,FEFE_2,fefe1239,Fe'fe'
NC.BANTOID.NDANDA_SUD,NDANDA_SUD,ndan1241,Nda'nda'
NC.BANTOID.GHOMALA_1,GHOMALA_1,ghom1247,Ghomálá'
NC.BANTOID.GHOMALA_2,GHOMALA_2,ghom1247,Ghomálá'
NC.BANTOID.BAMBILI,BAMBILI,bamb1266,Bambili-Bambui
NC.BANTOID.BAFUT,BAFUT,bafu1246,Bafut
NC.BANTOID.PINYIN,PINYIN,piny1238,Pinyin
NC.BANTOID.AWING,AWING,awin1248,Awing
NC.BANTOID.MANKON,MANKON,ngem1255,Ngemba
NC.BANTOID.BABA,BABA,baba1264,Baba
NC.BANTOID.MUNGAKA,MUNGAKA,mung1266,Mungaka
NC.BANTOID.BAMENYAM,BAMENYAM,bame1260,Bamenyam
NC.BANTOID.SHUPAMEM,SHUPAMEM,bamu1253,Bamun
NC.BANTOID.YAMBA,YAMBA,yamb1251,Yamba
NC.BANTOID.DZODINKA,DZODINKA,dzod1238,Dzodinka
NC.BANTOID.LIMBUM,LIMBUM,limb1268,Limbum
NC.BANTOID.NDE_BUKWOK,NDE_BUKWOK,ndak1242,Ndaktup
NC.BANTOID.NDE_YULANA,NDE_YULANA,ndak1242,Ndaktup
NC.BANTOID.DE_WUNGTSE,DE_WUNGTSE,ndak1242,Ndaktup
NC.BANTOID.MFUMTE,MFUMTE,mfum1238,Southern Mfumte
NC.BANTOID.LABIR,LABIR,labi1245,Labir
NC.BANTOID.BANKALA,BANKALA,bank1257,Bankal
NC.BANTOID.BADA,BADA,bada1258,Bada (Nigeria)
NC.BANTOID.DUGURI,DUGURI,dugu1249,Duguri
NC.BANTOID.KULUNG_NIGERIA,KULUNG_NIGERIA,kulu1255,Kulung (Nigeria)
NC.BANTOID.BILE,BILE,bile1244,Bile
NC.BANTOID.MBULA_NIGERIA,MBULA_NIGERIA,mbul1260,Mbula-Bwazza
NC.BANTOID.ZAAMBO,ZAAMBO,mbul1260,Mbula-Bwazza
NC.BANTOID.A61_NGORO_ASOM,A61_NGORO_ASOM,tuki1240,Tuki
NC.BANTOID.TUKI,TUKI,tuki1240,Tuki
NC.BANTOID.TUKI_2,TUKI_2,tuki1240,Tuki
NC.BANTOID.YAMBETA,YAMBETA,yamb1252,Yambeta
NC.BANTOID.BONEK,BONEK,tuot1238,Tuotomb
NC.BANTOID.ALINGA,ALINGA,tune1261,Tunen
NC.BANTOID.TUNEN,TUNEN,tune1261,Tunen
NC.BANTOID.MANDI_CAMEROON,MANDI_CAMEROON,noma1260,Nomaande
NC.BANTOID.NYOKON,NYOKON,nyok1243,Nyokon
NC.BANTOID.A60_GUNU,A60_GUNU,nugu1242,Nugunu (Cameroon)
NC.BANTOID.NUGUNU,NUGUNU,nugu1242,Nugunu (Cameroon)
NC.BANTOID.MBULE,MBULE,mbul1262,Mbule
NC.BANTOID.NUBACA,NUBACA,nuba1241,Nubaca
NC.BANTOID.KALONG,KALONG,yang1293,Nuasue
NC.BANTOID.A62_KALONGE,A62_KALONGE,yang1293,Nuasue
NC.BANTOID.LIBIE,LIBIE,elip1238,Elip
NC.BANTOID.A60_MMAALA,A60_MMAALA,mmaa1238,Mmaala
NC.BANTOID.MMALA,MMALA,mmaa1238,Mmaala
NC.BANTOID.BUBE,BUBE,bube1242,Bube
NC.BANTOID.MYENE,MYENE,myen1241,Myene
NC.BANTOID.MPONGWE,MPONGWE,myen1241,Myene
NC.BANTOID.B11c_GALWA_2,B11c_GALWA_2,myen1241,Myene
NC.BANTOID.B11c_GALWA_1,B11c_GALWA_1,myen1241,Myene
NC.BANTOID.PINZI,PINZI,pinj1243,Pinji
NC.BANTOID.XEPINZIPINZI,XEPINZIPINZI,pinj1243,Pinji
NC.BANTOID.OKANDE,OKANDE,kand1300,Kande
NC.BANTOID.XEHIMBA,XEHIMBA,simb1254,Simba
NC.BANTOID.POVE,POVE,bubi1250,Bubi
NC.BANTOID.TSOGO,TSOGO,tsog1243,Tsogo
NC.BANTOID.XETSOXO,XETSOXO,tsog1243,Tsogo
NC.BANTOID.XEBIA,XEBIA,bubi1250,Bubi
NC.BANTOID.XEBOBE,XEBOBE,bubi1250,Bubi
NC.BANTOID.BATANGA,BATANGA,bata1285,Batanga
NC.BANTOID.DUALA,DUALA,dual1243,Duala
NC.BANTOID.BAKUERI,BAKUERI,mokp1239,Mokpwe
NC.BANTOID.OROKO,OROKO,orok1266,Oroko
NC.BANTOID.BATANGA_BALUNDU,BATANGA_BALUNDU,orok1266,Oroko
NC.BANTOID.KUNDU,KUNDU,orok1266,Oroko
NC.BANTOID.MBANGWE,MBANGWE,mban1268,Mbangwe
NC.BANTOID.NGOM_KELE,NGOM_KELE,ngom1270,Ngom
NC.BANTOID.SAKE_1,SAKE_1,sake1247,Sake
NC.BANTOID.SAKE_2,SAKE_2,sake1247,Sake
NC.BANTOID.NDASA_2,NDASA_2,ndas1238,Ndasa
NC.BANTOID.NDASA_1,NDASA_1,ndas1238,Ndasa
NC.BANTOID.WUMBVU,WUMBVU,wumb1242,Wumbvu
NC.BANTOID.WUMBVU_2,WUMBVU_2,wumb1242,Wumbvu
NC.BANTOID.MAHONGWE,MAHONGWE,maho1248,Mahongwe
NC.BANTOID.MAHONGWE_SAMA,MAHONGWE_SAMA,maho1248,Mahongwe
NC.BANTOID.KOTA,KOTA,kota1274,Kota (Gabon)
NC.BANTOID.B25_KOTA_2,B25_KOTA_2,kota1274,Kota (Gabon)
NC.BANTOID.KOTA_MANDUNGWE,KOTA_MANDUNGWE,kota1274,Kota (Gabon)
NC.BANTOID.KOTA_MEKAMBO,KOTA_MEKAMBO,kota1274,Kota (Gabon)
NC.BANTOID.SEKIYANI,SEKIYANI,seki1238,Seki
NC.BANTOID.BUJEBA,BUJEBA,kwas1243,Kwasio
NC.BANTOID.POL,POL,,
NC.BANTOID.KAKO_BATOURI,KAKO_BATOURI,kako1242,Kako
NC.BANTOID.KAKO_2,KAKO_2,kako1242,Kako
NC.BANTOID.KAKO,KAKO,kako1242,Kako
NC.BANTOID.KWESO_NGULO,KWESO_NGULO,pomo1271,Pol
NC.BANTOID.POMO,POMO,pomo1271,Pol
NC.BANTOID.KWESO,KWESO,pomo1271,Pol
NC.BANTOID.KOL,KOL,kolc1235,Kol (Cameroon)
NC.BANTOID.KOONZIME,KOONZIME,koon1245,Koonzime
NC.BANTOID.KOOZIME,KOOZIME,koon1245,Koonzime
NC.BANTOID.BOMWALI,BOMWALI,bomw1238,Bomwali
NC.BANTOID.BOMWALI_2,BOMWALI_2,bomw1238,Bomwali
NC.BANTOID.MPYEMO_1,MPYEMO_1,mpie1238,Mpiemo
NC.BANTOID.MPYEMO_2,MPYEMO_2,mpie1238,Mpiemo
NC.BANTOID.KWEL,KWEL,bekw1242,Bekwil
NC.BANTOID.BEKWIL,BEKWIL,bekw1242,Bekwil
NC.BANTOID.KWELE_HAKOKU,KWELE_HAKOKU,bekw1242,Bekwil
NC.BANTOID.BANKON,BANKON,bank1256,Bankon
NC.BANTOID.BAKOKO,BAKOKO,bako1249,Bakoko
NC.BANTOID.BASAA,BASAA,basa1284,Basa (Cameroon)
NC.BANTOID.BUM_B_CAMEROON,BUM_B_CAMEROON,bumm1238,Bum
NC.BANTOID.FANG_GABON,FANG_GABON,fang1246,Fang (Equatorial Guinea)
NC.BANTOID.BULU,BULU,bulu1251,Bulu (Cameroon)
NC.BANTOID.ETON_CAMEROON,ETON_CAMEROON,eton1253,Eton-Mengisa
NC.BANTOID.FANG_MEKE,FANG_MEKE,fang1246,Fang (Equatorial Guinea)
NC.BANTOID.FANG_SOUANKE,FANG_SOUANKE,fang1246,Fang (Equatorial Guinea)
NC.BANTOID.FANG_NTUMU,FANG_NTUMU,fang1246,Fang (Equatorial Guinea)
NC.BANTOID.ETON,ETON,eton1253,Eton-Mengisa
NC.BANTOID.A72a_EWONDO,A72a_EWONDO,ewon1239,Ewondo
NC.BANTOID.EWONDO_2,EWONDO_2,ewon1239,Ewondo
NC.BANTOID.EWONDO,EWONDO,ewon1239,Ewondo
NC.BANTOID.EWONDO_4,EWONDO_4,ewon1239,Ewondo
NC.BANTOID.EWONDO_3,EWONDO_3,ewon1239,Ewondo
NC.BANTOID.A54_BAFIA_NJANTI,A54_BAFIA_NJANTI,tibe1274,Tibea
NC.BANTOID.TIBEA,TIBEA,tibe1274,Tibea
NC.BANTOID.A51_BAFIA_TUMI_TINGON,A51_BAFIA_TUMI_TINGON,lefa1242,Lefa
NC.BANTOID.LEFA,LEFA,lefa1242,Lefa
NC.BANTOID.A53_BAFIA_RIKPA,A53_BAFIA_RIKPA,bafi1243,Bafia
NC.BANTOID.BAFIA,BAFIA,bafi1243,Bafia
NC.BANTOID.BAFIA_ROPE,BAFIA_ROPE,bafi1243,Bafia
NC.BANTOID.A51_BAFIA_MAJA,A51_BAFIA_MAJA,lefa1242,Lefa
NC.BANTOID.A51_BAFIA_ZAKAAN,A51_BAFIA_ZAKAAN,lefa1242,Lefa
NC.BANTOID.NKONGHO,NKONGHO,nkon1247,Nkongho
NC.BANTOID.BAFAW,BAFAW,bafa1247,Bafaw-Balong
NC.BANTOID.NLE_MBO,NLE_MBO,mboc1235,Mbo (Cameroon)
NC.BANTOID.NLA_MBO,NLA_MBO,mboc1235,Mbo (Cameroon)
NC.BANTOID.EHO_MBO,EHO_MBO,mboc1235,Mbo (Cameroon)
NC.BANTOID.MIENGE,MIENGE,bass1260,Bassossi
NC.BANTOID.ELUNG,ELUNG,akoo1248,Akoose
NC.BANTOID.BAKOSSI,BAKOSSI,akoo1248,Akoose
NC.BANTOID.NNINONG,NNINONG,akoo1248,Akoose
NC.BANTOID.MANEHAS,MANEHAS,baka1273,Bakaka
NC.BANTOID.BABONG,BABONG,baka1273,Bakaka
NC.BANTOID.BALONDO,BALONDO,baka1273,Bakaka
NC.BANTOID.BANEKA,BANEKA,baka1273,Bakaka
NC.BANTOID.BAKAKA,BAKAKA,baka1273,Bakaka
NC.BANTOID.NYALI,NYALI,nyal1250,Nyali
NC.BANTOID.NYALI_2,NYALI_2,nyal1250,Nyali
NC.BANTOID.LENGOLA_2,LENGOLA_2,leng1258,Lengola
NC.BANTOID.LENGOLA,LENGOLA,leng1258,Lengola
NC.BANTOID.BODO,BODO,bodo1272,Bodo (Central African Republic)
NC.BANTOID.C301_BODO_1,C301_BODO_1,bodo1272,Bodo (Central African Republic)
NC.BANTOID.KOMO,KOMO,komo1260,Komo (Democratic Republic of Congo)
NC.BANTOID.KOMO_2,KOMO_2,komo1260,Komo (Democratic Republic of Congo)
NC.BANTOID.BIRA,BIRA,bera1259,Bera
NC.BANTOID.BIRA_MIALA_BUNIA,BIRA_MIALA_BUNIA,bera1259,Bera
NC.BANTOID.BIRA_SEDZABO,BIRA_SEDZABO,bera1259,Bera
NC.BANTOID.LILIKO,LILIKO,lika1243,Liko
NC.BANTOID.NGELIMA,NGELIMA,ngel1238,Ngelima
NC.BANTOID.C45_LEBEO,C45_LEBEO,ngel1238,Ngelima
NC.BANTOID.NGELEMA_1,NGELEMA_1,ngel1238,Ngelima
NC.BANTOID.NGELEMA_2,NGELEMA_2,ngel1238,Ngelima
NC.BANTOID.BOA_BUTA,BOA_BUTA,bwaa1238,Bwa
NC.BANTOID.BOA_BABANDA,BOA_BABANDA,bwaa1238,Bwa
NC.BANTOID.BOA_ABAMAKE,BOA_ABAMAKE,bwaa1238,Bwa
NC.BANTOID.BENGE_BATI,BENGE_BATI,bwaa1238,Bwa
NC.BANTOID.PAGIBETE,PAGIBETE,pagi1243,Pagibete
NC.BANTOID.ZIMBA,ZIMBA,zimb1251,Zimba
NC.BANTOID.D14_ENYA,D14_ENYA,enya1247,Enya-Kisangani
NC.BANTOID.ENYA,ENYA,enya1247,Enya-Kisangani
NC.BANTOID.KWANGE,KWANGE,zimb1251,Zimba
NC.BANTOID.ENYA_KIBOMBO,ENYA_KIBOMBO,enya1247,Enya-Kisangani
NC.BANTOID.ENYA_MANDA,ENYA_MANDA,enya1247,Enya-Kisangani
NC.BANTOID.NYANGA,NYANGA,nyan1304,Nyanga
NC.BANTOID.MITUKU,MITUKU,mitu1240,Mituku
NC.BANTOID.LEGA_MWENGA,LEGA_MWENGA,lega1250,Lega-Mwenga
NC.BANTOID.LEGA_SHABUNDA,LEGA_SHABUNDA,lega1249,Lega-Shabunda
NC.BANTOID.LEGA,LEGA,lega1249,Lega-Shabunda
NC.BANTOID.LEGA_SHABUNDA_2,LEGA_SHABUNDA_2,lega1249,Lega-Shabunda
NC.BANTOID.GENGELE,GENGELE,song1300,Songoora
NC.BANTOID.SONGOLA_KASENGA,SONGOLA_KASENGA,song1300,Songoora
NC.BANTOID.SONGOLA_ULINDI,SONGOLA_ULINDI,song1300,Songoora
NC.BANTOID.D55_BUYU,D55_BUYU,buyu1239,Buyu
NC.BANTOID.D28_HOLOHOLO,D28_HOLOHOLO,holo1240,Holoholo
NC.BANTOID.HOLOHOLO,HOLOHOLO,holo1240,Holoholo
NC.BANTOID.TUMBWE,TUMBWE,holo1240,Holoholo
NC.BANTOID.LUMBWE,LUMBWE,holo1240,Holoholo
NC.BANTOID.NGONI_MALAWI,NGONI_MALAWI,nyan1308,Nyanja
NC.BANTOID.CEWA,CEWA,nyan1308,Nyanja
NC.BANTOID.NYANJA_2,NYANJA_2,nyan1308,Nyanja
NC.BANTOID.NYANJA_NYASA,NYANJA_NYASA,nyan1308,Nyanja
NC.BANTOID.NYANJA,NYANJA,nyan1308,Nyanja
NC.BANTOID.KUNDA,KUNDA,kund1255,Chikunda
NC.BANTOID.NYUNGWE,NYUNGWE,nyun1248,Nyungwe
NC.BANTOID.SENA,SENA,nucl1396,Sena
NC.BANTOID.SENA_2,SENA_2,nucl1396,Sena
NC.BANTOID.KALANGA,KALANGA,kala1384,Kalanga
NC.BANTOID.KALANGA_2,KALANGA_2,kala1384,Kalanga
NC.BANTOID.SHONA_NDAU,SHONA_NDAU,ndau1241,Ndau
NC.BANTOID.SHONA_MANYIKA,SHONA_MANYIKA,many1258,Manyika
NC.BANTOID.SHONA_2,SHONA_2,shon1251,Shona
NC.BANTOID.SHONA,SHONA,shon1251,Shona
NC.BANTOID.KOREKORE,KOREKORE,shon1251,Shona
NC.BANTOID.SHONA_KARANGA,SHONA_KARANGA,shon1251,Shona
NC.BANTOID.TONGA_AFRICA,TONGA_AFRICA,gito1238,Gitonga
NC.BANTOID.VENDA_2,VENDA_2,vend1245,Venda
NC.BANTOID.VENDA,VENDA,vend1245,Venda
NC.BANTOID.TSWANA_2,TSWANA_2,tswa1253,Tswana
NC.BANTOID.QHALAXARZI,QHALAXARZI,kgal1244,Kgalagadi
NC.BANTOID.TSWANA,TSWANA,tswa1253,Tswana
NC.BANTOID.NORTHERN_SOTHO,NORTHERN_SOTHO,pedi1238,Pedi
NC.BANTOID.SOTHO_NORTHERN,SOTHO_NORTHERN,pedi1238,Pedi
NC.BANTOID.SOTHO_SUD,SOTHO_SUD,sout2807,Southern Sotho
NC.BANTOID.SOTHO_SOUTHERN,SOTHO_SOUTHERN,sout2807,Southern Sotho
NC.BANTOID.SILOZI,SILOZI,lozi1239,Lozi
NC.BANTOID.LOZI_2,LOZI_2,lozi1239,Lozi
NC.BANTOID.KOTI,KOTI,koti1238,Koti
NC.BANTOID.CHUWABU,CHUWABU,chuw1238,Chuwabu
NC.BANTOID.CHILOMWE,CHILOMWE,lomw1241,Mozambique Lomwe
NC.BANTOID.LOMWE,LOMWE,lomw1241,Mozambique Lomwe
NC.BANTOID.MAKWA_NAMPULA,MAKWA_NAMPULA,makh1264,Makhuwa
NC.BANTOID.MAKWA_MALEMA,MAKWA_MALEMA,makh1264,Makhuwa
NC.BANTOID.MAKWA_ALUA,MAKWA_ALUA,makh1264,Makhuwa
NC.BANTOID.MAKWA_ILE,MAKWA_ILE,makh1264,Makhuwa
NC.BANTOID.TSHWA,TSHWA,tswa1255,Tswa
NC.BANTOID.RONGA,RONGA,rong1268,Ronga
NC.BANTOID.TSONGA,TSONGA,tson1249,Tsonga
NC.BANTOID.S44_NDEBELE_ZIMBABWE,S44_NDEBELE_ZIMBABWE,nort2795,Zimbabwean Ndebele
NC.BANTOID.S43_SWATI,S43_SWATI,swat1243,Swati
NC.BANTOID.SWAZI,SWAZI,swat1243,Swati
NC.BANTOID.SWATI,SWATI,swat1243,Swati
NC.BANTOID.PHUTI,PHUTI,swat1243,Swati
NC.BANTOID.NORTHERN_NDEBELE,NORTHERN_NDEBELE,nort2795,Zimbabwean Ndebele
NC.BANTOID.ZIMBABWE_NDEBELE,ZIMBABWE_NDEBELE,nort2795,Zimbabwean Ndebele
NC.BANTOID.SOUTHERN_NDEBELE,SOUTHERN_NDEBELE,nort2795,Zimbabwean Ndebele
NC.BANTOID.HLUBI,HLUBI,swat1243,Swati
NC.BANTOID.MPONDO,MPONDO,xhos1239,Xhosa
NC.BANTOID.MPONDOMISE,MPONDOMISE,xhos1239,Xhosa
NC.BANTOID.XHOSA_2,XHOSA_2,xhos1239,Xhosa
NC.BANTOID.THEMBU,THEMBU,xhos1239,Xhosa
NC.BANTOID.XHOSA,XHOSA,xhos1239,Xhosa
NC.BANTOID.S41_XHOSA,S41_XHOSA,xhos1239,Xhosa
NC.BANTOID.NGONI_2,NGONI_2,zulu1248,Zulu
NC.BANTOID.ZULU,ZULU,zulu1248,Zulu
NC.BANTOID.ZULU_NKANDLA,ZULU_NKANDLA,zulu1248,Zulu
NC.BANTOID.ZULU_2,ZULU_2,zulu1248,Zulu
NC.BANTOID.MBALANGWE,MBALANGWE,subi1246,Subiya
NC.BANTOID.M62_SOLI,M62_SOLI,soli1239,Soli
NC.BANTOID.LENJE,LENJE,lenj1248,Lenje
NC.BANTOID.ILA,ILA,ilaa1246,Ila
NC.BANTOID.M64_TONGA_2,M64_TONGA_2,tong1318,Tonga (Zambia)
NC.BANTOID.M64_TONGA_1,M64_TONGA_1,tong1318,Tonga (Zambia)
NC.BANTOID.BWILE,BWILE,bwil1245,Bwile
NC.BANTOID.NSENGA,NSENGA,nsen1242,Nsenga
NC.BANTOID.SENGA_CHIPATA,SENGA_CHIPATA,nsen1242,Nsenga
NC.BANTOID.SENGA_CHAMA,SENGA_CHAMA,nsen1242,Nsenga
NC.BANTOID.TUMBUKA_MALAWI,TUMBUKA_MALAWI,tumb1250,Tumbuka
NC.BANTOID.TUMBUKA_ZAMBIE,TUMBUKA_ZAMBIE,tumb1250,Tumbuka
NC.BANTOID.LAMBA_2,LAMBA_2,lamb1271,Lamba
NC.BANTOID.LAMBA,LAMBA,lamb1271,Lamba
NC.BANTOID.M52_LALA,M52_LALA,lala1264,Lala-Bisa
NC.BANTOID.KITABWA,KITABWA,taab1238,Taabwa
NC.BANTOID.TAABWA_RDC_2,TAABWA_RDC_2,taab1238,Taabwa
NC.BANTOID.TAABWA_RDC_1,TAABWA_RDC_1,taab1238,Taabwa
NC.BANTOID.M40TEMBA,M40TEMBA,bemb1257,Bemba (Zambia)
NC.BANTOID.AUSHI,AUSHI,aush1241,Aushi
NC.BANTOID.BEMBA,BEMBA,bemb1257,Bemba (Zambia)
NC.BANTOID.TAABWA_ZAMBIE,TAABWA_ZAMBIE,taab1238,Taabwa
NC.BANTOID.NGUMBO_TAABWA,NGUMBO_TAABWA,taab1238,Taabwa
NC.BANTOID.BEMBA_1,BEMBA_1,bemb1257,Bemba (Zambia)
NC.BANTOID.BEMBA_2,BEMBA_2,bemb1257,Bemba (Zambia)
NC.BANTOID.MAMBWE,MAMBWE,mamb1296,Mambwe-Lungu
NC.BANTOID.LAMBYA,LAMBYA,lamb1272,Lambya
NC.BANTOID.NYIHA_TANZANIA,NYIHA_TANZANIA,nyih1240,Nyiha (Tanzania)
NC.BANTOID.SUKWA,SUKWA,ndal1241,Ndali
NC.BANTOID.NYAKYUSA,NYAKYUSA,nyak1260,Nyakyusa-Ngonde
NC.BANTOID.NKHONDE,NKHONDE,nyak1260,Nyakyusa-Ngonde
NC.BANTOID.NYAKYUSA_1,NYAKYUSA_1,nyak1260,Nyakyusa-Ngonde
NC.BANTOID.NYAKYUSA_2,NYAKYUSA_2,nyak1260,Nyakyusa-Ngonde
NC.BANTOID.NILAMBA,NILAMBA,nila1242,Nilamba
NC.BANTOID.MBUGWE,MBUGWE,mbug1242,Mbugwe
NC.BANTOID.VALANGI,VALANGI,lang1320,Langi
NC.BANTOID.NDENDEULE,NDENDEULE,nden1249,Ndendeule
NC.BANTOID.KIMATENGO,KIMATENGO,mate1258,Matengo
NC.BANTOID.MPOTO,MPOTO,mpot1240,Mpoto
NC.BANTOID.MAKONDE,MAKONDE,mako1251,Makonde
NC.BANTOID.MWERA,MWERA,mwer1248,Mwera (Chimwera)
NC.BANTOID.CIYAWO,CIYAWO,yaoo1241,Yao
NC.BANTOID.YAO_1,YAO_1,yaoo1241,Yao
NC.BANTOID.YAO_2,YAO_2,yaoo1241,Yao
NC.BANTOID.BENDE,BENDE,bend1258,Bende
NC.BANTOID.F23_SUMBWA_YEKE,F23_SUMBWA_YEKE,sumb1240,Sumbwa
NC.BANTOID.SUMBWA,SUMBWA,sumb1240,Sumbwa
NC.BANTOID.KINYAMWEZI,KINYAMWEZI,nyam1276,Nyamwezi
NC.BANTOID.F21_SUKUMA,F21_SUKUMA,suku1261,Sukuma
NC.BANTOID.KESUKUMA,KESUKUMA,suku1261,Sukuma
NC.BANTOID.NYAMWEZI,NYAMWEZI,nyam1276,Nyamwezi
NC.BANTOID.GUSII,GUSII,gusi1247,Gusii
NC.BANTOID.KWAYA_2,KWAYA_2,kway1241,Kwaya
NC.BANTOID.JITA,JITA,jita1239,Jita
NC.BANTOID.REGI_TANZANIA,REGI_TANZANIA,kara1481,Kara (Tanzania)
NC.BANTOID.JITA_2,JITA_2,jita1239,Jita
NC.BANTOID.LOGOLI,LOGOLI,logo1258,Logooli
NC.BANTOID.ISUKHA,ISUKHA,idak1243,Idakho-Isukha-Tiriki
NC.BANTOID.J31c_BUKUSU,J31c_BUKUSU,buku1249,Bukusu
NC.BANTOID.MASABA,MASABA,masa1299,Masaaba
NC.BANTOID.SAMIA,SAMIA,saam1283,Saamia
NC.BANTOID.J321_MARAMA,J321_MARAMA,mara1392,Marama
NC.BANTOID.J321_KISA,J321_KISA,kisa1263,Kisa
NC.BANTOID.NYALA_KENYA,NYALA_KENYA,east2409,East Nyala
NC.BANTOID.LHUKONZO,LHUKONZO,konz1239,Konzo
NC.BANTOID.NANDE_SWAGA,NANDE_SWAGA,nand1264,Nande
NC.BANTOID.J42_NANDE,J42_NANDE,nand1264,Nande
NC.BANTOID.NANDE,NANDE,nand1264,Nande
NC.BANTOID.NANDE_SHU,NANDE_SHU,nand1264,Nande
NC.BANTOID.HUNDE,HUNDE,hund1239,Hunde
NC.BANTOID.HUNDE_2,HUNDE_2,hund1239,Hunde
NC.BANTOID.J52_HAVU_2,J52_HAVU_2,havu1238,Havu
NC.BANTOID.FULIRU,FULIRU,fuli1240,Fuliiru
NC.BANTOID.VIRA,VIRA,joba1238,Joba
NC.BANTOID.J531_TEMBO_2,J531_TEMBO_2,temb1270,Tembo (Kitembo)
NC.BANTOID.MASHI_DRC,MASHI_DRC,shii1238,Shi
NC.BANTOID.SHI,SHI,shii1238,Shi
NC.BANTOID.J53_SHI_2,J53_SHI_2,shii1238,Shi
NC.BANTOID.VINZA_2,VINZA_2,vinz1238,Vinza
NC.BANTOID.J62_RUNDI,J62_RUNDI,rund1242,Rundi
NC.BANTOID.HA,HA,haaa1252,Ha
NC.BANTOID.KIRUNDI,KIRUNDI,rund1242,Rundi
NC.BANTOID.KINYARWANDA,KINYARWANDA,kiny1244,Kinyarwanda
NC.BANTOID.RWANDA,RWANDA,kiny1244,Kinyarwanda
NC.BANTOID.RWANDA_KIGOYI,RWANDA_KIGOYI,kiny1244,Kinyarwanda
NC.BANTOID.RWANDA_RERA,RWANDA_RERA,kiny1244,Kinyarwanda
NC.BANTOID.RWANDA_TWA_KINIGI,RWANDA_TWA_KINIGI,kiny1244,Kinyarwanda
NC.BANTOID.GWERE,GWERE,gwer1238,Gwere
NC.BANTOID.GWERE_2,GWERE_2,gwer1238,Gwere
NC.BANTOID.SOGA_2,SOGA_2,soga1242,Soga
NC.BANTOID.J15_GANDA,J15_GANDA,gand1255,Ganda
NC.BANTOID.LUGANDA,LUGANDA,gand1255,Ganda
NC.BANTOID.ZINZA_2,ZINZA_2,zinz1238,Zinza
NC.BANTOID.KIKEREWE,KIKEREWE,kere1283,Kerewe
NC.BANTOID.J24_KEREBE,J24_KEREBE,kere1283,Kerewe
NC.BANTOID.HAYA_2,HAYA_2,haya1250,Haya
NC.BANTOID.HAYA,HAYA,haya1250,Haya
NC.BANTOID.ZIBA,ZIBA,haya1250,Haya
NC.BANTOID.TALINGA,TALINGA,tali1258,Talinga-Bwisi
NC.BANTOID.RUNYORO_RUTOORO,RUNYORO_RUTOORO,nyor1246,Nyoro
NC.BANTOID.RUTOORO,RUTOORO,toor1238,Tooro
NC.BANTOID.HIMA_RDC,HIMA_RDC,nyan1307,Nyankole
NC.BANTOID.NKORE_KIGA,NKORE_KIGA,chig1238,Chiga
NC.BANTOID.RUNYANKORE_RUKIGA,RUNYANKORE_RUKIGA,nyan1307,Nyankole
NC.BANTOID.RUNYANKORE,RUNYANKORE,nyan1307,Nyankole
NC.BANTOID.J13_NKORE_HIMA,J13_NKORE_HIMA,nyan1307,Nyankole
NC.BANTOID.CHINGONI,CHINGONI,tanz1241,Tanzanian Ngoni
NC.BANTOID.NGONI,NGONI,,
NC.BANTOID.G65_KINGA,G65_KINGA,nucl1379,Kinga
NC.BANTOID.HEHE,HEHE,hehe1240,Hehe
NC.BANTOID.PANGWA,PANGWA,pang1287,Pangwa
NC.BANTOID.DHAISO,DHAISO,dhai1238,Dhaiso
NC.BANTOID.KAMBA_KENYA,KAMBA_KENYA,kamb1297,Kamba (Kenya)
NC.BANTOID.KAMBA_KENYA_2,KAMBA_KENYA_2,kamb1297,Kamba (Kenya)
NC.BANTOID.THARAKA,THARAKA,thar1283,Tharaka
NC.BANTOID.GIKUYU,GIKUYU,kiku1240,Kikuyu
NC.BANTOID.GIKUYU_2,GIKUYU_2,kiku1240,Kikuyu
NC.BANTOID.GWENO,GWENO,gwen1239,Gweno
NC.BANTOID.MACHAME,MACHAME,mach1266,Machame
NC.BANTOID.DAWIDA,DAWIDA,tait1250,Taita
NC.BANTOID.SAGHALA,SAGHALA,saga1262,Sagalla
NC.BANTOID.TAITA,TAITA,tait1250,Taita
NC.BANTOID.PARE,PARE,asut1235,Asu (Tanzania)
NC.BANTOID.PARE_TANZANIA,PARE_TANZANIA,asut1235,Asu (Tanzania)
NC.BANTOID.PARE_SUD,PARE_SUD,asut1235,Asu (Tanzania)
NC.BANTOID.PARE_2,PARE_2,asut1235,Asu (Tanzania)
NC.BANTOID.TAVETA,TAVETA,tave1240,Taveta
NC.BANTOID.KAGULU,KAGULU,kagu1239,Kagulu
NC.BANTOID.KAGURU,KAGURU,kagu1239,Kagulu
NC.BANTOID.GOGO,GOGO,gogo1263,Gogo
NC.BANTOID.BONDEI,BONDEI,bond1247,Bondei
NC.BANTOID.SHAMBALA,SHAMBALA,sham1280,Shambala
NC.BANTOID.NGULU,NGULU,ngul1246,Ngulu
NC.BANTOID.ZIGULA,ZIGULA,zigu1244,Zigula-Mushungulu
NC.BANTOID.LUGURU,LUGURU,lugu1238,Luguru
NC.BANTOID.DOE,DOE,doee1238,Doe
NC.BANTOID.DOE_2,DOE_2,doee1238,Doe
NC.BANTOID.NGHWELE,NGHWELE,kwer1261,Kwere
NC.BANTOID.NGHWELE_2,NGHWELE_2,kwer1261,Kwere
NC.BANTOID.KAMI,KAMI,kami1256,Kami (Tanzania)
NC.BANTOID.KUTU,KUTU,kutu1263,Kutu
NC.BANTOID.ZALAMO,ZALAMO,zara1247,Zaramo
NC.BANTOID.ELWANA,ELWANA,ilwa1237,Ilwana
NC.BANTOID.ILWANA,ILWANA,ilwa1237,Ilwana
NC.BANTOID.SWAHILI_MWANI,SWAHILI_MWANI,mwan1247,Mwani
NC.BANTOID.MWANI_MOZAMBIQUE,MWANI_MOZAMBIQUE,mwan1247,Mwani
NC.BANTOID.MWANI,MWANI,mwan1247,Mwani
NC.BANTOID.SWAHILI_PATE,SWAHILI_PATE,swah1253,Swahili
NC.BANTOID.SWAHILI_TIKUU,SWAHILI_TIKUU,swah1253,Swahili
NC.BANTOID.MWINI,MWINI,swah1253,Swahili
NC.BANTOID.MWINI_2,MWINI_2,swah1253,Swahili
NC.BANTOID.TIKUU_PATE,TIKUU_PATE,swah1253,Swahili
NC.BANTOID.TIKUU,TIKUU,swah1253,Swahili
NC.BANTOID.SWAHILI_MVITA,SWAHILI_MVITA,swah1253,Swahili
NC.BANTOID.SWAHILI_CHIRAZI,SWAHILI_CHIRAZI,swah1253,Swahili
NC.BANTOID.SWAHILI_VUMBA,SWAHILI_VUMBA,swah1253,Swahili
NC.BANTOID.SWAHILI_MAKUNDUCHI,SWAHILI_MAKUNDUCHI,swah1253,Swahili
NC.BANTOID.SWAHILI_PEMBA,SWAHILI_PEMBA,swah1253,Swahili
NC.BANTOID.SWAHILI,SWAHILI,swah1253,Swahili
NC.BANTOID.SWAHILI_2,SWAHILI_2,swah1253,Swahili
NC.BANTOID.SWAHILI_SUD,SWAHILI_SUD,swah1253,Swahili
NC.BANTOID.HADIMU,HADIMU,swah1253,Swahili
NC.BANTOID.PEMBA,PEMBA,swah1253,Swahili
NC.BANTOID.VUMBA,VUMBA,swah1253,Swahili
NC.BANTOID.G44a_NGAZIDJA,G44a_NGAZIDJA,ngaz1238,Ngazidja Comorian
NC.BANTOID.MAORE,MAORE,maor1244,Maore Comorian
NC.BANTOID.NZWANI,NZWANI,ndzw1235,Ndzwani Comorian
NC.BANTOID.SHIMAORE,SHIMAORE,maor1244,Maore Comorian
NC.BANTOID.LOWER_POKOMO,LOWER_POKOMO,poko1261,Pokomo
NC.BANTOID.UPPER_POKOMO,UPPER_POKOMO,poko1261,Pokomo
NC.BANTOID.BUU,BUU,poko1261,Pokomo
NC.BANTOID.DIGO,DIGO,digo1243,Digo
NC.BANTOID.CAGA_KILEMA,CAGA_KILEMA,sege1246,Segeju
NC.BANTOID.CAGA_KIWOSO,CAGA_KIWOSO,sege1246,Segeju
NC.BANTOID.SEGEJU,SEGEJU,sege1246,Segeju
NC.BANTOID.DIGO_1,DIGO_1,digo1243,Digo
NC.BANTOID.DIGO_2,DIGO_2,digo1243,Digo
NC.BANTOID.CHWAKA,CHWAKA,giry1241,Giryama
NC.BANTOID.DURUMA,DURUMA,duru1249,Duruma
NC.BANTOID.RABAI,RABAI,giry1241,Giryama
NC.BANTOID.CHONYI,CHONYI,chon1287,Chonyi-Dzihana-Kauma
NC.BANTOID.GIRYAMA,GIRYAMA,giry1241,Giryama
NC.BANTOID.GIRYAMA_3,GIRYAMA_3,giry1241,Giryama
NC.BANTOID.GIRYAMA_4,GIRYAMA_4,giry1241,Giryama
NC.BANTOID.GIRYAMA_2,GIRYAMA_2,giry1241,Giryama
NC.BANTOID.CONI,CONI,giry1241,Giryama
NC.BANTOID.RABAI_2,RABAI_2,giry1241,Giryama
NC.BANTOID.MBUNDU,MBUNDU,kimb1241,Kimbundu
NC.BANTOID.HOLU,HOLU,holu1245,Holu
NC.BANTOID.KIHOLU,KIHOLU,holu1245,Holu
NC.BANTOID.KWESE,KWESE,kwes1244,Kwese
NC.BANTOID.KWEZO,KWEZO,kwes1244,Kwese
NC.BANTOID.PENDE,PENDE,phen1239,Phende
NC.BANTOID.H41_MBALA_1,H41_MBALA_1,mbal1257,Mbala
NC.BANTOID.MBALA_3,MBALA_3,mbal1257,Mbala
NC.BANTOID.MBALA_2,MBALA_2,mbal1257,Mbala
NC.BANTOID.MBALA,MBALA,mbal1257,Mbala
NC.BANTOID.MBALA_4,MBALA_4,mbal1257,Mbala
NC.BANTOID.MBALA_5,MBALA_5,mbal1257,Mbala
NC.BANTOID.SONDE_FESHI,SONDE_FESHI,sond1250,Sonde
NC.BANTOID.SONDE_KYAANZA,SONDE_KYAANZA,sond1250,Sonde
NC.BANTOID.SONDE_GISOONDI,SONDE_GISOONDI,sond1250,Sonde
NC.BANTOID.SONDE_KILUWA,SONDE_KILUWA,sond1250,Sonde
NC.BANTOID.K11_CIOKWE,K11_CIOKWE,chok1245,Chokwe
NC.BANTOID.CHOKWE,CHOKWE,chok1245,Chokwe
NC.BANTOID.LUVALE,LUVALE,luva1239,Luvale
NC.BANTOID.K14_LWENA_1,K14_LWENA_1,luva1239,Luvale
NC.BANTOID.K14_LWENA_2,K14_LWENA_2,luva1239,Luvale
NC.BANTOID.NGANGELA,NGANGELA,nyem1238,Nyemba
NC.BANTOID.K15_MBUNDA_1,K15_MBUNDA_1,mbun1249,Mbunda
NC.BANTOID.K15_MBUNDA_GANGELA,K15_MBUNDA_GANGELA,mbun1249,Mbunda
NC.BANTOID.K15_MBUNDA_2,K15_MBUNDA_2,mbun1249,Mbunda
NC.BANTOID.MBUNDA,MBUNDA,mbun1249,Mbunda
NC.BANTOID.L51_SALAMPASU,L51_SALAMPASU,sala1268,Salampasu
NC.BANTOID.LUNDA,LUNDA,lund1266,Lunda
NC.BANTOID.LUNDA_1,LUNDA_1,lund1266,Lunda
NC.BANTOID.LUNDA_2,LUNDA_2,lund1266,Lunda
NC.BANTOID.RUUND,RUUND,ruun1238,Ruund
NC.BANTOID.L21_KETE_KATAMB,L21_KETE_KATAMB,kete1252,Kete
NC.BANTOID.L21_KETE_IPILA,L21_KETE_IPILA,kete1252,Kete
NC.BANTOID.KETE,KETE,kete1252,Kete
NC.BANTOID.UMBUNDU,UMBUNDU,umbu1257,Umbundu
NC.BANTOID.UMBUNDU_2,UMBUNDU_2,umbu1257,Umbundu
NC.BANTOID.KWANGALI,KWANGALI,kwan1273,Kwangali
NC.BANTOID.KWANGALI_2,KWANGALI_2,kwan1273,Kwangali
NC.BANTOID.DCIRIKU,DCIRIKU,diri1252,Diriku-Shambyu
NC.BANTOID.DIRIKU,DIRIKU,diri1252,Diriku-Shambyu
NC.BANTOID.B312_HIMBA,B312_HIMBA,zemb1238,Zemba
NC.BANTOID.HERERO,HERERO,here1253,Herero
NC.BANTOID.HERERO_2,HERERO_2,here1253,Herero
NC.BANTOID.NKHUMBI,NKHUMBI,nkhu1238,Nkhumbi
NC.BANTOID.KWANYAMA_2,KWANYAMA_2,kuan1247,Kuanyama
NC.BANTOID.KWANYAMA,KWANYAMA,kuan1247,Kuanyama
NC.BANTOID.MBALANHU,MBALANHU,mbal1255,Central Wambo
NC.BANTOID.NDONGA_2,NDONGA_2,ndon1254,Ndonga
NC.BANTOID.NDONGA,NDONGA,ndon1254,Ndonga
NC.BANTOID.L62_NKOYA,L62_NKOYA,nkoy1244,Nkoya
NC.BANTOID.NKOYA,NKOYA,nkoy1244,Nkoya
NC.BANTOID.NKOYA_2,NKOYA_2,nkoy1244,Nkoya
NC.BANTOID.KISONGE,KISONGE,song1303,Songe
NC.BANTOID.SONGYE,SONGYE,song1303,Songe
NC.BANTOID.L22_MBAGANI,L22_MBAGANI,song1303,Songe
NC.BANTOID.L221_LWALWA_1,L221_LWALWA_1,lwal1238,Lwalu
NC.BANTOID.L221_LWALWA_2,L221_LWALWA_2,lwal1238,Lwalu
NC.BANTOID.L33_LUBA_SHABA,L33_LUBA_SHABA,luba1250,Luba-Katanga
NC.BANTOID.KILUBA,KILUBA,luba1250,Luba-Katanga
NC.BANTOID.L35_SANGA,L35_SANGA,sang1331,Sanga (Democratic Republic of Congo)
NC.BANTOID.KAONDE,KAONDE,kaon1241,Kaonde
NC.BANTOID.KAONDE_2,KAONDE_2,kaon1241,Kaonde
NC.BANTOID.L32_KANYOK_2,L32_KANYOK_2,kany1247,Kanyok
NC.BANTOID.KANYOK,KANYOK,kany1247,Kanyok
NC.BANTOID.L32_KANYOK_1,L32_KANYOK_1,kany1247,Kanyok
NC.BANTOID.LUBA,LUBA,luba1249,Luba-Lulua
NC.BANTOID.L31a_LUBA_KASAYI,L31a_LUBA_KASAYI,luba1249,Luba-Lulua
NC.BANTOID.KEBWE,KEBWE,bang1350,Bangubangu
NC.BANTOID.HEMBA_BWINYANYEMBA,HEMBA_BWINYANYEMBA,hemb1242,Hemba-Yazi
NC.BANTOID.HEMBA_MAMBWE,HEMBA_MAMBWE,hemb1242,Hemba-Yazi
NC.BANTOID.D27_BANGUBANGU_MUTINGWA,D27_BANGUBANGU_MUTINGWA,bang1350,Bangubangu
NC.BANTOID.BANGUBANGU_KABAMBARE,BANGUBANGU_KABAMBARE,bang1350,Bangubangu
NC.BANTOID.BANGUBANGU,BANGUBANGU,bang1350,Bangubangu
NC.BANTOID.SHIYEYI,SHIYEYI,yeyi1239,Yeyi
NC.BANTOID.MBUMI,MBUMI,luya1241,Luyi
NC.BANTOID.MBOWE,MBOWE,luya1241,Luyi
NC.BANTOID.KWANDI,KWANDI,luya1241,Luyi
NC.BANTOID.LUYANA_1,LUYANA_1,luya1241,Luyi
NC.BANTOID.LUYANA_2,LUYANA_2,luya1241,Luyi
NC.BANTOID.LUYI,LUYI,luya1241,Luyi
NC.BANTOID.KWANGA_1,KWANGA_1,luya1241,Luyi
NC.BANTOID.KWANGA_4,KWANGA_4,luya1241,Luyi
NC.BANTOID.KWANGA_2,KWANGA_2,luya1241,Luyi
NC.BANTOID.KWANGA_3,KWANGA_3,luya1241,Luyi
NC.BANTOID.MASHI_ZAMBIA,MASHI_ZAMBIA,mash1267,Mashi (Zambia)
NC.BANTOID.MBUKUSHU,MBUKUSHU,mbuk1240,Mbukushu
NC.BANTOID.MULONGA_1,MULONGA_1,sima1258,Simaa
NC.BANTOID.MAKOMA,MAKOMA,sima1258,Simaa
NC.BANTOID.MULONGA_2,MULONGA_2,sima1258,Simaa
NC.BANTOID.MWENYI,MWENYI,sima1258,Simaa
NC.BANTOID.NYENGO,NYENGO,sima1258,Simaa
NC.BANTOID.LIUWA,LIUWA,sima1258,Simaa
NC.BANTOID.SIMAA_2,SIMAA_2,sima1258,Simaa
NC.BANTOID.SIMAA_3,SIMAA_3,sima1258,Simaa
NC.BANTOID.SIMAA_1,SIMAA_1,sima1258,Simaa
NC.BANTOID.B42_SANGU_2,B42_SANGU_2,sang1333,Sangu (Gabon)
NC.BANTOID.ISANGU,ISANGU,sang1333,Sangu (Gabon)
NC.BANTOID.SANGU_1,SANGU_1,sang1333,Sangu (Gabon)
NC.BANTOID.B41_SHIRA,B41_SHIRA,sira1266,Sira
NC.BANTOID.GISIRA,GISIRA,sira1266,Sira
NC.BANTOID.B414_VARAMA,B414_VARAMA,bara1362,Barama
NC.BANTOID.SHIRA_BWALI,SHIRA_BWALI,sira1266,Sira
NC.BANTOID.VARAMA,VARAMA,bara1362,Barama
NC.BANTOID.YIPUNU,YIPUNU,punu1239,Punu
NC.BANTOID.PUNU_2,PUNU_2,punu1239,Punu
NC.BANTOID.VUNGU,VUNGU,punu1239,Punu
NC.BANTOID.PUNU_1,PUNU_1,punu1239,Punu
NC.BANTOID.B431_VUNGU,B431_VUNGU,punu1239,Punu
NC.BANTOID.H12_VILI_MAYUMBA,H12_VILI_MAYUMBA,vili1238,Vili
NC.BANTOID.VILI,VILI,vili1238,Vili
NC.BANTOID.IBONGO,IBONGO,bwis1242,Bwisi
NC.BANTOID.BWISI,BWISI,bwis1242,Bwisi
NC.BANTOID.LUMBU_1,LUMBU_1,lumb1249,Lumbu
NC.BANTOID.B44_LUMBU_YI_BANDA,B44_LUMBU_YI_BANDA,lumb1249,Lumbu
NC.BANTOID.LUMBU_2,LUMBU_2,lumb1249,Lumbu
NC.BANTOID.LUMBU_YI_TANDU,LUMBU_YI_TANDU,lumb1249,Lumbu
NC.BANTOID.BEEMBE,BEEMBE,beem1239,Beembe
NC.BANTOID.BEMBE,BEMBE,beem1239,Beembe
NC.BANTOID.BEMBE_2,BEMBE_2,beem1239,Beembe
NC.BANTOID.BEMBE_3,BEMBE_3,beem1239,Beembe
NC.BANTOID.YAKA,YAKA,yaka1269,Yaka-Pelende-Lonzo
NC.BANTOID.SUKU,SUKU,suku1259,Suku
NC.BANTOID.YAKA_SUD,YAKA_SUD,yaka1269,Yaka-Pelende-Lonzo
NC.BANTOID.YAKA_yaf,YAKA_yaf,yaka1269,Yaka-Pelende-Lonzo
NC.BANTOID.YAKA_2,YAKA_2,yaka1269,Yaka-Pelende-Lonzo
NC.BANTOID.YAKA_PELENDE,YAKA_PELENDE,yaka1269,Yaka-Pelende-Lonzo
NC.BANTOID.H42_HUNGANA_2,H42_HUNGANA_2,hung1278,Hungan
NC.BANTOID.H42_HUNGANA_3,H42_HUNGANA_3,hung1278,Hungan
NC.BANTOID.HUNGANA,HUNGANA,hung1278,Hungan
NC.BANTOID.H42_HUNGANA_1,H42_HUNGANA_1,hung1278,Hungan
NC.BANTOID.H42_HUNGANA_4,H42_HUNGANA_4,hung1278,Hungan
NC.BANTOID.KUNYI,KUNYI,kuny1238,Kunyi
NC.BANTOID.LAADI,LAADI,laar1238,Laari
NC.BANTOID.HANGALA,HANGALA,laar1238,Laari
NC.BANTOID.LAADI_1,LAADI_1,laar1238,Laari
NC.BANTOID.LAADI_2,LAADI_2,laar1238,Laari
NC.BANTOID.KONGO_SAN_SALVADOR,KONGO_SAN_SALVADOR,sans1272,San Salvador Kongo
NC.BANTOID.KONGO_SAN_SALVADOR_2,KONGO_SAN_SALVADOR_2,sans1272,San Salvador Kongo
NC.BANTOID.KONGO_MBOMA,KONGO_MBOMA,koon1244,South-Central Koongo
NC.BANTOID.KOONGO,KOONGO,koon1244,South-Central Koongo
NC.BANTOID.H166_KONGO_MANYANGA,H166_KONGO_MANYANGA,koon1244,South-Central Koongo
NC.BANTOID.ZOOMBO_2,ZOOMBO_2,koon1244,South-Central Koongo
NC.BANTOID.ZOOMBO_4,ZOOMBO_4,koon1244,South-Central Koongo
NC.BANTOID.ZOOMBO_1,ZOOMBO_1,koon1244,South-Central Koongo
NC.BANTOID.ZOOMBO_3,ZOOMBO_3,koon1244,South-Central Koongo
NC.BANTOID.NZADI_1,NZADI_1,nzad1234,Nzadi
NC.BANTOID.NZADI_2,NZADI_2,nzad1234,Nzadi
NC.BANTOID.DZING_B,DZING_B,ding1239,Ding
NC.BANTOID.B86_DZING_BISEY,B86_DZING_BISEY,ding1239,Ding
NC.BANTOID.DZING_A,DZING_A,ding1239,Ding
NC.BANTOID.DZING_SEDZO,DZING_SEDZO,ding1239,Ding
NC.BANTOID.DING,DING,ding1239,Ding
NC.BANTOID.DZING_KAANTSA,DZING_KAANTSA,ding1239,Ding
NC.BANTOID.TSAMBAAN_YANZ,TSAMBAAN_YANZ,yans1239,Yansi
NC.BANTOID.YANZ_KIBONGO,YANZ_KIBONGO,yans1239,Yansi
NC.BANTOID.MPUT_1,MPUT_1,yans1239,Yansi
NC.BANTOID.MPUT_2,MPUT_2,yans1239,Yansi
NC.BANTOID.MPUT_3,MPUT_3,yans1239,Yansi
NC.BANTOID.YANZ_2,YANZ_2,yans1239,Yansi
NC.BANTOID.YANZ_KUMAKUMA,YANZ_KUMAKUMA,yans1239,Yansi
NC.BANTOID.YANZ_1,YANZ_1,yans1239,Yansi
NC.BANTOID.YANZ_3,YANZ_3,yans1239,Yansi
NC.BANTOID.YANZ_KIYEY,YANZ_KIYEY,yans1239,Yansi
NC.BANTOID.MFINU_KIFULUNGA,MFINU_KIFULUNGA,mfin1238,Mfinu
NC.BANTOID.MPUONO,MPUONO,mpuo1241,Mbuun
NC.BANTOID.MFINU,MFINU,mfin1238,Mfinu
NC.BANTOID.B87_MBUUN_LABAEMPI,B87_MBUUN_LABAEMPI,mpuo1241,Mbuun
NC.BANTOID.B87_MBUUN_MWILANBONG,B87_MBUUN_MWILANBONG,mpuo1241,Mbuun
NC.BANTOID.MBUUN,MBUUN,mpuo1241,Mbuun
NC.BANTOID.B871_MPIIN_2,B871_MPIIN_2,mpuo1241,Mbuun
NC.BANTOID.MPIIN_1,MPIIN_1,mpuo1241,Mbuun
NC.BANTOID.B85d_TSONG,B85d_TSONG,song1299,Nsong-Mpiin
NC.BANTOID.NSONGO,NSONGO,song1299,Nsong-Mpiin
NC.BANTOID.NGONGO_1,NGONGO_1,ngon1267,Ngongo
NC.BANTOID.NGONGO_2,NGONGO_2,ngon1267,Ngongo
NC.BANTOID.BOMA_NORD_PLATEAUX_CONGO,BOMA_NORD_PLATEAUX_CONGO,boma1246,Boma Yumu
NC.BANTOID.TIENE_2,TIENE_2,tien1242,Tiene
NC.BANTOID.BOMA_NORD_SAIO,BOMA_NORD_SAIO,boma1246,Boma Yumu
NC.BANTOID.TIENE_3,TIENE_3,tien1242,Tiene
NC.BANTOID.TIENE,TIENE,tien1242,Tiene
NC.BANTOID.TIENE_1,TIENE_1,tien1242,Tiene
NC.BANTOID.KEMPEE,KEMPEE,boma1246,Boma Yumu
NC.BANTOID.BOMA_NORD,BOMA_NORD,boma1246,Boma Yumu
NC.BANTOID.BOMA_NORD_EKEMWA,BOMA_NORD_EKEMWA,boma1246,Boma Yumu
NC.BANTOID.BOMA,BOMA,boma1246,Boma Yumu
NC.BANTOID.DUMA_2,DUMA_2,duma1253,Duma
NC.BANTOID.DUMA,DUMA,duma1253,Duma
NC.BANTOID.TSAANGI,TSAANGI,tsaa1242,Tsaangi
NC.BANTOID.NDJABI,NDJABI,njeb1242,Njebi
NC.BANTOID.NZEBI_1,NZEBI_1,njeb1242,Njebi
NC.BANTOID.NZEBI_2,NZEBI_2,njeb1242,Njebi
NC.BANTOID.LAALI_TEKE_1,LAALI_TEKE_1,teke1277,Teke-Laali
NC.BANTOID.IYAA,IYAA,yaka1274,Yaka (Congo)
NC.BANTOID.LAALI_TEKE_2,LAALI_TEKE_2,teke1277,Teke-Laali
NC.BANTOID.TEKE,TEKE,ibal1241,Kwa South
NC.BANTOID.TEKE_EST,TEKE_EST,ibal1241,Kwa South
NC.BANTOID.TEKE_NTYO_1,TEKE_NTYO_1,ibal1241,Kwa South
NC.BANTOID.TEGE_EWO,TEGE_EWO,teke1278,Teke-Eboo-Nzikou
NC.BANTOID.TEKE_NTYO_2,TEKE_NTYO_2,ibal1241,Kwa South
NC.BANTOID.SIENE,SIENE,ibal1241,Kwa South
NC.BANTOID.NGUNGWEL,NGUNGWEL,ngun1272,Ngungwel
NC.BANTOID.TEKE_NTYO_3,TEKE_NTYO_3,ibal1241,Kwa South
NC.BANTOID.IWUM_WUUMBU_1,IWUM_WUUMBU_1,teke1274,Teke-Fuumu
NC.BANTOID.IWUM_WUUMBU_2,IWUM_WUUMBU_2,teke1274,Teke-Fuumu
NC.BANTOID.B78_IWUM_WUUMBU_SUD_TEKE,B78_IWUM_WUUMBU_SUD_TEKE,teke1274,Teke-Fuumu
NC.BANTOID.RUUMBU_KIMWAANSA,RUUMBU_KIMWAANSA,teke1274,Teke-Fuumu
NC.BANTOID.FUMU_1,FUMU_1,teke1274,Teke-Fuumu
NC.BANTOID.TEKE_KOMONO,TEKE_KOMONO,teke1274,Teke-Fuumu
NC.BANTOID.FUMU_2,FUMU_2,teke1274,Teke-Fuumu
NC.BANTOID.B77a_KUKUYA_1,B77a_KUKUYA_1,teke1280,Teke-Kukuya
NC.BANTOID.B77a_KUKUYA_2,B77a_KUKUYA_2,teke1280,Teke-Kukuya
NC.BANTOID.TEE_TEKE_KALE,TEE_TEKE_KALE,teke1274,Teke-Fuumu
NC.BANTOID.B70_TEKE_OMVULA,B70_TEKE_OMVULA,teke1274,Teke-Fuumu
NC.BANTOID.TEKE_BOUNDJI,TEKE_BOUNDJI,teke1274,Teke-Fuumu
NC.BANTOID.NDUMU_2,NDUMU_2,ndum1239,Ndumu
NC.BANTOID.B63_NDUUMO_KUYA,B63_NDUUMO_KUYA,ndum1239,Ndumu
NC.BANTOID.NDUMU,NDUMU,ndum1239,Ndumu
NC.BANTOID.KANINGI,KANINGI,kani1279,Kaningi
NC.BANTOID.NDUUMO,NDUUMO,ndum1239,Ndumu
NC.BANTOID.NGWI_MATEKO_KINGOLI,NGWI_MATEKO_KINGOLI,ngul1247,Ngwii
NC.BANTOID.MBEDE,MBEDE,mber1257,Mbere-Mbamba
NC.BANTOID.MBEDE_2,MBEDE_2,mber1257,Mbere-Mbamba
NC.BANTOID.MBAMBA_2,MBAMBA_2,omba1241,Ombamba-Congo
NC.BANTOID.OMBAMBA,OMBAMBA,omba1241,Ombamba-Congo
NC.BANTOID.MBAMBA_LIWEME,MBAMBA_LIWEME,omba1241,Ombamba-Congo
NC.BANTOID.MBAMBA_1,MBAMBA_1,omba1241,Ombamba-Congo
NC.BANTOID.MBAMBA_SIBITI,MBAMBA_SIBITI,omba1241,Ombamba-Congo
NC.BANTOID.NKOMO_OLOLI,NKOMO_OLOLI,mber1257,Mbere-Mbamba
NC.BANTOID.OBAA,OBAA,mber1257,Mbere-Mbamba
NC.BANTOID.OYUOMI_TCHERRE,OYUOMI_TCHERRE,mber1257,Mbere-Mbamba
NC.BANTOID.OYUOMI_MBAMA,OYUOMI_MBAMA,mber1257,Mbere-Mbamba
NC.BANTOID.YABA_MBETI,YABA_MBETI,mber1257,Mbere-Mbamba
NC.BANTOID.OBELI,OBELI,mber1257,Mbere-Mbamba
NC.BANTOID.OYABI,OYABI,mber1257,Mbere-Mbamba
NC.BANTOID.NTSIAMI,NTSIAMI,mber1257,Mbere-Mbamba
NC.BANTOID.NDOUBA,NDOUBA,mber1257,Mbere-Mbamba
NC.BANTOID.NKOMO_KELLE,NKOMO_KELLE,mber1257,Mbere-Mbamba
NC.BANTOID.AKWA,AKWA,akwa1248,Akwa
NC.BANTOID.C24_KOYO_ZWE,C24_KOYO_ZWE,koyo1242,Koyo
NC.BANTOID.KOYO_EHAMBE_MAKUA,KOYO_EHAMBE_MAKUA,koyo1242,Koyo
NC.BANTOID.MBOSHI,MBOSHI,mbos1242,Mbosi
NC.BANTOID.MBOSHI_OLEE,MBOSHI_OLEE,mbos1242,Mbosi
NC.BANTOID.MBOSHI_BUNJI,MBOSHI_BUNJI,mbos1242,Mbosi
NC.BANTOID.MBOSHI_NGOLO,MBOSHI_NGOLO,mbos1242,Mbosi
NC.BANTOID.ITANGA_BOMITABA,ITANGA_BOMITABA,bomi1238,Bomitaba
NC.BANTOID.BABOLE_DZEKE,BABOLE_DZEKE,dibo1245,Dibole
NC.BANTOID.BABOLE_IMPFONDO,BABOLE_IMPFONDO,dibo1245,Dibole
NC.BANTOID.MOUNDA_DIBOLE,MOUNDA_DIBOLE,dibo1245,Dibole
NC.BANTOID.DZEKE_DIBOLE,DZEKE_DIBOLE,dibo1245,Dibole
NC.BANTOID.KINAMI_DIBOLE,KINAMI_DIBOLE,dibo1245,Dibole
NC.BANTOID.BOTONGO_DIBOLE,BOTONGO_DIBOLE,dibo1245,Dibole
NC.BANTOID.EDZAMA_DIBOLE,EDZAMA_DIBOLE,dibo1245,Dibole
NC.BANTOID.NGONDI,NGONDI,ngun1270,Ngundi
NC.BANTOID.YAKA_axk,YAKA_axk,yaka1272,Yaka (Central African Republic)
NC.BANTOID.ISONGO,ISONGO,mbat1248,Mbati
NC.BANTOID.BOGONGO,BOGONGO,pand1264,Pande
NC.BANTOID.PANDE,PANDE,pand1264,Pande
NC.BANTOID.C10_GANDO,C10_GANDO,ngan1304,Ngando (Central African Republic)
NC.BANTOID.BONGILI_2,BONGILI_2,bong1284,Bongili
NC.BANTOID.BONGILI_1,BONGILI_1,bong1284,Bongili
NC.BANTOID.BAMBOMBA_EPENA,BAMBOMBA_EPENA,bomi1238,Bomitaba
NC.BANTOID.LEKE,LEKE,bomi1238,Bomitaba
NC.BANTOID.BOLEKE_BOMITABA,BOLEKE_BOMITABA,bomi1238,Bomitaba
NC.BANTOID.EPENA_BOMITABA,EPENA_BOMITABA,bomi1238,Bomitaba
NC.BANTOID.BOSSELA_BOMITABA,BOSSELA_BOMITABA,bomi1238,Bomitaba
NC.BANTOID.IBOLO_BAMBOMBA_BOMITABA,IBOLO_BAMBOMBA_BOMITABA,bomi1238,Bomitaba
NC.BANTOID.KOUNDOUMOU_BAMBOMBA_BOMITABA,KOUNDOUMOU_BAMBOMBA_BOMITABA,bomi1238,Bomitaba
NC.BANTOID.MOKENGUI_BOMITABA,MOKENGUI_BOMITABA,bomi1238,Bomitaba
NC.BANTOID.LIOUESSO_BOMITABA,LIOUESSO_BOMITABA,bomi1238,Bomitaba
NC.BANTOID.BOTALA_BOMITABA,BOTALA_BOMITABA,bomi1238,Bomitaba
NC.BANTOID.KANIO_BOMITABA,KANIO_BOMITABA,bomi1238,Bomitaba
NC.BANTOID.BONDEKO_BOMITABA,BONDEKO_BOMITABA,bomi1238,Bomitaba
NC.BANTOID.BENE_BOMITABA,BENE_BOMITABA,bomi1238,Bomitaba
NC.BANTOID.MATOKO_BOMITABA,MATOKO_BOMITABA,bomi1238,Bomitaba
NC.BANTOID.MBANZA_BOMITABA,MBANZA_BOMITABA,bomi1238,Bomitaba
NC.BANTOID.MBOUA_BOMITABA,MBOUA_BOMITABA,bomi1238,Bomitaba
NC.BANTOID.TOUKOULAKA_BOMITABA,TOUKOULAKA_BOMITABA,bomi1238,Bomitaba
NC.BANTOID.MBESA,MBESA,mbes1238,Mbesa
NC.BANTOID.ESO_YALEMBA,ESO_YALEMBA,sode1235,So (Democratic Republic of Congo)
NC.BANTOID.LOKELE_ISANGI,LOKELE_ISANGI,kele1255,Kele-Foma
NC.BANTOID.LOKELE_YAWEMBE,LOKELE_YAWEMBE,kele1255,Kele-Foma
NC.BANTOID.LOKELE_YEPOLOMA,LOKELE_YEPOLOMA,kele1255,Kele-Foma
NC.BANTOID.LOKELE_YALEMBA,LOKELE_YALEMBA,kele1255,Kele-Foma
NC.BANTOID.ELEKU_BONGINDA,ELEKU_BONGINDA,luse1252,Lusengo
NC.BANTOID.ELEKU_IBENGE,ELEKU_IBENGE,luse1252,Lusengo
NC.BANTOID.BUJA,BUJA,budz1238,Budza
NC.BANTOID.BUJA_BUMBA_YAMOLOTO,BUJA_BUMBA_YAMOLOTO,budz1238,Budza
NC.BANTOID.BUJA_MONOGO_BUMBA,BUJA_MONOGO_BUMBA,budz1238,Budza
NC.BANTOID.EGBUTA,EGBUTA,budz1238,Budza
NC.BANTOID.BOMBOMA,BOMBOMA,bomb1262,Bomboma
NC.BANTOID.LIBOBI,LIBOBI,bamw1238,Bamwe
NC.BANTOID.LIFONGA,LIFONGA,bamw1238,Bamwe
NC.BANTOID.NGOMBE_LIKULA,NGOMBE_LIKULA,ngom1268,Ngombe (Democratic Republic of Congo)
NC.BANTOID.NGOMBE,NGOMBE,ngom1268,Ngombe (Democratic Republic of Congo)
NC.BANTOID.DOKO,DOKO,ngom1268,Ngombe (Democratic Republic of Congo)
NC.BANTOID.LINGOMBE,LINGOMBE,ngom1268,Ngombe (Democratic Republic of Congo)
NC.BANTOID.LOBALA_LILOKA,LOBALA_LILOKA,loba1239,Lobala
NC.BANTOID.LIKOKA,LIKOKA,loba1239,Lobala
NC.BANTOID.LOBALA,LOBALA,loba1239,Lobala
NC.BANTOID.MABALE,MABALE,maba1270,Mabaale
NC.BANTOID.C36e_BOLOKI_NGIRI,C36e_BOLOKI_NGIRI,bolo1262,Boloki
NC.BANTOID.LIBINZA,LIBINZA,libi1244,Libinza
NC.BANTOID.KUCU_WELA_ANKUTCU,KUCU_WELA_ANKUTCU,nkut1238,Nkutu
NC.BANTOID.ZAMBA_2,ZAMBA_2,balo1261,Loi-Likila
NC.BANTOID.ZAMBA,ZAMBA,balo1261,Loi-Likila
NC.BANTOID.BOBANGI,BOBANGI,bang1354,Bobangi
NC.BANTOID.ZAMBA_BAMONGO,ZAMBA_BAMONGO,bang1354,Bobangi
NC.BANTOID.ZAMBA_3,ZAMBA_3,bang1354,Bobangi
NC.BANTOID.C36d_LINGALA_2,C36d_LINGALA_2,ling1263,Kinshasa Lingala
NC.BANTOID.BANGALA,BANGALA,bang1353,Bangala
NC.BANTOID.LINGALA_2,LINGALA_2,ling1263,Kinshasa Lingala
NC.BANTOID.LINGALA,LINGALA,ling1263,Kinshasa Lingala
NC.BANTOID.SENGELE_MBELO,SENGELE_MBELO,seng1278,Sengele
NC.BANTOID.NTOMBA_INONGO,NTOMBA_INONGO,ntom1248,Ntomba
NC.BANTOID.LONTOMBA,LONTOMBA,ntom1248,Ntomba
NC.BANTOID.NTOMBA_NJALE,NTOMBA_NJALE,ntom1248,Ntomba
NC.BANTOID.NTOMBA,NTOMBA,ntom1248,Ntomba
NC.BANTOID.NTOMBA_DE_BIKORO,NTOMBA_DE_BIKORO,ntom1248,Ntomba
NC.BANTOID.NTOMBA_2,NTOMBA_2,ntom1248,Ntomba
NC.BANTOID.BOLIA_NSAO,BOLIA_NSAO,boli1255,Bolia
NC.BANTOID.BOLIA,BOLIA,boli1255,Bolia
NC.BANTOID.BOLIA_BANDUNDU,BOLIA_BANDUNDU,boli1255,Bolia
NC.BANTOID.LAMBA_MBOLE_BALANGA,LAMBA_MBOLE_BALANGA,mbol1247,Mbole
NC.BANTOID.LANGA_MBOLE_BAMBULI,LANGA_MBOLE_BAMBULI,mbol1247,Mbole
NC.BANTOID.MONGO_LOSAKANI_NTOMBA,MONGO_LOSAKANI_NTOMBA,mong1338,Mongo
NC.BANTOID.KONDA_TWELIA,KONDA_TWELIA,mong1338,Mongo
NC.BANTOID.MONGO_OPALA,MONGO_OPALA,mong1338,Mongo
NC.BANTOID.LOMONGO,LOMONGO,mong1338,Mongo
NC.BANTOID.MONGO,MONGO,mong1338,Mongo
NC.BANTOID.C81_DENGESE,C81_DENGESE,deng1250,Dengese
NC.BANTOID.OMBO,OMBO,ombo1238,Ombo
NC.BANTOID.KUSU_MATAPA,KUSU_MATAPA,kusu1252,Kusu
NC.BANTOID.KUSU,KUSU,kusu1252,Kusu
NC.BANTOID.TETELA_YYONDO,TETELA_YYONDO,tete1250,Tetela
NC.BANTOID.TETELA,TETELA,tete1250,Tetela
NC.BANTOID.C80_MBINGI,C80_MBINGI,bush1247,Bushoong
NC.BANTOID.C80_SHUWA,C80_SHUWA,bush1247,Bushoong
NC.BANTOID.LWEL_KILORI_3,LWEL_KILORI_3,lele1265,Lele (Democratic Republic of Congo)
NC.BANTOID.LWEL_KILORI,LWEL_KILORI,lele1265,Lele (Democratic Republic of Congo)
NC.BANTOID.LWEL_KILORI_2,LWEL_KILORI_2,lele1265,Lele (Democratic Republic of Congo)
NC.BANTOID.C831_ILEBO,C831_ILEBO,bush1247,Bushoong
NC.BANTOID.BUSHONG_1,BUSHONG_1,bush1247,Bushoong
NC.BANTOID.BUSHONG_2,BUSHONG_2,bush1247,Bushoong
NC.BANTOID.BUSHOONG,BUSHOONG,bush1247,Bushoong
NC.BANTOID.WONGO_2,WONGO_2,wong1247,Wongo
NC.BANTOID.WONGO_1,WONGO_1,wong1247,Wongo
NC.BANTOID.C84_LELE_LUHILEEL_3,C84_LELE_LUHILEEL_3,lele1265,Lele (Democratic Republic of Congo)
NC.BANTOID.C84_LELE_LUHILEEL_2,C84_LELE_LUHILEEL_2,lele1265,Lele (Democratic Republic of Congo)
NC.BANTOID.C84_LELE_LUHILEEL_4,C84_LELE_LUHILEEL_4,lele1265,Lele (Democratic Republic of Congo)
NC.BANTOID.SAKATA_KIBAI,SAKATA_KIBAI,saka1287,Sakata
NC.BANTOID.SAKATA_KUTU,SAKATA_KUTU,saka1287,Sakata
NC.BANTOID.SAKATA,SAKATA,saka1287,Sakata
NC.BANTOID.KESAA_SAKATA,KESAA_SAKATA,saka1287,Sakata
NC.BANTOID.SAKATA_KESHA,SAKATA_KESHA,saka1287,Sakata
NC.BANTOID.NDUMA,NDUMA,saka1287,Sakata
NC.BANTOID.SANY,SANY,saka1287,Sakata
NC.BANTOID.NDWAMA,NDWAMA,saka1287,Sakata
NC.BANTOID.MBOMFOLI,MBOMFOLI,saka1287,Sakata
NC.BANTOID.MAZOO,MAZOO,saka1287,Sakata
NC.BANTOID.NSEKSHAA,NSEKSHAA,saka1287,Sakata
NC.BANTOID.NTELERE,NTELERE,saka1287,Sakata
NC.BANTOID.NSEJIME,NSEJIME,saka1287,Sakata
NC.BANTOID.NSEJAU,NSEJAU,saka1287,Sakata
NC.BANTOID.NSEMOHBI,NSEMOHBI,saka1287,Sakata
NC.BANTOID.MBUMBUU,MBUMBUU,saka1287,Sakata
NC.BANTOID.MASHYOO,MASHYOO,saka1287,Sakata
NC.BANTOID.MBOMPIYA,MBOMPIYA,saka1287,Sakata
NC.BANTOID.NSONTENY,NSONTENY,saka1287,Sakata
NC.BANTOID.LEBAA,LEBAA,saka1287,Sakata
NC.BANTOID.MPE,MPE,saka1287,Sakata
NC.BANTOID.NSELEMBILI,NSELEMBILI,saka1287,Sakata
NC.BANTOID.KELAU,KELAU,saka1287,Sakata
NC.BANTOID.IBEE,IBEE,saka1287,Sakata
