glottolog_name,Glottocode,asjp_id,tip_name
,,BUNA,Tor.MARIENBERG.BUNA
,,KAKARA_BUNA,Tor.MARIENBERG.KAKARA_BUNA
Bungain,bung1270,BUNGAIN,Tor.MARIENBERG.BUNGAIN
Wiarumus,wiar1238,MANDI_PAPUANG,Tor.MARIENBERG.MANDI_PAPUANG
Juwal,juwa1238,MUNIWARA,Tor.MARIENBERG.MUNIWARA
Urimo,urim1251,URIMO,Tor.MARIENBERG.URIMO
Kamasau,kama1367,PARUWA,Tor.MARIENBERG.PARUWA
Kamasau,kama1367,KENYARI,Tor.MARIENBERG.KENYARI
Kamasau,kama1367,YIBAB,Tor.MARIENBERG.YIBAB
Elepi,elep1240,SAMAP,Tor.MARIENBERG.SAMAP
Kamasau,kama1367,WANDOMI,Tor.MARIENBERG.WANDOMI
Kamasau,kama1367,KAMASAU,Tor.MARIENBERG.KAMASAU
Kamasau,kama1367,WAU,Tor.MARIENBERG.WAU
Kamasau,kama1367,KAMASAU_2,Tor.MARIENBERG.KAMASAU_2
Kamasau,kama1367,TRING_PNG,Tor.MARIENBERG.TRING_PNG
Seta,seta1245,SETA,Tor.WEST_WAPEI.SETA
Seti,seti1248,SETI,Tor.WEST_WAPEI.SETI
Molmo One,molm1235,MOLMO_ONE,Tor.WEST_WAPEI.MOLMO_ONE
Inebu One,ineb1235,ONE_INEBU,Tor.WEST_WAPEI.ONE_INEBU
Beli (Papua New Guinea),beli1258,BELI,Tor.MAIMAI.BELI
Yil,yill1241,YIL,Tor.WAPEI_PALEI.YIL
Ningil,ning1273,NINGIL,Tor.WAPEI_PALEI.NINGIL
Yil,yill1241,YIR,Tor.WAPEI_PALEI.YIR
,,DIA,Tor.WAPEI_PALEI.DIA
Galu,sina1269,GALU,Tor.WAPEI_PALEI.GALU
Galu,sina1269,SINAGEN,Tor.WAPEI_PALEI.SINAGEN
Yau (Sandaun Province),yaus1235,YAU,Tor.WAPEI_PALEI.YAU
,,YIS,Tor.WAPEI_PALEI.YIS
Au,auuu1241,AU,Tor.WAPEI_PALEI.AU
Elkei,elke1240,ELKEI,Tor.WAPEI_PALEI.ELKEI
Olo,oloo1241,OLO_ERETEI,Tor.WAPEI_PALEI.OLO_ERETEI
Olo,oloo1241,OLO_LUMI,Tor.WAPEI_PALEI.OLO_LUMI
Olo,oloo1241,OLO_YEBIL,Tor.WAPEI_PALEI.OLO_YEBIL
Siliput,sili1247,SELEPUT,Tor.MAIMAI.SELEPUT
Yahang,yaha1247,YAHANG,Tor.MAIMAI.YAHANG
Heyo,heyo1240,HEYO_2,Tor.MAIMAI.HEYO_2
Heyo,heyo1240,HEYO,Tor.MAIMAI.HEYO
Minidien,mini1253,WIAKI,Tor.WAPEI_PALEI.WIAKI
Wom (Papua New Guinea),womp1235,WAM,Tor.KOMBIO_ARAPESH.WAM
,,WOM,Tor.KOMBIO_ARAPESH.WOM
,,URAT,Tor.WAPEI_PALEI.URAT
Bukiyip,buki1249,ARAPESH,Tor.KOMBIO_ARAPESH.ARAPESH
Abu' Arapesh,abua1245,ABU_ARAPESH,Tor.KOMBIO_ARAPESH.ABU_ARAPESH
Bukiyip,buki1249,BUKIYIP,Tor.KOMBIO_ARAPESH.BUKIYIP
,,YAMBES,Tor.KOMBIO_ARAPESH.YAMBES
Yambes,yamb1254,YAMPES,Tor.KOMBIO_ARAPESH.YAMPES
Kombio,komb1272,KOMBIO,Tor.KOMBIO_ARAPESH.KOMBIO
Eitiep,eiti1240,EITIEP,Tor.KOMBIO_ARAPESH.EITIEP
Aro-Mukweym-Orok,torr1259,ARO,Tor.KOMBIO_ARAPESH.ARO
Aro-Mukweym-Orok,torr1259,TORRICELLI,Tor.KOMBIO_ARAPESH.TORRICELLI
Urim,urim1252,KUKWO,Tor.URIM.KUKWO
Walman,valm1241,WALMAN_CHINAPELI,Tor.WAPEI_PALEI.WALMAN_CHINAPELI
Walman,valm1241,WALMAN,Tor.WAPEI_PALEI.WALMAN
Agi,agii1245,AGI_AGEI,Tor.WAPEI_PALEI.AGI_AGEI
Agi,agii1245,AGI_YOLPA,Tor.WAPEI_PALEI.AGI_YOLPA
Yeri,yapu1240,YERI,Tor.WAPEI_PALEI.YERI
Nabi-Metan,nabi1239,NABI,Tor.WAPEI_PALEI.NABI
Wanap,wana1268,WANAP,Tor.WAPEI_PALEI.WANAP
Yangum Mon,yang1296,AIKU,Tor.WAPEI_PALEI.AIKU
Yangum Dey,yang1297,YANGUM_DEY,Tor.WAPEI_PALEI.YANGUM_DEY
,,AMOL,Tor.WAPEI_PALEI.AMOL
Bragat,brag1240,BRAGAT,Tor.WAPEI_PALEI.BRAGAT
Srenge,aruo1240,SRENGE,Tor.WAPEI_PALEI.SRENGE
Tiwi,tiwi1244,TIWI,Aus.TIWIAN.TIWI
Tagoi,tago1246,ORIG,Krd.RASHAD.ORIG
,,TAGOI,Krd.RASHAD.TAGOI
Qaqet,qaqe1238,QAQET,BT.BAINING.QAQET
Mali,mali1284,MALI,BT.BAINING.MALI
Ura (Papua New Guinea),urap1240,URA_PNG,BT.BAINING.URA_PNG
Dem,demm1245,DEM_2,TNG.DEM.DEM_2
Kyenele,kyen1243,KYAIMBARANG,Yua.YUAT.KYAIMBARANG
Kyenele,kyen1243,MIYAK,Yua.YUAT.MIYAK
Taulil,taul1251,TAULIL,BT.TAULIL.TAULIL
Southern-Coastal Tsimshian,nucl1649,COAST_TSIMSHIAN,Pen.TSIMSHIANIC.COAST_TSIMSHIAN
Gitxsan,gitx1241,GITXSAN,Pen.TSIMSHIANIC.GITXSAN
Kungarakany,kung1259,KUNKARAKANY,Aus.GUNWINYGIC.KUNKARAKANY
Murriny Patha,murr1258,MURRINH_PATHA_1,Aus.MURRINH_PATHA.MURRINH_PATHA_1
Murriny Patha,murr1258,MURRINH_PATHA_2,Aus.MURRINH_PATHA.MURRINH_PATHA_2
Nangikurrunggurr,nang1259,NGANGIKURRUNGGURR,Aus.SOUTHERN_DALY.NGANGIKURRUNGGURR
Nangikurrunggurr,nang1259,NGENGOMERI,Aus.SOUTHERN_DALY.NGENGOMERI
,,WADJIGINY,Aus.ANSON_BAY.WADJIGINY
Wadjiginy,wadj1254,PUNGUPUNGU,Aus.ANSON_BAY.PUNGUPUNGU
,,WADYGINY,Aus.ANSON_BAY.WADYGINY
Mullukmulluk,mull1237,MULLUKMULLUK,Aus.NORTHERN_DALY.MULLUKMULLUK
Tyaraity,tyar1236,TYARAITY,Aus.NORTHERN_DALY.TYARAITY
Madngele,madn1237,MATNGALA,Aus.EASTERN_DALY.MATNGALA
Kamu,kamu1258,KAMOR,Aus.EASTERN_DALY.KAMOR
Madngele,madn1237,YUNGGOR,Aus.EASTERN_DALY.YUNGGOR
Maranunggu,mara1386,MARANUNGGU,Aus.WESTERN_DALY.MARANUNGGU
Ami,amii1238,AMI,Aus.WESTERN_DALY.AMI
Manda (Australia),mand1416,MANDA,Aus.WESTERN_DALY.MANDA
Marimanindji,mari1417,MARAMANADJI,Aus.WESTERN_DALY.MARAMANADJI
Maringarr,mari1419,MARENGAR,Aus.WESTERN_DALY.MARENGAR
Maridan,mari1422,MARIDAN,Aus.WESTERN_DALY.MARIDAN
Marithiel,mari1424,MARITHIEL,Aus.WESTERN_DALY.MARITHIEL
Maridjabin,mari1421,MARITYABEN,Aus.WESTERN_DALY.MARITYABEN
Marriammu,marr1256,MARRIAMMU,Aus.WESTERN_DALY.MARRIAMMU
Mangerr,mang1382,MANGERR,Aus.GIIMBIYU.MANGERR
Erre,erre1238,ERRE,Aus.GIIMBIYU.ERRE
Urningangg,urni1239,URNINGANGG,Aus.GIIMBIYU.URNINGANGG
Margu,marg1251,MARGU,Aus.IWAIDJAN.MARGU
Mawng,maun1240,MAWNG,Aus.IWAIDJAN.MAWNG
Amurdak,amar1271,AMURDAK,Aus.IWAIDJAN.AMURDAK
Iwaidja,iwai1244,IWAIDJA,Aus.IWAIDJAN.IWAIDJA
Gaagudju,gaga1251,GAAGUDJU,Aus.GAAGUDJU.GAAGUDJU
Ganggalida,gang1267,GANGULIDA,Aus.TANGKIC.GANGULIDA
Ganggalida,gang1267,GANGGALIDA,Aus.TANGKIC.GANGGALIDA
Kayardild,kaya1319,KAYARDILD,Aus.TANGKIC.KAYARDILD
Kwini,kwin1241,GUNIN_KWINI,Aus.WORORAN.GUNIN_KWINI
Wunambal,wuna1249,WUNAMBAL,Aus.WORORAN.WUNAMBAL
Ngarinyin,ngar1284,NGARINYIN,Aus.WORORAN.NGARINYIN
Unggumi,ungg1243,UNGGUMI,Aus.WORORAN.UNGGUMI
Bunaba,buna1275,BUNABA,Aus.BUNUBAN.BUNABA
Gooniyandi,goon1238,GOONIYANDI,Aus.BUNUBAN.GOONIYANDI
Kitja,kitj1240,KITJA,Aus.DJERAGAN.KITJA
Miriwung,miri1266,MIRIWUNG,Aus.DJERAGAN.MIRIWUNG
Mangarrayi,mang1381,MANGARAYI,Aus.MANGARRAYI.MANGARAYI
Marra,mara1385,MARA,Aus.MARAN.MARA
Alawa,alaw1244,ALAWA,Aus.MARAN.ALAWA
Wandarang,wand1263,WANDARANG,Aus.MARAN.WANDARANG
Bardi,bard1255,BARDI,Aus.NYULNYULAN.BARDI
Yawuru,yawu1244,YAWURU,Aus.NYULNYULAN.YAWURU
Umbugarla,umbu1235,UMBUGARLA,Aus.UMBUGARLA_NGUMBUR.UMBUGARLA
Laragia,lara1258,LARRAKIA,Aus.LARAGIYAN.LARRAKIA
Limilngan,nucl1327,LIMILNGAN,Aus.LIMILNGAN.LIMILNGAN
Garrwa,gara1269,GARAWA,Aus.GARRWAN.GARAWA
Wageman,wage1238,WAGIMAN,Aus.WAGIMAN.WAGIMAN
Wardaman,ward1246,WARDAMAN,Aus.YANGMANIC.WARDAMAN
Yangman,yang1288,YANGMAN,Aus.YANGMANIC.YANGMAN
Jaminjung-Ngaliwurru,djam1255,DJAMINDJUNG,Aus.JAMINJUNGAN.DJAMINDJUNG
Jingulu,djin1251,DJINGILI,Aus.WEST_BARKLY.DJINGILI
Ngarnka,ngar1283,GUDANJI,Aus.WEST_BARKLY.GUDANJI
Wambayan,wamb1258,WAMBAYA,Aus.WEST_BARKLY.WAMBAYA
Djeebbana,djee1236,DJEEBBANA,Aus.NDJEBBANA.DJEEBBANA
Nakara,naka1260,NAKARA,Aus.NAKARA.NAKARA
Burarra,bura1267,BURARRA,Aus.BURARRAN.BURARRA
Guragone,gura1252,GURAGONE,Aus.BURARRAN.GURAGONE
Jawoyn,djau1244,DJAUAN,Aus.DJAUAN.DJAUAN
Warray,wara1290,WARAY,Aus.WARAY.WARAY
Anindilyakwa,anin1240,INGURA,Aus.ANINDILYAKWA.INGURA
Wubuy,nung1290,NUNGGUBUYU,Aus.NUNGGUBUYU.NUNGGUBUYU
Ngandi,ngan1295,NGANDI,Aus.NGANDI.NGANDI
Ngalakgan,ngal1293,NGALAKAN,Aus.NGALAKAN.NGALAKAN
Rembarrnga,remb1249,RAINBARNGO,Aus.REMBARNGA.RAINBARNGO
Kunbarlang,kunb1251,GUNBALANG_WARLANG,Aus.GUNWINYGIC.GUNBALANG_WARLANG
Ngalkbun,ngal1292,BUAN,Aus.GUNWINYGIC.BUAN
Bininj Kun-Wok,gunw1252,GUNWINGGU_KUNE,Aus.GUNWINYGIC.GUNWINGGU_KUNE
Bininj Kun-Wok,gunw1252,GUNWINGGU_KUNINJKU,Aus.GUNWINYGIC.GUNWINGGU_KUNINJKU
Bininj Kun-Wok,gunw1252,GUNWINGGU_KUNWINJKU,Aus.GUNWINYGIC.GUNWINGGU_KUNWINJKU
Bininj Kun-Wok,gunw1252,GUNWINGGU_GUN_DJEIHMI,Aus.GUNWINYGIC.GUNWINGGU_GUN_DJEIHMI
Bininj Kun-Wok,gunw1252,GUNWINGGU_MANYALLALUK_MAYALI,Aus.GUNWINYGIC.GUNWINGGU_MANYALLALUK_MAYALI
Kala Lagaw Ya,kala1377,KALA_LAGGAW_YA,Aus.PAMA_NYUNGAN.KALA_LAGGAW_YA
Yanyuwa,yany1243,YANYUWA,Aus.PAMA_NYUNGAN.YANYUWA
Wagaya,waga1260,WAGAYA,Aus.PAMA_NYUNGAN.WAGAYA
Warluwara,warl1256,WARLUWARA,Aus.PAMA_NYUNGAN.WARLUWARA
Djinang,djin1253,DJINANG,Aus.PAMA_NYUNGAN.DJINANG
Djinba,djin1252,DJINBA,Aus.PAMA_NYUNGAN.DJINBA
Nhangu,yann1237,YANANGO,Aus.PAMA_NYUNGAN.YANANGO
Ritharrngu,rita1239,RITHARNGU,Aus.PAMA_NYUNGAN.RITHARNGU
Dayi,dayi1244,DALWONGO,Aus.PAMA_NYUNGAN.DALWONGO
Dhangu,dhan1270,YOLNGUMATHA,Aus.PAMA_NYUNGAN.YOLNGUMATHA
Nuclear Dhuwal,nucl1333,DJAPU,Aus.PAMA_NYUNGAN.DJAPU
Nuclear Dhuwal,nucl1333,DHUWAL,Aus.PAMA_NYUNGAN.DHUWAL
Gumatj,guma1253,GOMAIDJ,Aus.PAMA_NYUNGAN.GOMAIDJ
Djambarrpuyngu,djam1256,DJAMBARRPUYNGU,Aus.PAMA_NYUNGAN.DJAMBARRPUYNGU
Gupapuyngu,gupa1247,GOBABINGO,Aus.PAMA_NYUNGAN.GOBABINGO
Gupapuyngu,gupa1247,MANGGALILI,Aus.PAMA_NYUNGAN.MANGGALILI
Gupapuyngu,gupa1247,MARARBA,Aus.PAMA_NYUNGAN.MARARBA
Guugu Yimidhirr,gugu1255,GUUGU_YIMIDHIR,Aus.PAMA_NYUNGAN.GUUGU_YIMIDHIR
Kuku-Yalanji,kuku1273,KOKO_YALANDJI,Aus.PAMA_NYUNGAN.KOKO_YALANDJI
Dyaabugay,dyaa1242,DYAABUGAY,Aus.PAMA_NYUNGAN.DYAABUGAY
Yidiñ,yidi1250,YIDINY,Aus.PAMA_NYUNGAN.YIDINY
Bidyara,bidy1243,BIDJARA,Aus.PAMA_NYUNGAN.BIDJARA
Kunggari,kung1258,KUNGGARI,Aus.PAMA_NYUNGAN.KUNGGARI
Guwamu,guwa1243,GUWAMU,Aus.PAMA_NYUNGAN.GUWAMU
Gunya,guny1241,GUNYA,Aus.PAMA_NYUNGAN.GUNYA
Margany,marg1253,MARGANY,Aus.PAMA_NYUNGAN.MARGANY
Gugu Badhun,gugu1253,GUGU_BUJUN,Aus.PAMA_NYUNGAN.GUGU_BUJUN
Warrongo,waru1264,WARUNGU,Aus.PAMA_NYUNGAN.WARUNGU
Biri,biri1256,BIRI,Aus.PAMA_NYUNGAN.BIRI
Gangulu,gang1268,GANGULU,Aus.PAMA_NYUNGAN.GANGULU
Biri,biri1256,BIRRI_AUSTRALIA,Aus.PAMA_NYUNGAN.BIRRI_AUSTRALIA
Biri,biri1256,WIRRI,Aus.PAMA_NYUNGAN.WIRRI
Bayali,baya1257,BAYALI,Aus.PAMA_NYUNGAN.BAYALI
Dyirbal,dyir1250,DYIRBAL,Aus.PAMA_NYUNGAN.DYIRBAL
Warrgamay,warr1255,WARGAMAY,Aus.PAMA_NYUNGAN.WARGAMAY
Nyawaygi,nyaw1247,NYAWAYGI,Aus.PAMA_NYUNGAN.NYAWAYGI
Wulguru,wulg1239,WULGURU,Aus.PAMA_NYUNGAN.WULGURU
Hawkesbury,hawk1239,DARRKINYUNG,Aus.PAMA_NYUNGAN.DARRKINYUNG
Dyangadi,dyan1250,DYANGADI,Aus.PAMA_NYUNGAN.DYANGADI
Nganyaywana,ngan1296,NGANYAYWANA,Aus.PAMA_NYUNGAN.NGANYAYWANA
Ngunawal,ngun1277,NGUNAWAL,Aus.PAMA_NYUNGAN.NGUNAWAL
,,GANDANGARA,Aus.PAMA_NYUNGAN.GANDANGARA
,,JIRINGAYN,Aus.PAMA_NYUNGAN.JIRINGAYN
,,THAWA,Aus.PAMA_NYUNGAN.THAWA
Ngarigu,ngar1297,NGARIGU,Aus.PAMA_NYUNGAN.NGARIGU
,,OMEO,Aus.PAMA_NYUNGAN.OMEO
,,CAMBERRA_LANGUAGE,Aus.PAMA_NYUNGAN.CAMBERRA_LANGUAGE
,,GUYAMBAL,Aus.PAMA_NYUNGAN.GUYAMBAL
,,BIGAMBAL,Aus.PAMA_NYUNGAN.BIGAMBAL
,,YUGAMBAL,Aus.PAMA_NYUNGAN.YUGAMBAL
Madhi Madhi,madh1244,MADIMADI,Aus.PAMA_NYUNGAN.MADIMADI
Madhi Madhi,madh1244,MADHI_MADHI,Aus.PAMA_NYUNGAN.MADHI_MADHI
,,DJADJALA,Aus.PAMA_NYUNGAN.DJADJALA
Wemba Wemba,wemb1241,WEMBA_WEMBA,Aus.PAMA_NYUNGAN.WEMBA_WEMBA
Wemba Wemba,wemb1241,WEMBAWEMBA,Aus.PAMA_NYUNGAN.WEMBAWEMBA
,,BIRRDHAWAL,Aus.PAMA_NYUNGAN.BIRRDHAWAL
Yorta Yorta,yort1237,YORTA_YORTA,Aus.PAMA_NYUNGAN.YORTA_YORTA
,,DHUDHUROA,Aus.PAMA_NYUNGAN.DHUDHUROA
Pallanganmiddang,pall1243,PALLANGANMIDDANG,Aus.PAMA_NYUNGAN.PALLANGANMIDDANG
Bunganditj,bung1264,BUNGANDITJ,Aus.PAMA_NYUNGAN.BUNGANDITJ
Warrnambool,warr1257,WARRNAMBOOL,Aus.PAMA_NYUNGAN.WARRNAMBOOL
,,COLAC,Aus.PAMA_NYUNGAN.COLAC
Wathawurrung,wath1238,WATHAWURRUNG,Aus.PAMA_NYUNGAN.WATHAWURRUNG
Woiwurrung-Thagungwurrung,woiw1237,WOIWURRUNG,Aus.PAMA_NYUNGAN.WOIWURRUNG
Kumbainggar,kumb1268,GUMBAYNGGIR,Aus.PAMA_NYUNGAN.GUMBAYNGGIR
Yaygir,yayg1236,YAYGIR,Aus.PAMA_NYUNGAN.YAYGIR
Gureng Gureng,gure1255,GURENG_GURENG,Aus.PAMA_NYUNGAN.GURENG_GURENG
Wakawaka,waka1274,DUUNGIDJAWU,Aus.PAMA_NYUNGAN.DUUNGIDJAWU
Wuliwuli,wuli1242,WULIWULI,Aus.PAMA_NYUNGAN.WULIWULI
Ngiyambaa,wang1291,WANGAAYBUWAN_NGIYAMBAA,Aus.PAMA_NYUNGAN.WANGAAYBUWAN_NGIYAMBAA
Yuwaalaraay-Gamilaraay,gami1243,GAMILARAAY,Aus.PAMA_NYUNGAN.GAMILARAAY
Wiradhuri,wira1262,WIRADHURI,Aus.PAMA_NYUNGAN.WIRADHURI
,,BARRANBIYA,Aus.PAMA_NYUNGAN.BARRANBIYA
Muruwari,muru1266,MURUWARI,Aus.PAMA_NYUNGAN.MURUWARI
Condamine-Upper Clarence Bandjalang,cond1242,GIDABAL,Aus.PAMA_NYUNGAN.GIDABAL
Middle Clarence Bandjalang,midd1357,WAALUBAL,Aus.PAMA_NYUNGAN.WAALUBAL
Dhurga,dhur1239,DHURGA,Aus.PAMA_NYUNGAN.DHURGA
Thurawal,thur1254,THURAWAL,Aus.PAMA_NYUNGAN.THURAWAL
Sydney,sydn1236,SYDNEY,Aus.PAMA_NYUNGAN.SYDNEY
Awabakal,awab1243,AWABAKAL,Aus.PAMA_NYUNGAN.AWABAKAL
Worimi,wori1245,WORIMI,Aus.PAMA_NYUNGAN.WORIMI
,,KERAMIN,Aus.PAMA_NYUNGAN.KERAMIN
,,YITHA_YITHA,Aus.PAMA_NYUNGAN.YITHA_YITHA
Kalkatungu,kalk1246,KALKUTUNG,Aus.PAMA_NYUNGAN.KALKUTUNG
Yalarnnga,yala1262,YALARNNGA,Aus.PAMA_NYUNGAN.YALARNNGA
Mayaguduna,maya1280,MAYAGUDUNA,Aus.PAMA_NYUNGAN.MAYAGUDUNA
Mayi-Kulan,mayi1236,MAYKULAN,Aus.PAMA_NYUNGAN.MAYKULAN
Ngawun,ngaw1240,NGAWUN,Aus.PAMA_NYUNGAN.NGAWUN
Mayi-Yapi,mayi1235,MAYI_YAPI,Aus.PAMA_NYUNGAN.MAYI_YAPI
Mayi-Thakurti,mayi1234,MAYI_THAKURTI,Aus.PAMA_NYUNGAN.MAYI_THAKURTI
Mbabaram,mbab1239,MBABARAM,Aus.PAMA_NYUNGAN.MBABARAM
Kanju,kanj1260,KANJU,Aus.PAMA_NYUNGAN.KANJU
Kuuku-Ya'u,kuuk1238,KUUKU_YAU,Aus.PAMA_NYUNGAN.KUUKU_YAU
Wik-Mungkan,wikm1247,WIK_MUNGKAN,Aus.PAMA_NYUNGAN.WIK_MUNGKAN
Kuku-Uwanh,kuku1280,KUKU_UWANH,Aus.PAMA_NYUNGAN.KUKU_UWANH
,,YIR_YORONT,Aus.PAMA_NYUNGAN.YIR_YORONT
Thayore,thay1249,THAYORE,Aus.PAMA_NYUNGAN.THAYORE
Kunjen,kunj1245,KUNJEN,Aus.PAMA_NYUNGAN.KUNJEN
Aghu Tharnggalu,aghu1254,AGHU_THARRNGGALA,Aus.PAMA_NYUNGAN.AGHU_THARRNGGALA
Linngithigh,leni1238,LENINGITIJ,Aus.PAMA_NYUNGAN.LENINGITIJ
Linngithigh,leni1238,LINNGITHIGH,Aus.PAMA_NYUNGAN.LINNGITHIGH
Linngithigh,leni1238,MPAKWITHI_ANGUTHIMRI,Aus.PAMA_NYUNGAN.MPAKWITHI_ANGUTHIMRI
Umbuygamu,umbu1256,UMBUYKAMU,Aus.PAMA_NYUNGAN.UMBUYKAMU
Rimanggudhinma,mbar1253,PARIMANKUTINMA,Aus.PAMA_NYUNGAN.PARIMANKUTINMA
Lamalama,lamu1254,LAMALAMA_COASTAL,Aus.PAMA_NYUNGAN.LAMALAMA_COASTAL
Lamalama,lamu1254,LAMALAMA_INLAND,Aus.PAMA_NYUNGAN.LAMALAMA_INLAND
Malyangapa,maly1234,MALYANGAPA,Aus.PAMA_NYUNGAN.MALYANGAPA
Paakantyi,darl1243,DARLING,Aus.PAMA_NYUNGAN.DARLING
Badjirri,badj1244,BADJIRRI,Aus.PAMA_NYUNGAN.BADJIRRI
Punthamara,punt1240,PUNTHAMARA,Aus.PAMA_NYUNGAN.PUNTHAMARA
Pitta Pitta,pitt1247,PITTA_PITTA,Aus.PAMA_NYUNGAN.PITTA_PITTA
Arabana,arab1267,ARABANA,Aus.PAMA_NYUNGAN.ARABANA
Wangganguru,wang1290,WANGGANGURU,Aus.PAMA_NYUNGAN.WANGGANGURU
Yandruwandha,yand1253,YANDRUWANDHA,Aus.PAMA_NYUNGAN.YANDRUWANDHA
Dieri,dier1241,DIYARI,Aus.PAMA_NYUNGAN.DIYARI
Ngamini-Yarluyandi-Karangura,ngam1265,NGAMINI,Aus.PAMA_NYUNGAN.NGAMINI
Kokata,koka1244,KOKATA,Aus.PAMA_NYUNGAN.KOKATA
Martu Wangka,mart1256,MARTU_WANGKA,Aus.PAMA_NYUNGAN.MARTU_WANGKA
Martu Wangka,mart1256,MANTJILTJARA,Aus.PAMA_NYUNGAN.MANTJILTJARA
Martu Wangka,mart1256,YULPARIJA,Aus.PAMA_NYUNGAN.YULPARIJA
Pintupi-Luritja,pint1250,PINTUPI,Aus.PAMA_NYUNGAN.PINTUPI
Ngaanyatjarra,ngaa1240,NGAANYATJARRA,Aus.PAMA_NYUNGAN.NGAANYATJARRA
Pitjantjatjara,pitj1243,WANGKA_WIRU,Aus.PAMA_NYUNGAN.WANGKA_WIRU
Yankunytjatjara,yank1247,PITJANTJATJARA_YANKUNTJATJARA,Aus.PAMA_NYUNGAN.PITJANTJATJARA_YANKUNTJATJARA
Karadjeri,kara1476,KARADJERI,Aus.PAMA_NYUNGAN.KARADJERI
Nyangumarta,nyan1301,NYANGUMARTA,Aus.PAMA_NYUNGAN.NYANGUMARTA
Warumungu,waru1265,WARUMUNGU,Aus.PAMA_NYUNGAN.WARUMUNGU
Warlpiri,warl1254,WARLPIRI,Aus.PAMA_NYUNGAN.WARLPIRI
Walmajarri-Juwaliny,walm1241,WALMAJARRI,Aus.PAMA_NYUNGAN.WALMAJARRI
Jaru,jaru1254,JARU,Aus.PAMA_NYUNGAN.JARU
Gurindji,guri1247,GURINDJI,Aus.PAMA_NYUNGAN.GURINDJI
Ngarinman,ngar1235,NGARINMAN_BILINARA,Aus.PAMA_NYUNGAN.NGARINMAN_BILINARA
Nhanda,nhan1238,NHANDA,Aus.PAMA_NYUNGAN.NHANDA
Badimaya,badi1246,BADIMAYA,Aus.PAMA_NYUNGAN.BADIMAYA
Wajarri,waja1257,WAJARRI,Aus.PAMA_NYUNGAN.WAJARRI
Ngadjunmaya,ngad1258,NGADJUNMAYA,Aus.PAMA_NYUNGAN.NGADJUNMAYA
Nyunga,nyun1247,NYOONGAR,Aus.PAMA_NYUNGAN.NYOONGAR
Nyunga,nyun1247,NYUNGA_NORTHERN,Aus.PAMA_NYUNGAN.NYUNGA_NORTHERN
Nyunga,nyun1247,NYUNGA_SOUTH_WESTERN,Aus.PAMA_NYUNGAN.NYUNGA_SOUTH_WESTERN
Nyunga,nyun1247,NYUNGA_EASTERN,Aus.PAMA_NYUNGAN.NYUNGA_EASTERN
Dhargari,dhar1247,DHARGARI,Aus.PAMA_NYUNGAN.DHARGARI
Martuthunira,mart1255,MARTUTHUNIRA,Aus.PAMA_NYUNGAN.MARTUTHUNIRA
Panytyima,pany1241,PANYTYIMA,Aus.PAMA_NYUNGAN.PANYTYIMA
Ngarluma,ngar1287,NGALOOMA,Aus.PAMA_NYUNGAN.NGALOOMA
Kurrama,kurr1243,KURRAMA,Aus.PAMA_NYUNGAN.KURRAMA
Yindjibarndi,yind1247,YINDJIBARNDI,Aus.PAMA_NYUNGAN.YINDJIBARNDI
Wirangu,wira1265,WIRANGU,Aus.PAMA_NYUNGAN.WIRANGU
Kaurna,kaur1267,KAURNA,Aus.PAMA_NYUNGAN.KAURNA
Narungga,naru1238,NARUNGGA,Aus.PAMA_NYUNGAN.NARUNGGA
Nugunu (Australia),nugu1241,NUGUNU_AUSTRALIA,Aus.PAMA_NYUNGAN.NUGUNU_AUSTRALIA
Adnyamathanha,adny1235,ADNYAMATHANHA,Aus.PAMA_NYUNGAN.ADNYAMATHANHA
Banggarla,bang1339,BANGGARLA,Aus.PAMA_NYUNGAN.BANGGARLA
Kaytetye,kayt1238,KAYTETYE,Aus.PAMA_NYUNGAN.KAYTETYE
Kaytetye,kayt1238,KAYTETYE_2,Aus.PAMA_NYUNGAN.KAYTETYE_2
Western Arrarnta,west2441,WESTERN_ARRERNTE,Aus.PAMA_NYUNGAN.WESTERN_ARRERNTE
Eastern Arrernte,east2379,ARRERNTE_CENTRAL,Aus.PAMA_NYUNGAN.ARRERNTE_CENTRAL
Eastern Arrernte,east2379,ARRERNTE_EASTERN,Aus.PAMA_NYUNGAN.ARRERNTE_EASTERN
Western Arrarnta,west2441,LOWER_ARANDA,Aus.PAMA_NYUNGAN.LOWER_ARANDA
Western Arrarnta,west2441,ARRARNTA_WESTERN,Aus.PAMA_NYUNGAN.ARRARNTA_WESTERN
Western Arrarnta,west2441,SOUTHERN_ARANDA,Aus.PAMA_NYUNGAN.SOUTHERN_ARANDA
Eastern Arrernte,east2379,ARRERNTE_EASTERN_2,Aus.PAMA_NYUNGAN.ARRERNTE_EASTERN_2
Anmatyerre,anma1239,ANMATYERRE,Aus.PAMA_NYUNGAN.ANMATYERRE
Eastern Arrernte,east2379,AKARA,Aus.PAMA_NYUNGAN.AKARA
Eastern Arrernte,east2379,ARANDA,Aus.PAMA_NYUNGAN.ARANDA
Alyawarr,alya1239,ALYAWARRA,Aus.PAMA_NYUNGAN.ALYAWARRA
Alyawarr,alya1239,ALYAWARR_ALYAWARA,Aus.PAMA_NYUNGAN.ALYAWARR_ALYAWARA
Alyawarr,alya1239,ALYAWARR_MACDONALDDOWNS_ALYAWARA,Aus.PAMA_NYUNGAN.ALYAWARR_MACDONALDDOWNS_ALYAWARA
Kaure-Narau,kaur1271,KAURE,Kau.KAURE.KAURE
Migabac,miga1241,MIGABAC,TNG.FINISTERRE_HUON.MIGABAC
Dedua,dedu1240,DEDUA,TNG.FINISTERRE_HUON.DEDUA
Kulungtfu-Yuanggeng-Tobo,kube1244,HUBE,TNG.FINISTERRE_HUON.HUBE
Mape,mape1249,MAPE,TNG.FINISTERRE_HUON.MAPE
Kâte,kate1253,KATE,TNG.FINISTERRE_HUON.KATE
Mape,mape1249,MAPE_2,TNG.FINISTERRE_HUON.MAPE_2
Ono,onoo1246,ONO,TNG.FINISTERRE_HUON.ONO
Mese,mese1244,MOMOLILI,TNG.FINISTERRE_HUON.MOMOLILI
Nabak,naba1256,NABAK,TNG.FINISTERRE_HUON.NABAK
Timbe,timb1251,TIMBE,TNG.FINISTERRE_HUON.TIMBE
Komba,komb1273,KOMBA,TNG.FINISTERRE_HUON.KOMBA
Selepet,sele1250,SELEPET,TNG.FINISTERRE_HUON.SELEPET
Borong,boro1279,BORONG,TNG.FINISTERRE_HUON.BORONG
Borong,boro1279,KOSORONG,TNG.FINISTERRE_HUON.KOSORONG
Burum-Mindik,buru1306,MINDIK,TNG.FINISTERRE_HUON.MINDIK
Burum-Mindik,buru1306,BURUM,TNG.FINISTERRE_HUON.BURUM
Burum-Mindik,buru1306,BURUM_MINDIK,TNG.FINISTERRE_HUON.BURUM_MINDIK
Iyo,iyoo1238,IYO,TNG.FINISTERRE_HUON.IYO
Rawa,rawa1267,RAWA,TNG.FINISTERRE_HUON.RAWA
Gwahatike,gwah1244,GWAHATIKE,TNG.FINISTERRE_HUON.GWAHATIKE
Muratayak,mura1271,MURATAYAK,TNG.FINISTERRE_HUON.MURATAYAK
Asaro'o,asar1240,ASARO7O,TNG.FINISTERRE_HUON.ASARO7O
Degenan,dege1247,DEGENAN,TNG.FINISTERRE_HUON.DEGENAN
Forak,fora1245,FORAK,TNG.FINISTERRE_HUON.FORAK
Nukna,nukn1238,NUKNA,TNG.FINISTERRE_HUON.NUKNA
Yau-Nungon,yaum1237,NUNGON,TNG.FINISTERRE_HUON.NUNGON
Nankina,nank1250,NANKINA,TNG.FINISTERRE_HUON.NANKINA
Yopno,yopn1238,YOPNO,TNG.FINISTERRE_HUON.YOPNO
Awara,awar1248,AWARA,TNG.FINISTERRE_HUON.AWARA
Wantoat,want1252,WANTOAT,TNG.FINISTERRE_HUON.WANTOAT
Uri,urii1240,URI_PAPUA_NEW_GUINEA,TNG.FINISTERRE_HUON.URI_PAPUA_NEW_GUINEA
Ma Manda,sauk1252,MA_MANDA,TNG.FINISTERRE_HUON.MA_MANDA
Numanggang,numa1254,NUMANGGANG,TNG.FINISTERRE_HUON.NUMANGGANG
Mungkip,mung1272,MUNGKIP,TNG.FINISTERRE_HUON.MUNGKIP
Nakama,naka1264,NAKAME,TNG.FINISTERRE_HUON.NAKAME
Nek,nekk1240,NEK,TNG.FINISTERRE_HUON.NEK
Nuk,nukk1240,NUK,TNG.FINISTERRE_HUON.NUK
Korak,kora1296,KORAK,TNG.MADANG.KORAK
Waskia,wask1241,WASKIA,TNG.MADANG.WASKIA
Kobon,kobo1249,KOBON,TNG.MADANG.KOBON
Kalam,kala1397,KALAM,TNG.MADANG.KALAM
Utarmbung,utar1238,OSUM,TNG.MADANG.OSUM
Wadaginam,wada1263,WADAGINAM,TNG.MADANG.WADAGINAM
Anamuxra,anam1248,IKUNDUN,TNG.MADANG.IKUNDUN
Moresada,more1258,MORESADA,TNG.MADANG.MORESADA
Anam,anam1247,PONDOMA,TNG.MADANG.PONDOMA
Nend,nend1239,ANGAUA,TNG.MADANG.ANGAUA
Mand,atem1241,ATEMPLE,TNG.MADANG.ATEMPLE
Kulsab,fait1240,FAITA,TNG.MADANG.FAITA
Aisi,musa1266,MUSAK,TNG.MADANG.MUSAK
Apali,apal1256,EMERUM,TNG.MADANG.EMERUM
Manat,payn1244,PAYNAMAR,TNG.MADANG.PAYNAMAR
Mum,mumm1238,KATIATI,TNG.MADANG.KATIATI
Sirva,sile1255,SILEIBI,TNG.MADANG.SILEIBI
Ganglau,gang1270,GANGLAU,TNG.MADANG.GANGLAU
Saep,saep1240,SAEP,TNG.MADANG.SAEP
Yabong,yabo1240,YABONG,TNG.MADANG.YABONG
Bongu,bong1291,BONGU,TNG.MADANG.BONGU
Anjam,anja1238,BOM,TNG.MADANG.BOM
Male (Papua New Guinea),male1291,MALE_PAPUANG,TNG.MADANG.MALE_PAPUANG
Sam,samm1244,SONGUM,TNG.MADANG.SONGUM
Kwato,kwat1244,KWATO,TNG.MADANG.KWATO
Ogea,ogea1238,ERIMA,TNG.MADANG.ERIMA
Duduela,dudu1240,DUDUELA,TNG.MADANG.DUDUELA
Uya,uyaa1238,USU,TNG.MADANG.USU
Yangulam,yang1298,YANGULAM,TNG.MADANG.YANGULAM
Sgi Bara,jili1241,JILIM,TNG.MADANG.JILIM
Rerau,rera1240,RERAU,TNG.MADANG.RERAU
Biyom,biyo1244,BIYOM,TNG.MADANG.BIYOM
Tauya,tauy1241,TAUYA,TNG.MADANG.TAUYA
Sop,sopp1247,USINO,TNG.MADANG.USINO
Sumau,suma1270,SUMAU,TNG.MADANG.SUMAU
Danaru,dana1254,DANARU,TNG.MADANG.DANARU
Urigina,urig1240,URIGINA,TNG.MADANG.URIGINA
Asas,asas1240,ASAS,TNG.MADANG.ASAS
Kou,sins1241,SINSAURU,TNG.MADANG.SINSAURU
Dumpu,dump1243,DUMPU,TNG.MADANG.DUMPU
Kesawai,kesa1244,KESAWAI,TNG.MADANG.KESAWAI
Sausi,saus1246,SAUSI,TNG.MADANG.SAUSI
Pulabu,pula1267,PULABU,TNG.MADANG.PULABU
Siroi,siro1249,SUROI,TNG.MADANG.SUROI
Lemio,lemi1243,LEMIO,TNG.MADANG.LEMIO
Arawum,araw1272,ARAWUM,TNG.MADANG.ARAWUM
Kolom,kolo1267,KOLOM,TNG.MADANG.KOLOM
Bargam,barg1252,MUGIL,TNG.MADANG.MUGIL
,,BARGAM,TNG.MADANG.BARGAM
Mala (Papua New Guinea),mala1494,PAY,TNG.MADANG.PAY
Maia,maia1254,SAKI,TNG.MADANG.SAKI
Maia,maia1254,PILA,TNG.MADANG.PILA
Miani,mian1254,TANI,TNG.MADANG.TANI
Amaimon,amai1246,AMAIMON,TNG.MADANG.AMAIMON
Gavak,dimi1244,DIMIR,TNG.MADANG.DIMIR
Manep,mala1495,MALAS,TNG.MADANG.MALAS
Usan,usan1239,WANUMA,TNG.MADANG.WANUMA
Karen,bila1257,BILAKURA,TNG.MADANG.BILAKURA
Yaben,yabe1255,YABEN,TNG.MADANG.YABEN
Parawen,para1307,PARAWEN,TNG.MADANG.PARAWEN
Ukuriguma,ukur1240,UKURIGUMA,TNG.MADANG.UKURIGUMA
Yarawata,yara1250,YARAWATA,TNG.MADANG.YARAWATA
Pal,pall1244,ABASAKUR,TNG.MADANG.ABASAKUR
Kobol,kobo1248,KOGUMAN,TNG.MADANG.KOGUMAN
Mokati,wana1269,WANAMBRE,TNG.MADANG.WANAMBRE
Kowaki,kowa1245,KOWAKI,TNG.MADANG.KOWAKI
Pamosu,pamo1253,HINIHON,TNG.MADANG.HINIHON
Mawak,mawa1266,MAWAK,TNG.MADANG.MAWAK
Hember Avu,musa1265,MUSAR,TNG.MADANG.MUSAR
Barem,brem1238,BUNABUN,TNG.MADANG.BUNABUN
Mauwake,mauw1238,ULINGAN,TNG.MADANG.ULINGAN
Bepour,bepo1240,BEPOUR,TNG.MADANG.BEPOUR
Moere,moer1240,MOERE,TNG.MADANG.MOERE
Kare (Papua New Guinea),kare1341,KARE,TNG.MADANG.KARE
Girawa,gira1247,GIRAWA,TNG.MADANG.GIRAWA
Kein,kein1239,BEMAL,TNG.MADANG.BEMAL
Munit,muni1257,MUNIT,TNG.MADANG.MUNIT
Gumalu,guma1255,GUMALU,TNG.MADANG.GUMALU
Sihan (Gum),siha1245,SIHAN,TNG.MADANG.SIHAN
Amele,amel1241,AMELE,TNG.MADANG.AMELE
Bau,bauu1244,BAU,TNG.MADANG.BAU
Isebe,iseb1246,ISEBE,TNG.MADANG.ISEBE
Panim,pani1258,PANIM,TNG.MADANG.PANIM
Wagi (Papua New Guinea),wagi1249,KAMBA,TNG.MADANG.KAMBA
Nobonob,nobo1238,GARUH,TNG.MADANG.GARUH
Rapting,rapt1240,RAPTING,TNG.MADANG.RAPTING
Garus,garu1246,GARUS,TNG.MADANG.GARUS
Rempi,remp1241,REMPI,TNG.MADANG.REMPI
Yoidik,yoid1240,YOIDIK,TNG.MADANG.YOIDIK
Mawan,mawa1267,MAWAN,TNG.MADANG.MAWAN
Baimak,baim1245,BAIMAK,TNG.MADANG.BAIMAK
Gal,gall1278,GAL,TNG.MADANG.GAL
Matepi,mate1260,MATEPI,TNG.MADANG.MATEPI
Silopi,silo1240,SILOPI,TNG.MADANG.SILOPI
Utu,utuu1240,UTU,TNG.MADANG.UTU
Nake,nake1240,NAKE,TNG.MADANG.NAKE
Bagupi,bagu1252,BAGUPI,TNG.MADANG.BAGUPI
Saruga,saru1243,SARUGA,TNG.MADANG.SARUGA
Murupi,muru1273,MURUPI,TNG.MADANG.MURUPI
Samosa,samo1306,SAMOSA,TNG.MADANG.SAMOSA
Wamas,wama1247,WAMAS,TNG.MADANG.WAMAS
Mosimo,mosi1248,MOSIMO,TNG.MADANG.MOSIMO
Buruwai,buru1308,ASIENARA,TNG.ASMAT_KAMORO.ASIENARA
North Kamrau,kamb1302,KAMBERAU,TNG.ASMAT_KAMORO.KAMBERAU
Kamoro,kamo1255,KAMORO_2,TNG.ASMAT_KAMORO.KAMORO_2
Sempan,semp1241,SEMPAN,TNG.ASMAT_KAMORO.SEMPAN
Momogo-Pupis-Irogo,nort2917,ASMATH_NORTH,TNG.ASMAT_KAMORO.ASMATH_NORTH
Citak,cita1245,CITAK,TNG.ASMAT_KAMORO.CITAK
Casuarina Coast Asmat,casu1237,CASUARINA_COAST_ASMAT,TNG.ASMAT_KAMORO.CASUARINA_COAST_ASMAT
Central Asmat,cent2117,ASMAT_CENTRAL,TNG.ASMAT_KAMORO.ASMAT_CENTRAL
Yaosakor Asmat,yaos1235,ASMAT_YAOSAKOR,TNG.ASMAT_KAMORO.ASMAT_YAOSAKOR
Korowai,koro1312,KOROWAI,TNG.AWJU_DUMUT.KOROWAI
Komyandaret,komy1238,KOMYANDARET,TNG.OK.KOMYANDARET
Tsaukambo,tsak1250,TTSAKWAMBO,TNG.OK.TTSAKWAMBO
Kombai,komb1274,KOMBAI,TNG.AWJU_DUMUT.KOMBAI
Wanggom,wang1299,WANGGOM,TNG.AWJU_DUMUT.WANGGOM
Sawi,sawi1257,SAWUJ,TNG.AWJU_DUMUT.SAWUJ
Mandobo Atas,mand1444,KAETI_DUMUT,TNG.AWJU_DUMUT.KAETI_DUMUT
Wambon,wamb1259,WAMBON,TNG.AWJU_DUMUT.WAMBON
Asue Awyu,asue1235,AWYU_ASUE,TNG.AWJU_DUMUT.AWYU_ASUE
Aghu,aghu1255,AGHU_2,TNG.AWJU_DUMUT.AGHU_2
South Awyu,sout2941,SIAGHA,TNG.AWJU_DUMUT.SIAGHA
Edera Awyu,eder1237,SJIAGHA,TNG.AWJU_DUMUT.SJIAGHA
Oksapmin,oksa1245,OKSAPMIN,Oks.OKSAPMIN.OKSAPMIN
Ngalum,ngal1298,NGALUM_2,TNG.OK.NGALUM_2
Tifal,tifa1245,TIFAL,TNG.OK.TIFAL
Telefol,tele1256,TELEFOL,TNG.OK.TELEFOL
Faiwol,faiw1243,ANGIYAKMIN_FAIWOL,TNG.OK.ANGIYAKMIN_FAIWOL
Bimin,bimi1240,BIMIN,TNG.OK.BIMIN
Mian,mian1256,MIAN,TNG.OK.MIAN
Suganga,suga1249,WAGARABAI,TNG.OK.WAGARABAI
Nakai,naka1265,NAKAI,TNG.OK.NAKAI
Tangko,tang1353,TANGKO,TNG.OK.TANGKO
,,NGALUM,TNG.OK.NGALUM
Ninggerum,ning1274,NINGGIRUM_KAWOMA,TNG.OK.NINGGIRUM_KAWOMA
South Muyu,sout2940,DIGOELEESCH,TNG.OK.DIGOELEESCH
South Muyu,sout2940,DIGUL_MUYU,TNG.OK.DIGUL_MUYU
South Muyu,sout2940,METOMKA_MUYU,TNG.OK.METOMKA_MUYU
Yonggom,yong1280,YONGGOM,TNG.OK.YONGGOM
North Muyu,nort2916,NINATIE_MUYU,TNG.OK.NINATIE_MUYU
Wahgi,nucl1620,MIDDLE_WAHGI,TNG.CHIMBU.MIDDLE_WAHGI
Melpa,melp1238,MELPA,TNG.CHIMBU.MELPA
Imbongu,imbo1238,AUA,TNG.CHIMBU.AUA
Imbongu,imbo1238,IMBONGU,TNG.CHIMBU.IMBONGU
Umbu-Ungu,umbu1258,UMBU_UNGU,TNG.CHIMBU.UMBU_UNGU
,,GAWIL,TNG.CHIMBU.GAWIL
Kandawo,kand1303,KANDAWO,TNG.CHIMBU.KANDAWO
Narak,nara1264,NARAK,TNG.CHIMBU.NARAK
Golin,goli1247,GOLIN,TNG.CHIMBU.GOLIN
Sinasina,sina1271,SINASINA,TNG.CHIMBU.SINASINA
Dom,domm1246,DOM,TNG.CHIMBU.DOM
Dom,domm1246,BOUMAI,TNG.CHIMBU.BOUMAI
Kuman,kuma1280,KUMAN,TNG.CHIMBU.KUMAN
Waffa,waff1241,WAFFA,TNG.EASTERN_HIGHLANDS.WAFFA
North Tairora,nort2920,N_TAIRORA,TNG.EASTERN_HIGHLANDS.N_TAIRORA
Binumarien,binu1245,BINUMARIEN,TNG.EASTERN_HIGHLANDS.BINUMARIEN
Binumarien,binu1245,TAIRORA_BINUMARIEN,TNG.EASTERN_HIGHLANDS.TAIRORA_BINUMARIEN
Awa (Papua New Guinea),awap1236,AWA,TNG.EASTERN_HIGHLANDS.AWA
Awa (Papua New Guinea),awap1236,AWA_2,TNG.EASTERN_HIGHLANDS.AWA_2
Awiyaana,awiy1238,AUYANA,TNG.EASTERN_HIGHLANDS.AUYANA
Gadsup,gads1258,GADSUP,TNG.EASTERN_HIGHLANDS.GADSUP
Agarabi,agar1252,AGARABI,TNG.EASTERN_HIGHLANDS.AGARABI
Agarabi,agar1252,GADSUP_AGARABI,TNG.EASTERN_HIGHLANDS.GADSUP_AGARABI
Gende,gend1249,GENDE,TNG.EASTERN_HIGHLANDS.GENDE
Isabi,isab1240,ISABI,TNG.EASTERN_HIGHLANDS.ISABI
Dano,dano1240,ASARO,TNG.EASTERN_HIGHLANDS.ASARO
Dano,dano1240,DANO,TNG.EASTERN_HIGHLANDS.DANO
Dano,dano1240,GAHUKU_ASARO,TNG.EASTERN_HIGHLANDS.GAHUKU_ASARO
Alekano,alek1238,ALEKANO,TNG.EASTERN_HIGHLANDS.ALEKANO
Alekano,alek1238,GAFUKU,TNG.EASTERN_HIGHLANDS.GAFUKU
Alekano,alek1238,GAHUKU,TNG.EASTERN_HIGHLANDS.GAHUKU
Fore,fore1270,FORE,TNG.EASTERN_HIGHLANDS.FORE
Gimi (Eastern Highlands),gimi1243,GIMI,TNG.EASTERN_HIGHLANDS.GIMI
Yaweyuha,yawe1241,YABIYUFA,TNG.EASTERN_HIGHLANDS.YABIYUFA
Siane,sian1257,SIANE,TNG.EASTERN_HIGHLANDS.SIANE
Benabena,bena1264,BENABENA,TNG.EASTERN_HIGHLANDS.BENABENA
Yagaria,yaga1260,YAGARIA,TNG.EASTERN_HIGHLANDS.YAGARIA
Kamano,kama1370,KAMANO_KAFE,TNG.EASTERN_HIGHLANDS.KAMANO_KAFE
Inoke-Yate,inok1238,YATE,TNG.EASTERN_HIGHLANDS.YATE
Enga,enga1252,ENGA,TNG.ENGAN.ENGA
Kyaka,kyak1244,KYAKA_ENGA,TNG.ENGAN.KYAKA_ENGA
Bisorio,biso1243,BISORIO_2,TNG.ENGAN.BISORIO_2
,,INIAI,TNG.ENGAN.INIAI
Lembena,lemb1266,LEMBENA,TNG.ENGAN.LEMBENA
Lembena,lemb1266,MAIBI,TNG.ENGAN.MAIBI
Lembena,lemb1266,YARIBA,TNG.ENGAN.YARIBA
,,HULI,TNG.ENGAN.HULI
,,HULI_HOLE,TNG.ENGAN.HULI_HOLE
Samberigi,samb1321,SAU,TNG.ENGAN.SAU
Angal,anga1293,ANGAL,TNG.ENGAN.ANGAL
East Kewa,east2516,KEWA_EAST,TNG.ENGAN.KEWA_EAST
West Kewa,west2599,KEWA,TNG.ENGAN.KEWA
,,POLE,TNG.ENGAN.POLE
,,KEWA_S_POLE,TNG.ENGAN.KEWA_S_POLE
Eipomek,eipo1242,EIPOMEK,TNG.MEK.EIPOMEK
Ketengban,kete1254,KETENGBAN_BIME,TNG.MEK.KETENGBAN_BIME
Una,unaa1239,UNA,TNG.MEK.UNA
Nalca,nalc1240,NALCA,TNG.MEK.NALCA
Korupun-Sela,koru1245,KORUPUN_SELA,TNG.MEK.KORUPUN_SELA
Kosarek Yale,kosa1249,YALE_KOSAREK,TNG.MEK.YALE_KOSAREK
Guhu-Samane,guhu1244,GUHU_SAMANE,TNG.BINANDEREAN.GUHU_SAMANE
Suena,suen1241,SUENA,TNG.BINANDEREAN.SUENA
Zia,ziaa1250,ZIA,TNG.BINANDEREAN.ZIA
Binandere,bina1277,BINANDERE,TNG.BINANDEREAN.BINANDERE
Binandere,bina1277,MAMBARE_RIVER,TNG.BINANDEREAN.MAMBARE_RIVER
Korafe-Yegha,kora1294,KORAFE_YEGHA,TNG.BINANDEREAN.KORAFE_YEGHA
Baruga,baru1269,TAFOTA_BARUGA,TNG.BINANDEREAN.TAFOTA_BARUGA
Nduga,ndug1245,DAO,TNG.WISSEL_LAKES_KEMANDOGA.DAO
,,MONI_2,TNG.WISSEL_LAKES_KEMANDOGA.MONI_2
Ekari,ekar1243,KAPAUKU,TNG.WISSEL_LAKES_KEMANDOGA.KAPAUKU
Wolani,wola1243,WOLANI,TNG.WISSEL_LAKES_KEMANDOGA.WOLANI
Silimo,sili1249,KINIAGEIMA,TNG.DANI.KINIAGEIMA
Angguruk Yali,angg1239,ANGGURUK_YALI,TNG.DANI.ANGGURUK_YALI
Kosarek Yale,kosa1249,YALI_PASS_VALLEY,TNG.DANI.YALI_PASS_VALLEY
Wano,wano1243,WANO,TNG.DANI.WANO
Nggem,ngge1241,NGGEM,TNG.DANI.NGGEM
Western Dani,west2594,LANI,TNG.DANI.LANI
Walak,wala1269,PYRAMID_WODO,TNG.DANI.PYRAMID_WODO
Lower Grand Valley Dani,lowe1415,UPPER_PYRAMID_DANI,TNG.DANI.UPPER_PYRAMID_DANI
Mid Grand Valley Dani,midg1235,MID_GRAND_VALLEY_DANI,TNG.DANI.MID_GRAND_VALLEY_DANI
Lower Grand Valley Dani,lowe1415,HITIGIMA_DANI,TNG.DANI.HITIGIMA_DANI
Lower Grand Valley Dani,lowe1415,TANGMA_DANI,TNG.DANI.TANGMA_DANI
Gule,gule1241,GULE,Kom.KOMAN.GULE
Anem,anem1249,ANEM,Ane.ANEM.ANEM
Bilua,bilu1245,BILUA,SoP.BILUA.BILUA
Bilua,bilu1245,NDOVELE_BILUA,SoP.BILUA.NDOVELE_BILUA
Pele-Ata,pele1245,PELE_ATA,Was.WASI.PELE_ATA
Lavukaleve,lavu1241,LAVUKALEVE,SoP.LAVUKALEVE.LAVUKALEVE
Savosavo,savo1255,SAVOSAVO,Sav.SAVOSAVO.SAVOSAVO
Dadibi,dadi1250,DARIBI,Teb.TEBERAN.DARIBI
Folopa,folo1238,FOLOPA,Teb.TEBERAN.FOLOPA
Amto,amto1250,AMTO,AM.AMTO_MUSAN.AMTO
Siawi,siaw1243,MUSAN,AM.AMTO_MUSAN.MUSAN
,,MUSAN_2,AM.AMTO_MUSAN.MUSAN_2
Owiniga,owin1240,OWINIGA,LeM.LEFT_MAY.OWINIGA
Ama (Papua New Guinea),amap1240,AMA,LeM.LEFT_MAY.AMA
Ama (Papua New Guinea),amap1240,AMA_2,LeM.LEFT_MAY.AMA_2
Nakwi,nakw1240,NAKWI,LeM.LEFT_MAY.NAKWI
Nakwi,nakw1240,NIMO_NAKWI,LeM.LEFT_MAY.NIMO_NAKWI
Nimo,nimo1247,NIMO,LeM.LEFT_MAY.NIMO
Bo (Papua New Guinea),bopa1235,BO,LeM.LEFT_MAY.BO
Iteri,iter1241,ITERI,LeM.LEFT_MAY.ITERI
Iteri,iter1241,ROCKY_PEAK,LeM.LEFT_MAY.ROCKY_PEAK
Takelma,take1257,TAKELMA,Tak.TAKELMA.TAKELMA
,,KALAPUYA,Kal.KALAPUYAN.KALAPUYA
Purari,pura1257,PURARI,Ele.PURARI.PURARI
West Makian,west2600,WEST_MAKIAN,WP.NORTH_HALMAHERAN.WEST_MAKIAN
West Makian,west2600,SABALE,WP.NORTH_HALMAHERAN.SABALE
West Makian,west2600,TALAPAO,WP.NORTH_HALMAHERAN.TALAPAO
West Makian,west2600,TAGONO,WP.NORTH_HALMAHERAN.TAGONO
West Makian,west2600,TAFASOHO,WP.NORTH_HALMAHERAN.TAFASOHO
West Makian,west2600,NGOFABOBAWA,WP.NORTH_HALMAHERAN.NGOFABOBAWA
West Makian,west2600,MALAPA,WP.NORTH_HALMAHERAN.MALAPA
West Makian,west2600,BOBAWA,WP.NORTH_HALMAHERAN.BOBAWA
Tidore,tido1248,TIDORE,WP.NORTH_HALMAHERAN.TIDORE
Sahu,sahu1245,SAHU,WP.NORTH_HALMAHERAN.SAHU
Tabaru,taba1263,TABARU,WP.NORTH_HALMAHERAN.TABARU
Pagu,pagu1249,PAGU,WP.NORTH_HALMAHERAN.PAGU
Modole,modo1249,MADOLE,WP.NORTH_HALMAHERAN.MADOLE
Modole,modo1249,MODOLE,WP.NORTH_HALMAHERAN.MODOLE
Modole,modo1249,MODOLE_2,WP.NORTH_HALMAHERAN.MODOLE_2
Tobelo,tobe1252,TOBELO_2,WP.NORTH_HALMAHERAN.TOBELO_2
Loloda-Laba,lolo1264,LODA,WP.NORTH_HALMAHERAN.LODA
Loloda-Laba,lolo1264,LOLODA,WP.NORTH_HALMAHERAN.LOLODA
Galela,gale1259,GALELA,WP.NORTH_HALMAHERAN.GALELA
Galela,gale1259,GALELA_2,WP.NORTH_HALMAHERAN.GALELA_2
Laal,laal1242,LAAL,Laal.LAAL.LAAL
Nobiin,nobi1240,NOBIIN,ESu.NUBIAN.NOBIIN
Old Nubian,oldn1245,OLD_NUBIAN,ESu.NUBIAN.OLD_NUBIAN
Dongola,dong1288,NUBIAN_OF_DONGOLA,ESu.NUBIAN.NUBIAN_OF_DONGOLA
Midob,mido1240,MEIDOB_NUBIAN,ESu.NUBIAN.MEIDOB_NUBIAN
Birked,birk1242,BIRKED,ESu.NUBIAN.BIRKED
Kenuzi,kenu1243,KENZI,ESu.NUBIAN.KENZI
Dilling,dill1242,DILLING,ESu.NUBIAN.DILLING
Kadaru,kada1282,KADARU,ESu.NUBIAN.KADARU
Dair,dair1239,DAIR,ESu.NUBIAN.DAIR
Uncunwee,ghul1238,UNCUNWEE,ESu.NUBIAN.UNCUNWEE
Mískito,misk1235,MISKITO,Mis.MISUMALPAN.MISKITO
Cacaopera,caca1247,CACAOPERA,Mis.MISUMALPAN.CACAOPERA
Ulwa,ulwa1239,ULWA,Mis.MISUMALPAN.ULWA
Tunica,tuni1252,TUNICA,Tun.TUNICA.TUNICA
Natchez,natc1249,NATCHEZ,Nat.NATCHEZ.NATCHEZ
Fur,furr1244,FUR,Fur.FUR.FUR
Kenaboi,kena1236,KENABOI_1,Ken.KENABOI.KENABOI_1
Moi (Indonesia),moii1235,MOI,WP.WEST_BIRDS_HEAD.MOI
Seget,sege1235,SEGET,WP.WEST_BIRDS_HEAD.SEGET
Moraid,mora1239,MORAID_2,WP.WEST_BIRDS_HEAD.MORAID_2
Kalabra,kala1256,KALABRA_2,WP.WEST_BIRDS_HEAD.KALABRA_2
Tehit,tehi1237,TEHIT,WP.WEST_BIRDS_HEAD.TEHIT
Shom Peng,shom1245,SHOM_PENG,Sho.SHOM_PENG.SHOM_PENG
Mararit,mara1396,MARARIT,ESu.TAMA.MARARIT
Assangori,assa1269,ASSANGORI,ESu.TAMA.ASSANGORI
Car Nicobarese,carn1240,CAR,AuA.NICOBARESE.CAR
Central Nicobarese,cent1990,NANCAWRI,AuA.NICOBARESE.NANCAWRI
Teressa,tere1272,TERESSA,AuA.NICOBARESE.TERESSA
Juang,juan1238,JUANG,AuA.MUNDA.JUANG
Kharia,khar1287,KHARIA,AuA.MUNDA.KHARIA
Gata',gata1239,GATA,AuA.MUNDA.GATA
Bondo,bond1245,REMO,AuA.MUNDA.REMO
Gorum-Parenga,pare1266,PARENGA,AuA.MUNDA.PARENGA
Sora,sora1254,SORA_2,AuA.MUNDA.SORA_2
Sora,sora1254,SAVARA,AuA.MUNDA.SAVARA
Juray,jura1242,JURAY,AuA.MUNDA.JURAY
Sora,sora1254,SORA,AuA.MUNDA.SORA
Korku,kork1243,KORKU,AuA.MUNDA.KORKU
Koda,koda1236,KODA,AuA.MUNDA.KODA
Korwa,korw1242,KORWA,AuA.MUNDA.KORWA
Turi,turi1246,TURI,AuA.MUNDA.TURI
Mundari,mund1320,MUNDARI_2,AuA.MUNDA.MUNDARI_2
Mundari,mund1320,MUNDARI,AuA.MUNDA.MUNDARI
Ho,hooo1248,HO,AuA.MUNDA.HO
Ho,hooo1248,HO_2,AuA.MUNDA.HO_2
Santali,sant1410,SANTALI,AuA.MUNDA.SANTALI
Santali,sant1410,PAHARPUR_SANTALI,AuA.MUNDA.PAHARPUR_SANTALI
Santali,sant1410,RASHIDPUR_SANTALI,AuA.MUNDA.RASHIDPUR_SANTALI
Santali,sant1410,RAJARAMPUR_SANTALI,AuA.MUNDA.RAJARAMPUR_SANTALI
Santali,sant1410,JABRI_SANTALI,AuA.MUNDA.JABRI_SANTALI
Santali,sant1410,RAUTNAGAR_SANTALI,AuA.MUNDA.RAUTNAGAR_SANTALI
Santali,sant1410,BODOBELGHORIA_SANTALI,AuA.MUNDA.BODOBELGHORIA_SANTALI
Santali,sant1410,PATICHORA_SANTALI,AuA.MUNDA.PATICHORA_SANTALI
Mahali,maha1291,PACHONDOR_MAHALI,AuA.MUNDA.PACHONDOR_MAHALI
Mahali,maha1291,ABIRPARA_MAHALI,AuA.MUNDA.ABIRPARA_MAHALI
Mahali,maha1291,MATINDOR_MAHALI,AuA.MUNDA.MATINDOR_MAHALI
Besisi,besi1244,MAH_MERI,AuA.ASLIAN.MAH_MERI
Semaq Beri,sema1265,SEMAQ_BERI,AuA.ASLIAN.SEMAQ_BERI
Temoq,temo1243,TEMOQ,AuA.ASLIAN.TEMOQ
Semelai,seme1247,SEMELAI,AuA.ASLIAN.SEMELAI
Jah Hut,jahh1242,JAH_HUT,AuA.ASLIAN.JAH_HUT
Semai,sema1266,SEMAI,AuA.ASLIAN.SEMAI
Semai,sema1266,SEMAI_2,AuA.ASLIAN.SEMAI_2
Temiar,temi1246,TEMIAR,AuA.ASLIAN.TEMIAR
Semnam,semn1250,SEMNAM,AuA.ASLIAN.SEMNAM
Lanoh,lano1248,LANOH,AuA.ASLIAN.LANOH
Sabüm,sabu1253,SABUM,AuA.ASLIAN.SABUM
Chewong,chew1245,CEQ_WONG,AuA.ASLIAN.CEQ_WONG
Kintaq,kint1239,KINTAQ,AuA.ASLIAN.KINTAQ
Kensiu,kens1248,KENSIW,AuA.ASLIAN.KENSIW
Maniq,tong1308,TONGA,AuA.ASLIAN.TONGA
Jehai,jeha1242,JAHAI,AuA.ASLIAN.JAHAI
Batek,bate1262,BATEK_NONG,AuA.ASLIAN.BATEK_NONG
Batek,bate1262,BATEK_DEQ,AuA.ASLIAN.BATEK_DEQ
Mintil,mint1239,MINTIL,AuA.ASLIAN.MINTIL
Old Mon,oldm1242,OLD_MON,AuA.MONIC.OLD_MON
Nyahkur,nyah1250,NYAKUR,AuA.MONIC.NYAKUR
Nyahkur,nyah1250,NYAKUR_2,AuA.MONIC.NYAKUR_2
Mon,monn1252,MON,AuA.MONIC.MON
Mon,monn1252,MON_2,AuA.MONIC.MON_2
Mon,monn1252,MON_NONG_DUU,AuA.MONIC.MON_NONG_DUU
Central Khmer,cent1989,KHMER,AuA.KHMER.KHMER
Central Khmer,cent1989,KHMER_2,AuA.KHMER.KHMER_2
Northern Khmer,nort2684,SURIN,AuA.KHMER.SURIN
Pear,pear1247,PEAR,AuA.PEARIC.PEAR
Pear,pear1247,PEAR_B,AuA.PEARIC.PEAR_B
Samre of Siem Reap,samr1245,SAMRE,AuA.PEARIC.SAMRE
Chong of Chanthaburi,chon1284,CHONG_H,AuA.PEARIC.CHONG_H
Chong of Chanthaburi,chon1284,KASONG,AuA.PEARIC.KASONG
Sa'och,saoc1239,SAOCH,AuA.PEARIC.SAOCH
Thavung,aheu1239,THAVUNG_SO,AuA.VIET_MUONG.THAVUNG_SO
Chut,chut1247,RUC,AuA.VIET_MUONG.RUC
Maleng,male1282,MALIENG,AuA.VIET_MUONG.MALIENG
Chut,chut1247,RUC_2,AuA.VIET_MUONG.RUC_2
Muong,muon1246,MUNG_KOI,AuA.VIET_MUONG.MUNG_KOI
Vietnamese,viet1252,VIETNAMESE_3,AuA.VIET_MUONG.VIETNAMESE_3
Vietnamese,viet1252,VIETNAMESE,AuA.VIET_MUONG.VIETNAMESE
Vietnamese,viet1252,VIETNAMESE_2,AuA.VIET_MUONG.VIETNAMESE_2
Eastern Bru,east2332,BRU,AuA.KATUIC.BRU
Western Bru,west2397,BRU_WESTERN_UnnamedInSource,AuA.KATUIC.BRU_WESTERN_UnnamedInSource
Kuy,kuyy1240,KUY,AuA.KATUIC.KUY
Nyeu,nyeu1238,NYEU,AuA.KATUIC.NYEU
Kuy,kuyy1240,KUI_THAILAND,AuA.KATUIC.KUI_THAILAND
Kuy,kuyy1240,KUI_THAILAND_2,AuA.KATUIC.KUI_THAILAND_2
Kriang-Khlor,ngeq1245,NGE,AuA.KATUIC.NGE
Pacoh,paco1243,PACOH,AuA.KATUIC.PACOH
Phuong,phuo1238,KATU,AuA.KATUIC.KATU
Eastern Katu,east1236,KATU_EASTERN,AuA.KATUIC.KATU_EASTERN
Jeng,jeng1241,CHENG,AuA.BAHNARIC.CHENG
Oy,oyyy1238,OI,AuA.BAHNARIC.OI
,,BRAO,AuA.BAHNARIC.BRAO
Sapuan,sapu1248,SAPUAN,AuA.BAHNARIC.SAPUAN
Laven,lave1248,JRU,AuA.BAHNARIC.JRU
Laven,lave1248,LOVEN,AuA.BAHNARIC.LOVEN
Nyaheun,nyah1249,NHAHEUN,AuA.BAHNARIC.NHAHEUN
Nyaheun,nyah1249,NHAHEUN_2,AuA.BAHNARIC.NHAHEUN_2
Tampuan,tamp1251,TAMPUAN,AuA.BAHNARIC.TAMPUAN
Cua,cuaa1241,CUA,AuA.BAHNARIC.CUA
Jeh,jehh1245,JEH,AuA.BAHNARIC.JEH
Jeh,jehh1245,JEH_2,AuA.BAHNARIC.JEH_2
Bahnar,bahn1262,BAHNAR,AuA.BAHNARIC.BAHNAR
Bahnar,bahn1262,BAHNAR_2,AuA.BAHNARIC.BAHNAR_2
Todrah,todr1244,TODRAH_UnnamedInSource,AuA.BAHNARIC.TODRAH_UnnamedInSource
Rengao,reng1252,RENGAO,AuA.BAHNARIC.RENGAO
Sedang,seda1262,SEDANG,AuA.BAHNARIC.SEDANG
Koho,koho1244,KOHO_CHIL,AuA.BAHNARIC.KOHO_CHIL
Koho,koho1244,SRE,AuA.BAHNARIC.SRE
Koho,koho1244,KOHO_SRE,AuA.BAHNARIC.KOHO_SRE
Bulo Stieng,bulo1242,STIENG,AuA.BAHNARIC.STIENG
Bulo Stieng,bulo1242,STIENG_2,AuA.BAHNARIC.STIENG_2
Chrau,chra1242,CHRAU,AuA.BAHNARIC.CHRAU
Chrau,chra1242,CHRAU_2,AuA.BAHNARIC.CHRAU_2
Central Mnong,cent1992,BUNOR,AuA.BAHNARIC.BUNOR
Central Mnong,cent1992,PREH,AuA.BAHNARIC.PREH
Eastern Mnong,east2333,CHIL,AuA.BAHNARIC.CHIL
Eastern Mnong,east2333,KUAN,AuA.BAHNARIC.KUAN
Eastern Mnong,east2333,GAR,AuA.BAHNARIC.GAR
Eastern Mnong,east2333,ROLOM,AuA.BAHNARIC.ROLOM
Khmu,khmu1256,KHMU,AuA.PALAUNG_KHMUIC.KHMU
Khmu,khmu1256,KHMU_2,AuA.PALAUNG_KHMUIC.KHMU_2
Mlabri,mlab1235,MLABRI,AuA.PALAUNG_KHMUIC.MLABRI
Mal,mall1246,MAL,AuA.PALAUNG_KHMUIC.MAL
Ksingmul,puoc1238,KSINMUL,AuA.PALAUNG_KHMUIC.KSINMUL
Ksingmul,puoc1238,KSINMUL_2,AuA.PALAUNG_KHMUIC.KSINMUL_2
Man Met,manm1238,KEMIE,AuA.KEMIE.KEMIE
Mang,mang1378,MANG,AuA.PALAUNG_KHMUIC.MANG
Bolyu,boly1239,PALIU,AuA.PALYU.PALIU
Bugan,buga1247,BUGAN,AuA.PALYU.BUGAN
Bugan,buga1247,BUGAN_2,AuA.PALYU.BUGAN_2
War-Jaintia,warj1242,WAR_JAINTIA,AuA.KHASIAN.WAR_JAINTIA
Pnar,pnar1238,PNAR_JOWAI,AuA.KHASIAN.PNAR_JOWAI
Khasi,khas1269,KHASI_2,AuA.KHASIAN.KHASI_2
Khasi,khas1269,KHASI,AuA.KHASIAN.KHASI
Danau,dana1252,DANAU,AuA.PALAUNG_KHMUIC.DANAU
Danau,dana1252,DANAW,AuA.PALAUNG_KHMUIC.DANAW
Riang (Myanmar),rian1261,RIANG_BLACK_STRIPED,AuA.PALAUNG_KHMUIC.RIANG_BLACK_STRIPED
Riang (Myanmar),rian1261,RIANG_WHITE_STRIPED,AuA.PALAUNG_KHMUIC.RIANG_WHITE_STRIPED
Rumai Palaung,ruma1248,RUMAI,AuA.PALAUNG_KHMUIC.RUMAI
Rumai Palaung,ruma1248,PALAUNG_UnnamedInSource,AuA.PALAUNG_KHMUIC.PALAUNG_UnnamedInSource
Ruching Palaung,ruch1235,DEANG,AuA.PALAUNG_KHMUIC.DEANG
Ruching Palaung,ruch1235,DEANG_2,AuA.PALAUNG_KHMUIC.DEANG_2
Bit,bitt1240,BIT,AuA.PALAUNG_KHMUIC.BIT
Kháng,khan1274,KHANG,AuA.PALAUNG_KHMUIC.KHANG
Lamet,lame1256,LAMPANGLAMET,AuA.PALAUNG_KHMUIC.LAMPANGLAMET
U,uuuu1243,U,AuA.PALAUNG_KHMUIC.U
Mok,mokk1243,MOK,AuA.PALAUNG_KHMUIC.MOK
Bumang,buma1247,BUMANG,AuA.PALAUNG_KHMUIC.BUMANG
Blang,blan1242,PLANG,AuA.PALAUNG_KHMUIC.PLANG
Western Lawa,west2396,LAWA_LA_UP,AuA.PALAUNG_KHMUIC.LAWA_LA_UP
Eastern Lawa,east2330,WIANG_PA_PAO_LUA,AuA.PALAUNG_KHMUIC.WIANG_PA_PAO_LUA
Zhenkang Wa,nucl1290,WA,AuA.PALAUNG_KHMUIC.WA
Zhenkang Wa,nucl1290,WA_3,AuA.PALAUNG_KHMUIC.WA_3
Zhenkang Wa,nucl1290,WA_2,AuA.PALAUNG_KHMUIC.WA_2
South Wa,para1301,GUANSHUANG_WA,AuA.PALAUNG_KHMUIC.GUANSHUANG_WA
South Wa,para1301,BANHONG_WA,AuA.PALAUNG_KHMUIC.BANHONG_WA
Lavia-Awalai-Damangnuo Awa,awac1238,AWALAI_WA,AuA.PALAUNG_KHMUIC.AWALAI_WA
Lavia-Awalai-Damangnuo Awa,awac1238,DAMANGNUO_WA,AuA.PALAUNG_KHMUIC.DAMANGNUO_WA
South Wa,para1301,AISHUO_WA,AuA.PALAUNG_KHMUIC.AISHUO_WA
Lavia-Awalai-Damangnuo Awa,awac1238,MASAN_WA,AuA.PALAUNG_KHMUIC.MASAN_WA
South Wa,para1301,YANCHENG_WA,AuA.PALAUNG_KHMUIC.YANCHENG_WA
South Wa,para1301,ZHONGKE_WA,AuA.PALAUNG_KHMUIC.ZHONGKE_WA
South Wa,para1301,MENGGONG_WA,AuA.PALAUNG_KHMUIC.MENGGONG_WA
South Wa,para1301,DAZHAI_WA,AuA.PALAUNG_KHMUIC.DAZHAI_WA
Lavia-Awalai-Damangnuo Awa,awac1238,XIYUN_WA,AuA.PALAUNG_KHMUIC.XIYUN_WA
South Wa,para1301,WANLENG_WA,AuA.PALAUNG_KHMUIC.WANLENG_WA
Yuracaré,yura1255,YURACARE,Yur.YURACARE.YURACARE
Yuracaré,yura1255,YURACARE_YURUJURE,Yur.YURACARE.YURACARE_YURUJURE
Urarina,urar1246,URARINA,Urr.URARINA.URARINA
Pubiao-Qabiao,qabi1235,PUBIAO,TK.KADAI.PUBIAO
Yerong-Southern Buyang,yero1238,YERONG,TK.KADAI.YERONG
Langnian Buyang,lang1316,BUYANG,TK.KADAI.BUYANG
Baha Buyang,baha1256,ECUN_BAHA_BUYANG,TK.KADAI.ECUN_BAHA_BUYANG
Baha Buyang,baha1256,LANGJIA_BUYANG,TK.KADAI.LANGJIA_BUYANG
Laha (Viet Nam),laha1250,TA_MIT_LAHA,TK.KADAI.TA_MIT_LAHA
Laha (Viet Nam),laha1250,LAHA,TK.KADAI.LAHA
Baha Buyang,baha1256,BAHA_BUYANG,TK.KADAI.BAHA_BUYANG
Baha Buyang,baha1256,PAHA,TK.KADAI.PAHA
White Lachi,whit1266,JINCHANG_WHITE_LACHI,TK.KADAI.JINCHANG_WHITE_LACHI
Lachi,lach1248,LACHI,TK.KADAI.LACHI
White Lachi,whit1266,WHITE_LACHI,TK.KADAI.WHITE_LACHI
Hagei Gelao,gree1278,GELAO_WANZI,TK.KADAI.GELAO_WANZI
Hagei Gelao,gree1278,GREEN_GELAO,TK.KADAI.GREEN_GELAO
Duoluo Gelao,whit1267,JUDU_GELAO,TK.KADAI.JUDU_GELAO
Duoluo Gelao,whit1267,NIUPO_GELAO,TK.KADAI.NIUPO_GELAO
Duoluo Gelao,whit1267,GELAO_LAOZHAI,TK.KADAI.GELAO_LAOZHAI
Hagei Gelao,gree1278,CA_HA_GELAO,TK.KADAI.CA_HA_GELAO
Duoluo Gelao,whit1267,PHO_BANG_GELAO,TK.KADAI.PHO_BANG_GELAO
Gelao Mulao,gela1264,MULAO_KADAI,TK.KADAI.MULAO_KADAI
Red Gelao,redg1235,GELAO_QIAOSHANG,TK.KADAI.GELAO_QIAOSHANG
A'ou,aoua1234,ZHENFENG_GELAO,TK.KADAI.ZHENFENG_GELAO
A'ou,aoua1234,HONGFENG_GELAO,TK.KADAI.HONGFENG_GELAO
Red Gelao,redg1235,NA_KHE_GELAO,TK.KADAI.NA_KHE_GELAO
Jiamao,jiam1236,JIAMAO,TK.HLAI.JIAMAO
Cun-Nadou,cunn1236,CUN,TK.KADAI.CUN
Hlai,hlai1239,LI_TONGSHI,TK.HLAI.LI_TONGSHI
Hlai,hlai1239,BAODING_HLAI,TK.HLAI.BAODING_HLAI
Hlai,hlai1239,LI_BAODING,TK.HLAI.LI_BAODING
Shidong Biao,biao1253,SHIDONG_BIAO,TK.KAM_TAI.SHIDONG_BIAO
Lakkia,lakk1238,JINXIU_LAKKIA,TK.KADAI.JINXIU_LAKKIA
Lakkia,lakk1238,LAKKJA,TK.KADAI.LAKKJA
Mulam,mula1253,MULAO,TK.KAM_TAI.MULAO
Mulam,mula1253,DONGMEN_MULAM,TK.KAM_TAI.DONGMEN_MULAM
Mulam,mula1253,LUOCHENG_MULAO,TK.KAM_TAI.LUOCHENG_MULAO
Southern Dong,sout2741,SOUTHERN_DONG,TK.KAM_TAI.SOUTHERN_DONG
Northern Dong,nort2735,KAM,TK.KAM_TAI.KAM
Northern Dong,nort2735,TIANZHU_SHIDONG_NORTHERN_DONG,TK.KAM_TAI.TIANZHU_SHIDONG_NORTHERN_DONG
Northern Dong,nort2735,KAM_ZHANGLU,TK.KAM_TAI.KAM_ZHANGLU
Northern Dong,nort2735,ZHANGLU_DONG,TK.KAM_TAI.ZHANGLU_DONG
T'en,tenn1245,TEN,TK.KAM_TAI.TEN
T'en,tenn1245,TEN_2,TK.KAM_TAI.TEN_2
Sui,suii1243,SUI_PYO,TK.KAM_TAI.SUI_PYO
Sui,suii1243,SUI_LI_NGAM,TK.KAM_TAI.SUI_LI_NGAM
Sui,suii1243,SUI_JUNG_CHIANG,TK.KAM_TAI.SUI_JUNG_CHIANG
Sui,suii1243,SANDONG_SUI,TK.KAM_TAI.SANDONG_SUI
Sui,suii1243,SUI,TK.KAM_TAI.SUI
Sui,suii1243,SHUIQING_SUI,TK.KAM_TAI.SHUIQING_SUI
Chadong,chad1240,CHADONG,TK.KAM_TAI.CHADONG
Chadong,chad1240,CHADONG_2,TK.KAM_TAI.CHADONG_2
Maonan,maon1241,MAONAN,TK.KAM_TAI.MAONAN
Maonan,maon1241,XIANAN_MAONAN,TK.KAM_TAI.XIANAN_MAONAN
Ai-Cham,aich1238,TAIYANG_AI_CHAM,TK.KAM_TAI.TAIYANG_AI_CHAM
Ai-Cham,aich1238,TAIYANG_AI_CHAM_2,TK.KAM_TAI.TAIYANG_AI_CHAM_2
Mak (China),makc1235,MAK,TK.KAM_TAI.MAK
Mak (China),makc1235,LALIU_MAK,TK.KAM_TAI.LALIU_MAK
Mak (China),makc1235,FANGCUN_MAK,TK.KAM_TAI.FANGCUN_MAK
Mak (China),makc1235,LALIU_MAK_2,TK.KAM_TAI.LALIU_MAK_2
Western Ong-Be,ling1262,DONGYING_LINGAO,TK.KAM_TAI.DONGYING_LINGAO
Western Ong-Be,ling1262,ONG_BE,TK.KAM_TAI.ONG_BE
Western Ong-Be,ling1262,LINCHENG_LINGAO,TK.KAM_TAI.LINCHENG_LINGAO
Zuojiang Zhuang,zuoj1238,LONGZHOU_ZHUANG,TK.KAM_TAI.LONGZHOU_ZHUANG
Zuojiang Zhuang,zuoj1238,ZHUANG_SOUTHERN,TK.KAM_TAI.ZHUANG_SOUTHERN
Zuojiang Zhuang,zuoj1238,LUNG_MING,TK.KAM_TAI.LUNG_MING
Zuojiang Zhuang,zuoj1238,LUNG_CHOW,TK.KAM_TAI.LUNG_CHOW
Zuojiang Zhuang,zuoj1238,TAI_LUNGCHOW,TK.KAM_TAI.TAI_LUNGCHOW
Zuojiang Zhuang,zuoj1238,TAI_PING_SIANG,TK.KAM_TAI.TAI_PING_SIANG
Zuojiang Zhuang,zuoj1238,TAI_LEI_PING,TK.KAM_TAI.TAI_LEI_PING
Zuojiang Zhuang,zuoj1238,TAI_LUNGMING,TK.KAM_TAI.TAI_LUNGMING
Zuojiang Zhuang,zuoj1238,TAI_NING_MING,TK.KAM_TAI.TAI_NING_MING
Yongbei Zhuang,yong1276,WUMING_YONGBEI_ZHUANG,TK.KAM_TAI.WUMING_YONGBEI_ZHUANG
Yongbei Zhuang,yong1276,WUMING_ZHUANG,TK.KAM_TAI.WUMING_ZHUANG
Yongnan Zhuang,yong1275,NINGMING_YONGNAN_ZHUANG,TK.KAM_TAI.NINGMING_YONGNAN_ZHUANG
Yongnan Zhuang,yong1275,SHANGSI_YONGNAN_ZHUANG,TK.KAM_TAI.SHANGSI_YONGNAN_ZHUANG
Yongbei Zhuang,yong1276,TAI_WUMING,TK.KAM_TAI.TAI_WUMING
Yongbei Zhuang,yong1276,WU_MING,TK.KAM_TAI.WU_MING
Saek,saek1240,SAEK,TK.KAM_TAI.SAEK
Saek,saek1240,SAEK_3,TK.KAM_TAI.SAEK_3
Saek,saek1240,SAEK_2,TK.KAM_TAI.SAEK_2
Bouyei,bouy1240,YAY,TK.KAM_TAI.YAY
Bouyei,bouy1240,PO_AI,TK.KAM_TAI.PO_AI
Bouyei,bouy1240,YAY_2,TK.KAM_TAI.YAY_2
Central Hongshuihe Zhuang,cent2009,YONGNAN_CENTRAL_HONGSHUIHE_ZHUANG,TK.KAM_TAI.YONGNAN_CENTRAL_HONGSHUIHE_ZHUANG
Central Hongshuihe Zhuang,cent2009,QINZHOU_CENTRAL_HONGSHUIHE_ZHUANG,TK.KAM_TAI.QINZHOU_CENTRAL_HONGSHUIHE_ZHUANG
Central Hongshuihe Zhuang,cent2009,FUSUI_CENTRAL_HONGSHUIHE_ZHUANG,TK.KAM_TAI.FUSUI_CENTRAL_HONGSHUIHE_ZHUANG
Central Hongshuihe Zhuang,cent2009,LONGAN_CENTRAL_HONGSHUIHE_ZHUANG,TK.KAM_TAI.LONGAN_CENTRAL_HONGSHUIHE_ZHUANG
Bouyei,bouy1240,WANGMO_BOUYEI,TK.KAM_TAI.WANGMO_BOUYEI
Central Hongshuihe Zhuang,cent2009,HAWYIENGZ_ZHUANG,TK.KAM_TAI.HAWYIENGZ_ZHUANG
Guibian Zhuang,guib1244,ZHUANG_NORTHERN,TK.KAM_TAI.ZHUANG_NORTHERN
Central Hongshuihe Zhuang,cent2009,LAIBIN_CENTRAL_HONGSHUIHE_ZHUANG,TK.KAM_TAI.LAIBIN_CENTRAL_HONGSHUIHE_ZHUANG
Central Hongshuihe Zhuang,cent2009,GUIGANG_CENTRAL_HONGSHUIHE_ZHUANG,TK.KAM_TAI.GUIGANG_CENTRAL_HONGSHUIHE_ZHUANG
Central Hongshuihe Zhuang,cent2009,LIANSHAN_CENTRAL_HONGSHUIHE_ZHUANG,TK.KAM_TAI.LIANSHAN_CENTRAL_HONGSHUIHE_ZHUANG
Central Hongshuihe Zhuang,cent2009,SHANGLIN_CENTRAL_HONGSHUIHE_ZHUANG,TK.KAM_TAI.SHANGLIN_CENTRAL_HONGSHUIHE_ZHUANG
Nung (Viet Nam),nung1283,NUNG,TK.KAM_TAI.NUNG
Nung (Viet Nam),nung1283,TAI_WESTERN_NUNG,TK.KAM_TAI.TAI_WESTERN_NUNG
Tày,tayy1238,TAY,TK.KAM_TAI.TAY
Tày,tayy1238,THO,TK.KAM_TAI.THO
Ahom,ahom1240,AHOM,TK.KAM_TAI.AHOM
Tai Dam,taid1247,BLACK_THAI,TK.KAM_TAI.BLACK_THAI
Tai Dam,taid1247,BLACK_TAI_2,TK.KAM_TAI.BLACK_TAI_2
Lü,luuu1242,JINGHONG_TAI_LUE,TK.KAM_TAI.JINGHONG_TAI_LUE
Lü,luuu1242,JINGHONG_TAI_LUE_2,TK.KAM_TAI.JINGHONG_TAI_LUE_2
Lü,luuu1242,LUE_CHIENG_HUNG,TK.KAM_TAI.LUE_CHIENG_HUNG
Lü,luuu1242,LUE_MUONG_YONG,TK.KAM_TAI.LUE_MUONG_YONG
Lü,luuu1242,LU,TK.KAM_TAI.LU
Lü,luuu1242,YANG,TK.KAM_TAI.YANG
Tai Daeng-Meuay,taid1249,TAI_DAENG,TK.KAM_TAI.TAI_DAENG
Tai Ya,taiy1242,YUANYANG_TAI,TK.KAM_TAI.YUANYANG_TAI
Tai Dón,taid1250,JINPING_TAI,TK.KAM_TAI.JINPING_TAI
Tai Dón,taid1250,WHITE_THAI_2,TK.KAM_TAI.WHITE_THAI_2
Tai Dón,taid1250,WHITE_THAI_3,TK.KAM_TAI.WHITE_THAI_3
Tai Dón,taid1250,WHITE_THAI,TK.KAM_TAI.WHITE_THAI
Northern Thai,nort2740,TAI_CHIENGMAI,TK.KAM_TAI.TAI_CHIENGMAI
Northern Thai,nort2740,LAMPANG_THAI,TK.KAM_TAI.LAMPANG_THAI
Khün,khun1259,TAI_KHUEN,TK.KAM_TAI.TAI_KHUEN
Tai Nüa,tain1252,DEHONG,TK.KAM_TAI.DEHONG
Tai Nüa,tain1252,MENGLIAN_TAI,TK.KAM_TAI.MENGLIAN_TAI
Tai Nüa,tain1252,DEHONG_TAI_NUEA,TK.KAM_TAI.DEHONG_TAI_NUEA
Tai Nüa,tain1252,MANGSHI_TAI,TK.KAM_TAI.MANGSHI_TAI
Shan,shan1277,SHAN,TK.KAM_TAI.SHAN
Shan,shan1277,SHAN_3,TK.KAM_TAI.SHAN_3
Shan,shan1277,SHAN_2,TK.KAM_TAI.SHAN_2
Shan,shan1277,NORTHERN_SHAN,TK.KAM_TAI.NORTHERN_SHAN
Shan,shan1277,SHAN_4,TK.KAM_TAI.SHAN_4
Khamti,kham1290,KHAMTI,TK.KAM_TAI.KHAMTI
Tai Hongjin,taih1246,YUANJIANG_TAI,TK.KAM_TAI.YUANJIANG_TAI
Tai Hongjin,taih1246,MAGUAN_TAI,TK.KAM_TAI.MAGUAN_TAI
Tai Hongjin,taih1246,LVCHUN_TAI,TK.KAM_TAI.LVCHUN_TAI
Tai Hongjin,taih1246,WUDING_TAI,TK.KAM_TAI.WUDING_TAI
Lao,laoo1244,LAOTIEN,TK.KAM_TAI.LAOTIEN
Yoy,yoyy1238,DIOI,TK.KAM_TAI.DIOI
Yoy,yoyy1238,TAI_PO_AI,TK.KAM_TAI.TAI_PO_AI
Thai,thai1261,SIAMESE,TK.KAM_TAI.SIAMESE
Lao,laoo1244,TAI_NONG_KHAI,TK.KAM_TAI.TAI_NONG_KHAI
Thai,thai1261,TAI,TK.KAM_TAI.TAI
Lao,laoo1244,LAO,TK.KAM_TAI.LAO
Thai,thai1261,THAI_3,TK.KAM_TAI.THAI_3
Thai,thai1261,SIAMESE_2,TK.KAM_TAI.SIAMESE_2
Thai,thai1261,THAI_2,TK.KAM_TAI.THAI_2
Southern Thai,sout2746,SONGKHLA_THAI,TK.KAM_TAI.SONGKHLA_THAI
Thai,thai1261,THAI,TK.KAM_TAI.THAI
Thai,thai1261,KHORAT_THAI,TK.KAM_TAI.KHORAT_THAI
Touo,touo1238,MBANIATA,Tou.TOUO.MBANIATA
Mer,merr1239,MER,TNG.MAIRASI_TANAHMERAH.MER
,,MAIRASI,TNG.MAIRASI_TANAHMERAH.MAIRASI
,,SEMIMI,TNG.MAIRASI_TANAHMERAH.SEMIMI
Tsou,tsou1248,DUHTU_TSOU,An.TSOU.DUHTU_TSOU
Tsou,tsou1248,TSOU,An.TSOU.TSOU
Puyuma,puyu1239,LOWER_PINLANG_PUYUMA,An.PUYUMA.LOWER_PINLANG_PUYUMA
Puyuma,puyu1239,NANWANG_PUYUMA,An.PUYUMA.NANWANG_PUYUMA
Puyuma,puyu1239,PILAM_PUYUMA,An.PUYUMA.PILAM_PUYUMA
Rukai,ruka1240,RUKAI,An.RUKAI.RUKAI
Rukai,ruka1240,MANTAURAN,An.RUKAI.MANTAURAN
Rukai,ruka1240,MANTAURAN_RUKAI,An.RUKAI.MANTAURAN_RUKAI
Rukai,ruka1240,BUDAI_RUKAI,An.RUKAI.BUDAI_RUKAI
Rukai,ruka1240,TANAN_RUKAI,An.RUKAI.TANAN_RUKAI
Rukai,ruka1240,MAGA_RUKAI,An.RUKAI.MAGA_RUKAI
Rukai,ruka1240,TONA_RUKAI,An.RUKAI.TONA_RUKAI
Thao,thao1240,THAO,An.WESTERN_PLAINS_AUSTRONESIAN.THAO
Babuza,babu1240,FAVORLANG,An.WESTERN_PLAINS_AUSTRONESIAN.FAVORLANG
Papora-Hoanya,papo1239,PAPORA,An.WESTERN_PLAINS_AUSTRONESIAN.PAPORA
Papora-Hoanya,papo1239,PAPORA_2,An.WESTERN_PLAINS_AUSTRONESIAN.PAPORA_2
,,AURAN_KULON_PAZEH,An.NORTHWEST_FORMOSAN.AURAN_KULON_PAZEH
,,PAZEH,An.NORTHWEST_FORMOSAN.PAZEH
Saisiyat,sais1237,SAISIYAT,An.NORTHWEST_FORMOSAN.SAISIYAT
Saisiyat,sais1237,TAAI_SAISIYAT,An.NORTHWEST_FORMOSAN.TAAI_SAISIYAT
Saisiyat,sais1237,TUNGHO_SAISIYAT,An.NORTHWEST_FORMOSAN.TUNGHO_SAISIYAT
Atayal,atay1247,CIULI_ATAYAL,An.ATAYALIC.CIULI_ATAYAL
Atayal,atay1247,SQULIQ_ATAYAL,An.ATAYALIC.SQULIQ_ATAYAL
Atayal,atay1247,SKIKUN_ATAYAL,An.ATAYALIC.SKIKUN_ATAYAL
Atayal,atay1247,ATAYAL,An.ATAYALIC.ATAYAL
Atayal,atay1247,MAYRINAX_ATAYAL,An.ATAYALIC.MAYRINAX_ATAYAL
Seediq,taro1264,SEDIQ,An.ATAYALIC.SEDIQ
Seediq,taro1264,HECUO_TAROKO,An.ATAYALIC.HECUO_TAROKO
Seediq,taro1264,TRUKU_TAROKO,An.ATAYALIC.TRUKU_TAROKO
Seediq,taro1264,PARAN_TAROKO,An.ATAYALIC.PARAN_TAROKO
Seediq,taro1264,TODA_TAROKO,An.ATAYALIC.TODA_TAROKO
Kanakanavu,kana1286,KANAKANABU,An.TSOU.KANAKANABU
Saaroa,saar1237,SAAROA,An.TSOU.SAAROA
Paiwan,paiw1248,PAIWAN,An.PAIWAN.PAIWAN
Paiwan,paiw1248,STIMUL_PAIWAN,An.PAIWAN.STIMUL_PAIWAN
Paiwan,paiw1248,TJUBAR_PAIWAN,An.PAIWAN.TJUBAR_PAIWAN
Paiwan,paiw1248,BUTANGLU_PAIWAN,An.PAIWAN.BUTANGLU_PAIWAN
Bunun,bunu1267,TAKITUDUH_BUNUN,An.ATAYALIC.TAKITUDUH_BUNUN
Bunun,bunu1267,TAKBANUAZ_BUNUN,An.ATAYALIC.TAKBANUAZ_BUNUN
Bunun,bunu1267,BUNUN,An.ATAYALIC.BUNUN
Bunun,bunu1267,ISKUBUN,An.ATAYALIC.ISKUBUN
Sirayaic,sira1267,SIRAYA,An.EAST_FORMOSAN.SIRAYA
Kavalan,kava1241,KAVALAN,An.EAST_FORMOSAN.KAVALAN
Basay,basa1287,BASAY,An.EAST_FORMOSAN.BASAY
Kavalan,kava1241,KAVALAN_2,An.EAST_FORMOSAN.KAVALAN_2
Northern Amis,nata1254,NATAORAN_AMIS,An.EAST_FORMOSAN.NATAORAN_AMIS
Amis,amis1246,FARANG_AMIS,An.EAST_FORMOSAN.FARANG_AMIS
Amis,amis1246,FATAAN_AMIS,An.EAST_FORMOSAN.FATAAN_AMIS
Amis,amis1246,C_AMIS,An.EAST_FORMOSAN.C_AMIS
Northern Amis,nata1254,AMIS_NATAORAN,An.EAST_FORMOSAN.AMIS_NATAORAN
Chamorro,cham1312,CHAMORRO,An.CHAMORRO.CHAMORRO
Tiruray,tiru1241,TIRURAY,An.BILIC.TIRURAY
Koronadal Blaan,koro1310,BILAAN_KORONADAL,An.BILIC.BILAAN_KORONADAL
Sarangani Blaan,sara1326,BILAAN_SARANGANI,An.BILIC.BILAAN_SARANGANI
Tboli,tbol1240,TBOLI_TAGABILI,An.BILIC.TBOLI_TAGABILI
Tboli,tbol1240,TAGABILI,An.BILIC.TAGABILI
Boano (Sulawesi),boan1243,BOANO,An.CELEBIC.BOANO
Totoli,toto1304,TOTOLI,An.CELEBIC.TOTOLI
Lauje,lauj1238,LAUJE_AMPIBABO,An.CELEBIC.LAUJE_AMPIBABO
Lauje,lauj1238,LAUJE,An.CELEBIC.LAUJE
Dondo,dond1249,DONDO,An.CELEBIC.DONDO
Tomini,tomi1243,TOMINI,An.CELEBIC.TOMINI
Balaesang,bala1314,BALAESANG,An.CELEBIC.BALAESANG
Dampelas,damp1237,DAMPELAS,An.CELEBIC.DAMPELAS
Pendau,pend1242,PENDAU,An.CELEBIC.PENDAU
Tajio,taji1246,TAJIO,An.CELEBIC.TAJIO
Taje,taje1237,TAJE_PETAPA,An.CELEBIC.TAJE_PETAPA
Taje,taje1237,TAJE_TANAMPEDAGI,An.CELEBIC.TAJE_TANAMPEDAGI
Wotu,wotu1240,WOTU,An.CELEBIC.WOTU
Laiyolo,laiy1246,LAIYOLO,An.CELEBIC.LAIYOLO
Kamaru,kama1364,KAMARU,An.CELEBIC.KAMARU
Wolio,woli1241,WOLIO,An.CELEBIC.WOLIO
Rampi,ramp1243,RAMPI,An.CELEBIC.RAMPI
Bada (Indonesia),bada1261,BADA_INDONESIA,An.CELEBIC.BADA_INDONESIA
Sarudu,saru1242,SARUDU,An.CELEBIC.SARUDU
Uma,umaa1242,UMA,An.CELEBIC.UMA
Pamona,pamo1252,BAREE,An.CELEBIC.BAREE
Sedoa,sedo1237,SEDOA,An.CELEBIC.SEDOA
Ledo Kaili,ledo1238,SINDUE_TAWAILI,An.CELEBIC.SINDUE_TAWAILI
Ledo Kaili,ledo1238,TARA,An.CELEBIC.TARA
Topoiyo,topo1243,TOPOIYO,An.CELEBIC.TOPOIYO
Da'a Kaili,daak1235,DAA,An.CELEBIC.DAA
Moma,moma1242,MOMA,An.CELEBIC.MOMA
Banggai,bang1368,BANGGAI,An.CELEBIC.BANGGAI
Moronene,moro1287,MORONENE_TOKOTUA,An.CELEBIC.MORONENE_TOKOTUA
Moronene,moro1287,MORONENE,An.CELEBIC.MORONENE
Mori Bawah,mori1268,MORI_BAWAH,An.CELEBIC.MORI_BAWAH
Mori Bawah,mori1268,MORI_BAWAH_WATU,An.CELEBIC.MORI_BAWAH_WATU
Koroni,koro1311,KORONI,An.CELEBIC.KORONI
Taloki,talo1252,TALOKI,An.CELEBIC.TALOKI
Kulisusu,kuli1254,KULISUSU,An.CELEBIC.KULISUSU
Wawonii,wawo1239,WAWONII,An.CELEBIC.WAWONII
Wawonii,wawo1239,WAWONII_MENUI,An.CELEBIC.WAWONII_MENUI
Mori Atas,mori1269,MORI_ATAS,An.CELEBIC.MORI_ATAS
Padoe,pado1242,PADOE,An.CELEBIC.PADOE
Tomadino,toma1248,TOMADINO,An.CELEBIC.TOMADINO
Tolaki,tola1247,TOLAKI,An.CELEBIC.TOLAKI
Rahambuu,raha1237,RAHAMBUU,An.CELEBIC.RAHAMBUU
Waru,waru1266,WARU,An.CELEBIC.WARU
Tolaki,tola1247,TOLAKI_LAIWUI,An.CELEBIC.TOLAKI_LAIWUI
Waru,waru1266,WARU_LALOMERUI,An.CELEBIC.WARU_LALOMERUI
Kodeoha,kode1237,KODEOHA,An.CELEBIC.KODEOHA
Tolaki,tola1247,TOLAKI_MEKONGGA,An.CELEBIC.TOLAKI_MEKONGGA
Tolaki,tola1247,TOLAKI_ASERA,An.CELEBIC.TOLAKI_ASERA
Tolaki,tola1247,TOLAKI_KONAWE,An.CELEBIC.TOLAKI_KONAWE
Tolaki,tola1247,TOLAKI_WIWIRANO,An.CELEBIC.TOLAKI_WIWIRANO
Bonerate,bone1254,BONERATE,An.CELEBIC.BONERATE
Tukang Besi North,tuka1248,TUKANG_BESI_NORTHERN,An.CELEBIC.TUKANG_BESI_NORTHERN
Tukang Besi South,tuka1249,TUKANG_BESI_SOUTHERN,An.CELEBIC.TUKANG_BESI_SOUTHERN
Cia-Cia,ciac1237,MASIRI,An.CELEBIC.MASIRI
Cia-Cia,ciac1237,WABHULA,An.CELEBIC.WABHULA
Cia-Cia,ciac1237,PASARWAJO,An.CELEBIC.PASARWAJO
Cia-Cia,ciac1237,DESA_WALI,An.CELEBIC.DESA_WALI
Cia-Cia,ciac1237,MATO_NO_UWE,An.CELEBIC.MATO_NO_UWE
Cia-Cia,ciac1237,BATU_ATAS,An.CELEBIC.BATU_ATAS
Kumbewaha,kumb1274,KUMBEWAHA,An.CELEBIC.KUMBEWAHA
Lasalimu,lasa1237,LASALIMU,An.CELEBIC.LASALIMU
Busoa,buso1238,BUSOA,An.CELEBIC.BUSOA
Kaimbulawa,kaim1241,KAIMBULAWA,An.CELEBIC.KAIMBULAWA
Liabuku,liab1237,LIABUKA,An.CELEBIC.LIABUKA
Muna,muna1247,KADATUA,An.CELEBIC.KADATUA
Muna,muna1247,MUNA,An.CELEBIC.MUNA
Pancana,panc1247,TODANGA,An.CELEBIC.TODANGA
Pancana,panc1247,KAPONTORI,An.CELEBIC.KAPONTORI
Pancana,panc1247,WASUAMBA,An.CELEBIC.WASUAMBA
Pancana,panc1247,KAMBOA,An.CELEBIC.KAMBOA
Pancana,panc1247,LAWELE,An.CELEBIC.LAWELE
Lemolang,lemo1243,LEMOLANG,An.SOUTH_SULAWESI.LEMOLANG
Embaloh,emba1238,EMBALOH,An.SOUTH_SULAWESI.EMBALOH
Campalagian,camp1262,CAMPALAGIAN,An.SOUTH_SULAWESI.CAMPALAGIAN
Buginese,bugi1244,BUGINESE,An.SOUTH_SULAWESI.BUGINESE
Buginese,bugi1244,SOPPENG_BUGINESE,An.SOUTH_SULAWESI.SOPPENG_BUGINESE
Makasar,maka1311,MAKASAR,An.SOUTH_SULAWESI.MAKASAR
Makasar,maka1311,MAKASSARESE,An.SOUTH_SULAWESI.MAKASSARESE
Selayar,sela1260,SELAYAR,An.SOUTH_SULAWESI.SELAYAR
Coastal Konjo,coas1295,COASTAL_KONJO,An.SOUTH_SULAWESI.COASTAL_KONJO
Coastal Konjo,coas1295,KONJO,An.SOUTH_SULAWESI.KONJO
Budong-Budong,budo1241,BUDONG_BUDONG,An.SOUTH_SULAWESI.BUDONG_BUDONG
Panasuan,pana1303,PANASUAN,An.SOUTH_SULAWESI.PANASUAN
Mamuju,mamu1255,MAMUJU,An.SOUTH_SULAWESI.MAMUJU
Mandar,mand1442,MANDAR,An.SOUTH_SULAWESI.MANDAR
Kalumpang,kalu1247,TARINDING,An.SOUTH_SULAWESI.TARINDING
Mamasa,mama1276,DAMA_DAMA,An.SOUTH_SULAWESI.DAMA_DAMA
Tae',taee1237,TAE,An.SOUTH_SULAWESI.TAE
Tae',taee1237,TOALA,An.SOUTH_SULAWESI.TOALA
Toraja-Sa'dan,tora1261,SADAN,An.SOUTH_SULAWESI.SADAN
Mamasa,mama1276,PALLU,An.SOUTH_SULAWESI.PALLU
Mamasa,mama1276,TAUPE,An.SOUTH_SULAWESI.TAUPE
Bambam,bamb1270,SALU_MAKA,An.SOUTH_SULAWESI.SALU_MAKA
Bambam,bamb1270,MEHALAAN,An.SOUTH_SULAWESI.MEHALAAN
Ulumanda',ulum1237,BOTTENG,An.SOUTH_SULAWESI.BOTTENG
Bambam,bamb1270,SALU_HUHU,An.SOUTH_SULAWESI.SALU_HUHU
Bambam,bamb1270,KIHA,An.SOUTH_SULAWESI.KIHA
Bambam,bamb1270,TANETE,An.SOUTH_SULAWESI.TANETE
Bambam,bamb1270,SEPANG,An.SOUTH_SULAWESI.SEPANG
Bambam,bamb1270,SODANGAN,An.SOUTH_SULAWESI.SODANGAN
Bambam,bamb1270,RANTEPALADO,An.SOUTH_SULAWESI.RANTEPALADO
Bambam,bamb1270,SALUDENGAN,An.SOUTH_SULAWESI.SALUDENGAN
Bambam,bamb1270,TAORA,An.SOUTH_SULAWESI.TAORA
Bambam,bamb1270,MINANGNGA,An.SOUTH_SULAWESI.MINANGNGA
Bambam,bamb1270,MATANANGNGA,An.SOUTH_SULAWESI.MATANANGNGA
Aralle-Tabulahan,aral1243,MAMBI,An.SOUTH_SULAWESI.MAMBI
Ulumanda',ulum1237,KONDO,An.SOUTH_SULAWESI.KONDO
Aralle-Tabulahan,aral1243,ARALLE,An.SOUTH_SULAWESI.ARALLE
Aralle-Tabulahan,aral1243,TABULAHAN_CAMPBELL,An.SOUTH_SULAWESI.TABULAHAN_CAMPBELL
Aralle-Tabulahan,aral1243,TABULAHAN_MCKENZIE,An.SOUTH_SULAWESI.TABULAHAN_MCKENZIE
Moken,moke1242,MOKEN,An.MOKLEN.MOKEN
Tonsawang,tons1239,TONSAWANG,An.SULAWESI.TONSAWANG
Tontemboan,tont1239,TONTEMBOAN,An.SULAWESI.TONTEMBOAN
Tombulu,tomb1243,TOMBULU,An.SULAWESI.TOMBULU
Tondano,tond1251,TONDANO,An.SULAWESI.TONDANO
Tonsea,tons1240,TONSEA,An.SULAWESI.TONSEA
Palauan,pala1344,PALAUAN,An.PALAUAN.PALAUAN
Calamian Tagbanwa,cala1258,TAGBANWA_KALAMIAN,An.GREATER_CENTRAL_PHILIPPINE.TAGBANWA_KALAMIAN
Bantik,bant1286,BANTIK,An.SANGIRIC.BANTIK
Ratahan,rata1244,RATAHAN,An.SANGIRIC.RATAHAN
Talaud,tala1285,TALAUD,An.SANGIRIC.TALAUD
Sangir,sang1336,SANGIR,An.SANGIRIC.SANGIR
Sangir,sang1336,SANGIR_2,An.SANGIRIC.SANGIR_2
Sangil,sang1337,SANGIL,An.SANGIRIC.SANGIL
Sangil,sang1337,SANGIL_SARANGANI_ISLANDS,An.SANGIRIC.SANGIL_SARANGANI_ISLANDS
Pampanga,pamp1243,KAPAMPANGAN,An.CENTRAL_LUZON.KAPAMPANGAN
Hatang Kayi,remo1247,SINAUNA,An.CENTRAL_LUZON.SINAUNA
Abenlen Ayta,aben1249,AYTA_ABELLEN,An.BILIC.AYTA_ABELLEN
Botolan Sambal,boto1242,SAMBAL_BOTOLAN,An.BILIC.SAMBAL_BOTOLAN
Bolinao,boli1256,BOLIANO,An.BILIC.BOLIANO
Tinà Sambal,tina1248,SAMBAL,An.BILIC.SAMBAL
Ibatan,ibat1238,BABUYAN,An.NORTHERN_LUZON.BABUYAN
Itbayat,ivat1242,IVASAY_IVATAN,An.BATANIC.IVASAY_IVATAN
Itbayat,ivat1242,ISAMORONG_IVATAN,An.BATANIC.ISAMORONG_IVATAN
Itbayat,ivat1242,IMOROD,An.BATANIC.IMOROD
Yami,yami1254,YAMI_2,An.BATANIC.YAMI_2
Itbayat,ivat1242,IRARALAY_IVATAN,An.BATANIC.IRARALAY_IVATAN
Itbayat,ivat1242,IVATAN_BATANES_ISLANDS,An.BATANIC.IVATAN_BATANES_ISLANDS
Yami,yami1254,YAMI,An.BATANIC.YAMI
Itbayat,ivat1242,ITBAYATEN_BATANES_ISLANDS,An.BATANIC.ITBAYATEN_BATANES_ISLANDS
Arta,arta1239,ARTA,An.NORTHERN_LUZON.ARTA
Dupaninan Agta,dupa1235,DUPANINGAN_AGTA,An.NORTHERN_LUZON.DUPANINGAN_AGTA
Casiguran-Nagtipunan Agta,casi1235,CASIGURAN_NEGRITO,An.NORTHERN_LUZON.CASIGURAN_NEGRITO
Casiguran-Nagtipunan Agta,casi1235,DUMAGAT_CASIGURAN,An.NORTHERN_LUZON.DUMAGAT_CASIGURAN
Isnag,isna1241,ISNEG,An.NORTHERN_LUZON.ISNEG
Isnag,isna1241,ISNAG,An.NORTHERN_LUZON.ISNAG
Ibanag,iban1267,IBANAG,An.NORTHERN_LUZON.IBANAG
Pamplona Atta,pamp1244,ATTA_PAMPLONA,An.NORTHERN_LUZON.ATTA_PAMPLONA
Yogad,yoga1237,YOGAD,An.NORTHERN_LUZON.YOGAD
Gaddang,gadd1244,GADDANG,An.NORTHERN_LUZON.GADDANG
Central Cagayan Agta,cent2084,AGTA,An.NORTHERN_LUZON.AGTA
Itawit,itaw1240,ITAWIT,An.NORTHERN_LUZON.ITAWIT
Iloko,ilok1237,ILOKANO,An.NORTHERN_LUZON.ILOKANO
Northern Alta,nort2875,ALTA_NORTHERN,An.NORTHERN_LUZON.ALTA_NORTHERN
Southern Alta,sout2905,ALTA_SOUTHERN,An.NORTHERN_LUZON.ALTA_SOUTHERN
Ilongot,ilon1239,ILONGOT_KAKIDUGEN,An.NORTHERN_LUZON.ILONGOT_KAKIDUGEN
Pangasinan,pang1290,PANGASINAN,An.NORTHERN_LUZON.PANGASINAN
Ibaloi,ibal1244,IBALOI,An.NORTHERN_LUZON.IBALOI
Ibaloi,ibal1244,INIBALOI,An.NORTHERN_LUZON.INIBALOI
Keley-i Kallahan,kele1259,KALLAHAN_KELEYQIQ_IFUGAO,An.NORTHERN_LUZON.KALLAHAN_KELEYQIQ_IFUGAO
Keley-i Kallahan,kele1259,IFUGAO_BAYNINAN,An.NORTHERN_LUZON.IFUGAO_BAYNINAN
Ahin-Kayapa Kalanguya,ahin1234,KALLAHAN_KAYAPA_PROPER,An.NORTHERN_LUZON.KALLAHAN_KAYAPA_PROPER
Balangao,bala1310,BALANGAW,An.NORTHERN_LUZON.BALANGAW
Amganad Ifugao,amga1235,IFUGAO_AMGANAD,An.NORTHERN_LUZON.IFUGAO_AMGANAD
Batad Ifugao,bata1298,IFUGAO_BATAD,An.NORTHERN_LUZON.IFUGAO_BATAD
Kankanaey,kank1243,KANKANAEY,An.NORTHERN_LUZON.KANKANAEY
Northern Kankanay,nort2877,KANKANAY_NORTHERN,An.NORTHERN_LUZON.KANKANAY_NORTHERN
Central Bontoc,cent2292,CENTRAL_BONTOC,An.NORTHERN_LUZON.CENTRAL_BONTOC
Central Bontoc,cent2292,BONTOC_GUINAANG,An.NORTHERN_LUZON.BONTOC_GUINAANG
Eastern Bontok,east2881,FINALLIG,An.NORTHERN_LUZON.FINALLIG
Binongan Itneg,bino1237,ITNEG_BINONGAN,An.NORTHERN_LUZON.ITNEG_BINONGAN
Limos Kalinga,limo1248,KALINGA_LIMOS,An.NORTHERN_LUZON.KALINGA_LIMOS
Limos Kalinga,limo1248,LIMOS_KALINGA,An.NORTHERN_LUZON.LIMOS_KALINGA
Lubuagan Kalinga,lubu1243,KALINGA_GUINAANG,An.NORTHERN_LUZON.KALINGA_GUINAANG
Bangad,sout2908,SOUTHERN_KALINGA,An.NORTHERN_LUZON.SOUTHERN_KALINGA
Tanudan Kalinga,lowe1412,MINANGALI_LOWER_TANUDAN_KALINGA,An.NORTHERN_LUZON.MINANGALI_LOWER_TANUDAN_KALINGA
Mongondow,mong1342,MONGONDOW,An.GREATER_CENTRAL_PHILIPPINE.MONGONDOW
Buol,buol1237,BUOL,An.GREATER_CENTRAL_PHILIPPINE.BUOL
Gorontalo,goro1259,GORONTALO,An.GREATER_CENTRAL_PHILIPPINE.GORONTALO
Kaidipang,kaid1239,KAIDIPANG,An.GREATER_CENTRAL_PHILIPPINE.KAIDIPANG
Umiray Dumaget Agta,umir1236,UMIRAY_DUMAGET_AGTA,An.GREATER_CENTRAL_PHILIPPINE.UMIRAY_DUMAGET_AGTA
Hanunoo,hanu1241,HANUNOO,An.GREATER_CENTRAL_PHILIPPINE.HANUNOO
Tagbanwa,tagb1258,TAGBANUA_ABORLAN,An.GREATER_CENTRAL_PHILIPPINE.TAGBANUA_ABORLAN
Tagbanwa,tagb1258,TAGBANWA_ABORLAN,An.GREATER_CENTRAL_PHILIPPINE.TAGBANWA_ABORLAN
Batak,bata1301,BATAK,An.GREATER_CENTRAL_PHILIPPINE.BATAK
Batak,bata1301,BATAK_PALAWAN,An.GREATER_CENTRAL_PHILIPPINE.BATAK_PALAWAN
Central Tagbanwa,cent2090,CENTRAL_TAGBANWA,An.GREATER_CENTRAL_PHILIPPINE.CENTRAL_TAGBANWA
Molbog,molb1237,MOLBOG,An.GREATER_CENTRAL_PHILIPPINE.MOLBOG
Molbog,molb1237,MOLBOG_2,An.GREATER_CENTRAL_PHILIPPINE.MOLBOG_2
Central Palawano,cent2091,QUEZON_PALAWAN,An.GREATER_CENTRAL_PHILIPPINE.QUEZON_PALAWAN
Central Palawano,cent2091,TAUT_BATU,An.GREATER_CENTRAL_PHILIPPINE.TAUT_BATU
Southwest Palawano,sout2916,SOUTHWEST_PALAWANO,An.GREATER_CENTRAL_PHILIPPINE.SOUTHWEST_PALAWANO
Brooke's Point Palawano,broo1239,PALAWANO_BATAK,An.GREATER_CENTRAL_PHILIPPINE.PALAWANO_BATAK
Brooke's Point Palawano,broo1239,BROOKES_POINT_PALAWAN,An.GREATER_CENTRAL_PHILIPPINE.BROOKES_POINT_PALAWAN
Southwest Palawano,sout2916,CANIPAAN_PALAWAN,An.GREATER_CENTRAL_PHILIPPINE.CANIPAAN_PALAWAN
Sabah Iranun,saba1284,IRANUN,An.GREATER_CENTRAL_PHILIPPINE.IRANUN
Maranao,mara1404,MARANAO,An.GREATER_CENTRAL_PHILIPPINE.MARANAO
Maguindanao,magu1243,MAGUINDANAO,An.GREATER_CENTRAL_PHILIPPINE.MAGUINDANAO
Maguindanao,magu1243,MORO_MAGINDANAU,An.GREATER_CENTRAL_PHILIPPINE.MORO_MAGINDANAU
Kagayanen,kaga1256,KAGAYANEN,An.GREATER_CENTRAL_PHILIPPINE.KAGAYANEN
Talaandig-Binukid,binu1244,BINUKID,An.GREATER_CENTRAL_PHILIPPINE.BINUKID
Tagabawa,taga1272,TAGABAWA,An.GREATER_CENTRAL_PHILIPPINE.TAGABAWA
Cotabato Manobo,cota1241,MANOBO_KALAMANSIG_COTABATO,An.GREATER_CENTRAL_PHILIPPINE.MANOBO_KALAMANSIG_COTABATO
Sarangani Manobo,sara1327,MANOBO_SARANGANI,An.GREATER_CENTRAL_PHILIPPINE.MANOBO_SARANGANI
Ilianen Manobo,ilia1236,MANOBO_ILIANEN,An.GREATER_CENTRAL_PHILIPPINE.MANOBO_ILIANEN
Western Bukidnon Manobo,west2555,MANOBO_WESTERN_BUKIDNON,An.GREATER_CENTRAL_PHILIPPINE.MANOBO_WESTERN_BUKIDNON
Dibabawon Manobo,diba1242,MANOBO_DIBABAWON,An.GREATER_CENTRAL_PHILIPPINE.MANOBO_DIBABAWON
Ata Manobo,atam1240,MANOBO_ATA,An.GREATER_CENTRAL_PHILIPPINE.MANOBO_ATA
Matigsalug Manobo,mati1250,MANOBO_TIGWA,An.GREATER_CENTRAL_PHILIPPINE.MANOBO_TIGWA
Western Subanon,west2557,SUBANON_SIOCON,An.GREATER_CENTRAL_PHILIPPINE.SUBANON_SIOCON
Central Subanen,cent2089,SUBANUN_SINDANGAN,An.GREATER_CENTRAL_PHILIPPINE.SUBANUN_SINDANGAN
Tagakaulu Kalagan,taga1268,KALAGAN,An.GREATER_CENTRAL_PHILIPPINE.KALAGAN
Tagakaulu Kalagan,taga1268,KALAGAN_TAGAKAOLO,An.GREATER_CENTRAL_PHILIPPINE.KALAGAN_TAGAKAOLO
Kagan Kalagan,kaga1255,KALAGAN_KAAGAN,An.GREATER_CENTRAL_PHILIPPINE.KALAGAN_KAAGAN
Kalagan,kala1388,MANDAYAN_ISLAM_PISO,An.GREATER_CENTRAL_PHILIPPINE.MANDAYAN_ISLAM_PISO
Mandaya,kara1489,MANDAYAN_CARAGA,An.GREATER_CENTRAL_PHILIPPINE.MANDAYAN_CARAGA
Mandaya,kara1489,MANDAYAN_BOSO,An.GREATER_CENTRAL_PHILIPPINE.MANDAYAN_BOSO
Mansaka,mans1262,MANSAKA,An.GREATER_CENTRAL_PHILIPPINE.MANSAKA
Mansaka,mans1262,MANSAKA_2,An.GREATER_CENTRAL_PHILIPPINE.MANSAKA_2
Camarines Norte Agta,cama1250,MANIDE,An.GREATER_CENTRAL_PHILIPPINE.MANIDE
Minamanwa,mama1275,MAMANWA,An.GREATER_CENTRAL_PHILIPPINE.MAMANWA
Tagalog,taga1270,MARINDUQUE_TAGALOG,An.GREATER_CENTRAL_PHILIPPINE.MARINDUQUE_TAGALOG
Tagalog,taga1270,TAGALOG,An.GREATER_CENTRAL_PHILIPPINE.TAGALOG
Bantoanon,bant1288,BANTON_BANTOANON,An.GREATER_CENTRAL_PHILIPPINE.BANTON_BANTOANON
Cebuano,cebu1242,CEBUANO,An.GREATER_CENTRAL_PHILIPPINE.CEBUANO
Surigaonon,suri1273,SURIGAONON,An.GREATER_CENTRAL_PHILIPPINE.SURIGAONON
Butuanon,butu1244,BUTUANON,An.GREATER_CENTRAL_PHILIPPINE.BUTUANON
Tausug,taus1251,TAUSUG,An.GREATER_CENTRAL_PHILIPPINE.TAUSUG
Cuyonon,cuyo1237,CUYONON,An.GREATER_CENTRAL_PHILIPPINE.CUYONON
Aklanon,akla1240,AKLANON,An.GREATER_CENTRAL_PHILIPPINE.AKLANON
Kinaray-a,kina1250,KINARAY_A,An.GREATER_CENTRAL_PHILIPPINE.KINARAY_A
Romblomanon,romb1245,ROMBLOMANON_1,An.GREATER_CENTRAL_PHILIPPINE.ROMBLOMANON_1
Romblomanon,romb1245,ROMBLOMANON_2,An.GREATER_CENTRAL_PHILIPPINE.ROMBLOMANON_2
Waray Sorsogon,wara1299,SOUTHERN_SORSOGON,An.GREATER_CENTRAL_PHILIPPINE.SOUTHERN_SORSOGON
Waray (Philippines),wara1300,WARAY_WARAY,An.GREATER_CENTRAL_PHILIPPINE.WARAY_WARAY
Capiznon,capi1239,CAPIZNON,An.GREATER_CENTRAL_PHILIPPINE.CAPIZNON
Hiligaynon,hili1240,HILIGAYNON,An.GREATER_CENTRAL_PHILIPPINE.HILIGAYNON
Masbatenyo,masb1238,MASBATENYO,An.GREATER_CENTRAL_PHILIPPINE.MASBATENYO
Masbate Sorsogon,masb1237,NORTHERN_SORSOGON,An.GREATER_CENTRAL_PHILIPPINE.NORTHERN_SORSOGON
Northern Catanduanes Bicolano,nort2883,NORTHERN_CATANDUANES,An.GREATER_CENTRAL_PHILIPPINE.NORTHERN_CATANDUANES
Coastal-Virac Bikol,sout2912,SOUTHERN_CATANDUANES,An.GREATER_CENTRAL_PHILIPPINE.SOUTHERN_CATANDUANES
Coastal-Naga Bikol,cent2087,LEGAZPI,An.GREATER_CENTRAL_PHILIPPINE.LEGAZPI
Coastal-Naga Bikol,cent2087,CENTRAL_BICOLANO,An.GREATER_CENTRAL_PHILIPPINE.CENTRAL_BICOLANO
Coastal-Naga Bikol,cent2087,NAGA,An.GREATER_CENTRAL_PHILIPPINE.NAGA
Daraga,dara1251,DARAGA,An.GREATER_CENTRAL_PHILIPPINE.DARAGA
Buhi,buhi1243,BUHI,An.GREATER_CENTRAL_PHILIPPINE.BUHI
Oas,oass1237,OAS,An.GREATER_CENTRAL_PHILIPPINE.OAS
Libon,libo1242,LIBON,An.GREATER_CENTRAL_PHILIPPINE.LIBON
Buhi,buhi1243,BUHINON_ALBAY_BICOLANO,An.GREATER_CENTRAL_PHILIPPINE.BUHINON_ALBAY_BICOLANO
Iriga Bicolano,irig1242,IRIGA,An.GREATER_CENTRAL_PHILIPPINE.IRIGA
Batak Karo,bata1293,KARO_BATAK,An.NORTHWEST_SUMATRA_BARRIER_ISLANDS.KARO_BATAK
Batak Toba,bata1289,TOBA_BATAK,An.NORTHWEST_SUMATRA_BARRIER_ISLANDS.TOBA_BATAK
Batak Angkola,bata1290,BATAK_ANGKOLA,An.NORTHWEST_SUMATRA_BARRIER_ISLANDS.BATAK_ANGKOLA
Batak Mandailing,bata1291,BATAK_MANDAILING,An.NORTHWEST_SUMATRA_BARRIER_ISLANDS.BATAK_MANDAILING
Gayo,gayo1244,GAYO,An.NORTHWEST_SUMATRA_BARRIER_ISLANDS.GAYO
Simeulue,sime1241,SIMALUR,An.NORTHWEST_SUMATRA_BARRIER_ISLANDS.SIMALUR
Mentawai,ment1249,MENTAWAI,An.NORTHWEST_SUMATRA_BARRIER_ISLANDS.MENTAWAI
Sikule,siku1242,SICHULE,An.NORTHWEST_SUMATRA_BARRIER_ISLANDS.SICHULE
Nias,nias1242,NIAS_SOUTHERN,An.NORTHWEST_SUMATRA_BARRIER_ISLANDS.NIAS_SOUTHERN
Nias,nias1242,NIAS_NORTHERN,An.NORTHWEST_SUMATRA_BARRIER_ISLANDS.NIAS_NORTHERN
Komering,kome1238,KOMERING,An.LAMPUNGIC.KOMERING
Komering,kome1238,KAYU_AGUNG_ASLI_KOMERING,An.LAMPUNGIC.KAYU_AGUNG_ASLI_KOMERING
Komering,kome1238,KAYU_AGUNG_PENDATANG_KOMERING,An.LAMPUNGIC.KAYU_AGUNG_PENDATANG_KOMERING
Lampung Nyo,lamp1242,MENGGALA_TULANG_BAWANG_LAMPUNG_NYO,An.LAMPUNGIC.MENGGALA_TULANG_BAWANG_LAMPUNG_NYO
Lampung Nyo,lamp1242,ABUNG_SUKADANA_LAMPUNG_NYO,An.LAMPUNGIC.ABUNG_SUKADANA_LAMPUNG_NYO
Lampung Api,lamp1243,LAMPUNG,An.LAMPUNGIC.LAMPUNG
Lampung Nyo,lamp1242,LAMPUNG_NYO_MELINTING,An.LAMPUNGIC.LAMPUNG_NYO_MELINTING
Lampung Nyo,lamp1242,LAMPUNG_NYO_ABUNG_KOTABUMI,An.LAMPUNGIC.LAMPUNG_NYO_ABUNG_KOTABUMI
Lampung Api,lamp1243,JABUNG_LAMPUNG_API,An.LAMPUNGIC.JABUNG_LAMPUNG_API
Lampung Api,lamp1243,PUBIAN_LAMPUNG_API,An.LAMPUNGIC.PUBIAN_LAMPUNG_API
Lampung Api,lamp1243,SUNGKAI_LAMPUNG_API,An.LAMPUNGIC.SUNGKAI_LAMPUNG_API
Komering,kome1238,ILIR_KOMERING,An.LAMPUNGIC.ILIR_KOMERING
Komering,kome1238,ADUMANIS_ULU_KOMERING,An.LAMPUNGIC.ADUMANIS_ULU_KOMERING
Lampung Api,lamp1243,WAY_KANAN_LAMPUNG_API,An.LAMPUNGIC.WAY_KANAN_LAMPUNG_API
Lampung Api,lamp1243,DAYA_LAMPUNG_API,An.LAMPUNGIC.DAYA_LAMPUNG_API
Komering,kome1238,PERJAYA_ULU_KOMERING,An.LAMPUNGIC.PERJAYA_ULU_KOMERING
Lampung Api,lamp1243,RANAU_LAMPUNG_API,An.LAMPUNGIC.RANAU_LAMPUNG_API
Lampung Api,lamp1243,KRUI_LAMPUNG_API,An.LAMPUNGIC.KRUI_LAMPUNG_API
Lampung Api,lamp1243,SUKAU_LAMPUNG_API,An.LAMPUNGIC.SUKAU_LAMPUNG_API
Lampung Api,lamp1243,BELALAU_LAMPUNG_API,An.LAMPUNGIC.BELALAU_LAMPUNG_API
Lampung Api,lamp1243,KOTA_AGUNG_LAMPUNG_API,An.LAMPUNGIC.KOTA_AGUNG_LAMPUNG_API
Lampung Api,lamp1243,TALANG_PADANG_LAMPUNG_API,An.LAMPUNGIC.TALANG_PADANG_LAMPUNG_API
Lampung Api,lamp1243,WAY_LIMA_LAMPUNG_API,An.LAMPUNGIC.WAY_LIMA_LAMPUNG_API
Lampung Api,lamp1243,KALIANDA_LAMPUNG_API,An.LAMPUNGIC.KALIANDA_LAMPUNG_API
Kawi,kawi1241,OLD_JAVANESE,An.JAVANESE.OLD_JAVANESE
,,OLD_OR_MIDDLE_JAVANESE,An.JAVANESE.OLD_OR_MIDDLE_JAVANESE
Javanese,java1254,MALANG,An.JAVANESE.MALANG
Tengger,teng1272,TENGGER_NGADAS,An.JAVANESE.TENGGER_NGADAS
Javanese,java1254,YOGYAKARTA,An.JAVANESE.YOGYAKARTA
Madurese,nucl1460,MADURESE,An.MALAYO_SUMBAWAN.MADURESE
Sundanese,sund1252,SUNDANESE,An.MALAYO_SUMBAWAN.SUNDANESE
Balinese,bali1278,BALI,An.MALAYO_SUMBAWAN.BALI
Sasak,sasa1249,SASAK,An.MALAYO_SUMBAWAN.SASAK
Sumbawa,sumb1241,SUMBAWA,An.MALAYO_SUMBAWAN.SUMBAWA
Acehnese,achi1257,ACEH,An.MALAYO_SUMBAWAN.ACEH
Eastern Cham,east2563,CHAM_EASTERN,An.MALAYO_SUMBAWAN.CHAM_EASTERN
Western Cham,west2650,CHAM_WESTERN,An.MALAYO_SUMBAWAN.CHAM_WESTERN
Jarai,jara1266,JARAI,An.MALAYO_SUMBAWAN.JARAI
Rade,rade1240,RADE,An.MALAYO_SUMBAWAN.RADE
Chru,chru1239,CHRU,An.MALAYO_SUMBAWAN.CHRU
Northern Roglai,nort2994,NORTHERN_ROGLAI,An.MALAYO_SUMBAWAN.NORTHERN_ROGLAI
Tsat,tsat1238,TSAT,An.MALAYO_SUMBAWAN.TSAT
Malayic Dayak,mala1480,DELANG,An.MALAYO_SUMBAWAN.DELANG
Kendayan-Belangin,kend1254,SALAKO_BADAMEA,An.MALAYO_SUMBAWAN.SALAKO_BADAMEA
Malayic Dayak,mala1480,TAMUAN,An.MALAYO_SUMBAWAN.TAMUAN
Kupang Malay,kupa1239,KUPANG_MALAY,An.MALAYO_SUMBAWAN.KUPANG_MALAY
Manado Malay,mala1481,MANADONESE,An.MALAYO_SUMBAWAN.MANADONESE
North Moluccan Malay,nort2828,TERNATE_PASAR,An.MALAYO_SUMBAWAN.TERNATE_PASAR
Banda Malay,band1353,SEKOLA_LONTHOIR_BANDA,An.MALAYO_SUMBAWAN.SEKOLA_LONTHOIR_BANDA
Banda Malay,band1353,SEKOLA_NEIRA_BANDA,An.MALAYO_SUMBAWAN.SEKOLA_NEIRA_BANDA
Banda Malay,band1353,AI_BANDA,An.MALAYO_SUMBAWAN.AI_BANDA
Ambonese Malay,ambo1250,AMBONESE_MALAY,An.MALAYO_SUMBAWAN.AMBONESE_MALAY
Ambonese Malay,ambo1250,AMBON_MALEIS,An.MALAYO_SUMBAWAN.AMBON_MALEIS
Lubu,lubu1241,LUBU,An.MALAYO_SUMBAWAN.LUBU
Minangkabau,mina1268,MINANGKABAU,An.MALAYO_SUMBAWAN.MINANGKABAU
Kerinci,keri1250,KERINCI,An.MALAYO_SUMBAWAN.KERINCI
Kerinci,keri1250,KERINCI_2,An.MALAYO_SUMBAWAN.KERINCI_2
Kelantan-Pattani Malay,patt1249,MALAY_PATTANI,An.MALAYO_SUMBAWAN.MALAY_PATTANI
Urak Lawoi',urak1238,URAK_LAWOI,An.MALAYO_SUMBAWAN.URAK_LAWOI
Central Malay,mala1479,PALEMBANG_MALAY,An.MALAYO_SUMBAWAN.PALEMBANG_MALAY
Temuan,temu1239,TEMUAN,An.MALAYO_SUMBAWAN.TEMUAN
Central Malay,mala1479,MALAY,An.MALAYO_SUMBAWAN.MALAY
Banjar,banj1239,BANJARESE_MALAY,An.MALAYO_SUMBAWAN.BANJARESE_MALAY
Brunei,brun1242,BRUNEI,An.MALAYO_SUMBAWAN.BRUNEI
Remun,remu1237,REMUN,An.MALAYO_SUMBAWAN.REMUN
Sebuyau,sebu1243,SEBUYAU,An.MALAYO_SUMBAWAN.SEBUYAU
Iban,iban1264,IBAN,An.MALAYO_SUMBAWAN.IBAN
Mualang,mual1241,MUALANG,An.MALAYO_SUMBAWAN.MUALANG
South Barisan Malay,cent2053,BESEMAH,An.MALAYO_SUMBAWAN.BESEMAH
South Barisan Malay,cent2053,OGAN,An.MALAYO_SUMBAWAN.OGAN
Bangka,bang1365,LOM,An.MALAYO_SUMBAWAN.LOM
Standard Indonesian,indo1316,INDONESIAN_2,An.MALAYO_SUMBAWAN.INDONESIAN_2
Standard Indonesian,indo1316,INDONESIAN,An.MALAYO_SUMBAWAN.INDONESIAN
Standard Indonesian,indo1316,INDONESIAN_JAKARTA,An.MALAYO_SUMBAWAN.INDONESIAN_JAKARTA
Kubu,kubu1239,KUBU,An.MALAYO_SUMBAWAN.KUBU
Jambi Malay,jamb1236,JAMBI_MALAY,An.MALAYO_SUMBAWAN.JAMBI_MALAY
Onya Darat,sema1269,KUALAN,An.LAND_DAYAK.KUALAN
Riuk Bekati',beka1241,BEKATI,An.LAND_DAYAK.BEKATI
Rara Bakati',rara1235,LARA,An.LAND_DAYAK.LARA
Bukar-Sadung Bidayuh,buka1257,BUKAR_SADONG_BIDAYUH,An.LAND_DAYAK.BUKAR_SADONG_BIDAYUH
Rejang,reja1240,REJANG,An.REJANG.REJANG
Bau-Jagoi Bidayuh,baub1235,BIDAYUH_BAU,An.LAND_DAYAK.BIDAYUH_BAU
Biatah Bidayuh,biat1246,BIATAH_BIDAYUH,An.LAND_DAYAK.BIATAH_BIDAYUH
Bau-Jagoi Bidayuh,baub1235,SINGHI,An.LAND_DAYAK.SINGHI
Bonggi,bong1289,BONGGI,An.BARITO.BONGGI
Ida'an,idaa1241,IDAAN,An.NORTH_BORNEO.IDAAN
Brunei Bisaya-Dusun,brun1245,BISAYA_BRUNEI,An.NORTH_BORNEO.BISAYA_BRUNEI
Sabah Bisaya,saba1267,BISAYA_SABAH,An.NORTH_BORNEO.BISAYA_SABAH
Kadazan Dusun,cent2100,DUSUN_TEMPASUK,An.NORTH_BORNEO.DUSUN_TEMPASUK
Kadazan Dusun,cent2100,CENTRAL_DUSUN,An.NORTH_BORNEO.CENTRAL_DUSUN
Kadazan Dusun,cent2100,TAMBUNAN_DUSUN,An.NORTH_BORNEO.TAMBUNAN_DUSUN
Southern Tidung,sout3241,TIDONG,An.NORTH_BORNEO.TIDONG
Tatana,tata1257,TATANA,An.NORTH_BORNEO.TATANA
Timugon Murut,timu1262,TIMUGON_MURUT,An.NORTH_BORNEO.TIMUGON_MURUT
Burusu,buru1304,BURUSU,An.NORTH_BORNEO.BURUSU
Rejang Kayan,reja1241,REJANG_KAYAN,An.KAYAN_MURIK.REJANG_KAYAN
Modang,moda1244,MODANG,An.KAYAN_MURIK.MODANG
Segai,sega1243,SEGAI,An.KAYAN_MURIK.SEGAI
Bolongan,bolo1268,BOLONGAN,An.NORTH_BORNEO.BOLONGAN
Bukat,buka1261,BUKAT,An.KAYAN_MURIK.BUKAT
Bukitan,buki1248,BUKITAN,An.NORTH_BORNEO.BUKITAN
Lahanan,laha1253,LAHANAN,An.NORTH_BORNEO.LAHANAN
Daro-Matu Melanau,daro1239,DARO_MATU,An.NORTH_BORNEO.DARO_MATU
Central Melanau,cent2101,MUKAH_MELANAU,An.NORTH_BORNEO.MUKAH_MELANAU
Kanowit-Tanjong Melanau,kano1244,KANOWIT,An.NORTH_BORNEO.KANOWIT
Kanowit-Tanjong Melanau,kano1244,TANJONG,An.NORTH_BORNEO.TANJONG
Bintulu,bint1246,BINTULU,An.NORTH_BORNEO.BINTULU
Lundayeh,lund1271,LUN_BAWANG,An.NORTH_BORNEO.LUN_BAWANG
Kelabit,kela1258,BARIO_KELABIT,An.NORTH_BORNEO.BARIO_KELABIT
Sa'ban,saba1265,SAABAN,An.NORTH_BORNEO.SAABAN
Tring,trin1273,TRING,An.NORTH_BORNEO.TRING
Usun Apau Kenyah,main1275,LONG_ANAP_KENYAH,An.KAYAN_MURIK.LONG_ANAP_KENYAH
Sebop,sebo1238,SEBOP_KENYAH,An.KAYAN_MURIK.SEBOP_KENYAH
Western Penan,west2563,WESTERN_PENAN,An.NORTH_BORNEO.WESTERN_PENAN
West Berawan,west2564,LONG_TERAWAN_BERAWAN,An.NORTH_BORNEO.LONG_TERAWAN_BERAWAN
Central Berawan,cent2098,CENTRAL_BERAWAN,An.NORTH_BORNEO.CENTRAL_BERAWAN
East Berawan,east2486,EAST_BERAWAN,An.NORTH_BORNEO.EAST_BERAWAN
Lelak,lela1246,LELAK,An.NORTH_BORNEO.LELAK
Narom,naro1251,NAROM,An.NORTH_BORNEO.NAROM
Kiput,kipu1237,KIPUT,An.NORTH_BORNEO.KIPUT
Lemeting,bela1260,BELAIT,An.NORTH_BORNEO.BELAIT
Tutong,tuto1241,TUTONG_2,An.NORTH_BORNEO.TUTONG_2
Inabaknon,inab1237,INABAKNON,An.SAMA_BAJAW.INABAKNON
Yakan,yaka1277,YAKAN,An.SAMA_BAJAW.YAKAN
Balangingi,bala1311,BALANGINGI_SAMA,An.SAMA_BAJAW.BALANGINGI_SAMA
Central Sama,cent2092,SAMAL,An.SAMA_BAJAW.SAMAL
Southern Sama,sout2918,SIBUTU_SOUTHERN_SAMA,An.SAMA_BAJAW.SIBUTU_SOUTHERN_SAMA
Pangutaran Sama,pang1291,PANGUTARAN_SAMA,An.SAMA_BAJAW.PANGUTARAN_SAMA
West Coast Bajau,west2560,BAJAU_WEST_COAST,An.SAMA_BAJAW.BAJAU_WEST_COAST
Mapun,mapu1244,MAPUN,An.SAMA_BAJAW.MAPUN
Indonesian Bajau,indo1317,LUWUK_BAJAU,An.SAMA_BAJAW.LUWUK_BAJAU
Indonesian Bajau,indo1317,INDONESIAN_BAJAU,An.SAMA_BAJAW.INDONESIAN_BAJAU
Indonesian Bajau,indo1317,LEMO_BAJAU,An.SAMA_BAJAW.LEMO_BAJAU
Indonesian Bajau,indo1317,LAKARAMBA_BAJAU,An.SAMA_BAJAW.LAKARAMBA_BAJAU
Indonesian Bajau,indo1317,KOLO_BAWAH_BAJAU,An.SAMA_BAJAW.KOLO_BAWAH_BAJAU
Indonesian Bajau,indo1317,KAYUADI_BAJAU,An.SAMA_BAJAW.KAYUADI_BAJAU
Indonesian Bajau,indo1317,PADEI_LAUT_BAJAU,An.SAMA_BAJAW.PADEI_LAUT_BAJAU
Indonesian Bajau,indo1317,LAKONEA_BAJAU,An.SAMA_BAJAW.LAKONEA_BAJAU
Indonesian Bajau,indo1317,KALEROANG_BAJAU,An.SAMA_BAJAW.KALEROANG_BAJAU
Indonesian Bajau,indo1317,LANGARA_LAUT_BAJAU,An.SAMA_BAJAW.LANGARA_LAUT_BAJAU
Indonesian Bajau,indo1317,BOEPINANG_BAJAU,An.SAMA_BAJAW.BOEPINANG_BAJAU
Indonesian Bajau,indo1317,LAURU_BAJAU,An.SAMA_BAJAW.LAURU_BAJAU
Indonesian Bajau,indo1317,LAPULU_BAJAU,An.SAMA_BAJAW.LAPULU_BAJAU
Indonesian Bajau,indo1317,MORAMO_BAJAU,An.SAMA_BAJAW.MORAMO_BAJAU
Indonesian Bajau,indo1317,BAJOE_BAJAU,An.SAMA_BAJAW.BAJOE_BAJAU
Indonesian Bajau,indo1317,ANAIWOI_BAJAU,An.SAMA_BAJAW.ANAIWOI_BAJAU
Indonesian Bajau,indo1317,PITULUA_BAJAU,An.SAMA_BAJAW.PITULUA_BAJAU
Tunjung,tunj1244,TUNJUNG,An.BARITO.TUNJUNG
Siang,sian1254,MURUNG_SIANG,An.BARITO.MURUNG_SIANG
Ot Danum,otda1235,KADORIH,An.BARITO.KADORIH
Siang,sian1254,SIANG,An.BARITO.SIANG
Ngaju,ngaj1237,NGAJU_BAAMANG,An.BARITO.NGAJU_BAAMANG
Ngaju,ngaj1237,KATINGAN,An.BARITO.KATINGAN
Ngaju,ngaj1237,KAPUAS_KAHAYAN,An.BARITO.KAPUAS_KAHAYAN
Ngaju,ngaj1237,NGAJU_PULOPETAK,An.BARITO.NGAJU_PULOPETAK
Ngaju,ngaj1237,NGAJU_OLOH_MANGTANGAI,An.BARITO.NGAJU_OLOH_MANGTANGAI
Lawangan,lawa1257,LAWANGAN,An.BARITO.LAWANGAN
Tawoyan,tawo1243,TAWOYAN,An.BARITO.TAWOYAN
Dusun Deyah,dusu1271,DUSUN_DEYAH,An.BARITO.DUSUN_DEYAH
Paku,paku1239,PAKU,An.BARITO.PAKU
Dusun Witu,dusu1267,DUSUN_WITU,An.BARITO.DUSUN_WITU
Ma'anyan,maan1238,SAMIHIM,An.BARITO.SAMIHIM
Dusun Malang,dusu1269,DUSUN_MALANG,An.BARITO.DUSUN_MALANG
Tandroy Malagasy,tand1256,MALAGASY_TANDROY_2,An.BARITO.MALAGASY_TANDROY_2
Tandroy Malagasy,tand1256,MALAGASY_MAHAFALY,An.BARITO.MALAGASY_MAHAFALY
Tandroy Malagasy,tand1256,MALAGASY_TANDROY_1,An.BARITO.MALAGASY_TANDROY_1
Masikoro Malagasy,masi1268,MALAGASY_MASIKORO_MIARY,An.BARITO.MALAGASY_MASIKORO_MIARY
Tanosy Malagasy,tano1246,MALAGASY_TANOSY_TOLAGNARO,An.BARITO.MALAGASY_TANOSY_TOLAGNARO
Tandroy Malagasy,tand1256,MALAGASY_TANDROY_MAHAFALY_AMBOVOMBE,An.BARITO.MALAGASY_TANDROY_MAHAFALY_AMBOVOMBE
Tandroy Malagasy,tand1256,MALAGASY_TANDROY_MAHAFALY_AMPANIHY,An.BARITO.MALAGASY_TANDROY_MAHAFALY_AMPANIHY
Northern Betsimisaraka Malagasy,nort2890,MALAGASY_NORTHERN_BETSIMISARAKA_FENOARIVO_EAST,An.BARITO.MALAGASY_NORTHERN_BETSIMISARAKA_FENOARIVO_EAST
Northern Betsimisaraka Malagasy,nort2890,MALAGASY_BETSIMISARAKA,An.BARITO.MALAGASY_BETSIMISARAKA
Tsimihety Malagasy,tsim1257,MALAGASY_TSIMIHETY,An.BARITO.MALAGASY_TSIMIHETY
Tsimihety Malagasy,tsim1257,MALAGASY_TSIMIHETY_MANDRITSARA,An.BARITO.MALAGASY_TSIMIHETY_MANDRITSARA
Kibosy Kiantalaotsy-Majunga,bush1250,BUSHI,An.BARITO.BUSHI
Antankarana Malagasy,anta1255,MALAGASY_ANTANKARANA,An.BARITO.MALAGASY_ANTANKARANA
Antankarana Malagasy,anta1255,MALAGASY_ANATANKARANA_ANTALAHA,An.BARITO.MALAGASY_ANATANKARANA_ANTALAHA
Antankarana Malagasy,anta1255,MALAGASY_ANATANKARANA_VOHEMAR,An.BARITO.MALAGASY_ANATANKARANA_VOHEMAR
Antankarana Malagasy,anta1255,MALAGASY_ANATANKARANA_AMBILOBE,An.BARITO.MALAGASY_ANATANKARANA_AMBILOBE
West Malagasy Sakalava,saka1291,MALAGASY_SAKALAVA_AMBANJA,An.BARITO.MALAGASY_SAKALAVA_AMBANJA
West Malagasy Sakalava,saka1291,MALAGASY_SAKALAVA_MAJUNGA,An.BARITO.MALAGASY_SAKALAVA_MAJUNGA
West Malagasy Sakalava,saka1291,MALAGASY_SAKALAVA_MORONDAVA,An.BARITO.MALAGASY_SAKALAVA_MORONDAVA
West Malagasy Sakalava,saka1291,MALAGASY_SAKALAVA_MAINTIRANO,An.BARITO.MALAGASY_SAKALAVA_MAINTIRANO
West Malagasy Sakalava,saka1291,MALAGASY_SAKALAVA_VEZO_TOLIARA,An.BARITO.MALAGASY_SAKALAVA_VEZO_TOLIARA
West Malagasy Sakalava,saka1291,MALAGASY_VEZO,An.BARITO.MALAGASY_VEZO
West Malagasy Sakalava,saka1291,MALAGASY_SAKALAVA_2,An.BARITO.MALAGASY_SAKALAVA_2
West Malagasy Sakalava,saka1291,MALAGASY_SAKALAVA_1,An.BARITO.MALAGASY_SAKALAVA_1
Tesaka Malagasy,tesa1236,MALAGASY_ZAFISORO,An.BARITO.MALAGASY_ZAFISORO
Tesaka Malagasy,tesa1236,MALAGASY_ANTAISAKA,An.BARITO.MALAGASY_ANTAISAKA
Southern Betsimisaraka Malagasy,sout2920,MALAGASY_ANTAMBAHOAKA,An.BARITO.MALAGASY_ANTAMBAHOAKA
Southern Betsimisaraka Malagasy,sout2920,MALAGASY_SOUTHERN_BETSIMISARAKA_ANTAIMORO_MANAKARA,An.BARITO.MALAGASY_SOUTHERN_BETSIMISARAKA_ANTAIMORO_MANAKARA
Southern Betsimisaraka Malagasy,sout2920,MALAGASY_SOUTHERN_BETSIMISARAKA_ANTAMBOHOAKA_MANANJARY,An.BARITO.MALAGASY_SOUTHERN_BETSIMISARAKA_ANTAMBOHOAKA_MANANJARY
Southern Betsimisaraka Malagasy,sout2920,MALAGASY_SOUTHERN_BETSIMISARAKA_ANTAISAKA_VANGAINDRANO,An.BARITO.MALAGASY_SOUTHERN_BETSIMISARAKA_ANTAISAKA_VANGAINDRANO
Southern Betsimisaraka Malagasy,sout2920,MALAGASY_SOUTHERN_BETSIMISARAKA_ZAFISIRO_FARAFANGANA,An.BARITO.MALAGASY_SOUTHERN_BETSIMISARAKA_ZAFISIRO_FARAFANGANA
Southern Betsimisaraka Malagasy,sout2920,MALAGASY_SOUTHERN_BETSIMISARAKA_MAHANORO,An.BARITO.MALAGASY_SOUTHERN_BETSIMISARAKA_MAHANORO
Plateau Malagasy,plat1254,MALAGASY_PLATEAU_SIHANAKA_AMBATONDRAZAKA,An.BARITO.MALAGASY_PLATEAU_SIHANAKA_AMBATONDRAZAKA
Bara Malagasy,bara1369,MALAGASY_BARA_BETROKA,An.BARITO.MALAGASY_BARA_BETROKA
Plateau Malagasy,plat1254,MALAGASY_PLATEAU_BETSILEO_FIANARANTSOA,An.BARITO.MALAGASY_PLATEAU_BETSILEO_FIANARANTSOA
Plateau Malagasy,plat1254,MALAGASY_PLATEAU_MERINA_ANTANANARIVO,An.BARITO.MALAGASY_PLATEAU_MERINA_ANTANANARIVO
Plateau Malagasy,plat1254,MALAGASY_SIHANAKA,An.BARITO.MALAGASY_SIHANAKA
Plateau Malagasy,plat1254,MALAGASY_AMBOSITRA,An.BARITO.MALAGASY_AMBOSITRA
Plateau Malagasy,plat1254,MALAGASY_MERINA,An.BARITO.MALAGASY_MERINA
Bara Malagasy,bara1369,MALAGASY_BARA,An.BARITO.MALAGASY_BARA
Plateau Malagasy,plat1254,MALAGASY_TAIMORO,An.BARITO.MALAGASY_TAIMORO
Plateau Malagasy,plat1254,MALAGASY_FIANARANTSOA,An.BARITO.MALAGASY_FIANARANTSOA
Enggano,engg1245,ENGGANO,An.ENGGANO.ENGGANO
Enggano,engg1245,MALAKONI_ENGGANO,An.ENGGANO.MALAKONI_ENGGANO
Enggano,engg1245,BANJAR_SARI_ENGGANO,An.ENGGANO.BANJAR_SARI_ENGGANO
Bima,bima1247,BIMA,An.CENTRAL_MALAYO_POLYNESIAN.BIMA
Kedang,keda1252,KEDANG,An.CENTRAL_MALAYO_POLYNESIAN.KEDANG
Sika,sika1262,SIKA,An.CENTRAL_MALAYO_POLYNESIAN.SIKA
Lamaholot,lama1277,LAMAHOLOT_ILE_MANDIRI,An.CENTRAL_MALAYO_POLYNESIAN.LAMAHOLOT_ILE_MANDIRI
Peripheral Lembata,lama1278,LAMALERA,An.CENTRAL_MALAYO_POLYNESIAN.LAMALERA
Alorese,alor1247,ALOR_KALABAHI,An.CENTRAL_MALAYO_POLYNESIAN.ALOR_KALABAHI
Alorese,alor1247,ALOR,An.CENTRAL_MALAYO_POLYNESIAN.ALOR
Alorese,alor1247,ALOR_BARAHUSA_KABIR,An.CENTRAL_MALAYO_POLYNESIAN.ALOR_BARAHUSA_KABIR
Manggarai,mang1405,MANGGARAI,An.CENTRAL_MALAYO_POLYNESIAN.MANGGARAI
Palu'e,palu1252,PALUE,An.CENTRAL_MALAYO_POLYNESIAN.PALUE
Ngad'a,ngad1261,NGADHA,An.CENTRAL_MALAYO_POLYNESIAN.NGADHA
Central Ngada,cent2074,SOA,An.CENTRAL_MALAYO_POLYNESIAN.SOA
Li'o,lioo1240,LIO,An.CENTRAL_MALAYO_POLYNESIAN.LIO
Ende,ende1246,ENDE,An.CENTRAL_MALAYO_POLYNESIAN.ENDE
Kéo,keoo1238,KEO,An.CENTRAL_MALAYO_POLYNESIAN.KEO
Dhao,dhao1237,DHAO,An.CENTRAL_MALAYO_POLYNESIAN.DHAO
Hawu,sabu1255,SAVU,An.CENTRAL_MALAYO_POLYNESIAN.SAVU
Kodi,kodi1247,GAURA_NGGAURA,An.CENTRAL_MALAYO_POLYNESIAN.GAURA_NGGAURA
Lamboya,lamb1273,LAMBOYA,An.CENTRAL_MALAYO_POLYNESIAN.LAMBOYA
Wewewa,weje1237,WEJEWA,An.CENTRAL_MALAYO_POLYNESIAN.WEJEWA
Anakalang,anak1240,ANAKALANG,An.CENTRAL_MALAYO_POLYNESIAN.ANAKALANG
Wanukaka,wanu1241,WANUKAKA,An.CENTRAL_MALAYO_POLYNESIAN.WANUKAKA
Wanukaka,wanu1241,BALILEDO,An.CENTRAL_MALAYO_POLYNESIAN.BALILEDO
Wanukaka,wanu1241,PONDOK,An.CENTRAL_MALAYO_POLYNESIAN.PONDOK
Mamboru,mamb1305,MAMBORU,An.CENTRAL_MALAYO_POLYNESIAN.MAMBORU
Kambera,kamb1299,UMBU_RATU_NGGAI_KAMBERA,An.CENTRAL_MALAYO_POLYNESIAN.UMBU_RATU_NGGAI_KAMBERA
Kambera,kamb1299,LEWA_KAMBERA,An.CENTRAL_MALAYO_POLYNESIAN.LEWA_KAMBERA
Kambera,kamb1299,SOUTHERN_KAMBERA,An.CENTRAL_MALAYO_POLYNESIAN.SOUTHERN_KAMBERA
Kambera,kamb1299,KAMBERA,An.CENTRAL_MALAYO_POLYNESIAN.KAMBERA
Manombai,mano1275,MANOMBAI,An.CENTRAL_MALAYO_POLYNESIAN.MANOMBAI
Dobel,dobe1238,DOBEL,An.CENTRAL_MALAYO_POLYNESIAN.DOBEL
Ujir,ujir1237,UJIR,An.CENTRAL_MALAYO_POLYNESIAN.UJIR
West Tarangan,west2538,NGAIBOR,An.CENTRAL_MALAYO_POLYNESIAN.NGAIBOR
West Tarangan,west2538,TARANGAN_BARAT_FERUNI,An.CENTRAL_MALAYO_POLYNESIAN.TARANGAN_BARAT_FERUNI
Kowiai,kowi1239,KOWIAI,An.CENTRAL_MALAYO_POLYNESIAN.KOWIAI
Fordata,ford1242,FORDATA,An.CENTRAL_MALAYO_POLYNESIAN.FORDATA
Kei,keii1239,KEI,An.CENTRAL_MALAYO_POLYNESIAN.KEI
Yamdena,yamd1240,YAMDENA,An.CENTRAL_MALAYO_POLYNESIAN.YAMDENA
Onin,onin1245,ONIN,An.CENTRAL_MALAYO_POLYNESIAN.ONIN
Sekar,seka1247,SEKAR,An.CENTRAL_MALAYO_POLYNESIAN.SEKAR
Uruangnirin,urua1244,URUANGNIRIN,An.CENTRAL_MALAYO_POLYNESIAN.URUANGNIRIN
Dai,daii1240,DAI,An.CENTRAL_MALAYO_POLYNESIAN.DAI
Dawera-Daweloor,dawe1237,DAWERA_DAWELOOR,An.CENTRAL_MALAYO_POLYNESIAN.DAWERA_DAWELOOR
North Babar,nort2860,NORTH_BABAR,An.CENTRAL_MALAYO_POLYNESIAN.NORTH_BABAR
West Damar,west2548,WEST_DAMAR,An.CENTRAL_MALAYO_POLYNESIAN.WEST_DAMAR
Emplawas,empl1237,EMPLAWAS,An.CENTRAL_MALAYO_POLYNESIAN.EMPLAWAS
Imroing,imro1237,IMROING,An.CENTRAL_MALAYO_POLYNESIAN.IMROING
Tela-Masbuar,tela1241,TELA_MASBUAR,An.CENTRAL_MALAYO_POLYNESIAN.TELA_MASBUAR
Central Masela,cent2072,CENTRAL_MASELA,An.CENTRAL_MALAYO_POLYNESIAN.CENTRAL_MASELA
East Masela,east2462,EAST_MASELA,An.CENTRAL_MALAYO_POLYNESIAN.EAST_MASELA
Serili,seri1255,SERILI,An.CENTRAL_MALAYO_POLYNESIAN.SERILI
Southeast Babar,sout2883,SOUTHEAST_BABAR,An.CENTRAL_MALAYO_POLYNESIAN.SOUTHEAST_BABAR
Mambae,mamb1306,MAMBAE,An.CENTRAL_MALAYO_POLYNESIAN.MAMBAE
Kemak,kema1243,KEMAK,An.CENTRAL_MALAYO_POLYNESIAN.KEMAK
Tukudede,tuku1254,TUKUDEDE,An.CENTRAL_MALAYO_POLYNESIAN.TUKUDEDE
Selaru,sela1259,SELARU,An.CENTRAL_MALAYO_POLYNESIAN.SELARU
Habu,habu1241,HABU,An.CENTRAL_MALAYO_POLYNESIAN.HABU
Tetum,tetu1245,TETUN,An.CENTRAL_MALAYO_POLYNESIAN.TETUN
Nauete,naue1237,NAUETE,An.CENTRAL_MALAYO_POLYNESIAN.NAUETE
Waima'a,waim1252,WAIMAA,An.CENTRAL_MALAYO_POLYNESIAN.WAIMAA
Kisar,kisa1266,KISAR,An.CENTRAL_MALAYO_POLYNESIAN.KISAR
Roma,roma1332,ROMA,An.CENTRAL_MALAYO_POLYNESIAN.ROMA
Leti (Indonesia),leti1246,LETINESE,An.CENTRAL_MALAYO_POLYNESIAN.LETINESE
Luang,luan1263,LUANG,An.CENTRAL_MALAYO_POLYNESIAN.LUANG
Helong,helo1243,HELONG,An.CENTRAL_MALAYO_POLYNESIAN.HELONG
Termanu,term1237,TERMANU,An.CENTRAL_MALAYO_POLYNESIAN.TERMANU
Baikeno,baik1238,BAIKENO,An.CENTRAL_MALAYO_POLYNESIAN.BAIKENO
Uab Meto,uabm1237,UAB_METO,An.CENTRAL_MALAYO_POLYNESIAN.UAB_METO
East Damar,east2472,EAST_DAMAR,An.CENTRAL_MALAYO_POLYNESIAN.EAST_DAMAR
Te'un,teun1241,TEUN,An.CENTRAL_MALAYO_POLYNESIAN.TEUN
Nila,nila1244,NILA,An.CENTRAL_MALAYO_POLYNESIAN.NILA
Serua,seru1245,SERUA,An.CENTRAL_MALAYO_POLYNESIAN.SERUA
Galoli-Talur,galo1243,GALOLI,An.CENTRAL_MALAYO_POLYNESIAN.GALOLI
Galoli-Talur,galo1243,TALUR,An.CENTRAL_MALAYO_POLYNESIAN.TALUR
Ili'uun,iliu1237,ERAI,An.CENTRAL_MALAYO_POLYNESIAN.ERAI
Ili'uun,iliu1237,ILIUN,An.CENTRAL_MALAYO_POLYNESIAN.ILIUN
Tugun,tugu1245,TUGUN,An.CENTRAL_MALAYO_POLYNESIAN.TUGUN
Aputai,aput1237,APUTAI,An.CENTRAL_MALAYO_POLYNESIAN.APUTAI
Perai,pera1257,PERAI,An.CENTRAL_MALAYO_POLYNESIAN.PERAI
Taliabu,tali1262,SOBOYO,An.CENTRAL_MALAYO_POLYNESIAN.SOBOYO
Hukumina,huku1237,HUKUMINA,An.CENTRAL_MALAYO_POLYNESIAN.HUKUMINA
Lisela,lise1239,LISELA,An.CENTRAL_MALAYO_POLYNESIAN.LISELA
Buru (Indonesia),buru1303,BURU_MASARETE,An.CENTRAL_MALAYO_POLYNESIAN.BURU_MASARETE
Banda (Indonesia),band1355,ELAT_KEI_BESAR,An.CENTRAL_MALAYO_POLYNESIAN.ELAT_KEI_BESAR
Watubela,watu1247,WATUBELA,An.CENTRAL_MALAYO_POLYNESIAN.WATUBELA
Geser-Gorom,gese1240,GESER,An.CENTRAL_MALAYO_POLYNESIAN.GESER
Geser-Gorom,gese1240,WARU_SERAM,An.CENTRAL_MALAYO_POLYNESIAN.WARU_SERAM
Masiwang,masi1266,MASIWANG,An.CENTRAL_MALAYO_POLYNESIAN.MASIWANG
Masiwang,masi1266,BONFIAY,An.CENTRAL_MALAYO_POLYNESIAN.BONFIAY
Bobot,bobo1254,BOBOT,An.CENTRAL_MALAYO_POLYNESIAN.BOBOT
Masiwang,masi1266,BONFIA,An.CENTRAL_MALAYO_POLYNESIAN.BONFIA
South Nuaulu,sout2895,FATAKAI_NUAULU_SERAM,An.CENTRAL_MALAYO_POLYNESIAN.FATAKAI_NUAULU_SERAM
Kayeli,kaye1241,KAYELI,An.CENTRAL_MALAYO_POLYNESIAN.KAYELI
Alune,alun1238,ALUNE,An.CENTRAL_MALAYO_POLYNESIAN.ALUNE
Alune,alun1238,SAPOLEWA_SOOW_KWELE_ULUI_SERAM,An.CENTRAL_MALAYO_POLYNESIAN.SAPOLEWA_SOOW_KWELE_ULUI_SERAM
Asilulu,asil1242,ASILULU,An.CENTRAL_MALAYO_POLYNESIAN.ASILULU
Larike-Wakasihu,lari1255,LARIKE_WAKASIHU,An.CENTRAL_MALAYO_POLYNESIAN.LARIKE_WAKASIHU
Asilulu,asil1242,ASILULU_LIMA_RUMAHSOSAL_NUWETETU,An.CENTRAL_MALAYO_POLYNESIAN.ASILULU_LIMA_RUMAHSOSAL_NUWETETU
Asilulu,asil1242,ASILULU_LIMA_WARAKA,An.CENTRAL_MALAYO_POLYNESIAN.ASILULU_LIMA_WARAKA
Teluti,telu1263,TALUTI_TAMILOUW,An.CENTRAL_MALAYO_POLYNESIAN.TALUTI_TAMILOUW
Teluti,telu1263,TALUTI_LAIMU,An.CENTRAL_MALAYO_POLYNESIAN.TALUTI_LAIMU
Sepa (Indonesia),sepa1242,SEPA_INDONESIA,An.CENTRAL_MALAYO_POLYNESIAN.SEPA_INDONESIA
Teluti,telu1263,TALUTI,An.CENTRAL_MALAYO_POLYNESIAN.TALUTI
Paulohi,paul1238,ELPAPUTIH_SERAM_2,An.CENTRAL_MALAYO_POLYNESIAN.ELPAPUTIH_SERAM_2
Paulohi,paul1238,ELPAPUTIH_SERAM_3,An.CENTRAL_MALAYO_POLYNESIAN.ELPAPUTIH_SERAM_3
Paulohi,paul1238,PAULOHI,An.CENTRAL_MALAYO_POLYNESIAN.PAULOHI
Paulohi,paul1238,ELPAPUTIH_SAMASURU_PAULOHIJ,An.CENTRAL_MALAYO_POLYNESIAN.ELPAPUTIH_SAMASURU_PAULOHIJ
Paulohi,paul1238,ELPAPUTIH_SERAM_1,An.CENTRAL_MALAYO_POLYNESIAN.ELPAPUTIH_SERAM_1
Hitu,hitu1239,HITU,An.CENTRAL_MALAYO_POLYNESIAN.HITU
Tulehu,tule1244,TULEHU,An.CENTRAL_MALAYO_POLYNESIAN.TULEHU
Haruku,haru1244,HARUKU,An.CENTRAL_MALAYO_POLYNESIAN.HARUKU
Haruku,haru1244,PELAUW_HARUKU,An.CENTRAL_MALAYO_POLYNESIAN.PELAUW_HARUKU
Amahai,amah1245,AMAHAI,An.CENTRAL_MALAYO_POLYNESIAN.AMAHAI
Nusa Laut,nusa1245,NUSA_LAUT,An.CENTRAL_MALAYO_POLYNESIAN.NUSA_LAUT
Saparua,sapa1251,SAPARUA_IHAMAHU,An.CENTRAL_MALAYO_POLYNESIAN.SAPARUA_IHAMAHU
Saparua,sapa1251,SAPARUA_HARIA,An.CENTRAL_MALAYO_POLYNESIAN.SAPARUA_HARIA
Saparua,sapa1251,SAPARUA_OUW,An.CENTRAL_MALAYO_POLYNESIAN.SAPARUA_OUW
Irarutu,irar1238,IRARUTU,An.SOUTH_HALMAHERA_WEST_NEW_GUINEA.IRARUTU
Nabi,kuri1260,KURI,An.SOUTH_HALMAHERA_WEST_NEW_GUINEA.KURI
Ambel,waig1244,AMBEL,An.SOUTH_HALMAHERA_WEST_NEW_GUINEA.AMBEL
Biga,biga1238,BIGA,An.SOUTH_HALMAHERA_WEST_NEW_GUINEA.BIGA
Matbat,matb1237,MATBAT,An.SOUTH_HALMAHERA_WEST_NEW_GUINEA.MATBAT
Misool-Salawati Ma'ya,maya1282,BUTLEH,An.SOUTH_HALMAHERA_WEST_NEW_GUINEA.BUTLEH
Misool-Salawati Ma'ya,maya1282,MISOOL_MAYA,An.SOUTH_HALMAHERA_WEST_NEW_GUINEA.MISOOL_MAYA
Misool-Salawati Ma'ya,maya1282,SALAWATI_MAAYA,An.SOUTH_HALMAHERA_WEST_NEW_GUINEA.SALAWATI_MAAYA
Legenyem,lege1241,LANGANYAN,An.SOUTH_HALMAHERA_WEST_NEW_GUINEA.LANGANYAN
Wauyai,wauy1237,WAUYAI,An.SOUTH_HALMAHERA_WEST_NEW_GUINEA.WAUYAI
Kawe,kawe1240,KAWE,An.SOUTH_HALMAHERA_WEST_NEW_GUINEA.KAWE
As,asss1237,AS,An.SOUTH_HALMAHERA_WEST_NEW_GUINEA.AS
Gebe,gebe1237,GEBE,An.SOUTH_HALMAHERA_WEST_NEW_GUINEA.GEBE
Buli (Indonesia),buli1255,BULI,An.SOUTH_HALMAHERA_WEST_NEW_GUINEA.BULI
Patani,pata1260,PATANI,An.SOUTH_HALMAHERA_WEST_NEW_GUINEA.PATANI
Sawai,sawa1247,SAWAI_UnnamedInSource,An.SOUTH_HALMAHERA_WEST_NEW_GUINEA.SAWAI_UnnamedInSource
East Makian,east2440,SOMA,An.SOUTH_HALMAHERA_WEST_NEW_GUINEA.SOMA
East Makian,east2440,TAHANE,An.SOUTH_HALMAHERA_WEST_NEW_GUINEA.TAHANE
Gane,gane1237,GIMAN,An.SOUTH_HALMAHERA_WEST_NEW_GUINEA.GIMAN
East Makian,east2440,SAKETA,An.SOUTH_HALMAHERA_WEST_NEW_GUINEA.SAKETA
East Makian,east2440,WOSI,An.SOUTH_HALMAHERA_WEST_NEW_GUINEA.WOSI
East Makian,east2440,MAILOA,An.SOUTH_HALMAHERA_WEST_NEW_GUINEA.MAILOA
East Makian,east2440,NGOFAGITA,An.SOUTH_HALMAHERA_WEST_NEW_GUINEA.NGOFAGITA
East Makian,east2440,EAST_MAKIAN,An.SOUTH_HALMAHERA_WEST_NEW_GUINEA.EAST_MAKIAN
East Makian,east2440,NGOFAKIAHA,An.SOUTH_HALMAHERA_WEST_NEW_GUINEA.NGOFAKIAHA
Arguni,argu1237,ARGUNI,An.CENTRAL_MALAYO_POLYNESIAN.ARGUNI
Mbaruan,bedo1237,YARIK,An.SOUTH_HALMAHERA_WEST_NEW_GUINEA.YARIK
Yarikman,erok1237,KAMBRAM,An.SOUTH_HALMAHERA_WEST_NEW_GUINEA.KAMBRAM
Tandia,tand1253,TANDIA,An.SOUTH_HALMAHERA_WEST_NEW_GUINEA.TANDIA
Waropen,waro1242,WAROPEN,An.SOUTH_HALMAHERA_WEST_NEW_GUINEA.WAROPEN
Mor (Mor Islands),morm1235,MOR,An.SOUTH_HALMAHERA_WEST_NEW_GUINEA.MOR
Warembori,ware1253,WAREMBORI,An.SOUTH_HALMAHERA_WEST_NEW_GUINEA.WAREMBORI
Dusner,dusn1237,DUSNER,An.SOUTH_HALMAHERA_WEST_NEW_GUINEA.DUSNER
Meoswar,meos1237,MEOSWAR,An.SOUTH_HALMAHERA_WEST_NEW_GUINEA.MEOSWAR
Roon,roon1237,RON,An.SOUTH_HALMAHERA_WEST_NEW_GUINEA.RON
Biak,biak1248,NUMFOR,An.SOUTH_HALMAHERA_WEST_NEW_GUINEA.NUMFOR
Biak,biak1248,BIAK_2,An.SOUTH_HALMAHERA_WEST_NEW_GUINEA.BIAK_2
Biak,biak1248,BIAK,An.SOUTH_HALMAHERA_WEST_NEW_GUINEA.BIAK
Yeretuar,yere1243,YERETUAR,An.SOUTH_HALMAHERA_WEST_NEW_GUINEA.YERETUAR
Yerisiam,ires1239,IRESIM,An.SOUTH_HALMAHERA_WEST_NEW_GUINEA.IRESIM
Yaur,yaur1239,YAUR,An.SOUTH_HALMAHERA_WEST_NEW_GUINEA.YAUR
Kurudu,kuru1305,KURUDU,An.SOUTH_HALMAHERA_WEST_NEW_GUINEA.KURUDU
Wabo,wabo1240,WABO,An.SOUTH_HALMAHERA_WEST_NEW_GUINEA.WABO
Serui-Laut,seru1244,SERUI_LAUT,An.SOUTH_HALMAHERA_WEST_NEW_GUINEA.SERUI_LAUT
Munggui,mung1269,MUNGGUI,An.SOUTH_HALMAHERA_WEST_NEW_GUINEA.MUNGGUI
Papuma,papu1251,PAPUMA,An.SOUTH_HALMAHERA_WEST_NEW_GUINEA.PAPUMA
Pom,pomm1237,POM,An.SOUTH_HALMAHERA_WEST_NEW_GUINEA.POM
Ansus,ansu1237,ANSUS,An.SOUTH_HALMAHERA_WEST_NEW_GUINEA.ANSUS
Woi,woii1237,WOI,An.SOUTH_HALMAHERA_WEST_NEW_GUINEA.WOI
Wandamen,wand1267,WANDAMEN,An.SOUTH_HALMAHERA_WEST_NEW_GUINEA.WANDAMEN
Ambai,amba1265,AMBAI,An.SOUTH_HALMAHERA_WEST_NEW_GUINEA.AMBAI
Ambai,amba1265,WADAPI_LAUT,An.SOUTH_HALMAHERA_WEST_NEW_GUINEA.WADAPI_LAUT
Nauru,naur1243,NAURUAN,An.OCEANIC.NAURUAN
Kosraean,kosr1238,KUSAIE,An.OCEANIC.KUSAIE
Gilbertese,gilb1244,KIRIBATI,An.OCEANIC.KIRIBATI
Marshallese,mars1254,EASTERN_MARSHALLESE,An.OCEANIC.EASTERN_MARSHALLESE
Marshallese,mars1254,MARSHALLESE,An.OCEANIC.MARSHALLESE
Mokilese,moki1238,MOKILESE,An.OCEANIC.MOKILESE
Pingelapese,ping1243,PINGELAPESE,An.OCEANIC.PINGELAPESE
Pohnpeian,pohn1238,POHNPEIAN,An.OCEANIC.POHNPEIAN
Ulithian,ulit1238,ULITHIAN,An.OCEANIC.ULITHIAN
Sonsorol,sons1242,PULO_ANNA,An.OCEANIC.PULO_ANNA
Sonsorol,sons1242,SONSOROLESE,An.OCEANIC.SONSOROLESE
Woleaian,wole1240,WOLEAIAN,An.OCEANIC.WOLEAIAN
Satawalese,sata1237,SATAWALESE,An.OCEANIC.SATAWALESE
Carolinian,caro1242,CAROLINIAN,An.OCEANIC.CAROLINIAN
Puluwatese,pulu1242,PULUWATESE,An.OCEANIC.PULUWATESE
Mortlockese,mort1237,MORTLOCKESE,An.OCEANIC.MORTLOCKESE
Chuukese,chuu1238,TRUKESE,An.OCEANIC.TRUKESE
Nimoa,nimo1246,NIMOA,An.OCEANIC.NIMOA
Sudest,sude1239,SUDEST,An.OCEANIC.SUDEST
Misima-Paneati,misi1243,MISIMA_PANAEATI,An.OCEANIC.MISIMA_PANAEATI
Kilivila,kili1267,KILIVILA,An.OCEANIC.KILIVILA
Muyuw,muyu1244,MUYUW,An.OCEANIC.MUYUW
Ouma,ouma1237,OUMA,An.OCEANIC.OUMA
Bina (Papua New Guinea),bina1271,BINA,An.OCEANIC.BINA
Magori,mago1248,MAGORI,An.OCEANIC.MAGORI
Yoba,yoba1237,YOBA,An.OCEANIC.YOBA
Sinaugoro,sina1266,SINAUGORO,An.OCEANIC.SINAUGORO
Keapara,keap1239,KEAPARA,An.OCEANIC.KEAPARA
Motu,motu1246,MOTU,An.OCEANIC.MOTU
Abadi,abad1241,GABADI,An.OCEANIC.GABADI
Mekeo,meke1243,MEKEO,An.OCEANIC.MEKEO
Waima,waim1251,RORO,An.OCEANIC.RORO
Toura (Papua New Guinea),tour1243,DOURA,An.OCEANIC.DOURA
Kuni,kuni1263,KUNI,An.OCEANIC.KUNI
Lala,lala1268,LALA,An.OCEANIC.LALA
Bwanabwana,bwan1241,BWANABWANA,An.OCEANIC.BWANABWANA
Buhutu,buhu1237,BUHUTU,An.OCEANIC.BUHUTU
Saliba,sali1295,SALIBA_PAPUA_NEWGUINEA,An.OCEANIC.SALIBA_PAPUA_NEWGUINEA
Suau,suau1242,SUAU,An.OCEANIC.SUAU
Maisin,mais1250,MAISIN,An.OCEANIC.MAISIN
Gumawana,guma1254,GUMAWANA,An.OCEANIC.GUMAWANA
Dobu,dobu1241,DOBU,An.OCEANIC.DOBU
Sewa Bay,sewa1251,SEWA_BAY,An.OCEANIC.SEWA_BAY
Bunama,buna1276,BUNAMA,An.OCEANIC.BUNAMA
Molima,moli1248,MOLIMA,An.OCEANIC.MOLIMA
Iamalele,iama1237,IAMALELE,An.OCEANIC.IAMALELE
Diodio,diod1237,DIODIO,An.OCEANIC.DIODIO
Bwaidoka,bwai1242,BWAIDOKA,An.OCEANIC.BWAIDOKA
Iduna,idun1242,IDUNA,An.OCEANIC.IDUNA
Dawawa,dawa1242,DAWAWA,An.OCEANIC.DAWAWA
Anuki,anuk1239,ANUKI,An.OCEANIC.ANUKI
Are,aree1239,ARE,An.OCEANIC.ARE
Ubir,ubir1237,UBIR,An.OCEANIC.UBIR
Gapapaiwa,gapa1238,GAPAPAIWA,An.OCEANIC.GAPAPAIWA
Ghayavi,ghay1237,GHAYAVI_1,An.OCEANIC.GHAYAVI_1
Ghayavi,ghay1237,GHAYAVI_2,An.OCEANIC.GHAYAVI_2
Minaveha,mina1269,MINAVEHA,An.OCEANIC.MINAVEHA
Wedau,weda1241,WEDAU,An.OCEANIC.WEDAU
Yakaikeke,yaka1275,YAKAIKEKE,An.OCEANIC.YAKAIKEKE
Tawala,tawa1275,TAWALA,An.OCEANIC.TAWALA
Haigwai,haig1237,HAIGWAI,An.OCEANIC.HAIGWAI
Taupota,taup1242,TAUPOTA,An.OCEANIC.TAUPOTA
Muduapa,mudu1242,VITU,An.OCEANIC.VITU
Bola,bola1250,BOLA,An.OCEANIC.BOLA
Nakanai,naka1262,MAUTUTU,An.OCEANIC.MAUTUTU
Nakanai,naka1262,NAKANAI_2,An.OCEANIC.NAKANAI_2
Nakanai,naka1262,BILEKI_NAKANAI,An.OCEANIC.BILEKI_NAKANAI
Nakanai,naka1262,NAKANAI,An.OCEANIC.NAKANAI
Lavatbura-Lamusong,lava1239,LAMASONG,An.OCEANIC.LAMASONG
Barok,baro1253,BAROK,An.OCEANIC.BAROK
Madak,mada1285,MADAK,An.OCEANIC.MADAK
Lihir,lihi1237,SUNGLIK_LIHIR,An.OCEANIC.SUNGLIK_LIHIR
Mandara,mand1440,MANDARA,An.OCEANIC.MANDARA
Mandara,mand1440,TABAR,An.OCEANIC.TABAR
Nalik,nali1244,NALIK,An.OCEANIC.NALIK
Kara (Papua New Guinea),kara1486,WEST_KARA,An.OCEANIC.WEST_KARA
Kara (Papua New Guinea),kara1486,KARA_PNG,An.OCEANIC.KARA_PNG
Tiang,tian1237,TIANG,An.OCEANIC.TIANG
Tigak,tiga1245,TIGAK,An.OCEANIC.TIGAK
Tungag,tung1290,TUNGAK,An.OCEANIC.TUNGAK
Niwer Mil,niwe1234,TANGA,An.OCEANIC.TANGA
Sursurunga,surs1246,SURSURUNGA,An.OCEANIC.SURSURUNGA
Siar-Lak,siar1238,SIAR,An.OCEANIC.SIAR
Bilur,bilu1244,BILUR,An.OCEANIC.BILUR
Kandas,kand1301,KANDAS,An.OCEANIC.KANDAS
Patpatar,patp1243,PATPATAR,An.OCEANIC.PATPATAR
Minigir,mini1251,MINIGIR,An.OCEANIC.MINIGIR
Kuanua,kuan1248,TOLAI,An.OCEANIC.TOLAI
Bannoni,bann1247,BANONI,An.OCEANIC.BANONI
Solos,solo1257,SOLOS,An.OCEANIC.SOLOS
Nehan,neha1247,NEHAN,An.OCEANIC.NEHAN
Saposa,sapo1253,TAIOF,An.OCEANIC.TAIOF
Teop,teop1238,TEOP,An.OCEANIC.TEOP
Hakö,hako1237,HAKU,An.OCEANIC.HAKU
Halia,hali1244,HALIA,An.OCEANIC.HALIA
Halia,hali1244,HALIA_2,An.OCEANIC.HALIA_2
Vaghua,vagh1249,VAGHUA,An.OCEANIC.VAGHUA
Varisi,vari1239,VARISI,An.OCEANIC.VARISI
Ririo,riri1237,RIRIO,An.OCEANIC.RIRIO
Babatana,baba1268,KATAZI_BABATANA,An.OCEANIC.KATAZI_BABATANA
Babatana,baba1268,TUNOE_BABATANA,An.OCEANIC.TUNOE_BABATANA
Babatana,baba1268,AVASO_BABATANA,An.OCEANIC.AVASO_BABATANA
Babatana,baba1268,LOMAUMBI_BABATANA,An.OCEANIC.LOMAUMBI_BABATANA
Babatana,baba1268,SISIQA,An.OCEANIC.SISIQA
Babatana,baba1268,SENGGA_BABATANA,An.OCEANIC.SENGGA_BABATANA
Zabana,zaba1237,ZABANA,An.OCEANIC.ZABANA
Kokota,koko1269,KOKOTA,An.OCEANIC.KOKOTA
Blablanga,blab1237,BLABLANGA,An.OCEANIC.BLABLANGA
Blablanga,blab1237,GHOVE_BLABLANGA,An.OCEANIC.GHOVE_BLABLANGA
Zazao,zaza1245,ZAZAO,An.OCEANIC.ZAZAO
Cheke Holo,chek1238,CHEKE_HOLO,An.OCEANIC.CHEKE_HOLO
Cheke Holo,chek1238,TATABA_MARINGE_CHEKE_HOLO,An.OCEANIC.TATABA_MARINGE_CHEKE_HOLO
Cheke Holo,chek1238,KMAGHA_MARINGE_CHEKE_HOLO,An.OCEANIC.KMAGHA_MARINGE_CHEKE_HOLO
Cheke Holo,chek1238,LELEGHIA_MARINGE_CHEKE_HOLO,An.OCEANIC.LELEGHIA_MARINGE_CHEKE_HOLO
Duke,duke1237,DUKE,An.OCEANIC.DUKE
Simbo,simb1256,SIMBO,An.OCEANIC.SIMBO
Lungga,lung1249,LUNGGA,An.OCEANIC.LUNGGA
Kazukuru,kazu1245,KAZUKURU,An.OCEANIC.KAZUKURU
Roviana,rovi1238,ROVIANA,An.OCEANIC.ROVIANA
Ughele,ughe1237,UGHELE,An.OCEANIC.UGHELE
Marovo,maro1244,MAROVO,An.OCEANIC.MAROVO
Vangunu,vang1243,MBAREKE,An.OCEANIC.MBAREKE
Hoava,hoav1238,HOAVA,An.OCEANIC.HOAVA
Kusaghe-Njela,kusa1251,KUSAGHE,An.OCEANIC.KUSAGHE
Uruava,urua1242,URUAVA,An.OCEANIC.URUAVA
Torau,tora1259,TORAU,An.OCEANIC.TORAU
Mono-Alu,mono1273,MONO_ALU,An.OCEANIC.MONO_ALU
Mono-Alu,mono1273,FAURO_MONO,An.OCEANIC.FAURO_MONO
Mono-Alu,mono1273,ALU_MONO,An.OCEANIC.ALU_MONO
Mono-Alu,mono1273,MONO,An.OCEANIC.MONO
Bariai,bari1286,BARIAI,An.OCEANIC.BARIAI
Kove,kove1237,KOVE,An.OCEANIC.KOVE
Lusi,lusi1240,LUSI,An.OCEANIC.LUSI
Mutu,mutu1242,MUTU,An.OCEANIC.MUTU
Gitua,gitu1237,GITUA,An.OCEANIC.GITUA
Mutu,mutu1242,TUAM,An.OCEANIC.TUAM
Kaulong,kaul1240,KAULONG,An.OCEANIC.KAULONG
Sengseng,seng1281,SENGSENG,An.OCEANIC.SENGSENG
Aiklep,aikl1237,AIKLEP,An.OCEANIC.AIKLEP
Solong,solo1258,ARAWE,An.OCEANIC.ARAWE
Amara,amar1272,AMARA,An.OCEANIC.AMARA
Lamogai,lamo1244,LAMOGAI,An.OCEANIC.LAMOGAI
Mouk-Aria,mouk1239,MOUK_1,An.OCEANIC.MOUK_1
Mouk-Aria,mouk1239,MOUK_2,An.OCEANIC.MOUK_2
Lote,lote1237,LOTE,An.OCEANIC.LOTE
Mengen,meng1267,MENGEN,An.OCEANIC.MENGEN
Maleu-Kilenge,male1289,MALEU,An.OCEANIC.MALEU
Maleu-Kilenge,male1289,MALEU_2,An.OCEANIC.MALEU_2
Mbula,mbul1263,MANGAP,An.OCEANIC.MANGAP
Mbula,mbul1263,MBULA_PAPUA_NEW_GUINEA,An.OCEANIC.MBULA_PAPUA_NEW_GUINEA
Arop-Lokep,arop1243,AROP_LOKEP,An.OCEANIC.AROP_LOKEP
Arop-Lokep,arop1243,LUKEP,An.OCEANIC.LUKEP
Malasanga,mala1487,MALASANGA,An.OCEANIC.MALASANGA
Karnai,karn1252,BARIM,An.OCEANIC.BARIM
Tami,tami1290,TAMI,An.OCEANIC.TAMI
Sio,sioo1240,SIO,An.OCEANIC.SIO
Ronji,ronj1237,ROINJI,An.OCEANIC.ROINJI
Mato,mato1252,NENGAYA,An.OCEANIC.NENGAYA
Mato,mato1252,MATO,An.OCEANIC.MATO
Awad Bing,awad1244,BILIAU,An.OCEANIC.BILIAU
Bilibil,bilb1241,BILBIL,An.OCEANIC.BILBIL
Gedaged,geda1237,GEDAGED,An.OCEANIC.GEDAGED
Gedaged,geda1237,GEDAGED_2,An.OCEANIC.GEDAGED_2
Takia,taki1248,TAKIA,An.OCEANIC.TAKIA
Marik,mari1428,DAMI,An.OCEANIC.DAMI
Matukar,matu1261,MATUKAR,An.OCEANIC.MATUKAR
Kayupulau,kayu1243,KAYUPULAU,An.OCEANIC.KAYUPULAU
Ormu,ormu1248,ORMU,An.OCEANIC.ORMU
Tobati,toba1266,TOBATI,An.OCEANIC.TOBATI
Sobei,sobe1238,SOBEI,An.OCEANIC.SOBEI
Tarpia,tarp1240,TARPIA,An.OCEANIC.TARPIA
Bonggo,bong1287,BONGGO,An.OCEANIC.BONGGO
Kaptiau,kapt1235,KAPTIAU,An.OCEANIC.KAPTIAU
Ulau-Suain,ulau1237,ULAU,An.OCEANIC.ULAU
Sera,sera1260,SERA,An.OCEANIC.SERA
Arop,arop1242,AROP_SISSANO,An.OCEANIC.AROP_SISSANO
Sissano,siss1243,SISSANO,An.OCEANIC.SISSANO
Tumleo,tuml1238,TUMLEO_2,An.OCEANIC.TUMLEO_2
Tumleo,tuml1238,TUMLEO,An.OCEANIC.TUMLEO
Kap,kapp1237,YAKAMUL,An.OCEANIC.YAKAMUL
Kairiru,kair1263,KAIRIRU,An.OCEANIC.KAIRIRU
Kaiep,kaie1237,KAIEP,An.OCEANIC.KAIEP
Medebur,mede1237,MEDEBUR,An.OCEANIC.MEDEBUR
Kis,kiss1246,KIS,An.OCEANIC.KIS
Wogeo,woge1237,WOGEO,An.OCEANIC.WOGEO
Biem,biem1237,BIEM,An.OCEANIC.BIEM
Manam,mana1295,MANAM,An.OCEANIC.MANAM
Sepa (Papua New Guinea),sepa1241,SEPA_PAPUA_NEW_GUINEA,An.OCEANIC.SEPA_PAPUA_NEW_GUINEA
Numbami,numb1247,NUMBAMI,An.OCEANIC.NUMBAMI
Numbami,numb1247,SIPOMA,An.OCEANIC.SIPOMA
Kela (Papua New Guinea),kela1255,KELA,An.OCEANIC.KELA
Yabem,yabe1254,JABEM,An.OCEANIC.JABEM
Yabem,yabe1254,YABEM,An.OCEANIC.YABEM
Bugawac,buga1250,BUKAUA,An.OCEANIC.BUKAUA
Bugawac,buga1250,BUGAWAC,An.OCEANIC.BUGAWAC
Sukurum,suku1264,SUKURUM,An.OCEANIC.SUKURUM
Sarasira,sara1323,SIRASIRA,An.OCEANIC.SIRASIRA
Mari (Madang Province),mari1429,MARI,An.OCEANIC.MARI
Wampur,wamp1248,WAMPUR,An.OCEANIC.WAMPUR
Adzera,adze1240,YAROS,An.OCEANIC.YAROS
Adzera,adze1240,AZERA,An.OCEANIC.AZERA
Adzera,adze1240,AMARI,An.OCEANIC.AMARI
Adzera,adze1240,ADZERA,An.OCEANIC.ADZERA
North Watut,nort2857,ONANK,An.OCEANIC.ONANK
South Watut,sout2877,DANGAL,An.OCEANIC.DANGAL
South Watut,sout2877,MARALANGO,An.OCEANIC.MARALANGO
Middle Watut,midd1327,BUBWAF,An.OCEANIC.BUBWAF
Middle Watut,midd1327,DUNGUNTUNG,An.OCEANIC.DUNGUNTUNG
Middle Watut,midd1327,SILISILI,An.OCEANIC.SILISILI
Labu,labu1248,LABU,An.OCEANIC.LABU
Wampar,wamp1247,WAMPAR,An.OCEANIC.WAMPAR
Wampar,wamp1247,WAMPAR_2,An.OCEANIC.WAMPAR_2
Wampar,wamp1247,DAGIN,An.OCEANIC.DAGIN
Duwet,duwe1237,DUWET,An.OCEANIC.DUWET
Duwet,duwe1237,GUWOT,An.OCEANIC.GUWOT
Aribwatsa,arib1241,ARIBWATSA,An.OCEANIC.ARIBWATSA
Musom,muso1238,MUSOM,An.OCEANIC.MUSOM
Mefele,mefe1242,SIRAK,An.OCEANIC.SIRAK
Musom,muso1238,MUSOM_2,An.OCEANIC.MUSOM_2
Hote,hote1245,HOTE,An.OCEANIC.HOTE
Yamap,yama1260,YAMAP,An.OCEANIC.YAMAP
Iwal,iwal1237,KAIWA,An.OCEANIC.KAIWA
Piu,piuu1237,PIU,An.OCEANIC.PIU
Kapin,kapi1250,SAMBIO,An.OCEANIC.SAMBIO
Mangga Buang,mang1404,MANGA,An.OCEANIC.MANGA
Vehes,vehe1237,BUASI,An.OCEANIC.BUASI
Mapos Buang,mapo1242,BUANG_MAPOS,An.OCEANIC.BUANG_MAPOS
Mapos Buang,mapo1242,WAGAU,An.OCEANIC.WAGAU
Mapos Buang,mapo1242,MAPOS,An.OCEANIC.MAPOS
Patep,pate1247,BUANG,An.OCEANIC.BUANG
Dambi,damb1246,DAMBI,An.OCEANIC.DAMBI
Kumalu,kuma1278,KUMARU,An.OCEANIC.KUMARU
Patep,pate1247,PATEP,An.OCEANIC.PATEP
Zenag,zena1237,LATEP,An.OCEANIC.LATEP
Gorakor,gora1262,TOWANGARA,An.OCEANIC.TOWANGARA
Zenag,zena1237,ZENAG,An.OCEANIC.ZENAG
Asumboa,asum1237,ASUMBOA,An.OCEANIC.ASUMBOA
Lovono,vano1237,VANO,An.OCEANIC.VANO
Tanema,tane1237,TANEMA,An.OCEANIC.TANEMA
Teanu,tean1237,TEANU,An.OCEANIC.TEANU
Äiwoo,ayiw1239,AYIWO,An.OCEANIC.AYIWO
Nanggu,nang1262,NANGGU,An.OCEANIC.NANGGU
,,NAMBAKAENGO_MALO,An.OCEANIC.NAMBAKAENGO_MALO
,,NEA_NEMBOI,An.OCEANIC.NEA_NEMBOI
,,NEA_NOOLI,An.OCEANIC.NEA_NOOLI
,,BANUA,An.OCEANIC.BANUA
Nalögo,nalo1235,NEA,An.OCEANIC.NEA
Aneityum,anei1239,ANEITYUM_2,An.OCEANIC.ANEITYUM_2
Sie,siee1239,SIE,An.OCEANIC.SIE
Ura (Vanuatu),urav1235,URA,An.OCEANIC.URA
Kwamera,kwam1252,KWAMERA_ISIAI,An.OCEANIC.KWAMERA_ISIAI
Kwamera,kwam1252,KWAMERA_PORT_RESOLUTION,An.OCEANIC.KWAMERA_PORT_RESOLUTION
Kwamera,kwam1252,KWAMERA_YATUKWEY,An.OCEANIC.KWAMERA_YATUKWEY
Southwest Tanna,sout2869,SOUTHWEST_TANNA_ENFITANA,An.OCEANIC.SOUTHWEST_TANNA_ENFITANA
Southwest Tanna,sout2869,SOUTHWEST_TANNA_IKITI,An.OCEANIC.SOUTHWEST_TANNA_IKITI
Southwest Tanna,sout2869,SOUTHWEST_TANNA_IKIYAU,An.OCEANIC.SOUTHWEST_TANNA_IKIYAU
Southwest Tanna,sout2869,SOUTHWEST_TANNA_IMREANG,An.OCEANIC.SOUTHWEST_TANNA_IMREANG
Southwest Tanna,sout2869,SOUTHWEST_TANNA_LAPWANGTOAI,An.OCEANIC.SOUTHWEST_TANNA_LAPWANGTOAI
Lenakel,lena1238,LENAKEL_LENAUKAS,An.OCEANIC.LENAKEL_LENAUKAS
Lenakel,lena1238,LENAKEL_LONASILIAN,An.OCEANIC.LENAKEL_LONASILIAN
North Tanna,nort2847,NORTH_TANNA,An.OCEANIC.NORTH_TANNA
Whitesands,whit1269,WHITESANDS_IARKEI,An.OCEANIC.WHITESANDS_IARKEI
Whitesands,whit1269,WHITESANDS_LONIEL,An.OCEANIC.WHITESANDS_LONIEL
Xârâcùù,xara1244,XARACUU,An.OCEANIC.XARACUU
Tiri-Mea,tiri1258,GRAND_COULI,An.OCEANIC.GRAND_COULI
Ajië,ajie1238,AJIE,An.OCEANIC.AJIE
Dumbea,dumb1241,DUMBEA,An.OCEANIC.DUMBEA
Cemuhî,cemu1238,CEMUHI,An.OCEANIC.CEMUHI
Yuaga,yuag1237,YUAGA,An.OCEANIC.YUAGA
Nêlêmwa-Nixumwak,kuma1276,NELEMWA,An.OCEANIC.NELEMWA
Caac,caac1237,CAAC,An.OCEANIC.CAAC
Belep,nyal1254,NYALAYU,An.OCEANIC.NYALAYU
Paicî,paic1239,PAICI,An.OCEANIC.PAICI
Hmwaveke,hmwa1243,FA_TIETA,An.OCEANIC.FA_TIETA
Pwaamei,pwaa1237,PWAAMEI,An.OCEANIC.PWAAMEI
Jawe,jawe1237,JAWE,An.OCEANIC.JAWE
Nemi,nemi1240,NEMI,An.OCEANIC.NEMI
Tolomako,tolo1255,TOLOMAKO,An.OCEANIC.TOLOMAKO
Piamatsina,piam1242,PIAMATSINA,An.OCEANIC.PIAMATSINA
Valpei,valp1237,VALPEI,An.OCEANIC.VALPEI
Valpei,valp1237,VALPEI_HUKUA,An.OCEANIC.VALPEI_HUKUA
Vunapu,vuna1239,VUNAPU,An.OCEANIC.VUNAPU
Nokuku,noku1237,NOKUKU,An.OCEANIC.NOKUKU
Tasmate,tasm1246,TASMATE,An.OCEANIC.TASMATE
Akei,akei1237,AKEI,An.OCEANIC.AKEI
Akei,akei1237,AKEI_PENANTSIRO,An.OCEANIC.AKEI_PENANTSIRO
Akei,akei1237,AKEI_TASIRIKI,An.OCEANIC.AKEI_TASIRIKI
Kula (Vanuatu),wusi1237,WUSI_NONONA,An.OCEANIC.WUSI_NONONA
Kula (Vanuatu),wusi1237,WUSI_KEREPUA,An.OCEANIC.WUSI_KEREPUA
Kula (Vanuatu),wusi1237,WUSI_VALUI,An.OCEANIC.WUSI_VALUI
Kula (Vanuatu),wusi1237,WUSI_MANA,An.OCEANIC.WUSI_MANA
Amblong,ambl1237,AMBLONG,An.OCEANIC.AMBLONG
Narango,nara1263,NARANGO,An.OCEANIC.NARANGO
Narango,nara1263,NARANGO_NAMBEL,An.OCEANIC.NARANGO_NAMBEL
Ale,wail1242,WAILAPA,An.OCEANIC.WAILAPA
Movono,tang1347,TANGOA,An.OCEANIC.TANGOA
Araki,arak1252,ARAKI,An.OCEANIC.ARAKI
Kiai,fort1240,FORTSENAL,An.OCEANIC.FORTSENAL
Ande,moro1286,MOROUAS_BATUNLAMAK,An.OCEANIC.MOROUAS_BATUNLAMAK
Ande,moro1286,MOROUAS,An.OCEANIC.MOROUAS
Mores,rori1237,RORIA,An.OCEANIC.RORIA
Merei,mere1242,LAMETIN,An.OCEANIC.LAMETIN
Tiale,tial1239,MALMARIV,An.OCEANIC.MALMARIV
Navut,navu1237,NAVUT_MATAE,An.OCEANIC.NAVUT_MATAE
Navut,navu1237,NAVUT,An.OCEANIC.NAVUT
Tamambo,malo1243,NORTH_MALO,An.OCEANIC.NORTH_MALO
Tamambo,malo1243,SOUTH_MALO,An.OCEANIC.SOUTH_MALO
Mafea,mafe1237,MAFEA,An.OCEANIC.MAFEA
Tutuba,tutu1241,TUTUBA,An.OCEANIC.TUTUBA
Aore,aore1237,AORE,An.OCEANIC.AORE
Nethalp,lore1244,LOREDIAKARKAR,An.OCEANIC.LOREDIAKARKAR
Ngen,shar1244,SHARK_BAY_1,An.OCEANIC.SHARK_BAY_1
Ngen,shar1244,SHARK_BAY_2,An.OCEANIC.SHARK_BAY_2
Tambotalo,tamb1253,TAMBOTALO,An.OCEANIC.TAMBOTALO
Polonombauk,polo1242,POLONOMBAUK,An.OCEANIC.POLONOMBAUK
Farafi,butm1237,BUTMAS,An.OCEANIC.BUTMAS
Farafi,butm1237,TUR,An.OCEANIC.TUR
West Ambae,west2513,WEST_AMBAE,An.OCEANIC.WEST_AMBAE
East Ambae,east2443,EAST_AMBAE_LOLSIWOI,An.OCEANIC.EAST_AMBAE_LOLSIWOI
East Ambae,east2443,EAST_AMBAE_LOLOMATUI,An.OCEANIC.EAST_AMBAE_LOLOMATUI
East Ambae,east2443,EAST_AMBAE_WAILENGI,An.OCEANIC.EAST_AMBAE_WAILENGI
Hano,hano1246,RAGA,An.OCEANIC.RAGA
Sunwadia,mari1426,MARINO,An.OCEANIC.MARINO
Central Maewo,cent2058,CENTRAL_MAEWO,An.OCEANIC.CENTRAL_MAEWO
Baetora,baet1237,BAETORA_NAVENEVENE,An.OCEANIC.BAETORA_NAVENEVENE
Baetora,baet1237,BAETORA_TAM,An.OCEANIC.BAETORA_TAM
Baetora,baet1237,BAETORA,An.OCEANIC.BAETORA
Baetora,baet1237,BAETORA_NASAWA,An.OCEANIC.BAETORA_NASAWA
Baetora,baet1237,BAETORA_NAROVOROVO,An.OCEANIC.BAETORA_NAROVOROVO
Mota,mota1237,MOTA,An.OCEANIC.MOTA
Dorig,weta1242,WETAMUT_DORIG,An.OCEANIC.WETAMUT_DORIG
Dorig,weta1242,WETAMUT,An.OCEANIC.WETAMUT
Nume,nume1241,NUME,An.OCEANIC.NUME
Merlav,merl1237,MERLAV,An.OCEANIC.MERLAV
Merlav,merl1237,MERLAV_MERIG,An.OCEANIC.MERLAV_MERIG
Koro-Olrat,koro1308,KORO,An.OCEANIC.KORO
Lakon,lako1245,LAKONA,An.OCEANIC.LAKONA
Hiw,hiww1237,HIW,An.OCEANIC.HIW
Lo-Toga,loto1240,TOGA,An.OCEANIC.TOGA
Lehalurup,leha1244,LEHALURUP,An.OCEANIC.LEHALURUP
Lehali,leha1243,LEHALI,An.OCEANIC.LEHALI
Mwotlap,motl1237,MOTLAV,An.OCEANIC.MOTLAV
Vurës,vure1239,MOSINA,An.OCEANIC.MOSINA
Vurës,vure1239,MOSINA_VETUMBOSO,An.OCEANIC.MOSINA_VETUMBOSO
Lemerig,leme1238,LEMERIG,An.OCEANIC.LEMERIG
Lemerig,leme1238,VATRATA_SASAR,An.OCEANIC.VATRATA_SASAR
Vera'a,vera1241,VERAA,An.OCEANIC.VERAA
Vera'a,vera1241,VATRATA,An.OCEANIC.VATRATA
Namakura,nama1268,NAMAKURA_MATASO,An.OCEANIC.NAMAKURA_MATASO
Namakura,nama1268,NAMAKURA_TONGARIKI,An.OCEANIC.NAMAKURA_TONGARIKI
Namakura,nama1268,NAMAKURA_BONGABONGA,An.OCEANIC.NAMAKURA_BONGABONGA
Namakura,nama1268,NAMAKURA_MAKURA,An.OCEANIC.NAMAKURA_MAKURA
Eton (Vanuatu),eton1255,ETON_VANUATU,An.OCEANIC.ETON_VANUATU
Nafsan,sout2856,SOUTH_EFATE_ERAKOR,An.OCEANIC.SOUTH_EFATE_ERAKOR
Nafsan,sout2856,SOUTH_EFATE_ERATAP,An.OCEANIC.SOUTH_EFATE_ERATAP
Nafsan,sout2856,SOUTH_EFATE_PANGO,An.OCEANIC.SOUTH_EFATE_PANGO
Lelepa,lele1267,LELEPA,An.OCEANIC.LELEPA
North Efate,nort2836,NORTH_EFATE_PWELE,An.OCEANIC.NORTH_EFATE_PWELE
North Efate,nort2836,NORTH_EFATE_SIVIRI,An.OCEANIC.NORTH_EFATE_SIVIRI
North Efate,nort2836,NORTH_EFATE_NGUNA,An.OCEANIC.NORTH_EFATE_NGUNA
North Efate,nort2836,NORTH_EFATE_WORAVIU,An.OCEANIC.NORTH_EFATE_WORAVIU
North Efate,nort2836,NORTH_EFATE_SESAKE,An.OCEANIC.NORTH_EFATE_SESAKE
Bieria,bier1246,BIERIA_VOVO,An.OCEANIC.BIERIA_VOVO
Maii,maii1238,MAII,An.OCEANIC.MAII
Bierebo,bier1244,BIEREBO_YEVALI,An.OCEANIC.BIEREBO_YEVALI
Bierebo,bier1244,BIEREBO_TAVIO,An.OCEANIC.BIEREBO_TAVIO
Bierebo,bier1244,BIEREBO_BURUPIKA,An.OCEANIC.BIEREBO_BURUPIKA
Baki,baki1244,BAKI,An.OCEANIC.BAKI
Bierebo,bier1244,BIEREBO_BONKOVIA,An.OCEANIC.BIEREBO_BONKOVIA
Lewo,lewo1242,LEWO_MAPREMO,An.OCEANIC.LEWO_MAPREMO
Lewo,lewo1242,LEWO_NUVI,An.OCEANIC.LEWO_NUVI
Lewo,lewo1242,LEWO_VISINA,An.OCEANIC.LEWO_VISINA
Lamenu,lame1260,LAMENU,An.OCEANIC.LAMENU
Lewo,lewo1242,LEWO_NIKAURA,An.OCEANIC.LEWO_NIKAURA
Lewo,lewo1242,LEWO_FILAKARA,An.OCEANIC.LEWO_FILAKARA
Lewo,lewo1242,LEWO_MATE,An.OCEANIC.LEWO_MATE
Lewo,lewo1242,LEWO_NUL,An.OCEANIC.LEWO_NUL
Paama,paam1238,PAAMA_LIRONESA,An.OCEANIC.PAAMA_LIRONESA
Paama,paam1238,PAAMA_FAULILI,An.OCEANIC.PAAMA_FAULILI
Paama,paam1238,PAAMA_LAUL,An.OCEANIC.PAAMA_LAUL
Southeast Ambrym,sout2859,SOUTHEAST_AMBRYM_MAAT,An.OCEANIC.SOUTHEAST_AMBRYM_MAAT
Southeast Ambrym,sout2859,SOUTHEAST_AMBRYM_TOAK,An.OCEANIC.SOUTHEAST_AMBRYM_TOAK
Lonwolwol,lonw1238,LONWOLWOL,An.OCEANIC.LONWOLWOL
North Ambrym,nort2839,NORTH_AMBRYM_RANON,An.OCEANIC.NORTH_AMBRYM_RANON
North Ambrym,nort2839,NORTH_AMBRYM_FONAH,An.OCEANIC.NORTH_AMBRYM_FONAH
Orkon-Fanbak,orko1234,ORKON,An.OCEANIC.ORKON
Dakaka,daka1243,DAKAKA_BAIAP,An.OCEANIC.DAKAKA_BAIAP
Dakaka,daka1243,DAKAKA_SESIVI,An.OCEANIC.DAKAKA_SESIVI
Daakie,port1286,PORT_VATO,An.OCEANIC.PORT_VATO
Sa,saaa1241,SA,An.OCEANIC.SA
Apma,apma1240,APMA,An.OCEANIC.APMA
Apma,apma1240,SURU_KAVIAN_APMA,An.OCEANIC.SURU_KAVIAN_APMA
Seke (Vanuatu),seke1241,SKE,An.OCEANIC.SKE
Seke (Vanuatu),seke1241,SEKE,An.OCEANIC.SEKE
Sowa,sowa1244,SOWA,An.OCEANIC.SOWA
Letemboi-Repanbitip,lete1241,LETEMBOI,An.OCEANIC.LETEMBOI
Repanbitip,repa1237,REPANBITIP,An.OCEANIC.REPANBITIP
Dixon Reef,dixo1238,DIXON_REEF_1,An.OCEANIC.DIXON_REEF_1
Dixon Reef,dixo1238,DIXON_REEF_2,An.OCEANIC.DIXON_REEF_2
Naman,litz1237,LITZLITZ,An.OCEANIC.LITZLITZ
Neve'ei,vinm1237,VINMAVIS,An.OCEANIC.VINMAVIS
,,TAPE,An.OCEANIC.TAPE
Larevat,lare1249,LAREVAT,An.OCEANIC.LAREVAT
Tirax,maee1241,MAE_ORAP,An.OCEANIC.MAE_ORAP
Tirax,maee1241,MAE,An.OCEANIC.MAE
Maragus,mara1399,MARAGUS,An.OCEANIC.MARAGUS
Big Nambas,bign1238,BIG_NAMBAS_LEVIAMP,An.OCEANIC.BIG_NAMBAS_LEVIAMP
Big Nambas,bign1238,BIG_NAMBAS_UNMET,An.OCEANIC.BIG_NAMBAS_UNMET
Ninde,labo1244,LABO_WINDUA,An.OCEANIC.LABO_WINDUA
Ninde,labo1244,LABO,An.OCEANIC.LABO
,,NATI,An.OCEANIC.NATI
Na'ahai,malf1237,MALFAXAL,An.OCEANIC.MALFAXAL
Nahavaq,sout2857,SOUTH_WEST_BAY_BENOUR,An.OCEANIC.SOUTH_WEST_BAY_BENOUR
Nahavaq,sout2857,SOUTH_WEST_BAY_LEMBINWEN,An.OCEANIC.SOUTH_WEST_BAY_LEMBINWEN
Neverver,ling1265,LINGARAK,An.OCEANIC.LINGARAK
Avava,katb1237,KATBOL_TIMBEMBE,An.OCEANIC.KATBOL_TIMBEMBE
Avava,katb1237,KATBOL,An.OCEANIC.KATBOL
Rerep,rere1240,REREP,An.OCEANIC.REREP
Unua,unua1237,UNUA,An.OCEANIC.UNUA
Burmbar,burm1263,BURMBAR_LEPAXSIVIR,An.OCEANIC.BURMBAR_LEPAXSIVIR
Burmbar,burm1263,BURMBAR_VARTAVO,An.OCEANIC.BURMBAR_VARTAVO
Burmbar,burm1263,BURMBAR,An.OCEANIC.BURMBAR
Maskelynes,mask1242,MASKELYNES,An.OCEANIC.MASKELYNES
Port Sandwich,port1285,PORT_SANDWICH,An.OCEANIC.PORT_SANDWICH
Axamb,axam1237,AXAMB_AVOK,An.OCEANIC.AXAMB_AVOK
Axamb,axam1237,AXAMB_MAXBAXO,An.OCEANIC.AXAMB_MAXBAXO
Axamb,axam1237,AXAMB,An.OCEANIC.AXAMB
Aulua,aulu1238,AULUA,An.OCEANIC.AULUA
Malua-Tepërav,malu1245,MALUA_BAY_PETARMUR,An.OCEANIC.MALUA_BAY_PETARMUR
Malua-Tepërav,malu1245,MALUA_BAY,An.OCEANIC.MALUA_BAY
,,NESE,An.OCEANIC.NESE
Mpotovoro,mpot1241,MPOTOVORO_VOVO,An.OCEANIC.MPOTOVORO_VOVO
Vao-Vovo,vaoo1237,VAO,An.OCEANIC.VAO
Uripiv-Wala-Rano-Atchin,urip1239,ATCHIN,An.OCEANIC.ATCHIN
Uripiv-Wala-Rano-Atchin,urip1239,URI,An.OCEANIC.URI
Uripiv-Wala-Rano-Atchin,urip1239,URIPIV,An.OCEANIC.URIPIV
Uripiv-Wala-Rano-Atchin,urip1239,TAUTU,An.OCEANIC.TAUTU
Uripiv-Wala-Rano-Atchin,urip1239,RANO,An.OCEANIC.RANO
Uripiv-Wala-Rano-Atchin,urip1239,PINALUM,An.OCEANIC.PINALUM
Uripiv-Wala-Rano-Atchin,urip1239,WALA,An.OCEANIC.WALA
Iaai,iaai1238,IAAI,An.OCEANIC.IAAI
Dehu,dehu1237,DEHU,An.OCEANIC.DEHU
Nengone,neng1238,NENGONE,An.OCEANIC.NENGONE
Yapese,yape1248,YAPESE,An.YAPESE.YAPESE
Wuvulu-Aua,wuvu1239,WUVULU,An.OCEANIC.WUVULU
Seimat,seim1238,SEIMAT,An.OCEANIC.SEIMAT
Kaniet,kani1282,KANIET,An.OCEANIC.KANIET
Nauna,naun1237,NAUNA,An.OCEANIC.NAUNA
Paluai,balu1257,BALUAN_PAM,An.OCEANIC.BALUAN_PAM
Lou,louu1245,LOU,An.OCEANIC.LOU
Khehek,kheh1237,LEVEI,An.OCEANIC.LEVEI
Likum,liku1243,LIKUM,An.OCEANIC.LIKUM
Nyindrou,nyin1250,NYINDROU,An.OCEANIC.NYINDROU
Hermit,herm1237,HERMIT,An.OCEANIC.HERMIT
Sori-Harengan,sori1242,SORI_HARENGAN,An.OCEANIC.SORI_HARENGAN
Pak-Tong,pakt1239,PAK_TONG,An.OCEANIC.PAK_TONG
Loniu,loni1238,LONIU,An.OCEANIC.LONIU
Mokerang,moke1240,MOKERANG,An.OCEANIC.MOKERANG
Leipon,leip1237,LEIPON,An.OCEANIC.LEIPON
Ponam,pona1250,PONAM,An.OCEANIC.PONAM
Lele (Papua New Guinea),lele1270,LELE,An.OCEANIC.LELE
Titan,tita1241,SIVISA_TITAN,An.OCEANIC.SIVISA_TITAN
Mussau-Emira,muss1246,MUSSAU_EMIRA,An.OCEANIC.MUSSAU_EMIRA
Talise,tali1259,POLEO_TALISE,An.OCEANIC.POLEO_TALISE
Birao,bira1254,MBIRAO,An.OCEANIC.MBIRAO
Talise,tali1259,TOLO,An.OCEANIC.TOLO
Talise,tali1259,MOLI_TALISE,An.OCEANIC.MOLI_TALISE
Talise,tali1259,KOO_TALISE,An.OCEANIC.KOO_TALISE
Talise,tali1259,MALAGHETI_TALISE,An.OCEANIC.MALAGHETI_TALISE
Gela,gela1263,NGGELA,An.OCEANIC.NGGELA
Bughotu,bugh1239,BUGHOTU,An.OCEANIC.BUGHOTU
Bughotu,bugh1239,DHADHAJE_BOGHOTU,An.OCEANIC.DHADHAJE_BOGHOTU
Lengo,leng1259,LENGO,An.OCEANIC.LENGO
Lengo,leng1259,LENGO_2,An.OCEANIC.LENGO_2
Malango,mala1484,MALANGO,An.OCEANIC.MALANGO
Ghari,ghar1239,NGINIA_GHARI,An.OCEANIC.NGINIA_GHARI
Ghari,ghar1239,GHARI,An.OCEANIC.GHARI
Ghari,ghar1239,NGGAE_GHARI,An.OCEANIC.NGGAE_GHARI
Ghari,ghar1239,TANDAI_GHARI,An.OCEANIC.TANDAI_GHARI
Ghari,ghar1239,NDI_GHARI,An.OCEANIC.NDI_GHARI
Ghari,ghar1239,NGGERI_GHARI,An.OCEANIC.NGGERI_GHARI
Longgu,long1395,LONGGU,An.OCEANIC.LONGGU
Sa'a,saaa1240,SAA,An.OCEANIC.SAA
Sa'a,saaa1240,UKI_NI_MASI_SAA,An.OCEANIC.UKI_NI_MASI_SAA
Sa'a,saaa1240,AULU_SAA,An.OCEANIC.AULU_SAA
Sa'a,saaa1240,ULAWA_SAA,An.OCEANIC.ULAWA_SAA
Arosi,aros1241,AROSI_TAWATANA,An.OCEANIC.AROSI_TAWATANA
Arosi,aros1241,ONEIBIA_AROSI,An.OCEANIC.ONEIBIA_AROSI
Bauro,baur1252,BAROO_BAURO,An.OCEANIC.BAROO_BAURO
Bauro,baur1252,RAWO,An.OCEANIC.RAWO
Bauro,baur1252,BAURO,An.OCEANIC.BAURO
Bauro,baur1252,HAUNUNU_BAURO,An.OCEANIC.HAUNUNU_BAURO
Fagani,faga1239,FAGANI,An.OCEANIC.FAGANI
Owa,owaa1237,SANTA_ANA_OWA,An.OCEANIC.SANTA_ANA_OWA
Kahua,kahu1241,KAHUA,An.OCEANIC.KAHUA
Kahua,kahu1241,TAWAROGA_KAHUA,An.OCEANIC.TAWAROGA_KAHUA
Dori'o,dori1246,DORIO,An.OCEANIC.DORIO
'Are'are,area1240,MARAU,An.OCEANIC.MARAU
'Are'are,area1240,WAIAHAA_AREARE,An.OCEANIC.WAIAHAA_AREARE
'Are'are,area1240,MAASUPA_AREARE,An.OCEANIC.MAASUPA_AREARE
Oroha,oroh1237,OROHA,An.OCEANIC.OROHA
Wala,wala1266,LANGALANGA,An.OCEANIC.LANGALANGA
Lau,lauu1247,LAU,An.OCEANIC.LAU
Kwaio,kwai1243,KWAIO,An.OCEANIC.KWAIO
Gula'alaa,gula1270,KWAI,An.OCEANIC.KWAI
Lau,lauu1247,LAU_NORTH,An.OCEANIC.LAU_NORTH
Lau,lauu1247,WALADE_LAU,An.OCEANIC.WALADE_LAU
Kwara'ae,kwar1239,KWARAAE,An.OCEANIC.KWARAAE
To'abaita,toab1237,TOABAITA,An.OCEANIC.TOABAITA
Baelelea,bael1237,MBAELELEA,An.OCEANIC.MBAELELEA
Fataleka,fata1245,FATALEKA,An.OCEANIC.FATALEKA
Baeggu,baeg1237,MBAENGGUU,An.OCEANIC.MBAENGGUU
Western Viti Levu-Yasawas Fijian,west2519,WAYAN_FIJIAN,An.OCEANIC.WAYAN_FIJIAN
Rotuman,rotu1241,ROTUMAN,An.OCEANIC.ROTUMAN
Rotuman,rotu1241,ROTUMAN_2,An.OCEANIC.ROTUMAN_2
Fijian,fiji1243,FIJIAN,An.OCEANIC.FIJIAN
Fijian,fiji1243,FIJIAN_2,An.OCEANIC.FIJIAN_2
Niuean,niue1239,NIUE,An.OCEANIC.NIUE
Tonga (Tonga Islands),tong1325,TONGAN,An.OCEANIC.TONGAN
Tonga (Tonga Islands),tong1325,TONGAN_2,An.OCEANIC.TONGAN_2
East Futuna,east2447,EAST_FUTUNA,An.OCEANIC.EAST_FUTUNA
Anuta,anut1237,ANUTA,An.OCEANIC.ANUTA
Tikopia,tiko1237,TIKOPIA,An.OCEANIC.TIKOPIA
Emae,emae1237,EMAE,An.OCEANIC.EMAE
West Uvean,west2516,WEST_UVEAN,An.OCEANIC.WEST_UVEAN
Futuna-Aniwa,futu1245,ANIWA,An.OCEANIC.ANIWA
Futuna-Aniwa,futu1245,FUTUNA,An.OCEANIC.FUTUNA
Mele-Fila,mele1250,FILA,An.OCEANIC.FILA
Mele-Fila,mele1250,MELE,An.OCEANIC.MELE
Tuvalu,tuva1244,NANUMEA,An.OCEANIC.NANUMEA
Tuvalu,tuva1244,TUVALUAN,An.OCEANIC.TUVALUAN
Tokelau,toke1240,TOKELAU,An.OCEANIC.TOKELAU
Samoan,samo1305,SAMOAN_2,An.OCEANIC.SAMOAN_2
Samoan,samo1305,SAMOAN,An.OCEANIC.SAMOAN
East Futuna,east2447,FUTUNA_EAST,An.OCEANIC.FUTUNA_EAST
East Uvean,wall1257,WALLISIAN_EAST_UVEAN,An.OCEANIC.WALLISIAN_EAST_UVEAN
Vaeakau-Taumako,pile1238,PILENI,An.OCEANIC.PILENI
Vaeakau-Taumako,pile1238,VAEAKAU_TAUMAKO,An.OCEANIC.VAEAKAU_TAUMAKO
Pukapuka,puka1242,PUKAPUKA,An.OCEANIC.PUKAPUKA
Rennell-Bellona,renn1242,RENNELLESE,An.OCEANIC.RENNELLESE
Kapingamarangi,kapi1249,KAPINGAMARANGI,An.OCEANIC.KAPINGAMARANGI
Nukuoro,nuku1260,NUKUORO,An.OCEANIC.NUKUORO
Sikaiana,sika1261,SIKAIANA,An.OCEANIC.SIKAIANA
Luangiua,onto1237,LUANGIUA,An.OCEANIC.LUANGIUA
Nukuria,nuku1259,NUKURIA,An.OCEANIC.NUKURIA
Takuu,taku1257,TAKUU_MORTLOCK,An.OCEANIC.TAKUU_MORTLOCK
Rapanui,rapa1244,RAPA_NUI,An.OCEANIC.RAPA_NUI
Hawaiian,hawa1245,HAWAIIAN_3,An.OCEANIC.HAWAIIAN_3
Hawaiian,hawa1245,HAWAIIAN_2,An.OCEANIC.HAWAIIAN_2
Hawaiian,hawa1245,HAWAIIAN,An.OCEANIC.HAWAIIAN
Tuamotuan,tuam1242,TUAMOTUAN,An.OCEANIC.TUAMOTUAN
Māngarongaro,penr1237,PENRHYN,An.OCEANIC.PENRHYN
Southern Cook Island Maori,raro1241,RAROTONGAN,An.OCEANIC.RAROTONGAN
Southern Cook Island Maori,raro1241,RAROTONGAN_2,An.OCEANIC.RAROTONGAN_2
Maori,maor1246,MOORIORI,An.OCEANIC.MOORIORI
Maori,maor1246,MAORI,An.OCEANIC.MAORI
Rakahanga-Manihiki,raka1237,MANIHIKI,An.OCEANIC.MANIHIKI
Maori,maor1246,SOUTH_ISLAND_MAORI,An.OCEANIC.SOUTH_ISLAND_MAORI
North Marquesan,nort2845,LANGUE_DE_ISLES_MARQUISES,An.OCEANIC.LANGUE_DE_ISLES_MARQUISES
North Marquesan,nort2845,NORTH_MARQUESAN,An.OCEANIC.NORTH_MARQUESAN
North Marquesan,nort2845,MARQUESAN_NUKUHIVA,An.OCEANIC.MARQUESAN_NUKUHIVA
North Marquesan,nort2845,UA_POU,An.OCEANIC.UA_POU
Austral,aust1304,RURUTUAN,An.OCEANIC.RURUTUAN
,,TAHITIAN_18TH_CENTURY,An.OCEANIC.TAHITIAN_18TH_CENTURY
Tahitian,tahi1242,TAHITIAN,An.OCEANIC.TAHITIAN
Tahitian,tahi1242,TAHITIAN_2,An.OCEANIC.TAHITIAN_2
Beria,zagh1240,BERIA,Sah.EASTERN_SAHARAN.BERIA
Berti,bert1249,BERTI,Sah.EASTERN_SAHARAN.BERTI
Dazaga,daza1242,DAZAGA,Sah.WESTERN_SAHARAN.DAZAGA
Tedaga,teda1241,TEDAGA,Sah.WESTERN_SAHARAN.TEDAGA
Kanembu,kane1243,KANEMBU,Sah.WESTERN_SAHARAN.KANEMBU
Central Kanuri,cent2050,KANURI,Sah.WESTERN_SAHARAN.KANURI
Manga-Dagera Kanuri,mang1399,MANGA_KANURI,Sah.WESTERN_SAHARAN.MANGA_KANURI
Duriankere,duri1243,DURIANKERE,Mar.SOUTH_BIRDS_HEAD.DURIANKERE
Suabo,suab1238,INANWATAN,Mar.SOUTH_BIRDS_HEAD.INANWATAN
,,SUABO,Mar.SOUTH_BIRDS_HEAD.SUABO
Yaben (Konda),kond1303,KONDA_2,Mar.SOUTH_BIRDS_HEAD.KONDA_2
Yahadian,yaha1248,YAHADIAN,Mar.SOUTH_BIRDS_HEAD.YAHADIAN
,,KAPONG_BARU,Mar.SOUTH_BIRDS_HEAD.KAPONG_BARU
Puragi,pura1253,PURAGI_2,Mar.SOUTH_BIRDS_HEAD.PURAGI_2
Dombano,aran1237,ARANDAI_TAROF,Mar.SOUTH_BIRDS_HEAD.ARANDAI_TAROF
Kokoda,koko1265,KOKODA_KASUWERI,Mar.SOUTH_BIRDS_HEAD.KOKODA_KASUWERI
Kemberano,kemb1235,KEMBERANO_WERIAGAR,Mar.SOUTH_BIRDS_HEAD.KEMBERANO_WERIAGAR
Dombano,aran1237,ARANDAI_SEBYAR,Mar.SOUTH_BIRDS_HEAD.ARANDAI_SEBYAR
Kemberano,kemb1235,KEMBERANO_BARAU,Mar.SOUTH_BIRDS_HEAD.KEMBERANO_BARAU
Kemberano,kemb1235,KEMBERANO,Mar.SOUTH_BIRDS_HEAD.KEMBERANO
Mpur,mpur1239,MPUR,WP.KEBAR.MPUR
Itonama,iton1250,ITONAMA,Ito.ITONAMA.ITONAMA
Momuna,momu1241,MOMUNA,TNG.MOMUNA.MOMUNA
Maria (Papua New Guinea),mari1438,MARIA_MARANOMU_1,TNG.MANUBARAN.MARIA_MARANOMU_1
,,MARIA,TNG.MANUBARAN.MARIA
,,DOROMU,TNG.MANUBARAN.DOROMU
Doromu-Koki,doro1266,DOROMU_LOFAIKA,TNG.MANUBARAN.DOROMU_LOFAIKA
Doromu-Koki,doro1266,DOROMU_ARAMAIKA,TNG.MANUBARAN.DOROMU_ARAMAIKA
Doromu-Koki,doro1266,DOROMU_BAREIKA,TNG.MANUBARAN.DOROMU_BAREIKA
Yareba,yare1248,YAREBA,Yrb.YAREBAN.YAREBA
Aneme Wake,anem1248,ANEME_WAKE,Yrb.YAREBAN.ANEME_WAKE
Moikodi,moik1239,MOIKODI,Yrb.YAREBAN.MOIKODI
Laua,laua1245,LAUA,TNG.MAILUAN.LAUA
Mailu,mail1248,MAILU,TNG.MAILUAN.MAILU
Mailu,mail1248,MAILU_2,TNG.MAILUAN.MAILU_2
Binahari-Neme,bina1275,BINAHARI,TNG.MAILUAN.BINAHARI
Morawa,mora1273,MORAWA,TNG.MAILUAN.MORAWA
Domu,domu1245,DOMU,TNG.MAILUAN.DOMU
Domu,domu1245,DOMU_2,TNG.MAILUAN.DOMU_2
Mawes,mawe1251,MAWES,Kwe.MAWES.MAWES
Kalamang,kara1499,KARAS,WBm.WEST_BOMBERAI.KARAS
Iha,ihaa1241,IHA,WBm.WEST_BOMBERAI.IHA
Baham,baha1258,MBAHAM,WBm.WEST_BOMBERAI.MBAHAM
Bunak,buna1278,BUNAK_2,TAP.BUNAK.BUNAK_2
Makasae-Makalero,maka1316,MAKASAE,TAP.MAKASAE_FATALUKU_OIRATA.MAKASAE
Fataluku,fata1247,FATALUKU,TAP.MAKASAE_FATALUKU_OIRATA.FATALUKU
Oirata,oira1263,OIRATA,TAP.MAKASAE_FATALUKU_OIRATA.OIRATA
Abui,abui1241,ABUI_TAKALELANG,TAP.GREATER_ALOR.ABUI_TAKALELANG
Abui,abui1241,ABUI,TAP.GREATER_ALOR.ABUI
Abui,abui1241,ABUI_ATIMELANG,TAP.GREATER_ALOR.ABUI_ATIMELANG
Abui,abui1241,TIFOL_AFENG_ABUI,TAP.GREATER_ALOR.TIFOL_AFENG_ABUI
Abui,abui1241,ABUI_MAKADAI,TAP.GREATER_ALOR.ABUI_MAKADAI
Wersing,wers1238,WERSING_2,TAP.KOLANA_TANGLAPUI.WERSING_2
Wersing,wers1238,WERSING,TAP.KOLANA_TANGLAPUI.WERSING
Sawila,sawi1256,SAWILA_2,TAP.KOLANA_TANGLAPUI.SAWILA_2
Sawila,sawi1256,SAWILA,TAP.KOLANA_TANGLAPUI.SAWILA
Kula (Indonesia),kula1280,KULA,TAP.KOLANA_TANGLAPUI.KULA
Kamang,kama1365,KAMANG_2,TAP.GREATER_ALOR.KAMANG_2
Kamang,kama1365,KAMANG,TAP.GREATER_ALOR.KAMANG
Kamang,kama1365,KAMANG_LETLEY,TAP.GREATER_ALOR.KAMANG_LETLEY
Kamang,kama1365,KAMANG_KOLOMANE,TAP.GREATER_ALOR.KAMANG_KOLOMANE
Kamang,kama1365,KAMANG_PIDO_I,TAP.GREATER_ALOR.KAMANG_PIDO_I
Kamang,kama1365,KAMANG_PIDO_II,TAP.GREATER_ALOR.KAMANG_PIDO_II
Kamang,kama1365,KAMANG_LANGKURU,TAP.GREATER_ALOR.KAMANG_LANGKURU
Kui (Indonesia),kuii1253,KUI_INDONESIA,TAP.GREATER_ALOR.KUI_INDONESIA
Kui (Indonesia),kuii1253,KUI_INDONESIA_2,TAP.GREATER_ALOR.KUI_INDONESIA_2
Kafoa,kafo1240,KAFOA,TAP.GREATER_ALOR.KAFOA
Klon,kelo1247,KLON,TAP.GREATER_ALOR.KLON
Klon,kelo1247,KLON_2,TAP.GREATER_ALOR.KLON_2
Klon,kelo1247,KELON_HALERMAN,TAP.GREATER_ALOR.KELON_HALERMAN
Klon,kelo1247,KELON_PROBUR,TAP.GREATER_ALOR.KELON_PROBUR
Adang,adan1251,ADANG,TAP.GREATER_ALOR.ADANG
Kabola,kabo1247,KABOLA,TAP.GREATER_ALOR.KABOLA
Kabola,kabo1247,KABOLA_AIMOLI,TAP.GREATER_ALOR.KABOLA_AIMOLI
Kabola,kabo1247,KABOLA_PITUMBANG,TAP.GREATER_ALOR.KABOLA_PITUMBANG
Kabola,kabo1247,KABOLA_HAMAP,TAP.GREATER_ALOR.KABOLA_HAMAP
Adang,adan1251,ADANG_PITUNG,TAP.GREATER_ALOR.ADANG_PITUNG
Hamap,hama1240,HAMAP,TAP.GREATER_ALOR.HAMAP
Blagar,blag1240,BLAGAR_BAKALANG,TAP.GREATER_ALOR.BLAGAR_BAKALANG
Reta,rett1240,BLAGAR_RETTA_PURA,TAP.GREATER_ALOR.BLAGAR_RETTA_PURA
Reta,rett1240,BLAGAR_RETTA_TERNATE,TAP.GREATER_ALOR.BLAGAR_RETTA_TERNATE
Tereweng,tere1277,BLAGAR_TEREWENG,TAP.GREATER_ALOR.BLAGAR_TEREWENG
Blagar,blag1240,BLAGAR,TAP.GREATER_ALOR.BLAGAR
Blagar,blag1240,BLAGAR_APURI_PURA,TAP.GREATER_ALOR.BLAGAR_APURI_PURA
Blagar,blag1240,BLAGAR_LIMARAHING,TAP.GREATER_ALOR.BLAGAR_LIMARAHING
Kaera,kaer1234,KAERA,TAP.GREATER_ALOR.KAERA
Kaera,kaer1234,KAERA_2,TAP.GREATER_ALOR.KAERA_2
Western Pantar,lamm1241,LAMMA,TAP.GREATER_ALOR.LAMMA
Western Pantar,lamm1241,WESTERN_PANTAR,TAP.GREATER_ALOR.WESTERN_PANTAR
,,KAWA,TAP.GREATER_ALOR.KAWA
Western Pantar,lamm1241,LAMMA_KALONDAMA,TAP.GREATER_ALOR.LAMMA_KALONDAMA
Western Pantar,lamm1241,LAMMA_BIANGWALA,TAP.GREATER_ALOR.LAMMA_BIANGWALA
Western Pantar,lamm1241,LAMMA_MAUTA_TUBAL,TAP.GREATER_ALOR.LAMMA_MAUTA_TUBAL
Nedebang,nede1245,NEDEBANG,TAP.GREATER_ALOR.NEDEBANG
Nedebang,nede1245,NEDEBANG_2,TAP.GREATER_ALOR.NEDEBANG_2
Teiwa,teiw1235,TEWA_SARGANG,TAP.GREATER_ALOR.TEWA_SARGANG
Teiwa,teiw1235,TEWA_MADAR,TAP.GREATER_ALOR.TEWA_MADAR
Teiwa,teiw1235,TEWA_DEING,TAP.GREATER_ALOR.TEWA_DEING
Teiwa,teiw1235,TEWA_LEBANG,TAP.GREATER_ALOR.TEWA_LEBANG
,,SAR_INDONESIA,TAP.GREATER_ALOR.SAR_INDONESIA
Teiwa,teiw1235,TEIWA,TAP.GREATER_ALOR.TEIWA
Teiwa,teiw1235,TEIWA_2,TAP.GREATER_ALOR.TEIWA_2
Naasioi,naas1242,NASIOI,EB.EAST_BOUGAINVILLE.NASIOI
Terei,tere1278,BUIN,EB.EAST_BOUGAINVILLE.BUIN
Siwai,siwa1245,MOTUNA,EB.EAST_BOUGAINVILLE.MOTUNA
Beothuk,beot1247,BEOTHUK,Beo.BEOTHUK.BEOTHUK
Abun,abun1252,ABUN,WP.NORTH_CENTRAL_BIRDS_HEAD.ABUN
Hatam,hata1243,HATAM,WP.HATAM.HATAM
Sougb,mani1235,SOUGB,EBH.EAST_BIRDS_HEAD.SOUGB
Meyah,meya1236,MEYAH,EBH.EAST_BIRDS_HEAD.MEYAH
Moskona,mosk1236,MOSKONA,EBH.EAST_BIRDS_HEAD.MOSKONA
Banaro,bana1292,BANARO,LSR.GRASS.BANARO
Tabriak,tabr1243,TABRIAK,LSR.LOWER_SEPIK.TABRIAK
,,YIMAS,LSR.LOWER_SEPIK.YIMAS
Yimas,yima1243,YIMAS_2,LSR.LOWER_SEPIK.YIMAS_2
Chambri,cham1313,CHAMBRI,LSR.LOWER_SEPIK.CHAMBRI
Chambri,cham1313,CHAMBRI_KILIMBIT,LSR.LOWER_SEPIK.CHAMBRI_KILIMBIT
Angoram,ango1255,ANGORAM,LSR.LOWER_SEPIK.ANGORAM
Kopar,kopa1248,KOPAR,LSR.LOWER_SEPIK.KOPAR
Murik (Papua New Guinea),muri1260,MURIK,LSR.LOWER_SEPIK.MURIK
Rao,raoo1244,RAO_2,LSR.ANNABERG.RAO_2
Anor,anor1241,ANOR,LSR.ANNABERG.ANOR
Kanggape,kang1291,KANGGAPE,LSR.ANNABERG.KANGGAPE
Tanggu,tang1355,TANGGU,LSR.ANNABERG.TANGGU
Kire,kire1240,KIRE,LSR.MIKAREW.KIRE
Aruamu,arua1260,ARUAMU,LSR.MIKAREW.ARUAMU
Aruamu,arua1260,MIKAREW_MAKARUB,LSR.MIKAREW.MIKAREW_MAKARUB
Borei,bore1247,GAMEI,LSR.LOWER_RAMU.GAMEI
Awar,awar1249,AWAR,LSR.LOWER_RAMU.AWAR
Kaian,kaia1245,KAIAN,LSR.LOWER_RAMU.KAIAN
Watam,wata1253,WATAM,LSR.LOWER_RAMU.WATAM
Dera (Indonesia),dera1245,AMGOTRO,Sen.SENAGI.AMGOTRO
Angor,ango1254,ANGOR,Sen.SENAGI.ANGOR
Dera (Indonesia),dera1245,MONGOWAR,Sen.SENAGI.MONGOWAR
Kuot,kuot1243,KUOT,Kuo.KUOT.KUOT
Pinai-Hagahai,pina1252,PINAI_HAGAHAI_ARAMO,Pia.PIAWI.PINAI_HAGAHAI_ARAMO
Haruai,haru1245,HARUAI,Pia.PIAWI.HARUAI
Pinai-Hagahai,pina1252,PINAI_HAGAHAI_PINAI_1,Pia.PIAWI.PINAI_HAGAHAI_PINAI_1
Andai,anda1283,ANDAI,Ara.ARAFUNDI.ANDAI
Tapei,tape1242,TAPEI_ANGARAT,Ara.ARAFUNDI.TAPEI_ANGARAT
,,ALFENDIO,Ara.ARAFUNDI.ALFENDIO
Nanubae-Imangae,nanu1240,NANUBAE_IMAMERI,Ara.ARAFUNDI.NANUBAE_IMAMERI
,,KAMBOT_KAMBARAMBA,LSR.BOTIN.KAMBOT_KAMBARAMBA
,,KAMBOT,LSR.BOTIN.KAMBOT
Yawa,nucl1454,MARIADEI,Yaw.YAWA.MARIADEI
Yawa,nucl1454,KONTI_UNAI,Yaw.YAWA.KONTI_UNAI
Yawa,nucl1454,TINDARET,Yaw.YAWA.TINDARET
Yawa,nucl1454,AMBADAIRU,Yaw.YAWA.AMBADAIRU
Yawa,nucl1454,ARIEPI,Yaw.YAWA.ARIEPI
Yawa,nucl1454,SARAWANDORI,Yaw.YAWA.SARAWANDORI
,,OTOMACO,Oto.OTOMACO.OTOMACO
,,TAPARITA,Oto.OTOMACO.TAPARITA
Angaataha,anga1290,ANGAATAHA,TNG.ANGAN.ANGAATAHA
Ankave,anka1246,ANKAVE,TNG.ANGAN.ANKAVE
Ankave,anka1246,ANKAVE_2,TNG.ANGAN.ANKAVE_2
Akoye,akoy1238,LOHIKI,TNG.ANGAN.LOHIKI
Tainae,tain1253,IVORI,TNG.ANGAN.IVORI
Tainae,tain1253,TAINAE,TNG.ANGAN.TAINAE
Simbari,simb1255,SIMBARI,TNG.ANGAN.SIMBARI
Baruya,baru1267,BARUYA_2,TNG.ANGAN.BARUYA_2
Baruya,baru1267,BARUYA,TNG.ANGAN.BARUYA
Safeyoka,safe1240,AMPALE,TNG.ANGAN.AMPALE
Kawacha,kawa1276,KAWACHA,TNG.ANGAN.KAWACHA
Kamasa,kama1360,KAMASA,TNG.ANGAN.KAMASA
Yagwoia,yagw1240,YAGWOIA,TNG.ANGAN.YAGWOIA
Hamtai,hamt1247,KAPAU,TNG.ANGAN.KAPAU
Hamtai,hamt1247,HAMTAI,TNG.ANGAN.HAMTAI
Menya,meny1245,MENYA,TNG.ANGAN.MENYA
Menya,meny1245,MENYA_2,TNG.ANGAN.MENYA_2
Yana,yana1271,YANA,Hok.YANA.YANA
Atohwaim,atoh1238,KAUGAT,Kay.KAYAGAR.KAUGAT
,,KAJGIR,Kay.KAYAGAR.KAJGIR
Tamagario,tama1336,TAMAGARIO,Kay.KAYAGAR.TAMAGARIO
,,TOFAMNA,Tof.TOFANMA.TOFAMNA
Maklew,makl1246,MAKLEW_2,Bul.BULAKA_RIVER.MAKLEW_2
Southern Yelmek,yelm1242,YELMEK,Bul.BULAKA_RIVER.YELMEK
Southern Yelmek,yelm1242,JABSCH,Bul.BULAKA_RIVER.JABSCH
Southern Yelmek,yelm1242,YELMEK_JAB,Bul.BULAKA_RIVER.YELMEK_JAB
Dubu,dubu1240,DUBU,Pau.PAUWASI.DUBU
Towei,towe1240,TOWEI,Pau.PAUWASI.TOWEI
Karkar-Yuri,kark1258,KARKAR_YURI,KY.KARKAR_YURI.KARKAR_YURI
,,YURI,KY.KARKAR_YURI.YURI
Yafi,yafi1240,JAFI,KY.KARKAR_YURI.JAFI
Emumu,emum1240,EMEM,KY.KARKAR_YURI.EMEM
Emumu,emum1240,EMUMU,KY.KARKAR_YURI.EMUMU
Yetfa,yetf1238,BIKSI,Sep.BIKSI.BIKSI
Kimki,kimk1238,KIMKI,Sep.BIKSI.KIMKI
Lepki,lepk1238,LEPKI,Lep.LEPKI.LEPKI
Murkim,murk1238,MILKI_MURKIM,Mrk.MURKIM.MILKI_MURKIM
Murkim,murk1238,MOT_MURKIM,Mrk.MURKIM.MOT_MURKIM
Sapé,sape1238,SAPE,Sap.SAPE.SAPE
Tuwari,tuwa1242,TUWARI,LS.LEONHARD_SCHULTZE.TUWARI
Walio,nucl1453,WALIO,LS.LEONHARD_SCHULTZE.WALIO
Yawiyo,yawi1238,WOSWARI,LS.LEONHARD_SCHULTZE.WOSWARI
,,YAWIYO,LS.LEONHARD_SCHULTZE.YAWIYO
Boikin,boik1241,YENGORU,Sep.MIDDLE_SEPIK.YENGORU
Boikin,boik1241,BOIKIN,Sep.MIDDLE_SEPIK.BOIKIN
Boikin,boik1241,KWUSAUN,Sep.MIDDLE_SEPIK.KWUSAUN
Ngala,ngal1300,NGALA,Sep.MIDDLE_SEPIK.NGALA
Ambulas,ambu1247,MAPRIK,Sep.MIDDLE_SEPIK.MAPRIK
Hanga Hundi,hang1263,HANGA_HUNDI,Sep.MIDDLE_SEPIK.HANGA_HUNDI
Ambulas,ambu1247,WOSERA,Sep.MIDDLE_SEPIK.WOSERA
Iatmul,iatm1242,NYAURA,Sep.MIDDLE_SEPIK.NYAURA
Manambu,mana1298,MANAMBU,Sep.MIDDLE_SEPIK.MANAMBU
Yalaku,yelo1243,YELOGU,Sep.MIDDLE_SEPIK.YELOGU
Iwam,iwam1256,IWAM,Sep.UPPER_SEPIK.IWAM
Wogamusin,woga1249,WOGAMUSIN,Sep.UPPER_SEPIK.WOGAMUSIN
Abau,abau1245,ABAU,Sep.UPPER_SEPIK.ABAU
Abau,abau1245,ABAU_2,Sep.UPPER_SEPIK.ABAU_2
Amal,amal1242,AMAL,Sep.UPPER_SEPIK.AMAL
Namia,nami1256,NAMIA,Sep.YELLOW_RIVER.NAMIA
Awtuw,awtu1239,AWTUW,Sep.RAM.AWTUW
Karawa,kara1495,KARAWA,Sep.RAM.KARAWA
Pouye,pouy1238,POUYE,Sep.RAM.POUYE
Yessan-Mayo,yess1239,YESSAN_MAYO,Sep.TAMA_SEPIK.YESSAN_MAYO
Mehek,mehe1243,MEHEK,Sep.TAMA_SEPIK.MEHEK
Pahi,pahi1246,PAHI,Sep.TAMA_SEPIK.PAHI
Kwoma,kwom1262,KWOMA,Sep.MIDDLE_SEPIK.KWOMA
,,KWANGA,Sep.MIDDLE_SEPIK.KWANGA
Mende (Papua New Guinea),mend1268,MENDE_PNG,Sep.MIDDLE_SEPIK.MENDE_PNG
Alamblak,alam1246,ALAMBLAK,Sep.SEPIK_HILL.ALAMBLAK
Bahinemo,bahi1254,BAHINEMO,Sep.SEPIK_HILL.BAHINEMO
Kapriman,kapr1245,KAPRIMAN,Sep.SEPIK_HILL.KAPRIMAN
Saniyo-Hiyewe,sani1270,SANIO,Sep.SEPIK_HILL.SANIO
Hewa,hewa1241,HEWA,Sep.SEPIK_HILL.HEWA
Piame,piam1243,PIAME,Sep.SEPIK_HILL.PIAME
Niksek,niks1238,GABIANO,Sep.SEPIK_HILL.GABIANO
Niksek,niks1238,PAKA,Sep.SEPIK_HILL.PAKA
I'saka,kris1246,ISAKA,Sko.KRISA.ISAKA
Wutung,wutu1244,WUTUNG,Sko.WESTERN_SKOU.WUTUNG
Skou,nucl1634,SKOU,Sko.WESTERN_SKOU.SKOU
Skou,nucl1634,TUMAWO,Sko.WESTERN_SKOU.TUMAWO
Vanimo,vani1248,LEITRE,Sko.WESTERN_SKOU.LEITRE
Vanimo,vani1248,DUMO,Sko.WESTERN_SKOU.DUMO
Vanimo,vani1248,DUSUR,Sko.WESTERN_SKOU.DUSUR
Rawo,rawo1244,POKO_RAWO,Sko.SERRA_HILLS.POKO_RAWO
Womo-Sumararu,womo1238,SUMARARU,Sko.SERRA_HILLS.SUMARARU
Womo-Sumararu,womo1238,WOMO,Sko.SERRA_HILLS.WOMO
Uni,unii1234,RAMO,Sko.WARUPU.RAMO
Bauni,wara1302,BARUPU,Sko.WARUPU.BARUPU
Bauni,wara1302,POO,Sko.WARUPU.POO
Bouni-Bobe,boun1246,SUMO,Sko.WARUPU.SUMO
Ipiko,ipik1244,IPIKO,IG.INLAND_GULF.IPIKO
Minanibai-Foia Foia,mina1274,MINANIBAI,IG.INLAND_GULF.MINANIBAI
Mubami,muba1238,TAO_SUAMATO,IG.INLAND_GULF.TAO_SUAMATO
Makayam,maka1315,MAKAYAM,TNG.TIRIO.MAKAYAM
,,BEGUA,Mar.MARIND_PROPER.BEGUA
Kuni-Boazi,kuni1265,BOAZI,Mar.MARIND_PROPER.BOAZI
,,ZIMAKANI,Mar.MARIND_PROPER.ZIMAKANI
Yaqay,yaqa1246,JAKAJ,Mar.MARIND_PROPER.JAKAJ
Warkay-Bipim,wark1247,WARKAJ,Mar.MARIND_PROPER.WARKAJ
Bian Marind,bian1251,MARIND_BIAN,Mar.MARIND_PROPER.MARIND_BIAN
Marind,nucl1622,MARINDINEESCH,Mar.MARIND_PROPER.MARINDINEESCH
Kosadle,kosa1251,KOSARE,Kau.KAURE.KOSARE
Tabo,tabo1241,TABO_WAIA,MUM.MOREHEAD_AND_UPPER_MARO_RIVERS.TABO_WAIA
Bamu,bamu1257,BAMU,Kiw.KIWAIAN.BAMU
Bamu,bamu1257,BAMU_2,Kiw.KIWAIAN.BAMU_2
Waboda,wabo1241,WABUDA,Kiw.KIWAIAN.WABUDA
Southern Kiwai,sout2949,KIWAI_SOUTHERN,Kiw.KIWAIAN.KIWAI_SOUTHERN
Kerewo,kere1286,KEREWO,Kiw.KIWAIAN.KEREWO
Morigi,mori1271,MORIGI,Kiw.KIWAIAN.MORIGI
Northeast Kiwai,nort2930,GOPE,Kiw.KIWAIAN.GOPE
Northeast Kiwai,nort2930,URAMA,Kiw.KIWAIAN.URAMA
Northeast Kiwai,nort2930,GIBAIO,Kiw.KIWAIAN.GIBAIO
Northeast Kiwai,nort2930,ANIGIBI,Kiw.KIWAIAN.ANIGIBI
Amur Nivkh,gily1242,GILYAK_SOUTH_SAKHALIN,Niv.NIVKH.GILYAK_SOUTH_SAKHALIN
Amur Nivkh,gily1242,GILYAK_EAST_SAKHALIN,Niv.NIVKH.GILYAK_EAST_SAKHALIN
Amur Nivkh,gily1242,GILYAK_NORTH_SAKHALIN,Niv.NIVKH.GILYAK_NORTH_SAKHALIN
Amur Nivkh,gily1242,GILYAK_WEST_SAKHALIN,Niv.NIVKH.GILYAK_WEST_SAKHALIN
Amur Nivkh,gily1242,GILYAK,Niv.NIVKH.GILYAK
Amur Nivkh,gily1242,GILYAK_AMUR,Niv.NIVKH.GILYAK_AMUR
Marori,moro1289,MORORI,MUM.MORAORI.MORORI
Berta,bert1248,WETAWIT,Ber.BERTA.WETAWIT
Ngkontar Ngkolmpu,ngka1235,KANUM_NGKALMPW,MUM.MOREHEAD_AND_UPPER_MARO_RIVERS.KANUM_NGKALMPW
Nambo,namb1293,NAMBO,MUM.MOREHEAD_AND_UPPER_MARO_RIVERS.NAMBO
Namo,namo1246,NAMO,MUM.MOREHEAD_AND_UPPER_MARO_RIVERS.NAMO
,,NEME,MUM.MOREHEAD_AND_UPPER_MARO_RIVERS.NEME
Yei,yeii1239,YEY,MUM.MOREHEAD_AND_UPPER_MARO_RIVERS.YEY
Yei,yeii1239,JEISCH,MUM.MOREHEAD_AND_UPPER_MARO_RIVERS.JEISCH
Arammba,aram1253,ARAMMBA,TNG.MOREHEAD_WASUR.ARAMMBA
Kánchá,kunj1246,PEREMKA,MUM.MOREHEAD_AND_UPPER_MARO_RIVERS.PEREMKA
Anta-Komnzo-Wára-Wérè-Kémä,wara1294,WARA_PNG,MUM.MOREHEAD_AND_UPPER_MARO_RIVERS.WARA_PNG
,,MOR_2,TNG.MOR.MOR_2
Agob-Ende-Kawam,agob1244,AGOB_DABU,MUM.MOREHEAD_AND_UPPER_MARO_RIVERS.AGOB_DABU
Idi-Taeme,idii1243,DIBOLUG,MUM.MOREHEAD_AND_UPPER_MARO_RIVERS.DIBOLUG
Meriam,meri1244,MERIAM,WF.WESTERN_FLY.MERIAM
Gizrra,gizr1240,GIZRRA_WAIDORO,WF.WESTERN_FLY.GIZRRA_WAIDORO
Gizrra,gizr1240,GIZRRA_KUPERE,WF.WESTERN_FLY.GIZRRA_KUPERE
Gizrra,gizr1240,GIZRRA_TOGO,WF.WESTERN_FLY.GIZRRA_TOGO
Bine,bine1240,BINE_KUNINI,WF.WESTERN_FLY.BINE_KUNINI
Wipi,wipi1242,UME,WF.WESTERN_FLY.UME
Wipi,wipi1242,WIPI_ABAM,WF.WESTERN_FLY.WIPI_ABAM
Wipi,wipi1242,WIPI_PEAWA,WF.WESTERN_FLY.WIPI_PEAWA
Wipi,wipi1242,WIPI_DOROGORI,WF.WESTERN_FLY.WIPI_DOROGORI
Wipi,wipi1242,WIPI_KURU,WF.WESTERN_FLY.WIPI_KURU
Wipi,wipi1242,WIPI_GAMAEWE,WF.WESTERN_FLY.WIPI_GAMAEWE
Wipi,wipi1242,WIPI_WONIE,WF.WESTERN_FLY.WIPI_WONIE
Wipi,wipi1242,WIPI_PODARI,WF.WESTERN_FLY.WIPI_PODARI
Wipi,wipi1242,WIPI_IAMEGA,WF.WESTERN_FLY.WIPI_IAMEGA
Wipi,wipi1242,WIPI_YUTA,WF.WESTERN_FLY.WIPI_YUTA
Wipi,wipi1242,WIPI_GUIAM,WF.WESTERN_FLY.WIPI_GUIAM
Wipi,wipi1242,WIPI_WIPIM,WF.WESTERN_FLY.WIPI_WIPIM
Wipi,wipi1242,WIPI_KAPAL,WF.WESTERN_FLY.WIPI_KAPAL
Sause,saus1247,SAUSE,TO.SAUSE.SAUSE
Kapori,kapo1250,KAPAURI,Kap.KAPAURI.KAPAURI
Isirawa,isir1237,SABERI,Kwe.KWERBA.SABERI
Samarokena,sama1240,SAMAROKENA_TOMAYO,Kwe.KWERBA.SAMAROKENA_TOMAYO
Bagusa,bagu1251,BAGUSA,Kwe.KWERBA.BAGUSA
Kwerba,nucl1595,KWERBA_NAIDJBEDJ,Kwe.KWERBA.KWERBA_NAIDJBEDJ
Kauwera,kauw1242,KWERBA_KAUWERAWET_I,Kwe.KWERBA.KWERBA_KAUWERAWET_I
Kwerba Mamberamo,kwer1263,KWERBA_MAMBERAMO,Kwe.KWERBA.KWERBA_MAMBERAMO
,,ORYA_2,TO.ORYA.ORYA_2
Berik,beri1254,BERIK_2,TO.TOR.BERIK_2
Kwesten,kwes1245,KWESTEN,TO.ORYA.KWESTEN
,,ITIK,TO.ORYA.ITIK
,,MANDER,TO.ORYA.MANDER
Nimboran,nucl1633,NIMBORAN_2,Nim.NIMBORAN.NIMBORAN_2
Mekwei,mekw1241,MEKWEI_WABRON,Nim.NIMBORAN.MEKWEI_WABRON
Mekwei,mekw1241,MEKWEI_MARIBU,Nim.NIMBORAN.MEKWEI_MARIBU
Mekwei,mekw1241,MEKWEI_KENDATE,Nim.NIMBORAN.MEKWEI_KENDATE
Mlap,mlap1238,MLAP,Nim.NIMBORAN.MLAP
Gresi,gres1240,GRESI,Nim.NIMBORAN.GRESI
Kemtuik,kemt1242,KEMTUIK,Nim.NIMBORAN.KEMTUIK
Kemtuik,kemt1242,KEMTUIK_2,Nim.NIMBORAN.KEMTUIK_2
Yele,yele1255,YELETNYE,Yel.YELE.YELETNYE
Daga,daga1275,DAGA,Dag.DAGAN.DAGA
Onjob,onjo1240,ONJOB,Dag.DAGAN.ONJOB
Dima,dima1252,DIMA,Dag.DAGAN.DIMA
Umanakaina,uman1240,UMANAKAINA_GIGAREBI,Dag.DAGAN.UMANAKAINA_GIGAREBI
Umanakaina,uman1240,UMANAKAINA_GWOIDEN,Dag.DAGAN.UMANAKAINA_GWOIDEN
Maiwa (Papua New Guinea),maiw1251,MAIWA,Dag.DAGAN.MAIWA
Maiwa (Papua New Guinea),maiw1251,MAIWA_MANEAO,Dag.DAGAN.MAIWA_MANEAO
Maiwa (Papua New Guinea),maiw1251,MAIWA_PUE,Dag.DAGAN.MAIWA_PUE
Maiwa (Papua New Guinea),maiw1251,MAIWA_GALEVA,Dag.DAGAN.MAIWA_GALEVA
Uare,uare1241,KWALE,Kwa.KWALEAN.KWALE
,,HUMENE,Kwa.KWALEAN.HUMENE
,,HUMENE_MANUGORO,Kwa.KWALEAN.HUMENE_MANUGORO
Mulaha,mula1254,MULAHA,Kwa.KWALEAN.MULAHA
,,MULAHA_IAIBU,Kwa.KWALEAN.MULAHA_IAIBU
,,MULAHA_MULAHA,Kwa.KWALEAN.MULAHA_MULAHA
,,BANGI_ME,Ban.BANGIME.BANGI_ME
Ndom,ndom1245,NDOM_2,Kol.KOLOPOM.NDOM_2
Kimaama,kima1246,KIMAGHAMA,Kol.KOLOPOM.KIMAGHAMA
Kimaama,kima1246,KALADDARSCH,Kol.KOLOPOM.KALADDARSCH
Riantana,rian1263,RIANTANA_2,Kol.KOLOPOM.RIANTANA_2
Mombum,nucl1452,KOMELOMSCH,Mom.MOMBUM.KOMELOMSCH
Koneraw,kone1241,KONERAWSCH,Mom.MOMBUM.KONERAWSCH
,,MOMBUN,Mom.MOMBUM.MOMBUN
Barapasi,bara1375,BARAPASI,EGB.EAST_GEELVINK_BAY.BARAPASI
Bauzi,bauz1241,BAUZI,EGB.EAST_GEELVINK_BAY.BAUZI
Demisa,demi1242,DEMISA,EGB.EAST_GEELVINK_BAY.DEMISA
Tunggare,tung1293,TUNGGARE,EGB.EAST_GEELVINK_BAY.TUNGGARE
Rumu,rumu1243,RUMU,TuK.TURAMA_KIKORIAN.RUMU
Ikobi,ikob1240,MENA,TuK.TURAMA_KIKORIAN.MENA
Mouwase,mouw1234,OMATI,TuK.TURAMA_KIKORIAN.OMATI
,,FOE,TNG.KUTUBUAN.FOE
Fasu,fasu1242,FASU,TNG.FASU.FASU
Fasu,fasu1242,NAMUMI,TNG.FASU.NAMUMI
Pare,pare1271,PARE_PNG,AP.AWIN_PARE.PARE_PNG
Kamula,kamu1260,KAMULA,Kam.KAMULA.KAMULA
Doso,doso1239,DOSO,Dos.DOSO.DOSO
Fembe,femb1238,AGALA,ES.EAST_STRICKLAND.AGALA
Odoodee,odoo1238,ODOODEE,ES.EAST_STRICKLAND.ODOODEE
Kubo,kubo1242,KUBO,ES.EAST_STRICKLAND.KUBO
Samo,samo1303,SAMO,ES.EAST_STRICKLAND.SAMO
Gobasi,goba1246,HONIBO,ES.EAST_STRICKLAND.HONIBO
Gobasi,goba1246,OIBAE,ES.EAST_STRICKLAND.OIBAE
Gobasi,goba1246,GEBUSI,ES.EAST_STRICKLAND.GEBUSI
Suki,suki1245,SUKI,GS.SUKI.SUKI
Waruna,waru1267,WARUNA,GS.GOGODALA.WARUNA
Ari,arii1243,GOGODALA_ARI,GS.GOGODALA.GOGODALA_ARI
Gogodala,gogo1265,GOGODALA_ADIBA,GS.GOGODALA.GOGODALA_ADIBA
Gogodala,gogo1265,GOGODALA_GOGODARA,GS.GOGODALA.GOGODALA_GOGODARA
Dibiyaso,dibi1240,DIBIYASO,Bos.BOSAVI.DIBIYASO
Beami,beam1240,BIAMI,Bos.BOSAVI.BIAMI
Beami,beam1240,BEDAMINI,Bos.BOSAVI.BEDAMINI
Edolo,edol1239,EDOLO,Bos.BOSAVI.EDOLO
,,BEAMI,Bos.BOSAVI.BEAMI
Edolo,edol1239,ETORO,Bos.BOSAVI.ETORO
Onobasulu,onob1238,ONABASULU,Bos.BOSAVI.ONABASULU
Kasua,kasu1251,KASUA,Bos.BOSAVI.KASUA
Kasua,kasu1251,KASUA_2,Bos.BOSAVI.KASUA_2
Aimele,aime1238,AIMELE,Bos.BOSAVI.AIMELE
Sonia,soni1260,SUNIA,Bos.BOSAVI.SUNIA
Kaluli,kalu1248,KALULI,Bos.BOSAVI.KALULI
Kaluli,kalu1248,BOSAVI,Bos.BOSAVI.BOSAVI
Kaluli,kalu1248,KALULI_2,Bos.BOSAVI.KALULI_2
Baibai,baib1251,BAIBAI,KF.FAS.BAIBAI
Momu-Fas,fass1245,FAS,KF.FAS.FAS
Pech,pech1241,PECH,Chi.PAYA.PECH
Border Kuna,bord1248,CUNA,Chi.KUNA.CUNA
San Blas Kuna,sanb1242,KUNA_YALA_SAN_BLAS,Chi.KUNA.KUNA_YALA_SAN_BLAS
Buglere,bugl1243,BUGLERE_MURIRE,Chi.GUAYMI.BUGLERE_MURIRE
Ngäbere,ngab1239,NGABERE_MOVE,Chi.GUAYMI.NGABERE_MOVE
Ngäbere,ngab1239,GUAYMI,Chi.GUAYMI.GUAYMI
,,DORASQUE,Chi.DORASKE.DORASQUE
Boruca,boru1252,BORUCA,Chi.TALAMANCA.BORUCA
Teribe,teri1250,TERIBE,Chi.TALAMANCA.TERIBE
Bribri,brib1243,BRIBRI,Chi.TALAMANCA.BRIBRI
Cabécar,cabe1245,CABECAR_CHIRIPO,Chi.TALAMANCA.CABECAR_CHIRIPO
Cabécar,cabe1245,CABECAR,Chi.TALAMANCA.CABECAR
Maléku Jaíka,male1297,MELEKU_JAIKA,Chi.RAMA.MELEKU_JAIKA
Rama,rama1270,RAMA,Chi.RAMA.RAMA
Chimila,chim1309,CHIMILA,Chi.CHIMILA.CHIMILA
Cogui,cogu1240,KOGUI,Chi.ARUAK.KOGUI
Arhuaco,arhu1242,IKA,Chi.ARUAK.IKA
Malayo,mala1522,DAMANA,Chi.ARUAK.DAMANA
Central Tunebo,cent2150,TUNEBO,Chi.CHIBCHAN_PROPER.TUNEBO
Chibcha,chib1270,CHIBCHA,Chi.CHIBCHAN_PROPER.CHIBCHA
Barí,bari1297,VENEZUELAN_BARI,Chi.MOTILON.VENEZUELAN_BARI
Barí,bari1297,BARI_COLUMBIA,Chi.MOTILON.BARI_COLUMBIA
Barí,bari1297,COLOMBIAN_BARI,Chi.MOTILON.COLOMBIAN_BARI
Amarakaeri,amar1274,AMARAKAERI,Har.HARAKMBET.AMARAKAERI
Huachipaeri,huac1244,HUACHIPAERI,Har.HARAKMBET.HUACHIPAERI
Katukína-Kanamarí,kana1291,KANAMARI,Kat.KATUKINAN.KANAMARI
Katawixi,kata1270,KATAWIXI,Kat.KATUKINAN.KATAWIXI
Cayubaba,cayu1262,CAYUBABA,Cay.CAYUVAVA.CAYUBABA
Guató,guat1253,GUATO,MGe.GUATO.GUATO
Abawiri,foau1240,FOAU,LP.LAKES_PLAIN.FOAU
Awera,awer1241,AWERA,LP.LAKES_PLAIN.AWERA
Rasawa,rasa1243,RASAWA,LP.LAKES_PLAIN.RASAWA
Saponi,sapo1254,SAPONI,LP.LAKES_PLAIN.SAPONI
Duvle,duvl1242,DUVLE_2,LP.LAKES_PLAIN.DUVLE_2
Edopi,edop1238,EDOPI,LP.LAKES_PLAIN.EDOPI
Iau,iauu1242,IAU_2,LP.LAKES_PLAIN.IAU_2
Fayu,fayu1238,FAYU,LP.LAKES_PLAIN.FAYU
Kirikiri,kiri1256,KIRIKIRI_FAIA,LP.LAKES_PLAIN.KIRIKIRI_FAIA
Kirikiri,kiri1256,KIRIKIRI,LP.LAKES_PLAIN.KIRIKIRI
Tause,taus1252,TAUSE,LP.LAKES_PLAIN.TAUSE
Tause,taus1252,TAUSE_DEIRATE,LP.LAKES_PLAIN.TAUSE_DEIRATE
Tause,taus1252,TAUSE_WEIRATE,LP.LAKES_PLAIN.TAUSE_WEIRATE
Eritai,erit1239,ERITAI_2,LP.LAKES_PLAIN.ERITAI_2
Biritai,biri1259,BIRITAI,LP.LAKES_PLAIN.BIRITAI
Obokuitai,obok1239,OBOKUITAI,LP.LAKES_PLAIN.OBOKUITAI
Sikaritai,sika1263,SIKARITAI,LP.LAKES_PLAIN.SIKARITAI
Kwerisa,kwer1264,KWERISA,LP.LAKES_PLAIN.KWERISA
Kaiy,kaiy1239,KAIY,LP.LAKES_PLAIN.KAIY
Doutai,dout1240,DOUTAI,LP.LAKES_PLAIN.DOUTAI
Papasena,papa1269,PAPASENA,LP.LAKES_PLAIN.PAPASENA
Waritai,wari1264,WARITAI,LP.LAKES_PLAIN.WARITAI
Kibiri,kibi1239,KIBIRI,Kiw.KIWAIAN.KIBIRI
Waorani,waor1240,WAORANI,Wao.WAORANI.WAORANI
Burmeso,burm1264,BURMESO,Bur.BURMESO.BURMESO
Rapoisi,rapo1238,RAPOISI,WBg.WEST_BOUGAINVILLE.RAPOISI
Rotokas,roto1249,ROTOKAS,WBg.WEST_BOUGAINVILLE.ROTOKAS
Andoque,ando1256,ANDOQUE,Ank.ANDOKE.ANDOQUE
Maijiki,orej1242,OREJON,Tuc.TUCANOAN.OREJON
Maijiki,orej1242,OREJON_2,Tuc.TUCANOAN.OREJON_2
Koreguaje,kore1283,KOREGUAJE,Tuc.TUCANOAN.KOREGUAJE
Koreguaje,kore1283,KOREGUAYE,Tuc.TUCANOAN.KOREGUAYE
Secoya,seco1241,SECOYA,Tuc.TUCANOAN.SECOYA
Secoya,seco1241,SECOYA_2,Tuc.TUCANOAN.SECOYA_2
Siona-Tetete,sion1247,SIONA,Tuc.TUCANOAN.SIONA
Tucano,tuca1252,TUCANO,Tuc.TUCANOAN.TUCANO
Tucano,tuca1252,TUCANO_2,Tuc.TUCANOAN.TUCANO_2
Tatuyo,tatu1247,TATUYO,Tuc.TUCANOAN.TATUYO
Waimaha,waim1255,BARA,Tuc.TUCANOAN.BARA
Waimaha,waim1255,WAIMAHA,Tuc.TUCANOAN.WAIMAHA
Waimaha,waim1255,WAIMAHA_2,Tuc.TUCANOAN.WAIMAHA_2
Carapana,cara1272,CARAPANA,Tuc.TUCANOAN.CARAPANA
Yurutí,yuru1263,YURUTI,Tuc.TUCANOAN.YURUTI
Tuyuca,tuyu1244,TUYUCA,Tuc.TUCANOAN.TUYUCA
Tuyuca,tuyu1244,TUYUCA_2,Tuc.TUCANOAN.TUYUCA_2
Kotiria,guan1269,WANANO,Tuc.TUCANOAN.WANANO
Wa'ikhana,pira1254,PIRATAPUYO,Tuc.TUCANOAN.PIRATAPUYO
Kotiria,guan1269,GUANANO,Tuc.TUCANOAN.GUANANO
Wa'ikhana,pira1254,PIRATAPUYO_2,Tuc.TUCANOAN.PIRATAPUYO_2
Tanimuca-Retuarã,tani1257,TANIMUCA_RETUARA,Tuc.TUCANOAN.TANIMUCA_RETUARA
Tanimuca-Retuarã,tani1257,TANIMUCA,Tuc.TUCANOAN.TANIMUCA
Yahuna,yahu1241,YAHUNA,Tuc.TUCANOAN.YAHUNA
Barasana-Eduria,bara1380,BARASANO,Tuc.TUCANOAN.BARASANO
Macuna,macu1260,MACUNA,Tuc.TUCANOAN.MACUNA
Cubeo,cube1242,CUBEO,Tuc.TUCANOAN.CUBEO
Cubeo,cube1242,CUBEO_2,Tuc.TUCANOAN.CUBEO_2
Desano,desa1247,DESANO_2,Tuc.TUCANOAN.DESANO_2
Desano,desa1247,DESANO,Tuc.TUCANOAN.DESANO
Siriano,siri1274,SIRIANO_2,Tuc.TUCANOAN.SIRIANO_2
Siriano,siri1274,SIRIANO,Tuc.TUCANOAN.SIRIANO
Lafofa,lafo1243,TEGEM,Krd.TEGEM.TEGEM
Kwomtari,nucl1593,KWOMTARI,KF.KWOMTARI.KWOMTARI
Nai,naii1241,NAI,KF.KWOMTARI.NAI
Selk'nam,onaa1245,ONA,Chn.CHON_PROPER.ONA
Tehuelche,tehu1242,TEHUELCHE,Chn.CHON_PROPER.TEHUELCHE
Yameo,yame1242,YAMEO,PY.PEBA_YAGUAN.YAMEO
Yagua,yagu1244,YAGUA_2,PY.PEBA_YAGUAN.YAGUA_2
Yagua,yagu1244,YAGUA,PY.PEBA_YAGUAN.YAGUA
Yagua,yagu1244,YAGUA_3,PY.PEBA_YAGUAN.YAGUA_3
Záparo,zapa1253,ZAPARO,Zap.ZAPAROAN.ZAPARO
Arabela,arab1268,ARABELA,Zap.ZAPAROAN.ARABELA
Cahuarano,cahu1268,CAHUARANO,Zap.ZAPAROAN.CAHUARANO
Iquito,iqui1243,IQUITO,Zap.ZAPAROAN.IQUITO
Pataxó Hã-Ha-Hãe,pata1261,PATAXO,MGe.MAXAKALI.PATAXO
Maxakalí,maxa1247,MAXAKALI,MGe.MAXAKALI.MAXAKALI
Borum,kren1239,KRENAK,MGe.BOTOCUDO.KRENAK
Ofayé,ofay1240,OFAYE,MGe.OPAYE.OFAYE
Karajá,kara1500,KARAJA,MGe.KARAJA.KARAJA
Rikbaktsa,rikb1245,RIKBAKTSA,MGe.RIKBAKTSA.RIKBAKTSA
Arikapú,arik1265,ARIKAPU,Jab.JABUTI.ARIKAPU
Djeoromitxí,djeo1235,JABUTI,Jab.JABUTI.JABUTI
Xokleng,xokl1240,XOKLENG,MGe.GE_KAINGANG.XOKLENG
Kaingang,kain1272,KAINGANG,MGe.GE_KAINGANG.KAINGANG
Xavánte,xava1240,XAVANTE,MGe.GE_KAINGANG.XAVANTE
Xavánte,xava1240,XAVANTE_2,MGe.GE_KAINGANG.XAVANTE_2
Xerénte,xere1240,XERENTE,MGe.GE_KAINGANG.XERENTE
Panará,pana1307,PANARA,MGe.GE_KAINGANG.PANARA
Mebengokre,kaya1330,KAYAPO,MGe.GE_KAINGANG.KAYAPO
Suyá,suya1243,SUYA,MGe.GE_KAINGANG.SUYA
Apinayé,apin1244,APINAYE,MGe.GE_KAINGANG.APINAYE
Northeastern Timbira,krey1238,KREYE,MGe.GE_KAINGANG.KREYE
Central-Southern Timbira,cane1242,APANIEKRA,MGe.GE_KAINGANG.APANIEKRA
Pará Gavião,para1315,GAVIAO_DO_PARA,MGe.GE_KAINGANG.GAVIAO_DO_PARA
Pará Gavião,para1315,PYKOBJE,MGe.GE_KAINGANG.PYKOBJE
Torá,tora1263,TORA,CW.CHAPACURA_WANHAN.TORA
Itene,iten1243,MORE,CW.CHAPACURA_WANHAN.MORE
Oro Win,orow1243,ORO_WIN,CW.CHAPACURA_WANHAN.ORO_WIN
Wari',wari1268,PAKAANOVA,CW.CHAPACURA_WANHAN.PAKAANOVA
Kanoê,kano1245,KANOE,Kpx.KAPIXANA.KANOE
Paumari,paum1247,PAUMARI,Aru.ARAUAN.PAUMARI
Madi,jama1261,BANAWA,Aru.ARAUAN.BANAWA
Madi,jama1261,JARAWARA,Aru.ARAUAN.JARAWARA
Madi,jama1261,JAMAMADI,Aru.ARAUAN.JAMAMADI
Culina,culi1244,KULINA_ARAUA,Aru.ARAUAN.KULINA_ARAUA
Deni,deni1241,DENI,Aru.ARAUAN.DENI
Culina,culi1244,MADIJA,Aru.ARAUAN.MADIJA
Demta,demt1241,DEMTA_MURIS,Snt.SENTANI.DEMTA_MURIS
Demta,demt1241,DEMTA_UNKNOWNDIAL,Snt.SENTANI.DEMTA_UNKNOWNDIAL
Demta,demt1241,DEMTA,Snt.SENTANI.DEMTA
Demta,demt1241,DEMTA_AMBORA,Snt.SENTANI.DEMTA_AMBORA
Nafri,nafr1241,NAFRI,Snt.SENTANI.NAFRI
Sentani,nucl1632,SENTANI,Snt.SENTANI.SENTANI
Tabla,tabl1243,TABLA,Snt.SENTANI.TABLA
Tabla,tabl1243,TABLA_UNKNOWN_DIAL,Snt.SENTANI.TABLA_UNKNOWN_DIAL
Tabla,tabl1243,TABLA_C,Snt.SENTANI.TABLA_C
Tabla,tabl1243,TABLA_W,Snt.SENTANI.TABLA_W
Ticuna,ticu1245,TIKUNA,Tic.TICUNA.TIKUNA
Cuiba,cuib1242,CUIBA,Gua.GUAHIBAN.CUIBA
Sikuani,guah1255,GUAHIBO,Gua.GUAHIBAN.GUAHIBO
Playero,play1240,PLAYERO,Gua.GUAHIBAN.PLAYERO
Guayabero,guay1257,GUAYABERO,Gua.GUAHIBAN.GUAYABERO
Hitnu,maca1259,MACAGUAN,Gua.GUAHIBAN.MACAGUAN
Hitnu,maca1259,JITNU,Gua.GUAHIBAN.JITNU
Trumai,trum1247,TRUMAI,Tru.TRUMAI.TRUMAI
Pankararú,pank1250,PANKARARU,Pnk.PANKARARU.PANKARARU
Arikem,arik1264,ARIKEM,Tup.ARIKEM.ARIKEM
Karitiâna,kari1311,KARITIANA,Tup.ARIKEM.KARITIANA
Suruí,suru1262,SURUI_DO_RONDONIA,Tup.MONDE.SURUI_DO_RONDONIA
Salamãi,sala1273,MONDE,Tup.MONDE.MONDE
Cinta Larga,cint1239,CINTA_LARGA,Tup.MONDE.CINTA_LARGA
Gavião Do Jiparaná,gavi1246,GAVIAO_DO_RONDONIA,Tup.MONDE.GAVIAO_DO_RONDONIA
Puruborá,puru1264,PURUBORA,Tup.PURUBORA.PURUBORA
Karo (Brazil),karo1305,KARO_BRAZIL,Tup.RAMARAMA.KARO_BRAZIL
Kuruáya,kuru1309,KURUAYA,Tup.MUNDURUKU.KURUAYA
Mundurukú,mund1330,MUNDURUKU,Tup.MUNDURUKU.MUNDURUKU
Makuráp,maku1278,MAKURAP,Tup.TUPARI.MAKURAP
Tuparí,tupa1250,TUPARI,Tup.TUPARI.TUPARI
Akuntsu,akun1241,AKUNTSU,Tup.TUPARI.AKUNTSU
Mekens,saki1248,MEKENS,Tup.TUPARI.MEKENS
Sateré-Mawé,sate1243,SATERE_MAWE,Tup.MAWE_SATERE.SATERE_MAWE
Awetí,awet1244,AWETI,Tup.AWETI.AWETI
Yudja,juru1256,JURUNA,Tup.TUPI_GUARANI.JURUNA
Xipaya,xipa1240,XIPAYA,Tup.TUPI_GUARANI.XIPAYA
Kamayurá,kama1373,KAMAYURA,Tup.TUPI_GUARANI.KAMAYURA
Araweté,araw1273,ARAWETE,Tup.TUPI_GUARANI.ARAWETE
Xingú Asuriní,xing1248,ASURINI_XINGU,Tup.TUPI_GUARANI.ASURINI_XINGU
Kayabí,kaya1329,KAYABI,Tup.TUPI_GUARANI.KAYABI
Aché,ache1246,ACHE,Tup.TUPI_GUARANI.ACHE
Xetá,xeta1241,XETA,Tup.TUPI_GUARANI.XETA
,,GUARANI_ANTIGO,Tup.TUPI_GUARANI.GUARANI_ANTIGO
Eastern Bolivian Guaraní,east2555,CHIRIGUANO,Tup.TUPI_GUARANI.CHIRIGUANO
Tapieté,tapi1253,TAPIETE,Tup.TUPI_GUARANI.TAPIETE
Mbyá Guaraní,mbya1239,MBYA,Tup.TUPI_GUARANI.MBYA
Paraguayan Guaraní,para1311,GUARANI,Tup.TUPI_GUARANI.GUARANI
Kaiwá,kaiw1246,GUARANI_KAIWA,Tup.TUPI_GUARANI.GUARANI_KAIWA
Amanayé,aman1266,AMANAYE,Tup.TUPI_GUARANI.AMANAYE
Tenetehara,temb1276,TEMBE,Tup.TUPI_GUARANI.TEMBE
Turiwára,turi1247,TURIWARA,Tup.TUPI_GUARANI.TURIWARA
Tapirapé,tapi1254,TAPIRAPE,Tup.TUPI_GUARANI.TAPIRAPE
Tocantins Asurini,toca1235,ASURINI,Tup.TUPI_GUARANI.ASURINI
Parakanã,para1312,PARAKANA,Tup.TUPI_GUARANI.PARAKANA
Suruí Do Pará,suru1261,SURUI_DO_PARA,Tup.TUPI_GUARANI.SURUI_DO_PARA
Wayampi,waya1270,WAYAMPI,Tup.TUPI_GUARANI.WAYAMPI
Teko,emer1243,EMERILLON,Tup.TUPI_GUARANI.EMERILLON
Zo'é,zoee1240,ZOE,Tup.TUPI_GUARANI.ZOE
Avá-Canoeiro,avac1239,AVA_CANOEIRO,Tup.TUPI_GUARANI.AVA_CANOEIRO
Urubú-Kaapor,urub1250,URUBU_KAAPOR,Tup.TUPI_GUARANI.URUBU_KAAPOR
Anambé,anam1249,ANAMBE,Tup.TUPI_GUARANI.ANAMBE
Guajá,guaj1256,GUAJA,Tup.TUPI_GUARANI.GUAJA
Cocama-Cocamilla,coca1259,KOKAMA,Tup.TUPI_GUARANI.KOKAMA
Omagua,omag1248,OMAGUA,Tup.TUPI_GUARANI.OMAGUA
Nhengatu,nhen1239,NHENGATU,Tup.TUPI_GUARANI.NHENGATU
Tupinambá,tupi1273,TUPINAMBA,Tup.TUPI_GUARANI.TUPINAMBA
Warázu,paus1244,PAUSERNA,Tup.TUPI_GUARANI.PAUSERNA
Guarayu,guar1292,GUARAYU,Tup.TUPI_GUARANI.GUARAYU
Yuqui,yuqu1240,YUQUI,Tup.TUPI_GUARANI.YUQUI
Sirionó,siri1273,SIRIONO,Tup.TUPI_GUARANI.SIRIONO
Apiaká,apia1248,APIAKA,Tup.TUPI_GUARANI.APIAKA
Tenharim-Parintintin-Diahoi,tenh1241,PARINTINTIN,Tup.TUPI_GUARANI.PARINTINTIN
Paranawát,para1313,PARANAWAT,Tup.TUPI_GUARANI.PARANAWAT
Wiraféd,wira1264,WIRAFED,Tup.TUPI_GUARANI.WIRAFED
Tenharim-Parintintin-Diahoi,tenh1241,TENHARIM,Tup.TUPI_GUARANI.TENHARIM
Amundava,amun1246,AMONDAVA,Tup.TUPI_GUARANI.AMONDAVA
Uru-Eu-Wau-Wau,urue1240,URUEWAUWAU,Tup.TUPI_GUARANI.URUEWAUWAU
Sulka,sulk1246,SULKA,Slk.SULKA.SULKA
Chamacoco,cham1315,CHAMACOCO,Zam.ZAMUCOAN.CHAMACOCO
Ayoreo,ayor1240,AYOREO,Zam.ZAMUCOAN.AYOREO
Ayoreo,ayor1240,AYOREO_2,Zam.ZAMUCOAN.AYOREO_2
San Francisco del Mar Huave,sanf1258,SAN_FRANCISCO_DEL_MAR_HUAVE,Hua.HUAVEAN.SAN_FRANCISCO_DEL_MAR_HUAVE
San Mateo del Mar Huave,sanm1287,HUAVE,Hua.HUAVEAN.HUAVE
San Mateo del Mar Huave,sanm1287,HUAVE_2,Hua.HUAVEAN.HUAVE_2
Puri,puri1262,PURI,MGe.PURI.PURI
Yukpa,yukp1241,YUKPA_2,Car.CARIBAN.YUKPA_2
Japrería,japr1238,JAPRERIA,Car.CARIBAN.JAPRERIA
Yukpa,yukp1241,YUKPA,Car.CARIBAN.YUKPA
Yukpa,yukp1241,YUKPA_3,Car.CARIBAN.YUKPA_3
Kuikúro-Kalapálo,kuik1246,KUIKURO,Car.CARIBAN.KUIKURO
Bakairí,baka1277,BAKAIRI,Car.CARIBAN.BAKAIRI
Pará Arára,para1310,ARARA_DO_PARA,Car.CARIBAN.ARARA_DO_PARA
Ikpeng,ikpe1245,IKPENG,Car.CARIBAN.IKPENG
Mapoyo,mapo1246,MAPOYO,Car.CARIBAN.MAPOYO
Yabarana,yaba1248,YABARANA,Car.CARIBAN.YABARANA
Panare,enap1235,ENAPA_WOROMAIPU,Car.CARIBAN.ENAPA_WOROMAIPU
Panare,enap1235,PANARE,Car.CARIBAN.PANARE
Pemon,pemo1248,PEMON,Car.CARIBAN.PEMON
Akawaio-Ingariko,akaw1239,AKAWAIO,Car.CARIBAN.AKAWAIO
Akawaio-Ingariko,akaw1239,AKAWAIO_2,Car.CARIBAN.AKAWAIO_2
Pemon,pemo1248,TAUREPANG,Car.CARIBAN.TAUREPANG
Macushi,macu1259,MAKUSHI,Car.CARIBAN.MAKUSHI
Macushi,macu1259,MACUSHI,Car.CARIBAN.MACUSHI
Kaxuiâna,kaxu1237,KAXUYANA,Car.CARIBAN.KAXUYANA
Hixkaryána,hixk1239,HIXKARYANA,Car.CARIBAN.HIXKARYANA
Waiwai,waiw1244,WAIWAI,Car.CARIBAN.WAIWAI
Waiwai,waiw1244,WAIWAI_2,Car.CARIBAN.WAIWAI_2
Apalaí,apal1257,APALAI,Car.CARIBAN.APALAI
Waimiri-Atroari,waim1253,WAIMIRI_ATROARI,Car.CARIBAN.WAIMIRI_ATROARI
Galibi Carib,gali1262,KALINA,Car.CARIBAN.KALINA
Ye'kwana,maqu1238,MAQUIRITARI,Car.CARIBAN.MAQUIRITARI
Wayana,waya1269,WAYANA,Car.CARIBAN.WAYANA
Carijona,cari1279,CARIJONA,Car.CARIBAN.CARIJONA
Carijona,cari1279,CARIJONA_2,Car.CARIBAN.CARIJONA_2
Trió,trio1238,TIRIYO,Car.CARIBAN.TIRIYO
,,CARIB_1665,Arw.NORTHERN_ARAWAKAN.CARIB_1665
Palikúr,pali1279,PALIKUR,Arw.EASTERN_ARAWAKAN.PALIKUR
Enawené-Nawé,enaw1238,ENAWENE_NAWE,Arw.CENTRAL_ARAWAKAN.ENAWENE_NAWE
Parecís,pare1272,PARESI,Arw.CENTRAL_ARAWAKAN.PARESI
Saraveca,sara1331,SARAVEKA,Arw.CENTRAL_ARAWAKAN.SARAVEKA
Yawalapití,yawa1261,YAWALAPITI,Arw.CENTRAL_ARAWAKAN.YAWALAPITI
Mehináku,mehi1240,MEHINAKU,Arw.CENTRAL_ARAWAKAN.MEHINAKU
Waurá,waur1244,WAURA,Arw.CENTRAL_ARAWAKAN.WAURA
,,AMUESHA_1,Arw.WESTERN_ARAWAKAN.AMUESHA_1
Chamicuro,cham1318,CHAMICURO,Arw.WESTERN_ARAWAKAN.CHAMICURO
Kinikinao,guan1270,KINIKINAU,Arw.BOLIVIA_PARANA.KINIKINAU
Terena-Kinikinao-Chane,tere1279,TERENA,Arw.BOLIVIA_PARANA.TERENA
Baure,baur1253,BAURE,Arw.BOLIVIA_PARANA.BAURE
Ignaciano,igna1246,IGNACIANO,Arw.BOLIVIA_PARANA.IGNACIANO
Trinitario-Javeriano-Loretano,trin1274,TRINITARIO,Arw.BOLIVIA_PARANA.TRINITARIO
Apurinã,apur1254,APURINA,Arw.PURUS.APURINA
Iñapari,inap1242,INAPARI,Arw.PURUS.INAPARI
Mashco Piro,mash1270,MASHCO_PIRO,Arw.PURUS.MASHCO_PIRO
Machinere,mach1268,MAXINERI,Arw.PURUS.MAXINERI
Nomatsiguenga,noma1263,NOMATSIGUENGA,Arw.PRE_ANDINE_ARAWAKAN.NOMATSIGUENGA
Machiguenga,mach1267,MACHIGUENGA,Arw.PRE_ANDINE_ARAWAKAN.MACHIGUENGA
Nanti,nant1250,NANTI,Arw.PRE_ANDINE_ARAWAKAN.NANTI
Caquinte,caqu1242,CAQUINTE,Arw.PRE_ANDINE_ARAWAKAN.CAQUINTE
Asháninka,asha1243,ASHANINKA,Arw.PRE_ANDINE_ARAWAKAN.ASHANINKA
Pichis Ashéninka,pich1237,ASHENINKA,Arw.PRE_ANDINE_ARAWAKAN.ASHENINKA
Ashéninka Perené,ashe1272,CAMPA_DE_PERENE,Arw.PRE_ANDINE_ARAWAKAN.CAMPA_DE_PERENE
Pichis Ashéninka,pich1237,ASHENINKA_PICHIS,Arw.PRE_ANDINE_ARAWAKAN.ASHENINKA_PICHIS
Ajyíninka Apurucayali,ajyi1238,AJYININKA_APURUCAYALI,Arw.PRE_ANDINE_ARAWAKAN.AJYININKA_APURUCAYALI
Ucayali-Yurúa Ashéninka,ucay1237,ASHENINKA_UCAYALI_YURUA,Arw.PRE_ANDINE_ARAWAKAN.ASHENINKA_UCAYALI_YURUA
Ashéninka Pajonal,ashe1273,ASHENINKA_PAJONAL,Arw.PRE_ANDINE_ARAWAKAN.ASHENINKA_PAJONAL
Paraujano,para1316,PARAUJANO,Arw.NORTHERN_ARAWAKAN.PARAUJANO
Wayuu,wayu1243,WAYUU,Arw.NORTHERN_ARAWAKAN.WAYUU
Taino,tain1254,TAINO,Arw.NORTHERN_ARAWAKAN.TAINO
Lokono,araw1276,LOKONO,Arw.NORTHERN_ARAWAKAN.LOKONO
Garifuna,gari1256,GARIFUNA,Arw.NORTHERN_ARAWAKAN.GARIFUNA
Island Carib,isla1278,ISLAND_CARIB,Arw.NORTHERN_ARAWAKAN.ISLAND_CARIB
Xiriâna,xiri1243,BAHUANA,Arw.NORTHERN_ARAWAKAN.BAHUANA
Mapidian-Mawayana,mapi1252,MAWAYANA,Arw.NORTHERN_ARAWAKAN.MAWAYANA
Mapidian-Mawayana,mapi1252,MAPIDIAN,Arw.NORTHERN_ARAWAKAN.MAPIDIAN
Wapishana,wapi1253,WAPISHANA,Arw.NORTHERN_ARAWAKAN.WAPISHANA
Wapishana,wapi1253,WAPIXANA,Arw.NORTHERN_ARAWAKAN.WAPIXANA
,,MAIPURE,Arw.NORTHERN_ARAWAKAN.MAIPURE
Baniva de Maroa,guar1293,WAREKENA,Arw.NORTHERN_ARAWAKAN.WAREKENA
Yavitero-Pareni,yavi1244,YAVITERO,Arw.NORTHERN_ARAWAKAN.YAVITERO
,,GUINAU,Arw.NORTHERN_ARAWAKAN.GUINAU
Baré,bare1276,BARE,Arw.NORTHERN_ARAWAKAN.BARE
Resígaro,resi1247,RESIGARO_2,Arw.NORTHERN_ARAWAKAN.RESIGARO_2
Resígaro,resi1247,RESIGARO,Arw.NORTHERN_ARAWAKAN.RESIGARO
Yucuna,yucu1253,YUCUNA,Arw.NORTHERN_ARAWAKAN.YUCUNA
Yucuna,yucu1253,YUCUNA_2,Arw.NORTHERN_ARAWAKAN.YUCUNA_2
Cabiyarí,cabi1241,CABIYARI,Arw.NORTHERN_ARAWAKAN.CABIYARI
Achagua,acha1250,ACHAGUA,Arw.NORTHERN_ARAWAKAN.ACHAGUA
Piapoco,piap1246,PIAPOCO_2,Arw.NORTHERN_ARAWAKAN.PIAPOCO_2
Piapoco,piap1246,PIAPOCO,Arw.NORTHERN_ARAWAKAN.PIAPOCO
Mandahuaca,mand1448,MANDAHUACA,Arw.NORTHERN_ARAWAKAN.MANDAHUACA
Tariana,tari1256,TARIANA,Arw.NORTHERN_ARAWAKAN.TARIANA
Tariana,tari1256,TARIANO,Arw.NORTHERN_ARAWAKAN.TARIANO
Curripaco,curr1243,CURRIPACO,Arw.NORTHERN_ARAWAKAN.CURRIPACO
Baniwa do Icana,bani1255,BANIWA_2,Arw.NORTHERN_ARAWAKAN.BANIWA_2
Baniwa do Icana,bani1255,BANIVA,Arw.NORTHERN_ARAWAKAN.BANIVA
Baniwa do Icana,bani1255,BANIWA,Arw.NORTHERN_ARAWAKAN.BANIWA
,,GUAMO,Gmo.GUAMO.GUAMO
Wiru,wiru1244,WIRU,TNG.WIRU.WIRU
,,SECHURA,Sch.SECHURA.SECHURA
Akabea,akab1249,AKA_BEA,GA.GREAT_ANDAMANESE.AKA_BEA
Akarbale,akar1243,AKAR_BALE,GA.GREAT_ANDAMANESE.AKAR_BALE
Akabo,akab1248,AKA_BO,GA.GREAT_ANDAMANESE.AKA_BO
Akacari,akac1240,AKA_CARI,GA.GREAT_ANDAMANESE.AKA_CARI
Akakede,akak1252,AKA_KEDE,GA.GREAT_ANDAMANESE.AKA_KEDE
Apucikwar,apuc1241,SOUTH_ANDAMAN,GA.GREAT_ANDAMANESE.SOUTH_ANDAMAN
Akakol,akak1253,AKA_KOL,GA.GREAT_ANDAMANESE.AKA_KOL
Okojuwoi,okoj1239,OKO_JUWOI,GA.GREAT_ANDAMANESE.OKO_JUWOI
Warao,wara1303,WARAO,War.WARAO.WARAO
Odiai,odia1239,BUSAN,Odi.ODIAI.BUSAN
,,COERUNA,Hui.UNCLASSIFIED_HUITOTOAN.COERUNA
Nonuya,nonu1241,NONUYA,Hui.HUITOTO.NONUYA
Ocaina,ocai1244,OCAINA,Hui.HUITOTO.OCAINA
Ocaina,ocai1244,OCAINA_2,Hui.HUITOTO.OCAINA_2
Nüpode Huitoto,nupo1240,HUITOTO_NIPODE,Hui.HUITOTO.HUITOTO_NIPODE
Nüpode Huitoto,nupo1240,HUITOTO_NUPODE,Hui.HUITOTO.HUITOTO_NUPODE
Minica Huitoto,mini1256,HUITOTO_MINICA_2,Hui.HUITOTO.HUITOTO_MINICA_2
Minica Huitoto,mini1256,HUITOTO_MINICA,Hui.HUITOTO.HUITOTO_MINICA
Murui Huitoto,muru1274,HUITOTO_MURUI,Hui.HUITOTO.HUITOTO_MURUI
Murui Huitoto,muru1274,HUITOTO_MIKA,Hui.HUITOTO.HUITOTO_MIKA
Murui Huitoto,muru1274,HUITOTO_MURUI_2,Hui.HUITOTO.HUITOTO_MURUI_2
Orokolo,orok1267,KAIPI,Ele.ELEMAN_PROPER.KAIPI
Opao,opao1240,OPAO,Ele.ELEMAN_PROPER.OPAO
Orokolo,orok1267,OROKOLO,Ele.ELEMAN_PROPER.OROKOLO
Orokolo,orok1267,OROKOLO_2,Ele.ELEMAN_PROPER.OROKOLO_2
Keoru-Ahia,keor1235,AHEAVE,Ele.ELEMAN_PROPER.AHEAVE
Keoru-Ahia,keor1235,KEURU,Ele.ELEMAN_PROPER.KEURU
Toaripi,toar1246,TOARIPI,Ele.ELEMAN_PROPER.TOARIPI
Toaripi,toar1246,TOARIPI_2,Ele.ELEMAN_PROPER.TOARIPI_2
Toaripi,toar1246,SEPOE,Ele.ELEMAN_PROPER.SEPOE
Tairuma,tair1256,UARIPI,Ele.ELEMAN_PROPER.UARIPI
Tairuma,tair1256,MEII2_UARIPI,Ele.ELEMAN_PROPER.MEII2_UARIPI
Tairuma,tair1256,LULUITERA_UARIPI,Ele.ELEMAN_PROPER.LULUITERA_UARIPI
Tairuma,tair1256,KARAETA_UARIPI,Ele.ELEMAN_PROPER.KARAETA_UARIPI
Tairuma,tair1256,PETOE_UARIPI,Ele.ELEMAN_PROPER.PETOE_UARIPI
Tairuma,tair1256,UARIPI_UARIPI,Ele.ELEMAN_PROPER.UARIPI_UARIPI
Tairuma,tair1256,SIVIRI_UARIPI,Ele.ELEMAN_PROPER.SIVIRI_UARIPI
Tairuma,tair1256,MURUA_STMT_UARIPI,Ele.ELEMAN_PROPER.MURUA_STMT_UARIPI
Irántxe-Münkü,iran1263,IRANTXE,Ira.IRANXE.IRANTXE
,,ALLENTIAC,Hur.HUARPE.ALLENTIAC
,,MILLCAYAC,Hur.HUARPE.MILLCAYAC
Cavineña,cavi1250,CAVINENA_1,Tac.TACANAN.CAVINENA_1
Cavineña,cavi1250,CAVINENA_2,Tac.TACANAN.CAVINENA_2
Tacana,taca1256,TACANA,Tac.TACANAN.TACANA
Araona,arao1248,ARAONA,Tac.TACANAN.ARAONA
Ese Ejja,esee1248,ESE_EJJA,Tac.TACANAN.ESE_EJJA
Ese Ejja,esee1248,HUARAYO_ESE_EJJA,Tac.TACANAN.HUARAYO_ESE_EJJA
Matís,mati1255,MATIS,Pan.PANOAN.MATIS
Kulina Pano,kuli1255,KULINA_PANO,Pan.PANOAN.KULINA_PANO
Matsés,mats1244,MATSES,Pan.PANOAN.MATSES
Kaxararí,kaxa1239,KAXARARI,Pan.PANOAN.KAXARARI
Cashibo-Cacataibo,cash1251,CASHIBO,Pan.PANOAN.CASHIBO
Cashibo-Cacataibo,cash1251,KASHIBO_BAJO_AGUAYTIA,Pan.PANOAN.KASHIBO_BAJO_AGUAYTIA
Cashibo-Cacataibo,cash1251,KASHIBO_ALTO_AGUAYTIA,Pan.PANOAN.KASHIBO_ALTO_AGUAYTIA
Cashibo-Cacataibo,cash1251,KASHIBO_SAN_ALEJANDRO,Pan.PANOAN.KASHIBO_SAN_ALEJANDRO
Cashibo-Cacataibo,cash1251,KASHIBO_SUNGAROYACU,Pan.PANOAN.KASHIBO_SUNGAROYACU
Panobo,pano1255,HUARIAPANO,Pan.PANOAN.HUARIAPANO
Sensi,sens1242,SENSI,Pan.PANOAN.SENSI
Shipibo-Conibo,ship1254,KONIBO,Pan.PANOAN.KONIBO
Capanahua,capa1241,CAPANAHUA,Pan.PANOAN.CAPANAHUA
Shipibo-Conibo,ship1254,SHIPIBO,Pan.PANOAN.SHIPIBO
Tuxináwa,tuxi1238,TUXINAWA,Pan.PANOAN.TUXINAWA
Isconahua,isco1239,ISCONAHUA,Pan.PANOAN.ISCONAHUA
Poyanáwa,poya1241,POYANAWA,Pan.PANOAN.POYANAWA
Chácobo,chac1251,CHACOBO,Pan.PANOAN.CHACOBO
Panoan Katukína,pano1254,KATUKINA_PANO,Pan.PANOAN.KATUKINA_PANO
Panoan Katukína,pano1254,ARARA_PANO,Pan.PANOAN.ARARA_PANO
Marúbo,maru1252,MARUBO,Pan.PANOAN.MARUBO
Amahuaca,amah1246,AMAHUACA,Pan.PANOAN.AMAHUACA
Cashinahua,cash1254,KAXINAWA,Pan.PANOAN.KAXINAWA
Yawanawa,yawa1260,YAWANAWA,Pan.PANOAN.YAWANAWA
Yawanawa,yawa1260,SHANENAWA,Pan.PANOAN.SHANENAWA
Sharanahua,shar1245,SHARANAHUA,Pan.PANOAN.SHARANAHUA
Yaminahua,yami1256,YAMINAWA,Pan.PANOAN.YAMINAWA
Elamite,elam1244,ELAMITE,Ela.ELAMITE.ELAMITE
Monumbo,nucl1458,MONUMBO,Mon.MONUMBO.MONUMBO
Lilau,lila1246,LILAU,Mon.MONUMBO.LILAU
Lilau,lila1246,LILAU_2,Mon.MONUMBO.LILAU_2
Karuk,karo1304,KAROK,Kar.KAROK.KAROK
Ömie,omie1241,AOMIE,TNG.KOIARIAN.AOMIE
Ese,esee1247,ESE_MANAGALASI,TNG.KOIARIAN.ESE_MANAGALASI
Barai,nucl1630,BARAI,TNG.KOIARIAN.BARAI
Mountain Koiali,moun1252,MOUNTAIN_KOIARI,TNG.KOIARIAN.MOUNTAIN_KOIARI
,,MOUNTAIN_KOIARI_2,TNG.KOIARIAN.MOUNTAIN_KOIARI_2
Grass Koiari,gras1249,KOIARI_2,TNG.KOIARIAN.KOIARI_2
Grass Koiari,gras1249,KOIARI,TNG.KOIARIAN.KOIARI
Koitabu,koit1244,KOITA,TNG.KOIARIAN.KOITA
Hokkaido Ainu,ainu1240,KURIL_AINU,Ain.AINU.KURIL_AINU
Hokkaido Ainu,ainu1240,SAKHALIN_AINU,Ain.AINU.SAKHALIN_AINU
Hokkaido Ainu,ainu1240,AINU_SOYA,Ain.AINU.AINU_SOYA
Hokkaido Ainu,ainu1240,AINU_NAIRO,Ain.AINU.AINU_NAIRO
Hokkaido Ainu,ainu1240,AINU_TARANTOMARI,Ain.AINU.AINU_TARANTOMARI
Hokkaido Ainu,ainu1240,AINU_OCHIHO,Ain.AINU.AINU_OCHIHO
Hokkaido Ainu,ainu1240,AINU_MAOKA,Ain.AINU.AINU_MAOKA
Hokkaido Ainu,ainu1240,AINU_SHIRAURA,Ain.AINU.AINU_SHIRAURA
Hokkaido Ainu,ainu1240,AINU_RAICHISHKA,Ain.AINU.AINU_RAICHISHKA
Hokkaido Ainu,ainu1240,AINU_BIHORO,Ain.AINU.AINU_BIHORO
Hokkaido Ainu,ainu1240,AINU_OBIHIRO,Ain.AINU.AINU_OBIHIRO
Hokkaido Ainu,ainu1240,AINU_KUSHIRO,Ain.AINU.AINU_KUSHIRO
Hokkaido Ainu,ainu1240,AINU_SAMANI,Ain.AINU.AINU_SAMANI
Hokkaido Ainu,ainu1240,AINU_NAYORO,Ain.AINU.AINU_NAYORO
Hokkaido Ainu,ainu1240,AINU_ASAHIKAWA,Ain.AINU.AINU_ASAHIKAWA
Hokkaido Ainu,ainu1240,AINU_YAKUMO,Ain.AINU.AINU_YAKUMO
Hokkaido Ainu,ainu1240,AINU_OSHAMAMBE,Ain.AINU.AINU_OSHAMAMBE
Hokkaido Ainu,ainu1240,AINU_HOROBETSU,Ain.AINU.AINU_HOROBETSU
Hokkaido Ainu,ainu1240,AINU_HIRATORI,Ain.AINU.AINU_HIRATORI
Hokkaido Ainu,ainu1240,AINU_NUKKIBETSU,Ain.AINU.AINU_NUKKIBETSU
Hokkaido Ainu,ainu1240,AINU_SARU,Ain.AINU.AINU_SARU
Hokkaido Ainu,ainu1240,AINU_NIIKAPPU,Ain.AINU.AINU_NIIKAPPU
Arutani,arut1244,AWAKE,Art.ARUTANI.AWAKE
Umotína,umot1240,UMOTINA,MGe.BORORO.UMOTINA
Bororo,boro1282,BORORO,MGe.BORORO.BORORO
Otuke,otuk1240,OTUKE,MGe.BORORO.OTUKE
Woun Meu,woun1238,WOUNAAN,Cho.CHOCO.WOUNAAN
Caramanta,cara1271,CARAMANTA,Cho.CHOCO.CARAMANTA
Emberá-Catío,embe1260,CATIO,Cho.CHOCO.CATIO
Northern Emberá,nort2972,EMBERA_NORTHERN,Cho.CHOCO.EMBERA_NORTHERN
Northern Emberá,nort2972,EMBERA_DARIEN,Cho.CHOCO.EMBERA_DARIEN
Northern Emberá,nort2972,NORTHERN_EMBERA,Cho.CHOCO.NORTHERN_EMBERA
Epena,epen1239,EPENA_BASURUDO,Cho.CHOCO.EPENA_BASURUDO
Epena,epen1239,EPENA_SAIJA,Cho.CHOCO.EPENA_SAIJA
Emberá-Chamí,embe1262,EMBERA_CHAMI,Cho.CHOCO.EMBERA_CHAMI
Emberá-Tadó,embe1261,EMBERA_TADO,Cho.CHOCO.EMBERA_TADO
Uru,uruu1244,UCHUMATAQU,UC.URU_CHIPAYA.UCHUMATAQU
Chipaya,chip1262,CHIPAYA_2,UC.URU_CHIPAYA.CHIPAYA_2
Chipaya,chip1262,CHIPAYA,UC.URU_CHIPAYA.CHIPAYA
Chipaya,chip1262,CHIPAYA_3,UC.URU_CHIPAYA.CHIPAYA_3
Mosetén-Chimané,mose1249,MOSETEN,Mos.MOSETENAN.MOSETEN
Jaqaru,jaqa1244,JAQARU_2,Aym.AYMARAN.JAQARU_2
Jaqaru,jaqa1244,KAWKI,Aym.AYMARAN.KAWKI
Jaqaru,jaqa1244,JAQARU,Aym.AYMARAN.JAQARU
Central Aymara,cent2142,CENTRAL_AYMARA_2,Aym.AYMARAN.CENTRAL_AYMARA_2
Southern Aymara,sout2996,SOUTHERN_AYMARA,Aym.AYMARAN.SOUTHERN_AYMARA
Central Aymara,cent2142,CENTRAL_AYMARA,Aym.AYMARAN.CENTRAL_AYMARA
Central Aymara,cent2142,SULLKATITI_TITIRI,Aym.AYMARAN.SULLKATITI_TITIRI
Southern Aymara,sout2996,HUACANA,Aym.AYMARAN.HUACANA
Central Aymara,cent2142,PUKI,Aym.AYMARAN.PUKI
Pacaraos Quechua,paca1245,QUECHUA_PACARAOS,Que.QUECHUAN.QUECHUA_PACARAOS
Yauyos Quechua,yauy1235,LARAOS,Que.QUECHUAN.LARAOS
Yauyos Quechua,yauy1235,QUECHUA_YAUYOS_LINCHA,Que.QUECHUAN.QUECHUA_YAUYOS_LINCHA
Yauyos Quechua,yauy1235,QUECHUA_YAUYOS_TANA,Que.QUECHUAN.QUECHUA_YAUYOS_TANA
Yauyos Quechua,yauy1235,QUECHUA_YAUYOS_HUANGASCAR,Que.QUECHUAN.QUECHUA_YAUYOS_HUANGASCAR
Yauyos Quechua,yauy1235,QUECHUA_YAUYOS_VINAC,Que.QUECHUAN.QUECHUA_YAUYOS_VINAC
Yauyos Quechua,yauy1235,QUECHUA_YAUYOS_SAN_PEDRO,Que.QUECHUAN.QUECHUA_YAUYOS_SAN_PEDRO
Yauyos Quechua,yauy1235,QUECHUA_YAUYOS_CACRA,Que.QUECHUAN.QUECHUA_YAUYOS_CACRA
Yauyos Quechua,yauy1235,QUECHUA_YAUYOS_HONGOS,Que.QUECHUAN.QUECHUA_YAUYOS_HONGOS
Jauja Wanca Quechua,jauj1238,QUECHUA_HUANCA_SHAUSHA,Que.QUECHUAN.QUECHUA_HUANCA_SHAUSHA
Huaylla Wanca Quechua,huay1241,QUECHUA_HUANCA_HUAYLLA,Que.QUECHUAN.QUECHUA_HUANCA_HUAYLLA
Huaylla Wanca Quechua,huay1241,QUECHUA_HUANCA_HUAYCHA,Que.QUECHUAN.QUECHUA_HUANCA_HUAYCHA
North Junín Quechua,nort2980,QUECHUA_NORTH_JUNIN_CAJAS,Que.QUECHUAN.QUECHUA_NORTH_JUNIN_CAJAS
Ambo-Pasco Quechua,ambo1252,QUECHUA_DE_AMBO_HUANUCO_PASCO_PASCO,Que.QUECHUAN.QUECHUA_DE_AMBO_HUANUCO_PASCO_PASCO
North Junín Quechua,nort2980,QUECHUA_NORTH_JUNIN_TARMA,Que.QUECHUAN.QUECHUA_NORTH_JUNIN_TARMA
Chiquián Ancash Quechua,chiq1249,QUECHUA_ANCASH_CHIQUIAN,Que.QUECHUAN.QUECHUA_ANCASH_CHIQUIAN
Huallaga Huánuco Quechua,hual1241,HUANUCO,Que.QUECHUAN.HUANUCO
Panao Huánuco Quechua,pana1306,QUECHUA_HUANUCO_PANAO,Que.QUECHUAN.QUECHUA_HUANUCO_PANAO
Southern Conchucos Ancash Quechua,sout2992,CHACPAR,Que.QUECHUAN.CHACPAR
Huaylas Ancash Quechua,huay1240,QUECHUA_ANCASH_HUAYLAS_HUARAZ,Que.QUECHUAN.QUECHUA_ANCASH_HUAYLAS_HUARAZ
Corongo Ancash Quechua,coro1247,YANAC,Que.QUECHUAN.YANAC
Huaylas Ancash Quechua,huay1240,QUECHUA_ANCASH_HUAYLAS_WATA,Que.QUECHUAN.QUECHUA_ANCASH_HUAYLAS_WATA
Huaylas Ancash Quechua,huay1240,QUECHUA_ANCASH_HUAYLAS_PAMPAROMAS,Que.QUECHUAN.QUECHUA_ANCASH_HUAYLAS_PAMPAROMAS
Huaylas Ancash Quechua,huay1240,QUECHUA_HUAYLAS_ANCASH,Que.QUECHUAN.QUECHUA_HUAYLAS_ANCASH
Lambayeque Quechua,lamb1276,QUECHUA_DE_LAMBAYEQUE,Que.QUECHUAN.QUECHUA_DE_LAMBAYEQUE
Cajamarca Quechua,caja1238,CHETILLA,Que.QUECHUAN.CHETILLA
Lambayeque Quechua,lamb1276,INKAWASI,Que.QUECHUAN.INKAWASI
Arequipa-La Unión Quechua,areq1237,QUECHUA_AREQUIPA_UNION,Que.QUECHUAN.QUECHUA_AREQUIPA_UNION
Ayacucho Quechua,ayac1239,QUECHUA_ABANCAY_TINTAY,Que.QUECHUAN.QUECHUA_ABANCAY_TINTAY
Ayacucho Quechua,ayac1239,ATALLA,Que.QUECHUAN.ATALLA
Ayacucho Quechua,ayac1239,QUECHUA_AYACUCHO,Que.QUECHUAN.QUECHUA_AYACUCHO
Santiago del Estero Quichua,sant1432,QUECHUA_ARGENTINA,Que.QUECHUAN.QUECHUA_ARGENTINA
North Bolivian Quechua,nort2976,CURVA,Que.QUECHUAN.CURVA
South Bolivian Quechua,sout2991,POCONA,Que.QUECHUAN.POCONA
South Bolivian Quechua,sout2991,MARAGUA,Que.QUECHUAN.MARAGUA
Puno Quechua,puno1238,TAQUILE,Que.QUECHUAN.TAQUILE
Puno Quechua,puno1238,PUNO_CITY,Que.QUECHUAN.PUNO_CITY
Cusco Quechua,cusc1236,CUZCO_GNL,Que.QUECHUAN.CUZCO_GNL
Chachapoyas Quechua,chac1250,QUECHUA_CHACHAPOYAS,Que.QUECHUAN.QUECHUA_CHACHAPOYAS
San Martín Quechua,sanm1289,QUECHUA_SAN_MARTIN,Que.QUECHUAN.QUECHUA_SAN_MARTIN
Napo Lowland Quechua,napo1242,QUECHUA_NAPO_LOWLAND,Que.QUECHUAN.QUECHUA_NAPO_LOWLAND
Tena Lowland Quichua,tena1240,SERENA,Que.QUECHUAN.SERENA
Southern Pastaza Quechua,sout2990,INGA,Que.QUECHUAN.INGA
Southern Pastaza Quechua,sout2990,QUECHUA_PASTAZA,Que.QUECHUAN.QUECHUA_PASTAZA
Imbabura Highland Quichua,imba1240,QUECHUA_IMBABURA,Que.QUECHUAN.QUECHUA_IMBABURA
San Andrés-Lowland Inga,jung1240,INGA_MEDIO_PUTUMAYO,Que.QUECHUAN.INGA_MEDIO_PUTUMAYO
Colombian Inga,inga1252,INGA_PUTUMAYO,Que.QUECHUAN.INGA_PUTUMAYO
Bolivar-North Chimborazo Highland Quichua,chim1302,QUICHUA_CHIMBORAZO_NIZAG,Que.QUECHUAN.QUICHUA_CHIMBORAZO_NIZAG
Cañar-Azuay-South Chimborazo Highland Quichua,cana1262,QUICHUA_CANYAR,Que.QUECHUAN.QUICHUA_CANYAR
Loja Highland Quichua,loja1235,QUICHUA_LOJA,Que.QUECHUAN.QUICHUA_LOJA
Cañar-Azuay-South Chimborazo Highland Quichua,cana1262,QUICHUA_AZUAY,Que.QUECHUAN.QUICHUA_AZUAY
Imbabura Highland Quichua,imba1240,QUICHUA_IMBABURA_2,Que.QUECHUAN.QUICHUA_IMBABURA_2
Calderón Highland Quichua,cald1236,QUICHUA_PICHANCHA,Que.QUECHUAN.QUICHUA_PICHANCHA
Bolivar-North Chimborazo Highland Quichua,chim1302,QUICHUA_CHIMBORAZO_TROJE,Que.QUECHUAN.QUICHUA_CHIMBORAZO_TROJE
Bolivar-North Chimborazo Highland Quichua,chim1302,CHIMBORAZO_QUICHUA,Que.QUECHUAN.CHIMBORAZO_QUICHUA
Bolivar-North Chimborazo Highland Quichua,chim1302,TROJE,Que.QUECHUAN.TROJE
Northern Pastaza Quichua,nort2973,QUICHUA_BOLIVAR_CACHISAGUA,Que.QUECHUAN.QUICHUA_BOLIVAR_CACHISAGUA
Tungurahua Highland Quichua,sala1272,QUICHUA_TUNGURAHUA_SALASACA,Que.QUECHUAN.QUICHUA_TUNGURAHUA_SALASACA
Tungurahua Highland Quichua,sala1272,QUICHUA_TUNGURAHUA_GUAPANTE,Que.QUECHUAN.QUICHUA_TUNGURAHUA_GUAPANTE
Calderón Highland Quichua,cald1236,QUICHUA_COTOPAXI_TIGUA,Que.QUECHUAN.QUICHUA_COTOPAXI_TIGUA
Calderón Highland Quichua,cald1236,QUICHUA_COTOPAXI_PAPAURCO,Que.QUECHUAN.QUICHUA_COTOPAXI_PAPAURCO
Calderón Highland Quichua,cald1236,QUICHUA_COTOPAXI_COMPANIA_GRANDE,Que.QUECHUAN.QUICHUA_COTOPAXI_COMPANIA_GRANDE
Pumé,pume1238,YARURO,Yrr.YARURO.YARURO
Salinan,sali1253,SALINAN,Sln.SALINAN.SALINAN
Movima,movi1243,MOVIMA,Mov.MOVIMA.MOVIMA
Cofán,cofa1242,COFAN,Cof.COFAN.COFAN
Zuni,zuni1245,ZUNI,Zun.ZUNI.ZUNI
Cuitlatec,cuit1236,CUITLATEC,Cui.CUITLATEC.CUITLATEC
Muinane,muin1242,MUINANE,Hui.BORAN.MUINANE
Muinane,muin1242,MUINANE_2,Hui.BORAN.MUINANE_2
Bora,bora1263,BORA,Hui.BORAN.BORA
Bora,bora1263,MIRANA,Hui.BORAN.MIRANA
Lomeriano-Ignaciano Chiquitano,chiq1248,CHIQUITANO,Chq.CHIQUITO.CHIQUITANO
Highland Popoluca,high1276,SOTEAPAN_ZOQUE,MZ.MIXE_ZOQUE.SOTEAPAN_ZOQUE
Texistepec Popoluca,texi1237,TEXISTEPEC_ZOQUE,MZ.MIXE_ZOQUE.TEXISTEPEC_ZOQUE
Chimalapa Zoque,chim1300,MARIA_CHIMALAPA,MZ.MIXE_ZOQUE.MARIA_CHIMALAPA
Chimalapa Zoque,chim1300,MIGUEL_CHIMALAPA,MZ.MIXE_ZOQUE.MIGUEL_CHIMALAPA
Central-South Chiapas Zoque,copa1236,CHIAPAS_ZOQUE,MZ.MIXE_ZOQUE.CHIAPAS_ZOQUE
Northern Chiapas Zoque,fran1266,ZOQUE_FRANCISCO_LEON,MZ.MIXE_ZOQUE.ZOQUE_FRANCISCO_LEON
Northeast Chiapas Zoque,rayo1235,ZOQUE_RAYON,MZ.MIXE_ZOQUE.ZOQUE_RAYON
Tapachultec,tapa1260,TAPACHULTEC,MZ.MIXE_ZOQUE.TAPACHULTEC
Sayula Popoluca,sayu1241,SAYULA_POPOLUCA,MZ.MIXE_ZOQUE.SAYULA_POPOLUCA
Oluta Popoluca,olut1240,OLUTA_POPOLUCA,MZ.MIXE_ZOQUE.OLUTA_POPOLUCA
Totontepec Mixe,toto1305,NORTH_HIGHLAND_MIXE,MZ.MIXE_ZOQUE.NORTH_HIGHLAND_MIXE
,,ULTERIOR_MIXE_C,MZ.MIXE_ZOQUE.ULTERIOR_MIXE_C
Tlahuitoltepec Mixe,tlah1239,AYUTLA_MIXE,MZ.MIXE_ZOQUE.AYUTLA_MIXE
Tlahuitoltepec Mixe,tlah1239,SOUTH_HIGHLAND_MIXE,MZ.MIXE_ZOQUE.SOUTH_HIGHLAND_MIXE
Coatlán Mixe,coat1238,LOWLAND_MIXE,MZ.MIXE_ZOQUE.LOWLAND_MIXE
Taushiro,taus1253,TAUSHIRO,Tau.TAUSHIRO.TAUSHIRO
Pyu,pyuu1245,PYU,KF.KWOMTARI.PYU
Yale,yale1246,NAGATIMAN,Yal.YALE.NAGATIMAN
Caddo,cadd1256,CADDO,Cad.CADDOAN.CADDO
Wichita,wich1260,WICHITA,Cad.CADDOAN.WICHITA
Wichita,wich1260,WICHITA_2,Cad.CADDOAN.WICHITA_2
Kitsai,kits1249,KITSAI,Cad.CADDOAN.KITSAI
Arikara,arik1262,ARIKARA,Cad.CADDOAN.ARIKARA
Pawnee,pawn1254,PAWNEE,Cad.CADDOAN.PAWNEE
Pawnee,pawn1254,PAWNEE_2,Cad.CADDOAN.PAWNEE_2
Cherokee,cher1273,CHEROKEE,Iro.SOUTHERN_IROQUOIAN.CHEROKEE
Tuscarora,tusc1257,TUSCARORA,Iro.NORTHERN_IROQUOIAN.TUSCARORA
Huron-Wyandot,wyan1247,WENDAT_HURON,Iro.NORTHERN_IROQUOIAN.WENDAT_HURON
Huron-Wyandot,wyan1247,WYANDOT,Iro.NORTHERN_IROQUOIAN.WYANDOT
Cayuga,cayu1261,CAYUGA,Iro.NORTHERN_IROQUOIAN.CAYUGA
Seneca,sene1264,SENECA,Iro.NORTHERN_IROQUOIAN.SENECA
Onondaga,onon1246,ONONDAGA,Iro.NORTHERN_IROQUOIAN.ONONDAGA
Mohawk,moha1258,MOHAWK,Iro.NORTHERN_IROQUOIAN.MOHAWK
Oneida,onei1249,ONEIDA,Iro.NORTHERN_IROQUOIAN.ONEIDA
Chiapanec,chia1262,CHIAPANEC,OM.CHIAPANEC_MANGUE.CHIAPANEC
Mangue,moni1237,MANGUE,OM.CHIAPANEC_MANGUE.MANGUE
Mangue,moni1237,CHOROTEGA,OM.CHIAPANEC_MANGUE.CHOROTEGA
Subtiaba,subt1250,SUBTIABA,OM.SUBTIABA_TLAPANEC.SUBTIABA
Acatepec Me'phaa,acat1239,MEPHAA_ACATEPEC,OM.SUBTIABA_TLAPANEC.MEPHAA_ACATEPEC
Tlacoapa Me'phaa,tlac1237,TLACOAPA_MEPHAA,OM.SUBTIABA_TLAPANEC.TLACOAPA_MEPHAA
Acatepec Me'phaa,acat1239,TEOCUITLAPA_MEPHAA,OM.SUBTIABA_TLAPANEC.TEOCUITLAPA_MEPHAA
Azoyú Me'phaa,azoy1236,AZOYU_TLAPANEC,OM.SUBTIABA_TLAPANEC.AZOYU_TLAPANEC
Malinaltepec Me'phaa,mali1285,TLAPANEC_MALINALTEPEC,OM.SUBTIABA_TLAPANEC.TLAPANEC_MALINALTEPEC
Lealao Chinantec,leal1235,LEALAO_CHINANTEC,OM.CHINANTECAN.LEALAO_CHINANTEC
Comaltepec Chinantec,coma1246,CHINANTEC_COMALTEPEC,OM.CHINANTECAN.CHINANTEC_COMALTEPEC
Quiotepec Chinantec,quio1240,CHINANTEC_QUIOTEPEC,OM.CHINANTECAN.CHINANTEC_QUIOTEPEC
Palantla Chinantec,pala1351,CHINANTEC_PALANTLA,OM.CHINANTECAN.CHINANTEC_PALANTLA
Tepetotutla Chinantec,tepe1279,CHINANTEC_TEPETOTUTLA,OM.CHINANTECAN.CHINANTEC_TEPETOTUTLA
Ojitlán Chinantec,ojit1237,CHINANTEC_OJITLAN,OM.CHINANTECAN.CHINANTEC_OJITLAN
Usila Chinantec,usil1237,CHINANTEC_SAN_FELIPE_USILA,OM.CHINANTECAN.CHINANTEC_SAN_FELIPE_USILA
Sochiapam Chinantec,soch1239,CHINANTEC_SOCHIAPAN,OM.CHINANTECAN.CHINANTEC_SOCHIAPAN
Chichimeca-Jonaz,chic1272,JONAZ_DE_1776,OM.CHICHIMEC.JONAZ_DE_1776
Central Pame,cent2145,CENTRAL_PAME,OM.PAMEAN.CENTRAL_PAME
Northern Pame,nort2984,TAMASOPO_PAME,OM.PAMEAN.TAMASOPO_PAME
Southern Pame,sout2999,PAME_DE_JILIAPAN_1767,OM.PAMEAN.PAME_DE_JILIAPAN_1767
Southern Pame,sout2999,PAME_MERIDIONAL,OM.PAMEAN.PAME_MERIDIONAL
Southern Pame,sout2999,PAME_DE_JILIAPAN_1958,OM.PAMEAN.PAME_DE_JILIAPAN_1958
Southern Pame,sout2999,PAME_DE_PALUCA_1958,OM.PAMEAN.PAME_DE_PALUCA_1958
Atzingo Matlatzinca,atzi1235,OCUILTECO,OM.OTOMIAN.OCUILTECO
San Francisco Matlatzinca,sanf1262,MATLATZINCA_SAN_FRANCISCO_OXTOTILPAN_2,OM.OTOMIAN.MATLATZINCA_SAN_FRANCISCO_OXTOTILPAN_2
San Francisco Matlatzinca,sanf1262,MATLATZINCA_SAN_FRANCISCO_OXTOTILPAN,OM.OTOMIAN.MATLATZINCA_SAN_FRANCISCO_OXTOTILPAN
Central Mazahua,cent2144,MAZAHUA,OM.OTOMIAN.MAZAHUA
Central Mazahua,cent2144,MAZAHUA_CENTRAL,OM.OTOMIAN.MAZAHUA_CENTRAL
Central Mazahua,cent2144,TEMASCALCINGO_MAZAHUA,OM.OTOMIAN.TEMASCALCINGO_MAZAHUA
Temoaya Otomi,temo1245,OTOMI_TEMOAYA,OM.OTOMIAN.OTOMI_TEMOAYA
Estado de México Otomi,esta1236,OTOMI_DE_SAN_ANDRES_CUEXCONTITLAN,OM.OTOMIAN.OTOMI_DE_SAN_ANDRES_CUEXCONTITLAN
Estado de México Otomi,esta1236,OTOMI_TOLUCA,OM.OTOMIAN.OTOMI_TOLUCA
Eastern Highland Otomi,east2556,OTOMI_DE_EL_BAILE,OM.OTOMIAN.OTOMI_DE_EL_BAILE
Ixtenco Otomi,ixte1237,OTOMI_DE_IXTENCO,OM.OTOMIAN.OTOMI_DE_IXTENCO
Querétaro Otomi,quer1236,OTOMI_ACAMBAY,OM.OTOMIAN.OTOMI_ACAMBAY
Querétaro Otomi,quer1236,OTOMI_QUERETARO,OM.OTOMIAN.OTOMI_QUERETARO
Mezquital Otomi,mezq1235,OTOMI_DE_1776,OM.OTOMIAN.OTOMI_DE_1776
Mezquital Otomi,mezq1235,OTOMI_MEZQUITAL,OM.OTOMIAN.OTOMI_MEZQUITAL
,,AMUZGO,OM.AMUZGOAN.AMUZGO
Copala Triqui,copa1237,TRIQUI_COPALA,OM.MIXTECAN.TRIQUI_COPALA
Chicahuaxtla Triqui,chic1273,TRIQUI_CHICAHUAXTLA,OM.MIXTECAN.TRIQUI_CHICAHUAXTLA
San Martín Itunyoso Triqui,sanm1298,TRIQUI_SAN_MARTIN_ITUNYOSO,OM.MIXTECAN.TRIQUI_SAN_MARTIN_ITUNYOSO
Tepeuxila Cuicatec,tepe1280,CUICATEC,OM.MIXTECAN.CUICATEC
Alcozauca Mixtec,alco1235,MIXTEC_ALCOZAUCA,OM.MIXTECAN.MIXTEC_ALCOZAUCA
Pinotepa Nacional Mixtec,pino1237,JICALTEPEC_MIXTEC,OM.MIXTECAN.JICALTEPEC_MIXTEC
Chayuco Mixtec,chay1249,MIXTEC_CHAYUCO,OM.MIXTECAN.MIXTEC_CHAYUCO
San Juan Colorado Mixtec,sanj1281,MIXTECO_DE_SAN_JUAN_COLORADO,OM.MIXTECAN.MIXTECO_DE_SAN_JUAN_COLORADO
Peñoles Mixtec,peno1244,MIXTEC_PENYOLES,OM.MIXTECAN.MIXTEC_PENYOLES
Northern Tlaxiaco Mixtec,nort2985,MIXTEC_NORTHERN_TLAXIACO,OM.MIXTECAN.MIXTEC_NORTHERN_TLAXIACO
San Miguel El Grande Mixtec,sanm1295,CHALCATONGO_MIXTEC,OM.MIXTECAN.CHALCATONGO_MIXTEC
Yosondúa Mixtec,yoso1239,MIXTECO_DE_YOSONDUA,OM.MIXTECAN.MIXTECO_DE_YOSONDUA
Yosondúa Mixtec,yoso1239,YOSONDUA_MIXTEC,OM.MIXTECAN.YOSONDUA_MIXTEC
San Jerónimo Tecóatl Mazatec,sanj1286,SAN_JERONIMO_TECOATL,OM.POPOLOCAN.SAN_JERONIMO_TECOATL
Soyaltepec Mazatec,soya1237,SAN_MIGUEL_SOYOLTEPEC,OM.POPOLOCAN.SAN_MIGUEL_SOYOLTEPEC
Mazatlán Mazatec,maza1296,MAZATLAN_DE_FLORES,OM.POPOLOCAN.MAZATLAN_DE_FLORES
Huautla Mazatec,huau1238,HUAUTLA_DE_JIMENEZ,OM.POPOLOCAN.HUAUTLA_DE_JIMENEZ
Mazatlán Mazatec,maza1296,SAN_LORENZO_CUAUNECUILTITLA,OM.POPOLOCAN.SAN_LORENZO_CUAUNECUILTITLA
Chiquihuitlán Mazatec,chiq1250,SAN_JUAN_CHIQUIHUITLAN,OM.POPOLOCAN.SAN_JUAN_CHIQUIHUITLAN
Chiquihuitlán Mazatec,chiq1250,MAZATEC_CHIQUIHUITLAN,OM.POPOLOCAN.MAZATEC_CHIQUIHUITLAN
Jalapa De Díaz Mazatec,jala1237,JALAPA_DE_DIAZ,OM.POPOLOCAN.JALAPA_DE_DIAZ
Ayautla Mazatec,ayau1235,SAN_BARTOLOME_AYAUTLA,OM.POPOLOCAN.SAN_BARTOLOME_AYAUTLA
Ixcatlán Mazatec,ixca1246,SAN_PEDRO_IXCATLAN,OM.POPOLOCAN.SAN_PEDRO_IXCATLAN
Ixcatec,ixca1245,IXCATEC,OM.POPOLOCAN.IXCATEC
Chochotec,choc1279,CHOCHO_OCOTLAN,OM.POPOLOCAN.CHOCHO_OCOTLAN
Chochotec,choc1279,CHOCHOTEC,OM.POPOLOCAN.CHOCHOTEC
Coyotepec Popoloca,coyo1236,POPOLOCA_DE_SAN_VICENTE_COYOTEPEC,OM.POPOLOCAN.POPOLOCA_DE_SAN_VICENTE_COYOTEPEC
Mezontla Popoloca,mezo1235,POPOLOCA_METZONTLA,OM.POPOLOCAN.POPOLOCA_METZONTLA
San Juan Atzingo Popoloca,sanj1285,POPOLOCA_SAN_JUAN_ATZINGO,OM.POPOLOCAN.POPOLOCA_SAN_JUAN_ATZINGO
Tataltepec Chatino,tata1258,CHATINO_TATALTEPEC,OM.ZAPOTECAN.CHATINO_TATALTEPEC
Western Highland Chatino,west2644,CHATINO_WESTERN_HIGHLAND,OM.ZAPOTECAN.CHATINO_WESTERN_HIGHLAND
Zacatepec Chatino,zaca1242,ZACATEPEC_CHATINO,OM.ZAPOTECAN.ZACATEPEC_CHATINO
Lachixío Zapotec,lach1249,LACHIXIO_ZAPOTEC,OM.ZAPOTECAN.LACHIXIO_ZAPOTEC
,,ZAPOTEC_1578,OM.ZAPOTECAN.ZAPOTEC_1578
Texmelucan Zapotec,texm1235,TEXMELUCAN_ZAPOTEC,OM.ZAPOTECAN.TEXMELUCAN_ZAPOTEC
San Baltazar Loxicha Zapotec,sanb1241,COATLAN_LOXICHA_ZAPOTEC,OM.ZAPOTECAN.COATLAN_LOXICHA_ZAPOTEC
Sierra de Juárez Zapotec,sier1250,ZAPOTEC_SIERRA_DE_JUAREZ,OM.ZAPOTECAN.ZAPOTEC_SIERRA_DE_JUAREZ
Aloápam Zapotec,aloa1235,ALOAPAM_ZAPOTEC,OM.ZAPOTECAN.ALOAPAM_ZAPOTEC
Yareni Zapotec,yare1249,YARENI_ZAPOTEC,OM.ZAPOTECAN.YARENI_ZAPOTEC
Southern Rincon Zapotec,sout3004,ZAPOTEC_SOUTHERN_RINCON,OM.ZAPOTECAN.ZAPOTEC_SOUTHERN_RINCON
Choapan Zapotec,choa1237,CHOAPAN_ZAPOTEC,OM.ZAPOTECAN.CHOAPAN_ZAPOTEC
Yalálag Zapotec,yala1267,ZAPOTEC_YALALAG,OM.ZAPOTECAN.ZAPOTEC_YALALAG
Cajonos Zapotec,cajo1238,CAJONOS_ZAPOTEC,OM.ZAPOTECAN.CAJONOS_ZAPOTEC
Yatzachi Zapotec,yatz1235,ZAPOTEC_YATZACHI,OM.ZAPOTECAN.ZAPOTEC_YATZACHI
Zoogocho Zapotec,zoog1238,ZAPOTEC_ZOOGOCHO,OM.ZAPOTECAN.ZAPOTEC_ZOOGOCHO
Amatlán Zapotec,amat1238,AMATLAN_ZAPOTEC,OM.ZAPOTECAN.AMATLAN_ZAPOTEC
Loxicha Zapotec,loxi1235,ZAPOTEC_LOXICHA,OM.ZAPOTECAN.ZAPOTEC_LOXICHA
Xanaguía Zapotec,xana1235,XANAGUIA_ZAPOTEC,OM.ZAPOTECAN.XANAGUIA_ZAPOTEC
Quioquitani-Quieri Zapotec,quio1241,QUIOQUITANI_QUIERI_ZAPOTEC,OM.ZAPOTECAN.QUIOQUITANI_QUIERI_ZAPOTEC
Mixtepec Zapotec,mixt1426,ZAPOTEC_MIXTEPEC,OM.ZAPOTECAN.ZAPOTEC_MIXTEPEC
Isthmus Zapotec,isth1244,ISTHMUS_ZAPOTEC,OM.ZAPOTECAN.ISTHMUS_ZAPOTEC
Santa María Quiegolani Zapotec,sant1451,SANTA_MARIA_QUIEGOLANI_ZAPOTEC,OM.ZAPOTECAN.SANTA_MARIA_QUIEGOLANI_ZAPOTEC
San Pedro Quiatoni Zapotec,sanp1261,SAN_PEDRO_QUIATONI_ZAPOTEC,OM.ZAPOTECAN.SAN_PEDRO_QUIATONI_ZAPOTEC
Mitla Zapotec,mitl1236,ZAPOTEC_MITLA,OM.ZAPOTECAN.ZAPOTEC_MITLA
Western Tlacolula Valley Zapotec,sanj1284,ZAPOTEC_SAN_LUCAS_QUIAVINI,OM.ZAPOTECAN.ZAPOTEC_SAN_LUCAS_QUIAVINI
Tilquiapan Zapotec,tilq1235,TILQUIAPAN_ZAPOTEC,OM.ZAPOTECAN.TILQUIAPAN_ZAPOTEC
Santa Inés Yatzechi Zapotec,sant1447,SANTA_INES_YATZECHI_ZAPOTEC,OM.ZAPOTECAN.SANTA_INES_YATZECHI_ZAPOTEC
Ayoquesco Zapotec,ayoq1235,AYOQUESCO_ZAPOTEC,OM.ZAPOTECAN.AYOQUESCO_ZAPOTEC
Ocotlán Zapotec,ocot1244,OCOTLAN_ZAPOTEC,OM.ZAPOTECAN.OCOTLAN_ZAPOTEC
Páez,paez1247,PAEZ,Pae.PAEZAN.PAEZ
Páez,paez1247,PAEZ_2,Pae.PAEZAN.PAEZ_2
Máku,maku1246,MAKU,Mak.MAKU.MAKU
Catawba,cata1286,CATAWBA,Sio.SIOUAN.CATAWBA
Crow,crow1244,CROW,Sio.SIOUAN.CROW
Hidatsa,hida1246,HIDATSA,Sio.SIOUAN.HIDATSA
Tutelo,tute1247,TUTELO,Sio.SIOUAN.TUTELO
Biloxi,bilo1248,BILOXI,Sio.SIOUAN.BILOXI
Ofo,ofoo1242,OFO,Sio.SIOUAN.OFO
Mandan,mand1446,MANDAN,Sio.SIOUAN.MANDAN
Lakota,lako1247,LAKHOTA,Sio.SIOUAN.LAKHOTA
Assiniboine,assi1247,ASSINIBOINE,Sio.SIOUAN.ASSINIBOINE
Dakota,dako1258,DAKOTA,Sio.SIOUAN.DAKOTA
Lakota,lako1247,LAKOTA,Sio.SIOUAN.LAKOTA
Iowa-Oto,iowa1245,IOWA_OTO,Sio.SIOUAN.IOWA_OTO
Ho-Chunk,hoch1243,WINNEBAGO,Sio.SIOUAN.WINNEBAGO
Kansa,kans1243,KANSA,Sio.SIOUAN.KANSA
Osage,osag1243,OSAGE,Sio.SIOUAN.OSAGE
Omaha-Ponca,omah1247,OMAHA_PONCA,Sio.SIOUAN.OMAHA_PONCA
Quapaw,quap1242,QUAPAW,Sio.SIOUAN.QUAPAW
Aikanã,aika1237,AIKANA,Aik.AIKANA.AIKANA
Kwaza,kwaz1243,KWAZA,Kwz.KWAZA.KWAZA
Lule,lule1238,LULE_AND_TONOCOTE,LV.LULE_VILELA.LULE_AND_TONOCOTE
Atakapa,atak1252,ATAKAPA,Ata.ATAKAPA.ATAKAPA
Abaza,abaz1241,ABAZA,NWC.NORTHWEST_CAUCASIAN.ABAZA
Abkhaz,abkh1244,ABKHAZ,NWC.NORTHWEST_CAUCASIAN.ABKHAZ
Ubykh,ubyk1235,UBYKH,NWC.NORTHWEST_CAUCASIAN.UBYKH
West Circassian,adyg1241,ADYGHE,NWC.NORTHWEST_CAUCASIAN.ADYGHE
Kabardian,kaba1278,KABARDIAN,NWC.NORTHWEST_CAUCASIAN.KABARDIAN
Sabanê,saba1268,SABANE,Nam.NAMBIKUARAN.SABANE
Southern Nambikuára,sout2994,NAMBIKWARA,Nam.NAMBIKUARAN.NAMBIKWARA
Mamaindé,mama1278,MAMAINDE,Nam.NAMBIKUARAN.MAMAINDE
Tlingit,tlin1245,TLINGIT,NDe.TLINGIT.TLINGIT
Eyak,eyak1241,EYAK,NDe.EYAK.EYAK
Mescalero-Chiricahua Apache,mesc1238,CHIRICAHUA,NDe.ATHAPASKAN.CHIRICAHUA
Western Apache,west2615,SAN_CARLOS,NDe.ATHAPASKAN.SAN_CARLOS
Navajo,nava1243,NAVAHO,NDe.ATHAPASKAN.NAVAHO
Navajo,nava1243,NAVAJO,NDe.ATHAPASKAN.NAVAJO
Jicarilla Apache,jica1244,JICARILLA_APACHE,NDe.ATHAPASKAN.JICARILLA_APACHE
Jicarilla Apache,jica1244,JICARILLA,NDe.ATHAPASKAN.JICARILLA
Lipan Apache,lipa1241,LIPAN,NDe.ATHAPASKAN.LIPAN
Galice,gali1261,GALICE,NDe.ATHAPASKAN.GALICE
Mattole-Bear River,matt1238,MATTOLE,NDe.ATHAPASKAN.MATTOLE
Kato,kato1244,KATO,NDe.ATHAPASKAN.KATO
Hupa-Chilula,hupa1239,HUPA,NDe.ATHAPASKAN.HUPA
Hupa-Chilula,hupa1239,HUPA_2,NDe.ATHAPASKAN.HUPA_2
Koyukon,koyu1237,KOYUKON,NDe.ATHAPASKAN.KOYUKON
Sarsi,sars1236,SARCEE,NDe.ATHAPASKAN.SARCEE
Chipewyan,chip1261,CHIPEWYAN,NDe.ATHAPASKAN.CHIPEWYAN
Central Carrier,carr1249,C_CARRIER,NDe.ATHAPASKAN.C_CARRIER
Central Carrier,carr1249,CARRIER,NDe.ATHAPASKAN.CARRIER
Gwich'in,gwic1235,KUTCHIN,NDe.ATHAPASKAN.KUTCHIN
Beaver,beav1236,BEAVER,NDe.ATHAPASKAN.BEAVER
Dogrib,dogr1252,DOGRIB,NDe.ATHAPASKAN.DOGRIB
North Slavey,nort2942,HARE,NDe.ATHAPASKAN.HARE
South Slavey,sout2959,SLAVEY,NDe.ATHAPASKAN.SLAVEY
Upper Tanana,uppe1437,UPPER_TANANA_TETLIN,NDe.ATHAPASKAN.UPPER_TANANA_TETLIN
Tanacross,tana1290,TANACROSS,NDe.ATHAPASKAN.TANACROSS
Ahtena,ahte1237,AHTNA,NDe.ATHAPASKAN.AHTNA
Ahtena,ahte1237,MANTASTA_AHTENA,NDe.ATHAPASKAN.MANTASTA_AHTENA
Dena'ina,tana1289,UPPER_INLET_TANAINA,NDe.ATHAPASKAN.UPPER_INLET_TANAINA
Dena'ina,tana1289,OUTER_INLET_TANAINA,NDe.ATHAPASKAN.OUTER_INLET_TANAINA
Dena'ina,tana1289,INLAND_TANAINA,NDe.ATHAPASKAN.INLAND_TANAINA
Dena'ina,tana1289,ILIAMNA_TANAINA,NDe.ATHAPASKAN.ILIAMNA_TANAINA
Klamath-Modoc,klam1254,KLAMATH,Pen.KLAMATH_MODOC.KLAMATH
Arin,arin1243,ARIN,Yen.YENISEIAN.ARIN
Pumpokol,pump1237,PUMPOKOL,Yen.YENISEIAN.PUMPOKOL
Assan,assa1266,ASSAN,Yen.YENISEIAN.ASSAN
Kott-Assan,kott1239,KOTT,Yen.YENISEIAN.KOTT
Ket,kett1243,EIGHTEENTH_CENTURY_KET,Yen.YENISEIAN.EIGHTEENTH_CENTURY_KET
Ket,kett1243,KET,Yen.YENISEIAN.KET
Yugh,yugh1239,YUGH_RECENT,Yen.YENISEIAN.YUGH_RECENT
Obispeño,obis1242,OBISPENYO,Chu.CHUMASH.OBISPENYO
Cruzeño,cruz1243,CRUZENYO,Chu.CHUMASH.CRUZENYO
Ineseño,ines1240,INESENYO,Chu.CHUMASH.INESENYO
Ventureño,vent1242,VENTURENYO,Chu.CHUMASH.VENTURENYO
Barbareño,barb1263,CHUMASH_BARBARENO,Chu.CHUMASH.CHUMASH_BARBARENO
Leco,leco1242,LEKO,Lec.LECO.LEKO
Northern Yokuts,yoku1256,YOKUTS_TINLINNEH,Pen.YOKUTS.YOKUTS_TINLINNEH
Northern Yokuts,yoku1256,YOKUTS_UNKNOWN,Pen.YOKUTS.YOKUTS_UNKNOWN
Mutsun,muts1243,MUTSUN,Pen.COSTANOAN.MUTSUN
Mutsun,muts1243,RUMSEN,Pen.COSTANOAN.RUMSEN
Lake Miwok,lake1258,MIWOK_LAKE,Pen.MIWOK.MIWOK_LAKE
Coast Miwok,coas1301,OLAMENTKE,Pen.MIWOK.OLAMENTKE
Coast Miwok,coas1301,MIWOK_BODEGA,Pen.MIWOK.MIWOK_BODEGA
Plains Miwok,plai1259,PLAINS_MIWOK,Pen.MIWOK.PLAINS_MIWOK
Central Sierra Miwok,cent2140,CENTRAL_SIERRA_MIWOK,Pen.MIWOK.CENTRAL_SIERRA_MIWOK
Northern Sierra Miwok,nort2968,NORTHERN_SIERRA_MIWOK,Pen.MIWOK.NORTHERN_SIERRA_MIWOK
Southern Sierra Miwok,sout2985,S_SIERRA_MIWOK,Pen.MIWOK.S_SIERRA_MIWOK
Chitimacha,chit1248,CHITIMACHA,Cht.CHITIMACHA.CHITIMACHA
Chitimacha,chit1248,CHITIMACHA_2,Cht.CHITIMACHA.CHITIMACHA_2
Puelche,puel1244,GUNUNA_KUNE,Chn.PUELCHE.GUNUNA_KUNE
Puelche,puel1244,GUNUNA_KUNE_2,Chn.PUELCHE.GUNUNA_KUNE_2
Guambiano,guam1248,GUAMBIANO,Bar.BARBACOAN.GUAMBIANO
Totoro,toto1306,TOTORO,Bar.BARBACOAN.TOTORO
Awa-Cuaiquer,awac1239,AWA_PIT,Bar.BARBACOAN.AWA_PIT
Cha'palaa,chac1249,CAYAPA,Bar.BARBACOAN.CAYAPA
Tsafiki,colo1256,COLORADO,Bar.BARBACOAN.COLORADO
Muniche,muni1258,MUNICHI,Mun.MUNICHI.MUNICHI
Southern Haida,sout2956,HAIDA,Hai.HAIDA.HAIDA
Yámana,yama1264,YAMANA,Yam.YAMANA.YAMANA
Aguaruna,agua1253,AGUARUNA,Jiv.JIVAROAN.AGUARUNA
Aguaruna,agua1253,AGUARUNA_2,Jiv.JIVAROAN.AGUARUNA_2
Achuar-Shiwiar,achu1248,ACHUAR,Jiv.JIVAROAN.ACHUAR
Shuar,shua1257,SHUAR,Jiv.JIVAROAN.SHUAR
Huambisa,huam1247,HUAMBISA,Jiv.JIVAROAN.HUAMBISA
Shuar,shua1257,JIVARO_SHUAR,Jiv.JIVAROAN.JIVARO_SHUAR
Andaqui,anda1286,ANDAQUI,Bar.ANDAQUI.ANDAQUI
Molale,mola1238,MOLALA,Pen.MOLALA.MOLALA
Nez Perce,nezp1238,NEZ_PERCE,Pen.SAHAPTIAN.NEZ_PERCE
Umatilla,umat1237,UMATILLA_SAHAPTIN,Pen.SAHAPTIAN.UMATILLA_SAHAPTIN
Qawasqar,qawa1238,QAWASQAR,Ala.ALACALUFAN.QAWASQAR
Aleut,aleu1260,ALEUT,EA.ALEUT.ALEUT
Central Siberian Yupik,cent2128,ST_LAWRENCE_YUPIK,EA.ESKIMO.ST_LAWRENCE_YUPIK
Central Siberian Yupik,cent2128,YUPIK_CENTRAL_SIBERIAN_CHAPLINO,EA.ESKIMO.YUPIK_CENTRAL_SIBERIAN_CHAPLINO
Old Sirenik,sire1246,YUPIK_SIRENIK,EA.ESKIMO.YUPIK_SIRENIK
Central Alaskan Yupik,cent2127,C_YUPIK,EA.ESKIMO.C_YUPIK
Kalaallisut,kala1399,EAST_GREENLANDIC,EA.ESKIMO.EAST_GREENLANDIC
North Alaskan Inupiatun,nort2943,INUPIAQ,EA.ESKIMO.INUPIAQ
Kalaallisut,kala1399,WEST_GREENLANDIC,EA.ESKIMO.WEST_GREENLANDIC
Eastern Canadian Inuktitut,east2534,INUKTITUT_EASTERN_CANADIAN,EA.ESKIMO.INUKTITUT_EASTERN_CANADIAN
Western Canadian Inuktitut,west2618,KANGIRYUARMIUTUN,EA.ESKIMO.KANGIRYUARMIUTUN
Pisaflores Tepehua,pisa1237,TEPEHUA_PISA_FLORES,Tot.TOTONACAN.TEPEHUA_PISA_FLORES
Huehuetla Tepehua,hueh1236,TEPEHUA_HUEHUETLA,Tot.TOTONACAN.TEPEHUA_HUEHUETLA
Tlachichilco Tepehua,tlac1235,TEPEHUA_TLACHICHILCO,Tot.TOTONACAN.TEPEHUA_TLACHICHILCO
Yecuatla Totonac,yecu1235,TOTONAC_MISANTLA,Tot.TOTONACAN.TOTONAC_MISANTLA
,,TOTONAC_TEJERIA,Tot.TOTONACAN.TOTONAC_TEJERIA
,,TOTONAC_COATEPEC,Tot.TOTONACAN.TOTONAC_COATEPEC
,,TOTONAC_OLINTLA,Tot.TOTONACAN.TOTONAC_OLINTLA
Upper Necaxa Totonac,uppe1275,TOTONAC_UPPER_NEXACA,Tot.TOTONACAN.TOTONAC_UPPER_NEXACA
Xicotepec De Juárez Totonac,xico1235,XICOTEPEC_TOTONAC,Tot.TOTONACAN.XICOTEPEC_TOTONAC
Filomeno Mata Totonac,filo1235,TOTONAC_FILOMENA_MATA,Tot.TOTONACAN.TOTONAC_FILOMENA_MATA
Papantla Totonac,papa1238,PAPANTLA_TOTONAC,Tot.TOTONACAN.PAPANTLA_TOTONAC
Highland Totonac,high1243,TOTONAC_COYUTLA,Tot.TOTONACAN.TOTONAC_COYUTLA
Highland Totonac,high1243,TOTONAC_HIGHLAND,Tot.TOTONACAN.TOTONAC_HIGHLAND
,,TOTONAC_OZELONACAXTLA,Tot.TOTONACAN.TOTONAC_OZELONACAXTLA
Alsea-Yaquina,alse1251,ALSEA,OC.ALSEA.ALSEA
Kutenai,kute1249,KUTENAI,Ktn.KUTENAI.KUTENAI
Quileute,quil1240,QUILEUTE,Chk.CHIMAKUAN.QUILEUTE
Makah,maka1318,MAKAH,Wak.SOUTHERN_WAKASHAN.MAKAH
Ditidaht,diti1235,DITIDAHT,Wak.SOUTHERN_WAKASHAN.DITIDAHT
Nuu-chah-nulth,nuuc1236,NOOTKA,Wak.SOUTHERN_WAKASHAN.NOOTKA
Haisla,hais1244,HAISLA,Wak.NORTHERN_WAKASHAN.HAISLA
Kwak'wala,kwak1269,KWAKWALA,Wak.NORTHERN_WAKASHAN.KWAKWALA
Heiltsuk-Oowekyala,heil1246,HEILTSUK,Wak.NORTHERN_WAKASHAN.HEILTSUK
Heiltsuk-Oowekyala,heil1246,OOWEKYALA,Wak.NORTHERN_WAKASHAN.OOWEKYALA
Siuslaw,sius1254,SIUSLAW,OC.SIUSLAWAN.SIUSLAW
Bella Coola,bell1243,BELLA_COOLA,Sal.BELLA_COOLA.BELLA_COOLA
Tillamook,till1254,TILLAMOOK,Sal.TILLAMOOK.TILLAMOOK
Lillooet,lill1248,LILLOOET,Sal.INTERIOR_SALISH.LILLOOET
Shuswap,shus1248,SHUSWAP,Sal.INTERIOR_SALISH.SHUSWAP
Thompson,thom1243,THOMPSON,Sal.INTERIOR_SALISH.THOMPSON
Columbia-Wenatchi,colu1241,COLUMBIA_WENATCHI,Sal.INTERIOR_SALISH.COLUMBIA_WENATCHI
Okanagan,okan1243,OKANAGAN_COLVILLE,Sal.INTERIOR_SALISH.OKANAGAN_COLVILLE
Coeur d'Alene,coeu1236,COEUR_DALENE,Sal.INTERIOR_SALISH.COEUR_DALENE
Kalispel-Pend d'Oreille,kali1308,MONTANA_SALISH,Sal.INTERIOR_SALISH.MONTANA_SALISH
Kalispel-Pend d'Oreille,kali1308,KALISPEL_PEND_DOREILLE,Sal.INTERIOR_SALISH.KALISPEL_PEND_DOREILLE
Spokane,spok1245,SPOKANE,Sal.INTERIOR_SALISH.SPOKANE
Quinault,quin1251,QUINAULT,Sal.TSAMOSAN.QUINAULT
Upper Chehalis,uppe1439,CHEHALIS_UPPER,Sal.TSAMOSAN.CHEHALIS_UPPER
Cowlitz,cowl1242,COWLITZ,Sal.TSAMOSAN.COWLITZ
Twana,twan1247,TWANA,Sal.CENTRAL_SALISH.TWANA
Northern Lushootseed,lush1252,LUSHOOTSEED,Sal.CENTRAL_SALISH.LUSHOOTSEED
Southern Puget Sound Salish,sout2965,PUGET_SALISH,Sal.CENTRAL_SALISH.PUGET_SALISH
Sechelt,sech1246,SECHELT,Sal.CENTRAL_SALISH.SECHELT
Comox,como1259,COMOX,Sal.CENTRAL_SALISH.COMOX
Comox,como1259,SLIAMMON,Sal.CENTRAL_SALISH.SLIAMMON
Squamish,squa1248,SQUAMISH,Sal.CENTRAL_SALISH.SQUAMISH
Nooksack,nook1247,NOOKSACK,Sal.CENTRAL_SALISH.NOOKSACK
Halkomelem,halk1245,STOLO,Sal.CENTRAL_SALISH.STOLO
Halkomelem,halk1245,COWICHAN,Sal.CENTRAL_SALISH.COWICHAN
Halkomelem,halk1245,MUSQUEAM,Sal.CENTRAL_SALISH.MUSQUEAM
Clallam,clal1241,CLALLAM,Sal.CENTRAL_SALISH.CLALLAM
Northern Straits Salish,stra1244,SAMISH,Sal.CENTRAL_SALISH.SAMISH
Northern Straits Salish,stra1244,SONGISH,Sal.CENTRAL_SALISH.SONGISH
Northern Straits Salish,stra1244,SAANICH,Sal.CENTRAL_SALISH.SAANICH
Northern Straits Salish,stra1244,SALISH_STRAITS,Sal.CENTRAL_SALISH.SALISH_STRAITS
Cholón,chol1284,CHOLON,Chl.CHOLON.CHOLON
Puinave,puin1248,PUINABE,Pui.PUINAVE.PUINABE
Puinave,puin1248,PUINAVE,Pui.PUINAVE.PUINAVE
Nukak Makú,nuka1242,NUKAK_MAKU,CN.CACUA_NUKAK.NUKAK_MAKU
Nukak Makú,nuka1242,NUKAK,CN.CACUA_NUKAK.NUKAK
Kakua,cacu1241,CACUA,CN.CACUA_NUKAK.CACUA
Kakua,cacu1241,KAKUA,CN.CACUA_NUKAK.KAKUA
Vilela,vile1241,VILELA,LV.LULE_VILELA.VILELA
,,GUACHI,Gch.GUACHI.GUACHI
Nuclear Wintu,nucl1651,WINTU,Pen.WINTUAN.WINTU
Northwest Maidu,nort2951,MAIDU_KONKAU,Pen.MAIDUAN.MAIDU_KONKAU
Northwest Maidu,nort2951,MAIDU_NORTHWEST_NAKUM,Pen.MAIDUAN.MAIDU_NORTHWEST_NAKUM
Nisenan,nise1244,NISENAN,Pen.MAIDUAN.NISENAN
Northeast Maidu,nort2952,NE_MAIDU,Pen.MAIDUAN.NE_MAIDU
Wappo,wapp1239,WAPPO,WY.WAPPO.WAPPO
Northern Yukian,yuki1243,YUKI,WY.YUKIAN.YUKI
Tol,toll1241,JICAQUE,Tol.TOL.JICAQUE
Maybrat,maib1239,MAI_BRAT,WP.NORTH_CENTRAL_BIRDS_HEAD.MAI_BRAT
Achumawi,achu1247,ACHUMAWI,Hok.PALAIHNIHAN.ACHUMAWI
Atsugewi,atsu1245,ATSUGEWI,Hok.PALAIHNIHAN.ATSUGEWI
Hanis,coos1249,HANIS_COOS,OC.COOSAN.HANIS_COOS
Shasta,shas1239,SHASTA,Hok.SHASTA.SHASTA
Chimariko,chim1301,CHIMARIKO,Hok.CHIMARIKO.CHIMARIKO
Seri,seri1257,SERI,Hok.SERI.SERI
Southeastern Pomo,sout2982,SOUTHEASTERN_POMO,Hok.POMOAN.SOUTHEASTERN_POMO
Eastern Pomo,east2545,POMO_EASTERN,Hok.POMOAN.POMO_EASTERN
Kashaya,kash1280,KASHAYA,Hok.POMOAN.KASHAYA
Southern Pomo,sout2984,SOUTHERN_POMO,Hok.POMOAN.SOUTHERN_POMO
Northeastern Russian River Pomo,nort2967,POMO_NORTHEASTERN,Hok.POMOAN.POMO_NORTHEASTERN
Central Pomo,cent2138,POMO_CENTRAL,Hok.POMOAN.POMO_CENTRAL
Northern Pomo,nort2966,POMO_NORTHERN,Hok.POMOAN.POMO_NORTHERN
Cochimi,coch1272,COCHIMI,Hok.YUMAN.COCHIMI
Kiliwa,kili1268,KILIWA,Hok.YUMAN.KILIWA
Paipai,paip1241,PAIPAI,Hok.YUMAN.PAIPAI
Tipai-Kumeyaay-Huerteno,kumi1248,DIEGUENO,Hok.YUMAN.DIEGUENO
Cocopa,coco1261,COCOPA,Hok.YUMAN.COCOPA
Tipai-Kumeyaay-Huerteno,kumi1248,TIPAI,Hok.YUMAN.TIPAI
Havasupai-Walapai-Yavapai,hava1248,YAVAPAI,Hok.YUMAN.YAVAPAI
Havasupai-Walapai-Yavapai,hava1248,WALAPAI,Hok.YUMAN.WALAPAI
Havasupai-Walapai-Yavapai,hava1248,HAVASUPAI,Hok.YUMAN.HAVASUPAI
Mohave,moha1256,MOHAVE,Hok.YUMAN.MOHAVE
Mohave,moha1256,MOJAVE,Hok.YUMAN.MOJAVE
Maricopa,mari1440,MARICOPA,Hok.YUMAN.MARICOPA
Quechan,quec1382,YUMA,Hok.YUMAN.YUMA
Hoti,yuwa1244,YUWANA,Yuw.YUWANA.YUWANA
Hoti,yuwa1244,YUWANA_2,Yuw.YUWANA.YUWANA_2
Sáliba,sali1298,SALIBA_COLUMBIA,Slv.SALIBA.SALIBA_COLUMBIA
Piaroa,piar1243,PIAROA,Slv.PIAROA.PIAROA
Comecrudan,come1251,COMECRUDO,Com.COMECRUDAN.COMECRUDO
Highland Oaxaca Chontal,high1242,HIGHLAND_TEQUISTLATEC,Teq.TEQUISTLATECAN.HIGHLAND_TEQUISTLATEC
Lowland Oaxaca Chontal,lowl1260,OAXACA_CHONTAL,Teq.TEQUISTLATECAN.OAXACA_CHONTAL
Hopi,hopi1249,HOPI,UA.HOPI.HOPI
Shoshoni,shos1248,SHOSHONI,UA.NUMIC.SHOSHONI
Comanche,coma1245,COMANCHE,UA.NUMIC.COMANCHE
Panamint,pana1305,TUMPISA,UA.NUMIC.TUMPISA
Panamint,pana1305,PANAMINT,UA.NUMIC.PANAMINT
Northern Paiute,nort2954,NORTHERN_PAIUTE_BANNOCK,UA.NUMIC.NORTHERN_PAIUTE_BANNOCK
Northern Paiute,nort2954,NORTHERN_PAIUTE,UA.NUMIC.NORTHERN_PAIUTE
Mono (USA),mono1275,WESTERN_MONO,UA.NUMIC.WESTERN_MONO
Kawaiisu,kawa1283,KAWAIISU,UA.NUMIC.KAWAIISU
Ute-Southern Paiute,utes1238,SOUTHERN_PAIUTE,UA.NUMIC.SOUTHERN_PAIUTE
,,UTE_SOUTHERN_PAIUTE,UA.NUMIC.UTE_SOUTHERN_PAIUTE
Ute-Southern Paiute,utes1238,UTE_1,UA.NUMIC.UTE_1
Ute-Southern Paiute,utes1238,UTE_2,UA.NUMIC.UTE_2
Tübatulabal,tuba1278,TUBATULABAL,UA.TUBATULABAL.TUBATULABAL
Serrano,serr1255,SERRANO,UA.TAKIC.SERRANO
Serrano,serr1255,GABRIELINO,UA.TAKIC.GABRIELINO
,,KITANEMUK,UA.TAKIC.KITANEMUK
Luiseno-Juaneño,luis1253,LUISENO,UA.TAKIC.LUISENO
Cahuilla,cahu1264,CAHUILLA,UA.TAKIC.CAHUILLA
Cupeño,cupe1243,CUPENO,UA.TAKIC.CUPENO
Northern Tepehuan,nort2959,NORTHERN_TEPEHUAN,UA.TEPIMAN.NORTHERN_TEPEHUAN
Southeastern Tepehuan,sout2976,SOUTHERN_TEPEHUAN,UA.TEPIMAN.SOUTHERN_TEPEHUAN
Tepecano,tepe1278,TEPECANO,UA.TEPIMAN.TEPECANO
Pima Bajo,pima1248,PIMA_BAJO,UA.TEPIMAN.PIMA_BAJO
Pima Bajo,pima1248,LOWER_PIMA,UA.TEPIMAN.LOWER_PIMA
Tohono O'odham,toho1245,TOHONO_OODHAM,UA.TEPIMAN.TOHONO_OODHAM
Tohono O'odham,toho1245,UPPER_PIMA,UA.TEPIMAN.UPPER_PIMA
Central Tarahumara,cent2131,CENTRAL_TARAHUMARA,UA.TARAHUMARAN.CENTRAL_TARAHUMARA
Huarijio,huar1255,HUARIJIO,UA.TARAHUMARAN.HUARIJIO
Huarijio,huar1255,GUARIJIO,UA.TARAHUMARAN.GUARIJIO
Huarijio,huar1255,WARIHIO,UA.TARAHUMARAN.WARIHIO
Tubar,tuba1279,TUBAR,UA.TUBAR.TUBAR
Teguima,opat1246,EUDEVE,UA.CAHITA.EUDEVE
Teguima,opat1246,OPATA,UA.CAHITA.OPATA
Yaqui,yaqu1251,YAQUI,UA.CAHITA.YAQUI
Yaqui,yaqu1251,YAQUI_2,UA.CAHITA.YAQUI_2
Mayo,mayo1264,MAYO,UA.CAHITA.MAYO
Mayo,mayo1264,MAYO_LOS_CAPOMOS,UA.CAHITA.MAYO_LOS_CAPOMOS
Huichol,huic1243,HUICHOL,UA.CORACHOL.HUICHOL
El Nayar Cora,elna1235,EL_NAYAR_CORA,UA.CORACHOL.EL_NAYAR_CORA
,,NAHUATL_AMILCINGO_ZACUALPAN,UA.AZTECAN.NAHUATL_AMILCINGO_ZACUALPAN
,,NAHUATL_HUEYAPAN_TETELA_DEL_VOLCAN,UA.AZTECAN.NAHUATL_HUEYAPAN_TETELA_DEL_VOLCAN
,,NAHUATL_ACAXOCHITLAN,UA.AZTECAN.NAHUATL_ACAXOCHITLAN
,,NAHUATL_COYOTEPEC,UA.AZTECAN.NAHUATL_COYOTEPEC
,,NAHUATL_SAN_FRANCISCO_TLALNEPANTLA,UA.AZTECAN.NAHUATL_SAN_FRANCISCO_TLALNEPANTLA
Tetelcingo Nahuatl,tete1251,TETELCINGO_NAHUATL,UA.AZTECAN.TETELCINGO_NAHUATL
Tlaxcala-Puebla-Central Nahuatl,cent2132,NAHUATL_SAN_MIGUEL_AYOTLA,UA.AZTECAN.NAHUATL_SAN_MIGUEL_AYOTLA
Tlaxcala-Puebla-Central Nahuatl,cent2132,NAHUATL_SAN_PEDRO_TLALCUAPAN_SANTA_ANA_CHIAUTEMPAN,UA.AZTECAN.NAHUATL_SAN_PEDRO_TLALCUAPAN_SANTA_ANA_CHIAUTEMPAN
Classical Nahuatl,clas1250,CLASSICAL_NAHUATL,UA.AZTECAN.CLASSICAL_NAHUATL
Northern Puebla Nahuatl,nort2957,NAHUATL_XILOCUAUTLA_HUAUCHINANGO,UA.AZTECAN.NAHUATL_XILOCUAUTLA_HUAUCHINANGO
Northern Puebla Nahuatl,nort2957,NAHUATL_DEL_NORTE_DEL_ESTADO_DE_PUEBLA,UA.AZTECAN.NAHUATL_DEL_NORTE_DEL_ESTADO_DE_PUEBLA
Pochutec,poch1244,POCHUTLA_NAHUATL,UA.AZTECAN.POCHUTLA_NAHUATL
Morelos Nahuatl,more1259,NAHUATL_TEPOTZTLAN,UA.AZTECAN.NAHUATL_TEPOTZTLAN
,,NAHUATL_SAN_JERONINO_AMANALCO,UA.AZTECAN.NAHUATL_SAN_JERONINO_AMANALCO
,,NAHUATL_XOXOCOTLA_PUENTE_DE_IXTLA,UA.AZTECAN.NAHUATL_XOXOCOTLA_PUENTE_DE_IXTLA
,,NAHUATL_AXOCHIAPAN,UA.AZTECAN.NAHUATL_AXOCHIAPAN
Tlamacazapa Nahuatl,tlam1239,NAHUATL_ATLACHOLOAYA_XOCHITEPEC,UA.AZTECAN.NAHUATL_ATLACHOLOAYA_XOCHITEPEC
Tlamacazapa Nahuatl,tlam1239,NAHUATL_CUENTEPEC_TEMIXCO,UA.AZTECAN.NAHUATL_CUENTEPEC_TEMIXCO
Coatepec Nahuatl,coat1240,NAHUATL_CHILACACHAPA_CUETZALA_DEL_PROGRESO,UA.AZTECAN.NAHUATL_CHILACACHAPA_CUETZALA_DEL_PROGRESO
Coatepec Nahuatl,coat1240,NAHUATL_COATEPEC_COSTALES,UA.AZTECAN.NAHUATL_COATEPEC_COSTALES
Coatepec Nahuatl,coat1240,NAHUATL_COATEPEC_COSTALES_TELEOLOAPAN,UA.AZTECAN.NAHUATL_COATEPEC_COSTALES_TELEOLOAPAN
,,NAHUATL_XALATZALA_TLAPA,UA.AZTECAN.NAHUATL_XALATZALA_TLAPA
,,NAHUATL_XALPATLAHUAC,UA.AZTECAN.NAHUATL_XALPATLAHUAC
,,NAHUATL_QUETZALAPA_AZOYU,UA.AZTECAN.NAHUATL_QUETZALAPA_AZOYU
Michoacán Nahuatl,mich1245,NAHUATL_POMARO_AQUILA,UA.AZTECAN.NAHUATL_POMARO_AQUILA
Western Durango Nahuatl,west2778,NAHUATL_SAN_AGUSTIN_DE_BUENAVENTURA,UA.AZTECAN.NAHUATL_SAN_AGUSTIN_DE_BUENAVENTURA
,,NAHUATL_SAN_PEDRO_JICORA,UA.AZTECAN.NAHUATL_SAN_PEDRO_JICORA
Southeastern Puebla Nahuatl,sout2973,NAHUATL_SAN_JOSE_MIAHUATLAN,UA.AZTECAN.NAHUATL_SAN_JOSE_MIAHUATLAN
Sierra Negra Nahuatl,sier1248,NAHUATL_SAN_PABLO_ZOQUITLAN,UA.AZTECAN.NAHUATL_SAN_PABLO_ZOQUITLAN
Central Puebla Nahuatl,cent2133,NAHUATL_HUATLATLAUCA,UA.AZTECAN.NAHUATL_HUATLATLAUCA
,,NAHUATL_JICOCINGO_ZACATLAN,UA.AZTECAN.NAHUATL_JICOCINGO_ZACATLAN
,,NAHUATL_SANTA_ANA_TLACOTENCO,UA.AZTECAN.NAHUATL_SANTA_ANA_TLACOTENCO
Zacatlán-Ahuacatlán-Tepetzintla Nahuatl,zaca1241,NAHUATL_CUACUILA_HUAUCHINANGO,UA.AZTECAN.NAHUATL_CUACUILA_HUAUCHINANGO
,,NAHUATL_JALATLACO,UA.AZTECAN.NAHUATL_JALATLACO
Highland Puebla Nahuatl,high1278,NAHUATL_STA_MA_COAPAN,UA.AZTECAN.NAHUATL_STA_MA_COAPAN
,,NAHUATL_CHICHIQUILA,UA.AZTECAN.NAHUATL_CHICHIQUILA
Huaxcaleca Nahuatl,huax1236,NAHUATL_RAFAEL_DELGADO,UA.AZTECAN.NAHUATL_RAFAEL_DELGADO
,,NAHUATL_SANTA_MARIA_TEOPOXCO,UA.AZTECAN.NAHUATL_SANTA_MARIA_TEOPOXCO
Northern Oaxaca Nahuatl,nort2958,NAHUATL_SAN_BERNARDINO_TEOTITLAN_DEL_CAMINO,UA.AZTECAN.NAHUATL_SAN_BERNARDINO_TEOTITLAN_DEL_CAMINO
Central Guerrero Nahuatl,guer1241,NAHUATL_SAN_AGUSTIN_OAPAN,UA.AZTECAN.NAHUATL_SAN_AGUSTIN_OAPAN
,,NAHUATL_XAALITLA_TEPECUAUILCO,UA.AZTECAN.NAHUATL_XAALITLA_TEPECUAUILCO
Central Guerrero Nahuatl,guer1241,NAHUATL_HUITZILTEPEC_ZUMPANGO_DEL_RIO,UA.AZTECAN.NAHUATL_HUITZILTEPEC_ZUMPANGO_DEL_RIO
Central Guerrero Nahuatl,guer1241,NAHUATL_ATLIACA_TIXTLA,UA.AZTECAN.NAHUATL_ATLIACA_TIXTLA
Central Guerrero Nahuatl,guer1241,NAHUATL_ACATLAN,UA.AZTECAN.NAHUATL_ACATLAN
Central Guerrero Nahuatl,guer1241,NAHUATL_ZITLALA,UA.AZTECAN.NAHUATL_ZITLALA
Pipil,pipi1250,PIPIL,UA.AZTECAN.PIPIL
Isthmus-Mecayapan Nahuatl,isth1242,NAHUATL_MECAYAPAN,UA.AZTECAN.NAHUATL_MECAYAPAN
Isthmus-Pajapan Nahuatl,isth1241,NAHUATL_PAJAPAN,UA.AZTECAN.NAHUATL_PAJAPAN
Tabasco Nahuatl,taba1265,TABASCO_NAHUATL_CUPILCO,UA.AZTECAN.TABASCO_NAHUATL_CUPILCO
,,NAHUATL_AYOTOXCO,UA.AZTECAN.NAHUATL_AYOTOXCO
,,NAHUATL_REYES_DE_VALLARTA_TUZAMAPAN,UA.AZTECAN.NAHUATL_REYES_DE_VALLARTA_TUZAMAPAN
Highland Puebla Nahuatl,high1278,HIGHLAND_PUEBLA_NAHUATL,UA.AZTECAN.HIGHLAND_PUEBLA_NAHUATL
Highland Puebla Nahuatl,high1278,NAHUATL_SIERRA_DE_ZACAPOAXTLA,UA.AZTECAN.NAHUATL_SIERRA_DE_ZACAPOAXTLA
,,NAHUATL_CHILOCOYO_HUEHUETLA,UA.AZTECAN.NAHUATL_CHILOCOYO_HUEHUETLA
,,NAHUATL_IXTACAMAXTITLAN,UA.AZTECAN.NAHUATL_IXTACAMAXTITLAN
,,NAHUATL_CHIGNAUTLA,UA.AZTECAN.NAHUATL_CHIGNAUTLA
,,NAHUATL_CUAMELC0_TIANGUISTENGO,UA.AZTECAN.NAHUATL_CUAMELC0_TIANGUISTENGO
,,NAHUATL_CUATLAMAYAN_ANTONIO_SANTOS,UA.AZTECAN.NAHUATL_CUATLAMAYAN_ANTONIO_SANTOS
,,NAHUATL_CHINANCAHUATL_ZACUALTIPAN,UA.AZTECAN.NAHUATL_CHINANCAHUATL_ZACUALTIPAN
,,NAHUATL_ZAHUASTIPAN_SAN_AUGUSTIN_METZQUITITLAN,UA.AZTECAN.NAHUATL_ZAHUASTIPAN_SAN_AUGUSTIN_METZQUITITLAN
,,NAHUATL_LAS_BALSAS,UA.AZTECAN.NAHUATL_LAS_BALSAS
,,NAHUATL_XOCHIATIPAN,UA.AZTECAN.NAHUATL_XOCHIATIPAN
,,NAHUATL_MONTEGRANDE_PLATON_SANCHEZ,UA.AZTECAN.NAHUATL_MONTEGRANDE_PLATON_SANCHEZ
Central Huasteca Nahuatl,cent2134,NAHUATL_CHICONTEPEC,UA.AZTECAN.NAHUATL_CHICONTEPEC
Western Huasteca Nahuatl,west2624,NAHUATL_COXCATLAN,UA.AZTECAN.NAHUATL_COXCATLAN
,,NAHUATL_TLALNEPANTLA_TAMAZUNCHALE,UA.AZTECAN.NAHUATL_TLALNEPANTLA_TAMAZUNCHALE
,,NAHUATL_XILITLA,UA.AZTECAN.NAHUATL_XILITLA
,,NAHUATL_HUEYATI_YAHUALICA,UA.AZTECAN.NAHUATL_HUEYATI_YAHUALICA
Eastern Huasteca Nahuatl,east2538,NAHUATL_BUENOS_AIRES_ALAMO,UA.AZTECAN.NAHUATL_BUENOS_AIRES_ALAMO
,,NAHUATL_IXHUATLAN_DE_MADERO,UA.AZTECAN.NAHUATL_IXHUATLAN_DE_MADERO
,,NAHUATL_LA_REFORMA_TEPEHUACAN_DE_GUERRERO,UA.AZTECAN.NAHUATL_LA_REFORMA_TEPEHUACAN_DE_GUERRERO
Camsá,cams1241,KAMSA,Cam.CAMSA.KAMSA
Sanumá,sanu1240,SANIMA,Yan.YANOMAM.SANIMA
Sanumá,sanu1240,SANUMA,Yan.YANOMAM.SANUMA
Yanomamö,yano1261,YANOMAME,Yan.YANOMAM.YANOMAME
Yanomám,yano1262,YANOMAM,Yan.YANOMAM.YANOMAM
Yanomám,yano1262,YANOMAMI,Yan.YANOMAM.YANOMAMI
Ninam,nina1238,YANAM,Yan.YANOMAM.YANAM
Ninam,nina1238,YANAM_2,Yan.YANOMAM.YANAM_2
Ninam,nina1238,NINAM,Yan.YANOMAM.NINAM
Ninam,nina1238,SHIRISHANA,Yan.YANOMAM.SHIRISHANA
Molof,molo1262,MOLOF,Mol.MOLOF.MOLOF
,,PAUPE,Sep.SEPIK_HILL.PAUPE
Kehu,kehu1238,KEHU,Keh.KEHU.KEHU
Japanese,nucl1643,EI_JAPANESE,Jap.JAPANESE.EI_JAPANESE
Japanese,nucl1643,TAKARAJIMA_JAPANESE,Jap.JAPANESE.TAKARAJIMA_JAPANESE
Japanese,nucl1643,JAPANESE_KYOTO,Jap.JAPANESE.JAPANESE_KYOTO
Japanese,nucl1643,TOKYO_JAPANESE,Jap.JAPANESE.TOKYO_JAPANESE
Japanese,nucl1643,JAPANESE_2,Jap.JAPANESE.JAPANESE_2
Japanese,nucl1643,JAPANESE,Jap.JAPANESE.JAPANESE
Kunigami,kuni1268,YONAMINE,Jap.JAPANESE.YONAMINE
Central Okinawan,cent2126,SHURI,Jap.JAPANESE.SHURI
Central Okinawan,cent2126,NAHA,Jap.JAPANESE.NAHA
Kunigami,kuni1268,IZENA_KUNIGAMI,Jap.JAPANESE.IZENA_KUNIGAMI
Central Okinawan,cent2126,YAMAZATO_OKINAWAN,Jap.JAPANESE.YAMAZATO_OKINAWAN
Central Okinawan,cent2126,AKAJIMA_OKINAWAN,Jap.JAPANESE.AKAJIMA_OKINAWAN
Central Okinawan,cent2126,HIGA_OKINAWAN,Jap.JAPANESE.HIGA_OKINAWAN
Kikai,kika1239,KAMIKATETSU_KIKAI,Jap.JAPANESE.KAMIKATETSU_KIKAI
Yoron,yoro1243,YORON,Jap.JAPANESE.YORON
Toku-No-Shima,toku1246,TOKUWASE,Jap.JAPANESE.TOKUWASE
Northern Amami-Oshima,nort2935,NORTHERN_AMAMI_OSHIMA,Jap.JAPANESE.NORTHERN_AMAMI_OSHIMA
Northern Amami-Oshima,nort2935,SANI_AMAMI,Jap.JAPANESE.SANI_AMAMI
Miyako,miya1259,FUKUSATO_MIYAKO,Jap.JAPANESE.FUKUSATO_MIYAKO
Miyako,miya1259,MIYAKO,Jap.JAPANESE.MIYAKO
Miyako,miya1259,NISHIHARA_MIYAKO,Jap.JAPANESE.NISHIHARA_MIYAKO
Miyako,miya1259,AZA_IRABU_MIYAKO,Jap.JAPANESE.AZA_IRABU_MIYAKO
Miyako,miya1259,KUNINAKA_MIYAKO,Jap.JAPANESE.KUNINAKA_MIYAKO
Yaeyama,yaey1239,KOMI_YAEYAMA,Jap.JAPANESE.KOMI_YAEYAMA
Yaeyama,yaey1239,HATERUMA_YAEYAMA,Jap.JAPANESE.HATERUMA_YAEYAMA
Yaeyama,yaey1239,KOHAMA_YAEYAMA,Jap.JAPANESE.KOHAMA_YAEYAMA
Yaeyama,yaey1239,KABIRA_YAEYAMA,Jap.JAPANESE.KABIRA_YAEYAMA
Yaeyama,yaey1239,YAEYAMA,Jap.JAPANESE.YAEYAMA
Yaeyama,yaey1239,KUROSHIMA_YAEYAMA,Jap.JAPANESE.KUROSHIMA_YAEYAMA
Yaeyama,yaey1239,UEHARA_YAEYAMA,Jap.JAPANESE.UEHARA_YAEYAMA
Yonaguni,yona1241,YONAGUNI,Jap.JAPANESE.YONAGUNI
Yaeyama,yaey1239,TAKETOMI_YAEYAMA,Jap.JAPANESE.TAKETOMI_YAEYAMA
Pirahã,pira1253,PIRAHA,Mur.MURA.PIRAHA
Yurok,yuro1248,YUROK,Alg.YUROK.YUROK
Wiyot,wiyo1248,WIYOT,Alg.WIYOT.WIYOT
Cheyenne,chey1247,CHEYENNE,Alg.ALGONQUIAN.CHEYENNE
Arapaho,arap1274,ARAPAHO,Alg.ALGONQUIAN.ARAPAHO
Gros Ventre,gros1243,GROS_VENTRE,Alg.ALGONQUIAN.GROS_VENTRE
Siksika,siks1238,BLACKFOOT,Alg.ALGONQUIAN.BLACKFOOT
Powhatan,powh1243,POWHATAN_UnnamedInSource,Alg.ALGONQUIAN.POWHATAN_UnnamedInSource
Wampanoag,wamp1249,WAMPANOAG_NATICK,Alg.ALGONQUIAN.WAMPANOAG_NATICK
Mahican,mahi1248,MAHICAN,Alg.ALGONQUIAN.MAHICAN
Munsee,muns1251,DELAWARE_MUNSEE,Alg.ALGONQUIAN.DELAWARE_MUNSEE
Unami,unam1242,UNAMI_UnnamedInSource,Alg.ALGONQUIAN.UNAMI_UnnamedInSource
Malecite-Passamaquoddy,male1292,PASSAMAQUODDY_MALISEET_UnnamedInSource,Alg.ALGONQUIAN.PASSAMAQUODDY_MALISEET_UnnamedInSource
Mi'kmaq,mikm1235,MICMAC,Alg.ALGONQUIAN.MICMAC
Pequot-Mohegan,pequ1242,MOHEGAN,Alg.ALGONQUIAN.MOHEGAN
Eastern Abenaki,east2544,ABNAKI_EASTERN,Alg.ALGONQUIAN.ABNAKI_EASTERN
Western Abenaki,west2630,ABNAKI_WESTERN,Alg.ALGONQUIAN.ABNAKI_WESTERN
Atikamekw,atik1240,ATIKAMEKW,Alg.ALGONQUIAN.ATIKAMEKW
Montagnais,mont1268,MONTAGNAIS,Alg.ALGONQUIAN.MONTAGNAIS
Naskapi,nask1242,NASKAPI,Alg.ALGONQUIAN.NASKAPI
Woods Cree,wood1236,CREE_WOODS,Alg.ALGONQUIAN.CREE_WOODS
Menominee,meno1252,MENOMINEE,Alg.ALGONQUIAN.MENOMINEE
Shawnee,shaw1249,SHAWNEE,Alg.ALGONQUIAN.SHAWNEE
Miami,miam1252,KASKASKIA_ILLINOIS,Alg.ALGONQUIAN.KASKASKIA_ILLINOIS
Miami,miam1252,MIAMI,Alg.ALGONQUIAN.MIAMI
Meskwaki,mesk1242,FOX,Alg.ALGONQUIAN.FOX
Kickapoo,kick1244,KICKAPOO,Alg.ALGONQUIAN.KICKAPOO
Potawatomi,pota1247,POTAWATOMI,Alg.ALGONQUIAN.POTAWATOMI
,,OTTAWA,Alg.ALGONQUIAN.OTTAWA
Algonquin,algo1255,ALGONQUIN,Alg.ALGONQUIAN.ALGONQUIN
Severn Ojibwa,seve1240,OJIBWA_SEVERN,Alg.ALGONQUIAN.OJIBWA_SEVERN
Chippewa,chip1241,CHIPPEWA,Alg.ALGONQUIAN.CHIPPEWA
Eastern Ojibwa,east2542,OJIBWA_EASTERN,Alg.ALGONQUIAN.OJIBWA_EASTERN
Canichana,cani1243,CANICHANA,Can.CANICHANA.CANICHANA
Candoshi-Shapra,cand1248,CANDOSHI,Cnd.CANDOSHI.CANDOSHI
Enlhet Norte,nort2971,SANAPANA_ENLHET,Mas.MASCOIAN.SANAPANA_ENLHET
Angaité,anga1316,SANAPANA_ANGAITE,Mas.MASCOIAN.SANAPANA_ANGAITE
Enxet Sur,sout2989,LENGUA,Mas.MASCOIAN.LENGUA
Enxet Sur,sout2989,LENGUA_2,Mas.MASCOIAN.LENGUA_2
Yuchi,yuch1247,YUCHI,Yuc.YUCHI.YUCHI
Omurano,omur1241,OMURANO,Zap.ZAPAROAN.OMURANO
Kamakan,kama1372,KAMAKAN,MGe.KAMAKAN.KAMAKAN
Tonkawa,tonk1249,TONKAWA,Ton.TONKAWA.TONKAWA
Kadiwéu,kadi1248,KADIWEU,Gcu.KADIWEU.KADIWEU
Abipon,abip1241,ABIPON,Gcu.SOUTH_GUAICURUAN.ABIPON
Mocoví,moco1246,MOCOVI,Gcu.SOUTH_GUAICURUAN.MOCOVI
Pilagá,pila1245,PILAGA,Gcu.SOUTH_GUAICURUAN.PILAGA
Toba,toba1269,TOBA,Gcu.SOUTH_GUAICURUAN.TOBA
,,PAYAGUA,Pay.PAYAGUA.PAYAGUA
Maká,maca1260,MACA,Mat.MATACOAN.MACA
Nivaclé,niva1238,NIVACLE,Mat.MATACOAN.NIVACLE
Riverine Chorote,iyoj1235,CHOROTE,Mat.MATACOAN.CHOROTE
Forest Chorote,iyow1239,CHOROTE_IYOWUJWA,Mat.MATACOAN.CHOROTE_IYOWUJWA
Güisnay,wich1264,MATACO,Mat.MATACOAN.MATACO
Vejoz,wich1263,WICHI_LHAMTES_VEJOZ,Mat.MATACOAN.WICHI_LHAMTES_VEJOZ
Vejoz,wich1263,WICHI_LHAMTES,Mat.MATACOAN.WICHI_LHAMTES
Güisnay,wich1264,WICHI_LHAMTES_GUISNAY,Mat.MATACOAN.WICHI_LHAMTES_GUISNAY
Fulniô,fuln1247,FULNIO,MGe.YATE.FULNIO
Creek,cree1270,CREEK,Mus.MUSKOGEAN.CREEK
Mikasuki,mika1239,MIKASUKI,Mus.MUSKOGEAN.MIKASUKI
Chickasaw,chic1270,CHICKASAW,Mus.MUSKOGEAN.CHICKASAW
Choctaw,choc1276,CHOCTAW,Mus.MUSKOGEAN.CHOCTAW
Alabama,alab1237,ALABAMA,Mus.MUSKOGEAN.ALABAMA
Koasati,koas1236,KOASATI,Mus.MUSKOGEAN.KOASATI
Timucua,timu1245,TIMUCUA,Tim.TIMUCUA.TIMUCUA
Huastec,huas1242,HUASTEC,May.MAYAN.HUASTEC
Chicomuceltec,chic1271,CHICOMUCELTEC,May.MAYAN.CHICOMUCELTEC
Huastec,huas1242,HUASTEC_VERACRUZ,May.MAYAN.HUASTEC_VERACRUZ
Itza',itza1241,ITZAJ,May.MAYAN.ITZAJ
Mopan,mopa1243,MOPAN,May.MAYAN.MOPAN
Mopan,mopa1243,MOPAN_SAN_LUIS_PETEN,May.MAYAN.MOPAN_SAN_LUIS_PETEN
Yucatec Maya,yuca1254,MAYA_YUCATAN,May.MAYAN.MAYA_YUCATAN
Lacandon,laca1243,LACANDON,May.MAYAN.LACANDON
Yucatec Maya,yuca1254,MAYA_YUCATECA,May.MAYAN.MAYA_YUCATECA
Tojolabal,tojo1241,TOJOLABAL,May.MAYAN.TOJOLABAL
Chuj,chuj1250,CHUJ_SAN_MATEO_IXTATAN,May.MAYAN.CHUJ_SAN_MATEO_IXTATAN
Chuj,chuj1250,CHUJ,May.MAYAN.CHUJ
Mocho,moch1257,MOCHO,May.MAYAN.MOCHO
Akateko,west2635,ACATECO_SAN_MIGUEL_ACATAN,May.MAYAN.ACATECO_SAN_MIGUEL_ACATAN
Q'anjob'al,qanj1241,QANJOBAL_SANTA_EULALIA,May.MAYAN.QANJOBAL_SANTA_EULALIA
Popti',popt1235,JAKALTEKO_EASTERN,May.MAYAN.JAKALTEKO_EASTERN
Popti',popt1235,JACALTEC,May.MAYAN.JACALTEC
Popti',popt1235,JACALTECO_WESTERN,May.MAYAN.JACALTECO_WESTERN
Chol,chol1282,CHOL_TILA,May.MAYAN.CHOL_TILA
Chol,chol1282,CHOL_TUMBALA,May.MAYAN.CHOL_TUMBALA
Tabasco Chontal,taba1266,CHONTAL_TABASCO,May.MAYAN.CHONTAL_TABASCO
Ch'orti',chor1273,CHORTI,May.MAYAN.CHORTI
,,CHOLTI,May.MAYAN.CHOLTI
Ch'orti',chor1273,CHORTI_JOCOTAN,May.MAYAN.CHORTI_JOCOTAN
Tzeltal,tzel1254,TZELTAL_BACHAJON,May.MAYAN.TZELTAL_BACHAJON
Tzeltal,tzel1254,TZELTAL_OXCHUC,May.MAYAN.TZELTAL_OXCHUC
,,TZOTZIL_ZINACANTAN_1600,May.MAYAN.TZOTZIL_ZINACANTAN_1600
Tzotzil,tzot1259,TZOTZIL_VENUSTIANO_CARRANZA,May.MAYAN.TZOTZIL_VENUSTIANO_CARRANZA
Tzotzil,tzot1259,TZOTZIL_SAN_ANDRES,May.MAYAN.TZOTZIL_SAN_ANDRES
Tzotzil,tzot1259,TZOTZIL_HUIXTAN,May.MAYAN.TZOTZIL_HUIXTAN
Tzotzil,tzot1259,ZINACANTAN_TZOTZIL,May.MAYAN.ZINACANTAN_TZOTZIL
Aguacateco,agua1252,AGUACATECO_AGUACATAN,May.MAYAN.AGUACATECO_AGUACATAN
Aguacateco,agua1252,AGUACATEC,May.MAYAN.AGUACATEC
Ixil,ixil1251,IXIL_CHAJUL,May.MAYAN.IXIL_CHAJUL
Tektiteko,tekt1235,TECO_TECTITAN,May.MAYAN.TECO_TECTITAN
Mam,mamm1241,NORTHERN_MAM_SAN_ILDEFONSO_IXTAHUACAN,May.MAYAN.NORTHERN_MAM_SAN_ILDEFONSO_IXTAHUACAN
Tektiteko,tekt1235,MAM_TECTITAN,May.MAYAN.MAM_TECTITAN
Mam,mamm1241,MAM_TACANA_3,May.MAYAN.MAM_TACANA_3
Mam,mamm1241,MAM_TACANA_1,May.MAYAN.MAM_TACANA_1
Mam,mamm1241,MAM_TACANA_2,May.MAYAN.MAM_TACANA_2
Mam,mamm1241,MAM_NORTHERN,May.MAYAN.MAM_NORTHERN
Mam,mamm1241,MAM_SAN_SEBASTIAN_H,May.MAYAN.MAM_SAN_SEBASTIAN_H
Mam,mamm1241,MAM_SANTIAGO_CHIMALTENANGO,May.MAYAN.MAM_SANTIAGO_CHIMALTENANGO
Mam,mamm1241,MAM_TODOS_SANTOS_CUCHUMATAN_3,May.MAYAN.MAM_TODOS_SANTOS_CUCHUMATAN_3
Mam,mamm1241,MAM_TODOS_SANTOS_CUCHUMATAN_1,May.MAYAN.MAM_TODOS_SANTOS_CUCHUMATAN_1
Mam,mamm1241,MAM_TODOS_SANTOS_CUCHUMATAN_2,May.MAYAN.MAM_TODOS_SANTOS_CUCHUMATAN_2
Mam,mamm1241,MAM_SAN_ILDEFONSO_IXTAHUACAN,May.MAYAN.MAM_SAN_ILDEFONSO_IXTAHUACAN
Mam,mamm1241,MAM_SAN_JUAN_ATITLAN,May.MAYAN.MAM_SAN_JUAN_ATITLAN
Mam,mamm1241,MAM_SAN_RAFAEL_PETZAL,May.MAYAN.MAM_SAN_RAFAEL_PETZAL
Mam,mamm1241,MAM_SAN_GASPAR_IXCHIL,May.MAYAN.MAM_SAN_GASPAR_IXCHIL
Mam,mamm1241,MAM_SAN_PEDRO_NECTA,May.MAYAN.MAM_SAN_PEDRO_NECTA
Mam,mamm1241,MAM_SANTA_BARBARA,May.MAYAN.MAM_SANTA_BARBARA
Mam,mamm1241,MAM_CABRICAN,May.MAYAN.MAM_CABRICAN
Mam,mamm1241,SOUTHERN_MAM_SAN_JUAN_OSTUNCALCO,May.MAYAN.SOUTHERN_MAM_SAN_JUAN_OSTUNCALCO
Mam,mamm1241,MAM_SAN_MIGUEL_SIGUILA,May.MAYAN.MAM_SAN_MIGUEL_SIGUILA
Mam,mamm1241,MAM_CAJOLA,May.MAYAN.MAM_CAJOLA
Mam,mamm1241,MAM_CONSEPCION_CHIQUIRICHAPA,May.MAYAN.MAM_CONSEPCION_CHIQUIRICHAPA
Mam,mamm1241,MAM_SAN_JUAN_OSTUNCALCO,May.MAYAN.MAM_SAN_JUAN_OSTUNCALCO
Mam,mamm1241,MAM_SAN_MARTIN_SACATEPEQUEZ,May.MAYAN.MAM_SAN_MARTIN_SACATEPEQUEZ
Poqomchi',poqo1254,POQOMCHI_WESTERN,May.MAYAN.POQOMCHI_WESTERN
Poqomam,poqo1253,WESTERN_POCOMAM_SAN_CRISTOBAL_VERAPAZ,May.MAYAN.WESTERN_POCOMAM_SAN_CRISTOBAL_VERAPAZ
Poqomam,poqo1253,POCOMAM_EASTERN,May.MAYAN.POCOMAM_EASTERN
Poqomam,poqo1253,POCOMAM_SAN_LUIS_JILOTEPEQUE,May.MAYAN.POCOMAM_SAN_LUIS_JILOTEPEQUE
Q'eqchi',kekc1242,EASTERN_KEKCHI_CAHABON,May.MAYAN.EASTERN_KEKCHI_CAHABON
Q'eqchi',kekc1242,KEKCHI,May.MAYAN.KEKCHI
Q'eqchi',kekc1242,WESTERN_KEKCHI_SAN_JUAN_CHAMELCO,May.MAYAN.WESTERN_KEKCHI_SAN_JUAN_CHAMELCO
Uspanteco,uspa1245,USPANTEKO,May.MAYAN.USPANTEKO
Sipacapense,sipa1247,SIPAKAPENSE,May.MAYAN.SIPAKAPENSE
Sacapulteco,saca1238,SACAPULTECO_SACAPULAS_CENTRO,May.MAYAN.SACAPULTECO_SACAPULAS_CENTRO
Tz'utujil,tzut1248,TZUTUJIL_WESTERN,May.MAYAN.TZUTUJIL_WESTERN
Tz'utujil,tzut1248,TZUTUJIL_SANTIAGO_ATITLAN,May.MAYAN.TZUTUJIL_SANTIAGO_ATITLAN
Tz'utujil,tzut1248,TZUTUJIL_SAN_JUAN_LA_LAGUNA,May.MAYAN.TZUTUJIL_SAN_JUAN_LA_LAGUNA
Kaqchikel,kaqc1270,SOUTHERN_CAKCHIQUEL_SAN_ANDRES_ITZAPA,May.MAYAN.SOUTHERN_CAKCHIQUEL_SAN_ANDRES_ITZAPA
Kaqchikel,kaqc1270,WESTERN_CAKCHIQUEL_PATZUN,May.MAYAN.WESTERN_CAKCHIQUEL_PATZUN
Kaqchikel,kaqc1270,NORTHERN_CAKCHIQUEL_TECPAN,May.MAYAN.NORTHERN_CAKCHIQUEL_TECPAN
Kaqchikel,kaqc1270,NORTHERN_CAKCHIQUEL_SAN_MARTIN_JILOTEPEQUE,May.MAYAN.NORTHERN_CAKCHIQUEL_SAN_MARTIN_JILOTEPEQUE
Achi,achi1256,EASTERN_QUICHE_RABINAL,May.MAYAN.EASTERN_QUICHE_RABINAL
K'iche',kich1262,WESTERN_QUICHE_SANTA_CATARINA_IXTAHUACAN,May.MAYAN.WESTERN_QUICHE_SANTA_CATARINA_IXTAHUACAN
K'iche',kich1262,CENTRAL_QUICHE,May.MAYAN.CENTRAL_QUICHE
K'iche',kich1262,WESTERN_QUICHE_TOTONICAPAN,May.MAYAN.WESTERN_QUICHE_TOTONICAPAN
K'iche',kich1262,WESTERN_QUICHE_MOMOSTENANGO,May.MAYAN.WESTERN_QUICHE_MOMOSTENANGO
K'iche',kich1262,CENTRAL_QUICHE_SANTA_MARIA_CHIQUIMULA,May.MAYAN.CENTRAL_QUICHE_SANTA_MARIA_CHIQUIMULA
K'iche',kich1262,KICHE,May.MAYAN.KICHE
K'iche',kich1262,QUICHE,May.MAYAN.QUICHE
K'iche',kich1262,KICHEE_SANTA_MARIA_CHIQUIMULA_2,May.MAYAN.KICHEE_SANTA_MARIA_CHIQUIMULA_2
K'iche',kich1262,KICHEE_SANTA_CRUZ_DE_EL_QUICHE,May.MAYAN.KICHEE_SANTA_CRUZ_DE_EL_QUICHE
K'iche',kich1262,KICHEE_SAN_ANTONIO_ILOTENANGO,May.MAYAN.KICHEE_SAN_ANTONIO_ILOTENANGO
K'iche',kich1262,KICHEE_JOYABAJ_2,May.MAYAN.KICHEE_JOYABAJ_2
K'iche',kich1262,KICHEE_ZACUALPA,May.MAYAN.KICHEE_ZACUALPA
K'iche',kich1262,KICHEE_ALDEA_ARGUETA_SOLOLA,May.MAYAN.KICHEE_ALDEA_ARGUETA_SOLOLA
K'iche',kich1262,KICHEE_NAHUALA_1,May.MAYAN.KICHEE_NAHUALA_1
K'iche',kich1262,KICHEE_SANTA_CLARA_LA_LAGUNA,May.MAYAN.KICHEE_SANTA_CLARA_LA_LAGUNA
K'iche',kich1262,KICHEE_SANTA_LUCIA_UTATLAN,May.MAYAN.KICHEE_SANTA_LUCIA_UTATLAN
K'iche',kich1262,KICHEE_NAHUALA_2,May.MAYAN.KICHEE_NAHUALA_2
K'iche',kich1262,KICHEE_JOYABAJ_1,May.MAYAN.KICHEE_JOYABAJ_1
K'iche',kich1262,KICHEE_CUBULCO,May.MAYAN.KICHEE_CUBULCO
K'iche',kich1262,KICHEE_SAN_MIGUEL_CHICAJ,May.MAYAN.KICHEE_SAN_MIGUEL_CHICAJ
Achi,achi1256,KICHEE_RABINAL,May.MAYAN.KICHEE_RABINAL
K'iche',kich1262,KICHEE_SANTA_MARIA_CHIQUIMULA_1,May.MAYAN.KICHEE_SANTA_MARIA_CHIQUIMULA_1
K'iche',kich1262,KICHEE_CUNEN_1,May.MAYAN.KICHEE_CUNEN_1
K'iche',kich1262,KICHEE_CUNEN_2,May.MAYAN.KICHEE_CUNEN_2
K'iche',kich1262,KICHEE_CHICHICASTENANGO,May.MAYAN.KICHEE_CHICHICASTENANGO
K'iche',kich1262,KICHEE_TOTONICAPAN_1,May.MAYAN.KICHEE_TOTONICAPAN_1
K'iche',kich1262,KICHEE_TOTONICAPAN_2,May.MAYAN.KICHEE_TOTONICAPAN_2
K'iche',kich1262,KICHEE_MOMOSTENANGO,May.MAYAN.KICHEE_MOMOSTENANGO
K'iche',kich1262,KICHEE_CANTEL,May.MAYAN.KICHEE_CANTEL
K'iche',kich1262,KICHEE_SAMAYAC_1,May.MAYAN.KICHEE_SAMAYAC_1
K'iche',kich1262,KICHEE_SAMAYAC_2,May.MAYAN.KICHEE_SAMAYAC_2
K'iche',kich1262,KICHEE_SAN_JOSE_CHIQUILAJA_QUETZ,May.MAYAN.KICHEE_SAN_JOSE_CHIQUILAJA_QUETZ
K'iche',kich1262,KICHEE_ZUNIL,May.MAYAN.KICHEE_ZUNIL
Jebero,jebe1250,JEBERO,Cah.CAHUAPANAN.JEBERO
Shawi,chay1248,CHAYAHUITA,Cah.CAHUAPANAN.CHAYAHUITA
Svan,svan1243,SVAN,Krt.KARTVELIAN.SVAN
Georgian,nucl1302,GEORGIAN,Krt.KARTVELIAN.GEORGIAN
Laz,lazz1240,LAZ,Krt.KARTVELIAN.LAZ
Mingrelian,ming1252,MINGRELIAN,Krt.KARTVELIAN.MINGRELIAN
,,KAKI_AE,Ele.TATE.KAKI_AE
,,CUICA,TC.TIMOTE_CUICA.CUICA
,,MIRRIPU_TIMOTE,TC.TIMOTE_CUICA.MIRRIPU_TIMOTE
Tanahmerah,tana1288,TANAHMERAH,TNG.TANAHMERAH.TANAHMERAH
Duna,duna1248,DUNA,TNG.DUNA.DUNA
Bogaya,boga1247,BOGAYA,TNG.DUNA.BOGAYA
Elseng,else1239,SAWA,Mrw.MORWAP.SAWA
Awyi,awyi1241,AWJI,Bor.BORDER.AWJI
Taikat,taik1255,TAIKAT,Bor.BORDER.TAIKAT
Manem,mane1266,MANEM,Bor.BORDER.MANEM
Senggi,seng1285,SENGI,Bor.BORDER.SENGI
Imonda,imon1245,IMONDA,Bor.BORDER.IMONDA
Waris,wari1266,WARIS,Bor.BORDER.WARIS
Daonda,daon1243,DAONDA,Bor.BORDER.DAONDA
Amanab,aman1265,AMANAB,Bor.BORDER.AMANAB
Sowanda,sowa1245,WAINA,Bor.BORDER.WAINA
Basque,basq1248,BASQUE,Bas.BASQUE.BASQUE
Nihali,niha1238,NIHALI,Nah.NAHALI.NIHALI
Nihali,niha1238,NIHALI_2,Nah.NAHALI.NIHALI_2
Nihali,niha1238,NAHALI,Nah.NAHALI.NAHALI
Usku,usku1243,USKU,Usk.USKU.USKU
Nadëb,nade1244,NADEB,Nad.NADAHUP.NADEB
Dâw,daww1239,DAW,Nad.NADAHUP.DAW
Hup,hupd1244,JUPDA,Nad.NADAHUP.JUPDA
Yuhup,yuhu1238,YUHUP,Nad.NADAHUP.YUHUP
Nyang'i,nyan1313,NYANGI,ESu.KULIAK.NYANGI
Soo,sooo1256,TEPES,ESu.KULIAK.TEPES
Ik,ikkk1242,IK_2,ESu.KULIAK.IK_2
Ik,ikkk1242,IK,ESu.KULIAK.IK
,,AFOA,TNG.GOILALAN.AFOA
Tauade,taua1242,TAUADE,TNG.GOILALAN.TAUADE
Kunimaipa,kuni1267,KUNIMAIPA,TNG.GOILALAN.KUNIMAIPA
Fuyug,fuyu1242,FUYUG_GAGAGRA,TNG.GOILALAN.FUYUG_GAGAGRA
,,MAFULU,TNG.GOILALAN.MAFULU
Gaam,gaam1241,INGASSANA,ESu.EASTERN_JEBEL.INGASSANA
Aka,akaa1242,AKA,ESu.EASTERN_JEBEL.AKA
Molo,molo1257,MOLO,ESu.EASTERN_JEBEL.MOLO
Majang,maja1242,MESENGO,ESu.SURMIC.MESENGO
Kacipo-Balesi,kaci1244,BAALE,ESu.SURMIC.BAALE
Kacipo-Balesi,kaci1244,ZILMAMU,ESu.SURMIC.ZILMAMU
Didinga,didi1258,DIDINGA,ESu.SURMIC.DIDINGA
Narim,nari1240,NARIM_LARIM,ESu.SURMIC.NARIM_LARIM
Murle,murl1244,MURLE,ESu.SURMIC.MURLE
Tennet,tenn1246,TENNET,ESu.SURMIC.TENNET
Kwegu,kweg1241,KWEGU,ESu.SURMIC.KWEGU
Me'en,meen1242,MEEN,ESu.SURMIC.MEEN
Mursi,murs1242,MURSI,ESu.SURMIC.MURSI
Tirma-Chai,suri1267,SURI_CHAI,ESu.SURMIC.SURI_CHAI
Tirma-Chai,suri1267,TIRMA,ESu.SURMIC.TIRMA
Temein,nucl1339,TEMEIN,ESu.TEMEIN.TEMEIN
Afitti,afit1238,AFITTI,ESu.NYIMANG.AFITTI
Ama (Sudan),amas1236,AMA_AFRICA,ESu.NYIMANG.AMA_AFRICA
Bari,bari1284,KUKU,ESu.NILOTIC.KUKU
Bari,bari1284,NGYEPU,ESu.NILOTIC.NGYEPU
Bari,bari1284,BARI_SUDAN,ESu.NILOTIC.BARI_SUDAN
Bari,bari1284,NYANGGWARA,ESu.NILOTIC.NYANGGWARA
Kakwa,kakw1240,KAKWA,ESu.NILOTIC.KAKWA
Mandari,mand1425,MONDARI,ESu.NILOTIC.MONDARI
Dongotono,dong1294,DONGOTONO,ESu.NILOTIC.DONGOTONO
Lokoya,loko1254,LOKOYA,ESu.NILOTIC.LOKOYA
Ngasa,ngas1238,ONGAMO,ESu.NILOTIC.ONGAMO
Masai,masa1300,MAASAI,ESu.NILOTIC.MAASAI
Samburu,samb1315,CAMUS,ESu.NILOTIC.CAMUS
Samburu,samb1315,SAMPUR,ESu.NILOTIC.SAMPUR
Teso,teso1249,TESO,ESu.NILOTIC.TESO
Turkana,turk1308,TURKANA,ESu.NILOTIC.TURKANA
Karamojong,kara1483,KARIMOJONG,ESu.NILOTIC.KARIMOJONG
Nyangatom,nyan1315,NYANGATOM_2,ESu.NILOTIC.NYANGATOM_2
Nyangatom,nyan1315,NYANGATOM,ESu.NILOTIC.NYANGATOM
Omotik,omot1239,OMOTIK,ESu.NILOTIC.OMOTIK
Barabayiiga-Gisamjanga,dato1239,DATOOGA_DIALECT_2,ESu.NILOTIC.DATOOGA_DIALECT_2
Barabayiiga-Gisamjanga,dato1239,DATOOGA_DIALECT_3,ESu.NILOTIC.DATOOGA_DIALECT_3
Barabayiiga-Gisamjanga,dato1239,DATOOGA_DIALECT_4,ESu.NILOTIC.DATOOGA_DIALECT_4
Barabayiiga-Gisamjanga,dato1239,DATOOGA_DIALECT_6,ESu.NILOTIC.DATOOGA_DIALECT_6
Barabayiiga-Gisamjanga,dato1239,DATOOGA_DIALECT_5,ESu.NILOTIC.DATOOGA_DIALECT_5
Markweeta,mark1255,ENDO,ESu.NILOTIC.ENDO
Pökoot,poko1263,POKOT,ESu.NILOTIC.POKOT
Okiek,okie1245,SOGOO,ESu.NILOTIC.SOGOO
Sabaot,saba1262,SABAOT,ESu.NILOTIC.SABAOT
Kipsigis,kips1239,KALENJIN,ESu.NILOTIC.KALENJIN
Nandi,nand1266,NANDI_2,ESu.NILOTIC.NANDI_2
Nandi,nand1266,NANDI,ESu.NILOTIC.NANDI
Tugen,tuge1241,NORTH_TUGEN,ESu.NILOTIC.NORTH_TUGEN
Nuer,nuer1246,NUER,ESu.NILOTIC.NUER
Northwestern Dinka,nort2816,DINKA_NORTHWESTERN,ESu.NILOTIC.DINKA_NORTHWESTERN
Southeastern Dinka,sout2834,DINKA_SOUTHEASTERN,ESu.NILOTIC.DINKA_SOUTHEASTERN
Northeastern Dinka,nort2815,DINKA_NORTHEASTERN,ESu.NILOTIC.DINKA_NORTHEASTERN
Southwestern Dinka,sout2832,REK,ESu.NILOTIC.REK
South Central Dinka,sout2833,DINKA_SOUTH_CENTRAL,ESu.NILOTIC.DINKA_SOUTH_CENTRAL
Northern Burun,buru1301,BURUN,ESu.NILOTIC.BURUN
Jumjum,jumj1238,JUMJUM,ESu.NILOTIC.JUMJUM
Mabaan,maba1273,MABAAN,ESu.NILOTIC.MABAAN
Shilluk,shil1265,SHILLUK,ESu.NILOTIC.SHILLUK
Luwo,luwo1239,GIUR,ESu.NILOTIC.GIUR
Päri,pari1256,PARI,ESu.NILOTIC.PARI
Anuak,anua1242,ANYUAK,ESu.NILOTIC.ANYUAK
Shilluk,shil1265,SHILLUK_2,ESu.NILOTIC.SHILLUK_2
Acoli,acol1236,ACHOLI,ESu.NILOTIC.ACHOLI
Acoli,acol1236,ACHOLI_2,ESu.NILOTIC.ACHOLI_2
Lango (Uganda),lang1324,LANGO,ESu.NILOTIC.LANGO
Alur,alur1250,ALUR,ESu.NILOTIC.ALUR
Adhola,adho1243,ADHOLA,ESu.NILOTIC.ADHOLA
Luo (Kenya and Tanzania),luok1236,LUO,ESu.NILOTIC.LUO
Tima,tima1241,TIMA,Krd.KATLA_TIMA.TIMA
Katla,katl1237,KATLA,Krd.KATLA_TIMA.KATLA
Lumun,lumu1239,LUMUN,Krd.TALODI_PROPER.LUMUN
Dagik,dagi1241,DENGEBU,Krd.TALODI_PROPER.DENGEBU
Ngile,ngil1242,NGILE,Krd.TALODI_PROPER.NGILE
Tocho,toch1257,TOCHO,Krd.TALODI_PROPER.TOCHO
Tasomi-Tata,talo1250,JOMANG,Krd.TALODI_PROPER.JOMANG
Nding,ndin1245,NDING,Krd.TALODI_PROPER.NDING
Ko,kooo1244,KO1,Krd.HEIBAN.KO1
Warnang,warn1244,WARNANG,Krd.HEIBAN.WARNANG
Moro,moro1285,MORO,Krd.HEIBAN.MORO
Tira,tira1254,TIRO,Krd.HEIBAN.TIRO
Shwai,shwa1239,SHIRUMBA,Krd.HEIBAN.SHIRUMBA
Koalib-Rere,koal1240,RERE,Krd.HEIBAN.RERE
Logol,logo1262,LOGOL,Krd.HEIBAN.LOGOL
Otoro,otor1240,UTORO,Krd.HEIBAN.UTORO
Ebang,heib1243,ABUL,Krd.HEIBAN.ABUL
Ebang,heib1243,EBANG,Krd.HEIBAN.EBANG
Laru (North Sudan),laro1243,LARU_SUDAN,Krd.HEIBAN.LARU_SUDAN
Pa-Hng,pahn1237,GUNDONG_PA_HNG,HM.HMONG_MIEN.GUNDONG_PA_HNG
Pa-Hng,pahn1237,PA_HNG,HM.HMONG_MIEN.PA_HNG
Younuo Bunu,youn1235,YOUNUO_BUNU,HM.HMONG_MIEN.YOUNUO_BUNU
Younuo Bunu,youn1235,HUANGLUO_BUNU,HM.HMONG_MIEN.HUANGLUO_BUNU
Jiongnai Bunu,jion1236,LIUXIANG_BUNU,HM.HMONG_MIEN.LIUXIANG_BUNU
Jiongnai Bunu,jion1236,LONGHUA_BUNU,HM.HMONG_MIEN.LONGHUA_BUNU
Jiongnai Bunu,jion1236,LONGHUA_BUNU_2,HM.HMONG_MIEN.LONGHUA_BUNU_2
She,shee1238,CHENHU_SHE,HM.HMONG_MIEN.CHENHU_SHE
She,shee1238,HAIFENG_SHE,HM.HMONG_MIEN.HAIFENG_SHE
She,shee1238,SHE_CHINA,HM.HMONG_MIEN.SHE_CHINA
She,shee1238,LIANHUA_SHE,HM.HMONG_MIEN.LIANHUA_SHE
Northern Qiandong Miao,nort2747,YANGHAO_HMONG,HM.HMONG_MIEN.YANGHAO_HMONG
Northern Qiandong Miao,nort2747,HMU,HM.HMONG_MIEN.HMU
Northern Qiandong Miao,nort2747,ZHENFENG_HMONG,HM.HMONG_MIEN.ZHENFENG_HMONG
Western Xiangxi Miao,west2430,XIANGXI_HMONG,HM.HMONG_MIEN.XIANGXI_HMONG
Western Xiangxi Miao,west2430,LAYIPING_HMONG,HM.HMONG_MIEN.LAYIPING_HMONG
Western Xiangxi Miao,west2430,JIWEI_HMONG,HM.HMONG_MIEN.JIWEI_HMONG
Western Xiangxi Miao,west2430,WESTERN_XIANGXI_HMONG,HM.HMONG_MIEN.WESTERN_XIANGXI_HMONG
Bunu,buna1273,NUMAO_BUNU,HM.HMONG_MIEN.NUMAO_BUNU
Bunu,buna1273,BUNU,HM.HMONG_MIEN.BUNU
Bunu,buna1273,DAHUA_BUNU,HM.HMONG_MIEN.DAHUA_BUNU
Bunu,buna1273,JINGCUN_BUNU,HM.HMONG_MIEN.JINGCUN_BUNU
Hmong Daw,hmon1333,HMONG_DAW,HM.HMONG_MIEN.HMONG_DAW
Hmong Daw,hmon1333,PHETCHABUN_HMONG,HM.HMONG_MIEN.PHETCHABUN_HMONG
Hmong Njua,hmon1264,HMONG_NJUA,HM.HMONG_MIEN.HMONG_NJUA
Hmong Njua,hmon1264,TAK_HMONG,HM.HMONG_MIEN.TAK_HMONG
Dzao Min,dzao1238,DAPING_MIEN,HM.HMONG_MIEN.DAPING_MIEN
Biao-Jiao Mien,biao1254,SHUANGLONG_MIEN,HM.HMONG_MIEN.SHUANGLONG_MIEN
Biao Mon,biao1256,DONGSHAN_BIAO_MON,HM.HMONG_MIEN.DONGSHAN_BIAO_MON
Biao Mon,biao1256,CHANGPING_BIAO_MON,HM.HMONG_MIEN.CHANGPING_BIAO_MON
Iu Mien,iumi1238,DAPINGJIANG_MIEN,HM.HMONG_MIEN.DAPINGJIANG_MIEN
Iu Mien,iumi1238,YAO,HM.HMONG_MIEN.YAO
Iu Mien,iumi1238,CHIANGRAI_MIEN,HM.HMONG_MIEN.CHIANGRAI_MIEN
Iu Mien,iumi1238,TAIPAN_MIEN,HM.HMONG_MIEN.TAIPAN_MIEN
Kim Mun,kimm1245,HAINAN_KIM_MUN,HM.HMONG_MIEN.HAINAN_KIM_MUN
Kim Mun,kimm1245,HAININH_MIEN,HM.HMONG_MIEN.HAININH_MIEN
,,BENGRU_HRUSO,ST.HRUSISH.BENGRU_HRUSO
Northern Tujia,nort2732,NORTHERN_TUJIA,ST.TUJIA.NORTHERN_TUJIA
Central Bai,cent2004,JIANCHUAN_BAI_2,ST.BAI.JIANCHUAN_BAI_2
Southern Bai,sout2730,QILIQIAO_BAI_2,ST.BAI.QILIQIAO_BAI_2
Southern Bai,sout2730,ZHOUCHENG_BAI_2,ST.BAI.ZHOUCHENG_BAI_2
Central Bai,cent2004,ERYUAN_BAI,ST.BAI.ERYUAN_BAI
Central Bai,cent2004,YUNLONG_BAI,ST.BAI.YUNLONG_BAI
Southern Bai,sout2730,XIANGYUN_BAI,ST.BAI.XIANGYUN_BAI
Northern Bai,nort2724,LANPING_BAI,ST.BAI.LANPING_BAI
Central Bai,cent2004,JIANCHUAN_BAI,ST.BAI.JIANCHUAN_BAI
Central Bai,cent2004,HEQING_BAI,ST.BAI.HEQING_BAI
Northern Bai,nort2724,TUOLUO_BAI,ST.BAI.TUOLUO_BAI
Northern Bai,nort2724,GONGXING_BAI,ST.BAI.GONGXING_BAI
Northern Bai,nort2724,ENQI_BAI,ST.BAI.ENQI_BAI
Northern Bai,nort2724,EGA_BAI,ST.BAI.EGA_BAI
Northern Bai,nort2724,LUOBENZHUO_BAI_2,ST.BAI.LUOBENZHUO_BAI_2
Northern Bai,nort2724,JINMAN_BAI,ST.BAI.JINMAN_BAI
Northern Bai,nort2724,LUOBENZHUO_BAI,ST.BAI.LUOBENZHUO_BAI
Southern Bai,sout2730,MAZHELONG_BAI,ST.BAI.MAZHELONG_BAI
Central Bai,cent2004,JINXING_BAI,ST.BAI.JINXING_BAI
Central Bai,cent2004,DASHI_BAI,ST.BAI.DASHI_BAI
Southern Bai,sout2730,QILIQIAO_BAI,ST.BAI.QILIQIAO_BAI
Central Bai,cent2004,SHI_BAI,ST.BAI.SHI_BAI
Central Bai,cent2004,XISHAN_BAI,ST.BAI.XISHAN_BAI
Southern Bai,sout2730,ZHAOZHUANG_BAI,ST.BAI.ZHAOZHUANG_BAI
Southern Bai,sout2730,ZHOUCHENG_BAI,ST.BAI.ZHOUCHENG_BAI
Southern Bai,sout2730,HEDIAN_BAI,ST.BAI.HEDIAN_BAI
Central Bai,cent2004,JINDUN_BAI,ST.BAI.JINDUN_BAI
Central Bai,cent2004,LONGMEN_BAI,ST.BAI.LONGMEN_BAI
Northern Bai,nort2724,JINDING_BAI,ST.BAI.JINDING_BAI
Old Chinese,oldc1244,OLD_CHINESE,ST.CHINESE.OLD_CHINESE
Wu Chinese,wuch1236,SUZHOU_WU,ST.CHINESE.SUZHOU_WU
Xiang Chinese,xian1251,XIANG,ST.CHINESE.XIANG
Middle Chinese,midd1344,MIDDLE_CHINESE,ST.CHINESE.MIDDLE_CHINESE
Dungan,dung1253,DUNGAN,ST.CHINESE.DUNGAN
Mandarin Chinese,mand1415,KUNMING_MANDARIN,ST.CHINESE.KUNMING_MANDARIN
Mandarin Chinese,mand1415,MANDARIN_2,ST.CHINESE.MANDARIN_2
Mandarin Chinese,mand1415,MANDARIN,ST.CHINESE.MANDARIN
Yue Chinese,yuec1235,CANTONESE,ST.CHINESE.CANTONESE
Hakka Chinese,hakk1236,HAKKA,ST.CHINESE.HAKKA
Min Zhong Chinese,minz1235,YONGAN_CHINESE,ST.CHINESE.YONGAN_CHINESE
Min Dong Chinese,mind1253,FUZHOU,ST.CHINESE.FUZHOU
Min Dong Chinese,mind1253,FUZHOU_CHINESE,ST.CHINESE.FUZHOU_CHINESE
Pu-Xian Chinese,puxi1243,PUTIAN_CHINESE,ST.CHINESE.PUTIAN_CHINESE
Min Nan Chinese,minn1241,HAINAN_MINNAN_CHINESE,ST.CHINESE.HAINAN_MINNAN_CHINESE
Min Nan Chinese,minn1241,CHAOYANG_CHINESE,ST.CHINESE.CHAOYANG_CHINESE
Min Nan Chinese,minn1241,AMOY_MINNAN_CHINESE,ST.CHINESE.AMOY_MINNAN_CHINESE
Min Nan Chinese,minn1241,DONGSHAN_CHINESE,ST.CHINESE.DONGSHAN_CHINESE
Eastern Puroik,sulu1241,PUROIK,Sul.SULUNG.PUROIK
Eastern Puroik,sulu1241,SULUNG,Sul.SULUNG.SULUNG
Bugun,bugu1246,BUGUN,ST.WESTERN_ARUNACHAL.BUGUN
Duhumbi,chug1252,CHUG,ST.KHO_BWA.CHUG
Khispi,lish1235,LISH,ST.KHO_BWA.LISH
Sartang,sart1249,SARTANG,ST.KHO_BWA.SARTANG
Sherdukpen,sher1257,SHERDUKPEN,ST.WESTERN_ARUNACHAL.SHERDUKPEN
Idu,idum1241,IDU_MISHMI,ST.DIGAROAN.IDU_MISHMI
Tawra,diga1241,TARAON,ST.DIGAROAN.TARAON
Sajolang,saja1240,DHAMMAI,ST.DHAMMAI_UNCLASSIFIED.DHAMMAI
Sajolang,saja1240,MIJI,ST.DHAMMAI_UNCLASSIFIED.MIJI
Koro,koro1316,KORO_INDIA,ST.KHO_BWA.KORO_INDIA
Bori-Karko,bori1243,ASHING,ST.TANI.ASHING
Mising-Padam-Miri-Minyong,misi1242,MISING,ST.TANI.MISING
Bori-Karko,bori1243,BENGNI,ST.TANI.BENGNI
Bori-Karko,bori1243,BOKAR,ST.TANI.BOKAR
Apatani,apat1240,APATANI,ST.TANI.APATANI
Nyishi-Hill Miri,nyis1236,BANGNI_NYISHI,ST.TANI.BANGNI_NYISHI
Nyishi-Hill Miri,nyis1236,DOUYU_BANGNI,ST.TANI.DOUYU_BANGNI
Galo,galo1242,ADI_GALO,ST.TANI.ADI_GALO
Galo,galo1242,GALO,ST.TANI.GALO
Nyishi-Hill Miri,nyis1236,NISHING,ST.TANI.NISHING
Nyishi-Hill Miri,nyis1236,NISI,ST.TANI.NISI
Na,naaa1245,NA_INDIA,ST.TANI.NA_INDIA
Tagin,tagi1241,NISI_TAGIN,ST.TANI.NISI_TAGIN
Dhimal,dhim1246,DHIMAL,ST.DHIMALIC.DHIMAL
Mru,mruu1242,MRU,ST.MRU.MRU
Pangwa Naga,tase1235,YOGLI,ST.NORTHERN_NAGA.YOGLI
Nocte Naga,noct1238,NOCTE,ST.NORTHERN_NAGA.NOCTE
Nocte Naga,noct1238,NAGA_NOCTE,ST.NORTHERN_NAGA.NAGA_NOCTE
Wancho Naga,wanc1238,NAGA_WANCHO,ST.NORTHERN_NAGA.NAGA_WANCHO
Wancho Naga,wanc1238,WANCHO,ST.NORTHERN_NAGA.WANCHO
Chang Naga,chan1313,CHANG,ST.NORTHERN_NAGA.CHANG
Chang Naga,chan1313,CHANG_2,ST.NORTHERN_NAGA.CHANG_2
Chang Naga,chan1313,NAGA_CHANG,ST.NORTHERN_NAGA.NAGA_CHANG
Konyak Naga,kony1248,KONYAK,ST.NORTHERN_NAGA.KONYAK
Konyak Naga,kony1248,NAGA_KONYAK,ST.NORTHERN_NAGA.NAGA_KONYAK
Phom Naga,phom1236,NAGA_PHOM,ST.NORTHERN_NAGA.NAGA_PHOM
Phom Naga,phom1236,PHOM,ST.NORTHERN_NAGA.PHOM
Southern Jinghpaw,kach1280,JINGPHO,ST.JINGHPO.JINGPHO
Southern Jinghpaw,kach1280,JINGPHO_2,ST.JINGHPO.JINGPHO_2
Northern Jinghpaw,sing1264,SINGPHO,ST.JINGHPO.SINGPHO
Rabha,rabh1238,RABHA,ST.BODO_GARO.RABHA
Atong (India),aton1241,A_TONG,ST.BODO_GARO.A_TONG
Koch,koch1250,WANANG,ST.BODO_GARO.WANANG
Garo,garo1247,GARO,ST.BODO_GARO.GARO
Deori,deor1238,DEURI,ST.BODO_GARO.DEURI
Kok Borok,kokb1239,KOK_BOROK_2,ST.BODO_GARO.KOK_BOROK_2
Tippera,tipp1239,TIPPERA_TONGPAI,ST.BODO_GARO.TIPPERA_TONGPAI
Riang (India),rian1262,RIANG,ST.BODO_GARO.RIANG
Usui,usui1238,USUI,ST.BODO_GARO.USUI
Tiwa (India),tiwa1253,TIWA,ST.BODO_GARO.TIWA
Dimasa,dima1251,DIMASA,ST.BODO_GARO.DIMASA
Bodo-Mech,bodo1269,BODO_INDIA,ST.BODO_GARO.BODO_INDIA
Kachari,kach1279,KACHARI,ST.BODO_GARO.KACHARI
Pangwa Naga,tase1235,MOSHANG,ST.KUKI_CHIN.MOSHANG
Chothe,chot1239,CHOTHE,ST.KUKI_CHIN.CHOTHE
Tarao,tara1313,NAGA_TARAO,ST.KUKI_CHIN.NAGA_TARAO
Koireng,koir1240,KOIRENG,ST.KUKI_CHIN.KOIRENG
Zyphe,zyph1238,CHIN_ZYPHE,ST.KUKI_CHIN.CHIN_ZYPHE
Mara,mara1382,LAKHER_MARA,ST.KUKI_CHIN.LAKHER_MARA
Sizang Chin,siyi1240,CHIN_SIYIN,ST.KUKI_CHIN.CHIN_SIYIN
Tedim Chin,tedi1235,CHIN_TEDIM,ST.KUKI_CHIN.CHIN_TEDIM
Thado Chin,thad1238,CHIN_THADO,ST.KUKI_CHIN.CHIN_THADO
Haka Chin,haka1240,CHIN_HAKA,ST.KUKI_CHIN.CHIN_HAKA
Mizo,lush1249,LUSHAI,ST.KUKI_CHIN.LUSHAI
Hmar,hmar1241,HMAR,ST.KUKI_CHIN.HMAR
Hrangkhol,hran1239,HRANGKHOL,ST.KUKI_CHIN.HRANGKHOL
Hills Karbi,karb1241,KARBI,ST.KUKI_CHIN.KARBI
Lotha Naga,loth1237,NAGA_LOTHA,ST.KUKI_CHIN.NAGA_LOTHA
Yimchungru Naga,yimc1240,NAGA_YIMCHUNGRU,ST.KUKI_CHIN.NAGA_YIMCHUNGRU
Ao Naga,aona1235,NAGA_AO,ST.KUKI_CHIN.NAGA_AO
Sangtam Naga,sang1321,NAGA_SANGTAM,ST.KUKI_CHIN.NAGA_SANGTAM
Pochuri Naga,poch1243,NAGA_POCHURI,ST.KUKI_CHIN.NAGA_POCHURI
Northern Rengma Naga,nort2725,NAGA_RENGMA,ST.KUKI_CHIN.NAGA_RENGMA
Southern Rengma Naga,sout2732,NAGA_SOUTHERN_RENGMA,ST.KUKI_CHIN.NAGA_SOUTHERN_RENGMA
Sumi Naga,sumi1235,NAGA_SUMI,ST.KUKI_CHIN.NAGA_SUMI
Khezha Naga,khez1235,KHEZHA,ST.KUKI_CHIN.KHEZHA
Mao Naga,maon1238,NAGA_MAO,ST.KUKI_CHIN.NAGA_MAO
Angami Naga,anga1288,ANGAMI,ST.KUKI_CHIN.ANGAMI
Chokri Naga,chok1243,NAGA_CHOKRI,ST.KUKI_CHIN.NAGA_CHOKRI
Manipuri,mani1292,MEITEI,ST.KUKI_CHIN.MEITEI
East-Central Tangkhul Naga,tang1336,NAGA_TANGKHUL,ST.KUKI_CHIN.NAGA_TANGKHUL
Khoibu,khoi1251,NAGA_KHOIBU,ST.KUKI_CHIN.NAGA_KHOIBU
Maring Naga,mari1416,NAGA_MARING,ST.KUKI_CHIN.NAGA_MARING
Rongmei Naga,rong1266,KABUI_RONGMEI,ST.KUKI_CHIN.KABUI_RONGMEI
,,NAGA_THANGAL,ST.KUKI_CHIN.NAGA_THANGAL
Maram Naga,mara1379,NAGA_MARAM,ST.KUKI_CHIN.NAGA_MARAM
Liangmai Naga,lian1251,NAGA_LIANGMAI,ST.KUKI_CHIN.NAGA_LIANGMAI
,,NAGA_ZEME,ST.KUKI_CHIN.NAGA_ZEME
,,NAGA_MZIEME,ST.KUKI_CHIN.NAGA_MZIEME
Lepcha,lepc1244,LEPCHA,ST.LEPCHA.LEPCHA
Gamale Kham,gama1251,KHAM,ST.MAHAKIRANTI.KHAM
Western Parbate Kham,west2420,KHAM_TAKALE,ST.MAHAKIRANTI.KHAM_TAKALE
Western Parbate Kham,west2420,TAKA_KHAM,ST.MAHAKIRANTI.TAKA_KHAM
Chepang,chep1245,CHEPANG,ST.MAHAKIRANTI.CHEPANG
Eastern Magar,east2352,MAGAR,ST.MAHAKIRANTI.MAGAR
Eastern Magar,east2352,MAGAR_2,ST.MAHAKIRANTI.MAGAR_2
Thangmi,than1259,THANGMI,ST.MAHAKIRANTI.THANGMI
Kathmandu Valley Newari,newa1246,DOLAKHA_NEWAR,ST.MAHAKIRANTI.DOLAKHA_NEWAR
Kathmandu Valley Newari,newa1246,KHWOPA_NEWAR,ST.MAHAKIRANTI.KHWOPA_NEWAR
Dumi,dumi1241,DUMI,ST.MAHAKIRANTI.DUMI
Dumi,dumi1241,DUMI_2,ST.MAHAKIRANTI.DUMI_2
Khaling,khal1275,KHALING,ST.MAHAKIRANTI.KHALING
Jerung,jeru1240,JERUNG,ST.MAHAKIRANTI.JERUNG
Wambule,wamb1257,WAMBULE,ST.MAHAKIRANTI.WAMBULE
Thulung,thul1246,THULUNG,ST.MAHAKIRANTI.THULUNG
Sunwar,sunw1242,SUNWAR,ST.MAHAKIRANTI.SUNWAR
Bahing,bahi1252,BAHING,ST.MAHAKIRANTI.BAHING
Sunwar,sunw1242,SUNWAR_2,ST.MAHAKIRANTI.SUNWAR_2
Limbu,limb1266,LIMBU,ST.MAHAKIRANTI.LIMBU
Limbu,limb1266,MEWA_KHOLA_LIMBU,ST.MAHAKIRANTI.MEWA_KHOLA_LIMBU
Lohorung,nort2727,LOHORUNG,ST.MAHAKIRANTI.LOHORUNG
Chintang,chhi1245,CHHINTANGE,ST.MAHAKIRANTI.CHHINTANGE
Yakkha,yakk1236,YAKHA,ST.MAHAKIRANTI.YAKHA
Puma,puma1239,PUMA,ST.MAHAKIRANTI.PUMA
Camling,caml1239,CAMLING,ST.MAHAKIRANTI.CAMLING
Dungmali,dung1252,DUNGMALI,ST.MAHAKIRANTI.DUNGMALI
Waling,wali1261,WALING,ST.MAHAKIRANTI.WALING
Sampang,samp1249,SAMPANG,ST.MAHAKIRANTI.SAMPANG
Kulung (Nepal),kulu1253,KULUNG,ST.MAHAKIRANTI.KULUNG
Nachering,nach1240,NACHERING,ST.MAHAKIRANTI.NACHERING
Kman,miju1243,KAMAN,ST.TANI.KAMAN
Rawang,rawa1265,RAWANG,ST.NUNGISH.RAWANG
Drung,drun1238,DRUNG,ST.NUNGISH.DRUNG
Nung (Myanmar),nung1282,ANONG,ST.NUNGISH.ANONG
Drung,drun1238,NUNG_CHINA,ST.NUNGISH.NUNG_CHINA
S'gaw Karen,sgaw1245,KAREN_SGAW,ST.KAREN.KAREN_SGAW
Pa'o Karen,paok1235,KAREN_PAO,ST.KAREN.KAREN_PAO
Pwo Eastern Karen,pwoe1235,KAREN_PWO_EASTERN,ST.KAREN.KAREN_PWO_EASTERN
Pwo Western Karen,pwow1235,KAREN_PWO_WESTERN,ST.KAREN.KAREN_PWO_WESTERN
Yintale Karen,yint1235,KAREN_YINTALE,ST.KAREN.KAREN_YINTALE
Yinbaw Karen,yinb1236,KAREN_YINBAW,ST.KAREN.KAREN_YINBAW
Kayan Lahwi,kaya1315,KAYAN,ST.KAREN.KAYAN
Bwe Karen,bwek1238,BWE_KAREN,ST.KAREN.BWE_KAREN
Geba Karen,geba1237,KAREN_GEBA,ST.KAREN.KAREN_GEBA
Manumanaw Karen,manu1255,KAREN_MANUMANAW,ST.KAREN.KAREN_MANUMANAW
Eastern Kayah,east2342,KAYAH_LI_EASTERN,ST.KAREN.KAYAH_LI_EASTERN
Western Kayah,west2409,KAYAH_WESTERN,ST.KAREN.KAYAH_WESTERN
Burmese,nucl1310,BURMESE,ST.BURMESE_LOLO.BURMESE
Burmese,nucl1310,YANGON_BURMESE,ST.BURMESE_LOLO.YANGON_BURMESE
Hpon,hpon1238,HPON,ST.BURMESE_LOLO.HPON
Maru,maru1249,MARU,ST.BURMESE_LOLO.MARU
Pela,pela1242,PELA,ST.BURMESE_LOLO.PELA
Longchuan Achang,acha1249,ACHANG,ST.BURMESE_LOLO.ACHANG
Longchuan Achang,acha1249,XIANDAO,ST.BURMESE_LOLO.XIANDAO
Zaiwa,zaiw1241,ZAIWA,ST.BURMESE_LOLO.ZAIWA
Lashi,lash1243,LASHI,ST.BURMESE_LOLO.LASHI
Lashi,lash1243,LASHI_2,ST.BURMESE_LOLO.LASHI_2
Nusu,nusu1239,NUSU,ST.BURMESE_LOLO.NUSU
Lahu,lahu1253,LAHU,ST.BURMESE_LOLO.LAHU
Lahu,lahu1253,LAHU_2,ST.BURMESE_LOLO.LAHU_2
Katso,kats1235,KATSO,ST.BURMESE_LOLO.KATSO
Sani,sani1269,SANI_YI,ST.BURMESE_LOLO.SANI_YI
Sichuan Yi,sich1238,XIDE,ST.BURMESE_LOLO.XIDE
Sichuan Yi,sich1238,NUOSU_YI,ST.BURMESE_LOLO.NUOSU_YI
Wusa Nasu,wusa1235,DAFANG,ST.BURMESE_LOLO.DAFANG
Lisu,lisu1250,LISU,ST.BURMESE_LOLO.LISU
Lisu,lisu1250,LISU_2,ST.BURMESE_LOLO.LISU_2
Xishanba Lalo,xish1235,LALO,ST.BURMESE_LOLO.LALO
Xishanba Lalo,xish1235,NANJIANG,ST.BURMESE_LOLO.NANJIANG
Youle Jinuo,youl1235,JINO,ST.BURMESE_LOLO.JINO
Phana',phan1254,PHANA,ST.BURMESE_LOLO.PHANA
Bisu,bisu1244,BISU,ST.BURMESE_LOLO.BISU
Phunoi,phun1245,PHUNOI,ST.BURMESE_LOLO.PHUNOI
Honi,honi1244,MOJIANG_HONI,ST.BURMESE_LOLO.MOJIANG_HONI
Honi,honi1244,SHUIGUI_HONI,ST.BURMESE_LOLO.SHUIGUI_HONI
Hani,hani1248,DAZHAI_HANI,ST.BURMESE_LOLO.DAZHAI_HANI
Akha,akha1245,AKHA,ST.BURMESE_LOLO.AKHA
Akha,akha1245,GELANGHE_AKHA,ST.BURMESE_LOLO.GELANGHE_AKHA
Kaduo,kadu1253,KADUO,ST.BURMESE_LOLO.KADUO
Mpi,mpii1239,MPI,ST.BURMESE_LOLO.MPI
Enu,enuu1235,ENU,ST.BURMESE_LOLO.ENU
Biyo,biyo1243,BIYUE,ST.BURMESE_LOLO.BIYUE
Biyo,biyo1243,CAIYUAN_BIYO,ST.BURMESE_LOLO.CAIYUAN_BIYO
Naxi,naxi1245,NAXI,ST.NAXI.NAXI
Naxi,naxi1245,NAXI_2,ST.NAXI.NAXI_2
Tangut,tang1334,OLD_TANGUT,ST.QIANGIC.OLD_TANGUT
Zhaba,zhab1238,ZHABA,ST.QIANGIC.ZHABA
Northern Pumi,nort2723,JIULONG_PUMI,ST.QIANGIC.JIULONG_PUMI
Tangut,tang1334,TANGUT,ST.QIANGIC.TANGUT
Stodsde,shan1274,STODSDE,ST.QIANGIC.STODSDE
Southern Qiang,sout2728,QIANG_PUXI,ST.QIANGIC.QIANG_PUXI
Southern Qiang,sout2728,QIANG_MIANCHI,ST.QIANGIC.QIANG_MIANCHI
Northern Qiang,nort2722,MAWO_QIANG,ST.QIANGIC.MAWO_QIANG
Northern Qiang,nort2722,QIANG_YADU,ST.QIANGIC.QIANG_YADU
Southern Qiang,sout2728,QIANG_LONGXI,ST.QIANGIC.QIANG_LONGXI
Raji,raji1240,RAJI,ST.RAJI_RAUTE.RAJI
Raute,raut1239,RAUTE,ST.RAJI_RAUTE.RAUTE
Kinnauri,kinn1249,KINNAURI,ST.BODIC.KINNAURI
Rongpo,rong1264,RONGPO,ST.BODIC.RONGPO
Chaudangsi,chau1259,CHAUDANGSI,ST.BODIC.CHAUDANGSI
Byangsi,byan1241,BYANSI,ST.BODIC.BYANSI
Darma,darm1243,DARMIYA,ST.BODIC.DARMIYA
Kaike,kaik1246,KAIKE,ST.BODIC.KAIKE
Eastern Tamang,east2347,TAMANG,ST.BODIC.TAMANG
Manange,mana1288,MANANGE,ST.BODIC.MANANGE
Chantyal,chan1310,CHANTYAL,ST.BODIC.CHANTYAL
Thakali,thak1245,MARPHATAN_THAKALI,ST.BODIC.MARPHATAN_THAKALI
Thakali,thak1245,THAKALI,ST.BODIC.THAKALI
Gurung,guru1261,GHACHOK,ST.BODIC.GHACHOK
Gurung,guru1261,GURUNG,ST.BODIC.GURUNG
Gurung,guru1261,GURUNG_WESTERN,ST.BODIC.GURUNG_WESTERN
Tshangla,tsha1245,TSHANGLA,ST.BODIC.TSHANGLA
Dakpakha,dakp1242,DAKPAKHA,ST.BODIC.DAKPAKHA
Bumthangkha,bumt1240,BUMTHANGKHA,ST.BODIC.BUMTHANGKHA
Tibetan,tibe1272,RANG_PAS,ST.BODIC.RANG_PAS
Spiti Bhoti,spit1240,SPITI_BHOTI,ST.BODIC.SPITI_BHOTI
Jirel,jire1238,JIREL,ST.BODIC.JIREL
Solu-Khumbu Sherpa,sher1255,SHERPA,ST.BODIC.SHERPA
Lowa,lowa1242,LOWA,ST.BODIC.LOWA
Kyerung,kyer1238,KYIRONG,ST.BODIC.KYIRONG
Amdo Tibetan,amdo1237,MAQU_TIBETAN,ST.BODIC.MAQU_TIBETAN
Khams Tibetan,kham1282,RGYALTHANG,ST.BODIC.RGYALTHANG
Baima,baim1244,SOUTHERN_BAIMA,ST.BAIMA.SOUTHERN_BAIMA
Baima,baim1244,NORTHERN_BAIMA,ST.BAIMA.NORTHERN_BAIMA
Baima,baim1244,WUJIAO_BAIMA,ST.BAIMA.WUJIAO_BAIMA
Dzongkha,dzon1239,DZONGKHA,ST.BODIC.DZONGKHA
Tibetan,tibe1272,TIBETAN_CENTRAL,ST.BODIC.TIBETAN_CENTRAL
Tibetan,tibe1272,LHASA_TIBETAN,ST.BODIC.LHASA_TIBETAN
Tibetan,tibe1272,TIBETAN_LHASA,ST.BODIC.TIBETAN_LHASA
Tibetan,tibe1272,TIBETAN_WRITTEN,ST.BODIC.TIBETAN_WRITTEN
Purik-Sham-Nubra,puri1258,PURIK,ST.BODIC.PURIK
Balti,balt1258,WESTERN_BALTI,ST.BODIC.WESTERN_BALTI
Balti,balt1258,EASTERN_BALTI,ST.BODIC.EASTERN_BALTI
Balti,balt1258,CHORBAT_BALTI,ST.BODIC.CHORBAT_BALTI
Balti,balt1258,KHARMANG_BALTI,ST.BODIC.KHARMANG_BALTI
Balti,balt1258,KARGIL_BALTI,ST.BODIC.KARGIL_BALTI
Balti,balt1258,KHAPALU_BALTI,ST.BODIC.KHAPALU_BALTI
Balti,balt1258,SKARDU_BALTI,ST.BODIC.SKARDU_BALTI
Balti,balt1258,RONDU_BALTI,ST.BODIC.RONDU_BALTI
Balti,balt1258,SHIGAR_BALTI,ST.BODIC.SHIGAR_BALTI
Damal,dama1272,DAMAL_2,TNG.DAMAL.DAMAL_2
Sumerian,sume1241,SUMERIAN,Sum.SUMERIAN.SUMERIAN
Kunza,kunz1244,KUNZA,Kun.KUNZA.KUNZA
Mapudungun,mapu1245,RANQUELCHE,Arc.ARAUCANIAN.RANQUELCHE
Mapudungun,mapu1245,MAPUDUNGUN,Arc.ARAUCANIAN.MAPUDUNGUN
Mapudungun,mapu1245,MAPUDUNGUN_2,Arc.ARAUCANIAN.MAPUDUNGUN_2
Mapudungun,mapu1245,MAPUDUNGUN_3,Arc.ARAUCANIAN.MAPUDUNGUN_3
Purepecha,pure1242,TARASCAN,Tar.TARASCAN.TARASCAN
Purepecha,pure1242,PURHEPECHA_2,Tar.TARASCAN.PURHEPECHA_2
Purepecha,pure1242,PUREPECHA,Tar.TARASCAN.PUREPECHA
Purepecha,pure1242,PURHEPECHA,Tar.TARASCAN.PURHEPECHA
Washo,wash1253,WASHO,Wsh.WASHO.WASHO
Kusunda,kusu1250,KUSUNDA,Kus.KUSUNDA.KUSUNDA
Bats,bats1242,BATS,NDa.NAKH.BATS
Chechen,chec1245,AKKIN_CHECHEN,NDa.NAKH.AKKIN_CHECHEN
Chechen,chec1245,CHECHEN,NDa.NAKH.CHECHEN
Ingush,ingu1240,INGUSH,NDa.NAKH.INGUSH
Lak,lakk1252,LAK,NDa.LAK_DARGWA.LAK
Kubachi,kuba1248,KUBACHI_DARGI,NDa.LAK_DARGWA.KUBACHI_DARGI
North-Central Dargwa,darg1241,DARGWA,NDa.LAK_DARGWA.DARGWA
North-Central Dargwa,darg1241,MUIRI_DARGI,NDa.LAK_DARGWA.MUIRI_DARGI
Kajtak,kajt1238,KAJTAK_DARGI,NDa.LAK_DARGWA.KAJTAK_DARGI
Kajtak,kajt1238,XAJDAK_DARGI,NDa.LAK_DARGWA.XAJDAK_DARGI
Kajtak,kajt1238,ICARI_DARGI,NDa.LAK_DARGWA.ICARI_DARGI
Kajtak,kajt1238,SANZHI_DARGI,NDa.LAK_DARGWA.SANZHI_DARGI
Khinalug,khin1240,KHINALUG,NDa.LEZGIC.KHINALUG
Udi,udii1243,UDI,NDa.LEZGIC.UDI
Archi,arch1244,ARCHI,NDa.LEZGIC.ARCHI
Archi,arch1244,ARCHI_2,NDa.LEZGIC.ARCHI_2
Budukh,budu1248,BUDUKH,NDa.LEZGIC.BUDUKH
Kryz,kryt1240,KRYZ,NDa.LEZGIC.KRYZ
Rutul,rutu1240,RUTUL,NDa.LEZGIC.RUTUL
Tsakhur,tsak1249,TSAKHUR,NDa.LEZGIC.TSAKHUR
Aghul,aghu1253,AGUL,NDa.LEZGIC.AGUL
Tabasaran,taba1259,NORTHERN_TABASSARAN,NDa.LEZGIC.NORTHERN_TABASSARAN
Tabasaran,taba1259,TABASARAN,NDa.LEZGIC.TABASARAN
Lezgian,lezg1247,MIKRAKH_LEZGI,NDa.LEZGIC.MIKRAKH_LEZGI
Lezgian,lezg1247,KUBA_LEZGI,NDa.LEZGIC.KUBA_LEZGI
Lezgian,lezg1247,LEZGI,NDa.LEZGIC.LEZGI
Karata-Tukita,kara1474,TOKITIN_KARATA,NDa.AVAR_ANDIC_TSEZIC.TOKITIN_KARATA
Northern Akhvakh,akhv1239,AKHVAKH,NDa.AVAR_ANDIC_TSEZIC.AKHVAKH
Northern Akhvakh,akhv1239,NORTHERN_AKHVAKH,NDa.AVAR_ANDIC_TSEZIC.NORTHERN_AKHVAKH
Northern Akhvakh,akhv1239,SOUTHERN_AKHVAKH,NDa.AVAR_ANDIC_TSEZIC.SOUTHERN_AKHVAKH
Andi,andi1255,ANDI,NDa.AVAR_ANDIC_TSEZIC.ANDI
Andi,andi1255,ANDI_MUNI,NDa.AVAR_ANDIC_TSEZIC.ANDI_MUNI
Karata-Tukita,kara1474,KARATA,NDa.AVAR_ANDIC_TSEZIC.KARATA
Bagvalal,bagv1239,BAGWALAL,NDa.AVAR_ANDIC_TSEZIC.BAGWALAL
Tindi,tind1238,TINDI,NDa.AVAR_ANDIC_TSEZIC.TINDI
Chamalal,cham1309,CHAMALAL,NDa.AVAR_ANDIC_TSEZIC.CHAMALAL
Botlikh,botl1242,BOTLIKH,NDa.AVAR_ANDIC_TSEZIC.BOTLIKH
Godoberi,ghod1238,GODOBERI,NDa.AVAR_ANDIC_TSEZIC.GODOBERI
Hunzib,hunz1247,HUNZIB,NDa.AVAR_ANDIC_TSEZIC.HUNZIB
Bezhta,bezh1248,BEZHTA,NDa.AVAR_ANDIC_TSEZIC.BEZHTA
Bezhta,bezh1248,BEZHTA_2,NDa.AVAR_ANDIC_TSEZIC.BEZHTA_2
Khwarshi-Inkhoqwari,khva1239,INKHOKWARI,NDa.AVAR_ANDIC_TSEZIC.INKHOKWARI
Khwarshi-Inkhoqwari,khva1239,KHWARSHI,NDa.AVAR_ANDIC_TSEZIC.KHWARSHI
Tsez,dido1241,SAGADIN_TSEZ,NDa.AVAR_ANDIC_TSEZIC.SAGADIN_TSEZ
Tsez,dido1241,MOKOK_TSEZ,NDa.AVAR_ANDIC_TSEZIC.MOKOK_TSEZ
Hinuq,hinu1240,HINUKH,NDa.AVAR_ANDIC_TSEZIC.HINUKH
Tsez,dido1241,TSEZ,NDa.AVAR_ANDIC_TSEZIC.TSEZ
Avar,avar1256,AVAR_KUSUR,NDa.AVAR_ANDIC_TSEZIC.AVAR_KUSUR
Avar,avar1256,AVAR_ZAKATALY,NDa.AVAR_ANDIC_TSEZIC.AVAR_ZAKATALY
Avar,avar1256,AVAR_ANTSUKH,NDa.AVAR_ANDIC_TSEZIC.AVAR_ANTSUKH
Avar,avar1256,AVAR_KARAKH,NDa.AVAR_ANDIC_TSEZIC.AVAR_KARAKH
Avar,avar1256,AVAR,NDa.AVAR_ANDIC_TSEZIC.AVAR
Avar,avar1256,AVAR_HID,NDa.AVAR_ANDIC_TSEZIC.AVAR_HID
Avar,avar1256,AVAR_BATLUKH,NDa.AVAR_ANDIC_TSEZIC.AVAR_BATLUKH
Avar,avar1256,AVAR_ANDALAL,NDa.AVAR_ANDIC_TSEZIC.AVAR_ANDALAL
Burushaski,buru1296,BURUSHASKI,Brs.BURUSHASKI.BURUSHASKI
Burushaski,buru1296,CENTRAL_YASIN_BURUSHASKI,Brs.BURUSHASKI.CENTRAL_YASIN_BURUSHASKI
Burushaski,buru1296,MURTAZABAD_HUNZA_BURUSHASKI,Brs.BURUSHASKI.MURTAZABAD_HUNZA_BURUSHASKI
Burushaski,buru1296,HAIDERABAD_HUNZA_BURUSHASKI,Brs.BURUSHASKI.HAIDERABAD_HUNZA_BURUSHASKI
Burushaski,buru1296,NAZIMABAD_HUNZA_BURUSHASKI,Brs.BURUSHASKI.NAZIMABAD_HUNZA_BURUSHASKI
Burushaski,buru1296,UYUM_NAGAR_BURUSHASKI,Brs.BURUSHASKI.UYUM_NAGAR_BURUSHASKI
Burushaski,buru1296,HOPER_NAGAR_BURUSHASKI,Brs.BURUSHASKI.HOPER_NAGAR_BURUSHASKI
Burushaski,buru1296,GANISH_HUNZA_BURUSHASKI,Brs.BURUSHASKI.GANISH_HUNZA_BURUSHASKI
Burushaski,buru1296,HUSSAINABAD_HUNZA_BURUSHASKI,Brs.BURUSHASKI.HUSSAINABAD_HUNZA_BURUSHASKI
Korean,kore1280,KOREAN,Kor.KOREAN.KOREAN
Mochica,moch1259,MOCHICA,Cmu.CHIMUAN.MOCHICA
Mator-Taigi-Karagas,mato1250,KARAGASSISCH,Ura.SAMOYEDIC.KARAGASSISCH
Mator-Taigi-Karagas,mato1250,MATORISCH,Ura.SAMOYEDIC.MATORISCH
Selkup,selk1253,SELKUP,Ura.SAMOYEDIC.SELKUP
Tundra Nenets,nene1249,NENETS,Ura.SAMOYEDIC.NENETS
Kazym-Berezover-Suryskarer Khanty,khan1273,KHANTY,Ura.UGRIC.KHANTY
Northern Mansi,mans1258,MANSI,Ura.UGRIC.MANSI
Erzya,erzy1239,ERZYA,Ura.MORDVIN.ERZYA
Moksha,moks1248,MOKSCHA_MORDWINISCH,Ura.MORDVIN.MOKSCHA_MORDWINISCH
Kildin Saami,kild1236,KILDIN_SAAMI,Ura.SAAMI.KILDIN_SAAMI
Inari Saami,inar1241,INARI_SAAMI,Ura.SAAMI.INARI_SAAMI
Skolt Saami,skol1241,SKOLT_SAAMI,Ura.SAAMI.SKOLT_SAAMI
South Saami,sout2674,SOUTH_SAAMI,Ura.SAAMI.SOUTH_SAAMI
Lule Saami,lule1254,LULE_SAAMI,Ura.SAAMI.LULE_SAAMI
North Saami,nort2671,NORTH_SAAMI,Ura.SAAMI.NORTH_SAAMI
Western Mari,west2392,TSCHEREMISSISCH_KOZMODEMJANSK,Ura.MARI.TSCHEREMISSISCH_KOZMODEMJANSK
Eastern Mari,east2328,MEADOW_MARI,Ura.MARI.MEADOW_MARI
Eastern Mari,east2328,TSCHEREMISSISCH_URZUM,Ura.MARI.TSCHEREMISSISCH_URZUM
Hungarian,hung1274,CSANGO,Ura.UGRIC.CSANGO
Hungarian,hung1274,HUNGARIAN,Ura.UGRIC.HUNGARIAN
Udmurt,udmu1245,UDMURT,Ura.PERMIC.UDMURT
Komi-Permyak,komi1269,KOMI_PERMYAK,Ura.PERMIC.KOMI_PERMYAK
Komi-Zyrian,komi1268,KOMI_ZYRIAN,Ura.PERMIC.KOMI_ZYRIAN
Finnish,finn1318,FINNISH,Ura.FINNIC.FINNISH
Ingrian,ingr1248,INGRIAN,Ura.FINNIC.INGRIAN
Estonian,esto1258,ESTONIAN,Ura.FINNIC.ESTONIAN
Liv,livv1244,LIVE,Ura.FINNIC.LIVE
Veps,veps1250,VEPS,Ura.FINNIC.VEPS
Votic,voti1245,VOTIC,Ura.FINNIC.VOTIC
South Estonian,sout2679,ESTONIAN_VORO,Ura.FINNIC.ESTONIAN_VORO
Karelian,kare1335,KARELIAN,Ura.FINNIC.KARELIAN
Northern Yukaghir,nort2745,YUKAGHIR_TUNDRA,Yka.YUKAGHIR.YUKAGHIR_TUNDRA
Southern Yukaghir,sout2750,KOLYMA_YUKAGIR,Yka.YUKAGHIR.KOLYMA_YUKAGIR
Chuvash,chuv1255,CHUVASH,Alt.TURKIC.CHUVASH
Dolgan,dolg1241,DOLGAN,Alt.TURKIC.DOLGAN
Sakha,yaku1245,SAKHA,Alt.TURKIC.SAKHA
Taiga Sayan Turkic,kara1462,TOFA,Alt.TURKIC.TOFA
Tuvinian,tuvi1240,TUVAN,Alt.TURKIC.TUVAN
Southern Altai,sout2694,ALTAI,Alt.TURKIC.ALTAI
Lower Chulym Turkic,chul1246,MIDDLE_CHULYM,Alt.TURKIC.MIDDLE_CHULYM
Khakas,khak1248,KHAKAS,Alt.TURKIC.KHAKAS
Mrassu Shor-Tutal,shor1247,SHOR,Alt.TURKIC.SHOR
Khalaj Turkic,turk1303,KHALAJ_IRAN,Alt.TURKIC.KHALAJ_IRAN
Ili Turki,ilit1241,ILI_TURKI,Alt.TURKIC.ILI_TURKI
Chagatai,chag1247,CHAGATAI,Alt.TURKIC.CHAGATAI
Uighur,uigh1240,UYGHUR,Alt.TURKIC.UYGHUR
Northern Uzbek,nort2690,UZBEK,Alt.TURKIC.UZBEK
Nogai,noga1249,NOGAI,Alt.TURKIC.NOGAI
Kirghiz,kirg1245,KYRGYZ,Alt.TURKIC.KYRGYZ
Kazakh,kaza1248,KAZAKH,Alt.TURKIC.KAZAKH
Kara-Kalpak,kara1467,KARAKALPAK,Alt.TURKIC.KARAKALPAK
Bashkir,bash1264,BASHKIR,Alt.TURKIC.BASHKIR
Tatar,tata1255,TATAR,Alt.TURKIC.TATAR
Tatar,tata1255,MISHER_TATAR,Alt.TURKIC.MISHER_TATAR
Tatar,tata1255,KAZAN_TATAR,Alt.TURKIC.KAZAN_TATAR
Kumyk,kumy1244,KUMYK,Alt.TURKIC.KUMYK
Karaim,kara1464,KARAIM,Alt.TURKIC.KARAIM
Karachay-Balkar,kara1465,KARACHAY_BALKAR,Alt.TURKIC.KARACHAY_BALKAR
Crimean Tatar,crim1257,CRIMEAN_TATAR,Alt.TURKIC.CRIMEAN_TATAR
Crimean Tatar,crim1257,CRIMEAN_TURKISH,Alt.TURKIC.CRIMEAN_TURKISH
Salar,sala1264,SALAR,Alt.TURKIC.SALAR
Salar,sala1264,SALAR_2,Alt.TURKIC.SALAR_2
South Azerbaijani,sout2697,AZERBAIJANI_SOUTHERN,Alt.TURKIC.AZERBAIJANI_SOUTHERN
Gagauz,gaga1249,GAGAUZ,Alt.TURKIC.GAGAUZ
Turkish,nucl1301,TURKISH,Alt.TURKIC.TURKISH
Turkish,nucl1301,TURKISH_2,Alt.TURKIC.TURKISH_2
North Azerbaijani,nort2697,AZERBAIJANI_NORTH_2,Alt.TURKIC.AZERBAIJANI_NORTH_2
North Azerbaijani,nort2697,AZERBAIJANI_NORTH,Alt.TURKIC.AZERBAIJANI_NORTH
North Azerbaijani,nort2697,TEREKEME_AZERI,Alt.TURKIC.TEREKEME_AZERI
Turkmen,turk1304,TURKMEN_2,Alt.TURKIC.TURKMEN_2
Turkmen,turk1304,TURKMEN,Alt.TURKIC.TURKMEN
Khorasan Turkic,khor1269,DARA_GAZ_KHORASANI_2,Alt.TURKIC.DARA_GAZ_KHORASANI_2
Khorasan Turkic,khor1269,SHURAK_KHORASANI,Alt.TURKIC.SHURAK_KHORASANI
Khorasan Turkic,khor1269,DOUGHAI_KHORASANI,Alt.TURKIC.DOUGHAI_KHORASANI
Khorasan Turkic,khor1269,QUCHAN_KHORASANI,Alt.TURKIC.QUCHAN_KHORASANI
Khorasan Turkic,khor1269,ASADLI_KHORASANI,Alt.TURKIC.ASADLI_KHORASANI
Khorasan Turkic,khor1269,SHIRWAN_KHORASANI,Alt.TURKIC.SHIRWAN_KHORASANI
Khorasan Turkic,khor1269,ZEYARAT_KHORASANI,Alt.TURKIC.ZEYARAT_KHORASANI
Khorasan Turkic,khor1269,DARA_GAZ_KHORASANI_1,Alt.TURKIC.DARA_GAZ_KHORASANI_1
Khorasan Turkic,khor1269,SHEYH_TEYMUR_KHORASANI,Alt.TURKIC.SHEYH_TEYMUR_KHORASANI
Khorasan Turkic,khor1269,LOTF_ABAD_KHORASANI,Alt.TURKIC.LOTF_ABAD_KHORASANI
Khorasan Turkic,khor1269,MARESHK_KHORASANI,Alt.TURKIC.MARESHK_KHORASANI
Khorasan Turkic,khor1269,JONK_KHORASANI,Alt.TURKIC.JONK_KHORASANI
Khorasan Turkic,khor1269,GUJGI_KHORASANI,Alt.TURKIC.GUJGI_KHORASANI
Khorasan Turkic,khor1269,CHARAM_SARJAM_KHORASANI,Alt.TURKIC.CHARAM_SARJAM_KHORASANI
Khorasan Turkic,khor1269,QARA_BAGH_KHORASANI,Alt.TURKIC.QARA_BAGH_KHORASANI
Khorasan Turkic,khor1269,LANGAR_KHORASANI,Alt.TURKIC.LANGAR_KHORASANI
Khorasan Turkic,khor1269,RUH_ABAD_KHORASANI,Alt.TURKIC.RUH_ABAD_KHORASANI
Khorasan Turkic,khor1269,PIR_KOMAJ_KHORASANI,Alt.TURKIC.PIR_KOMAJ_KHORASANI
Khorasan Turkic,khor1269,HARW_E_OLYA_KHORASANI,Alt.TURKIC.HARW_E_OLYA_KHORASANI
Khorasan Turkic,khor1269,JOGHATAY_KHORASANI,Alt.TURKIC.JOGHATAY_KHORASANI
Khorasan Turkic,khor1269,HOKM_ABAD_KHORASANI,Alt.TURKIC.HOKM_ABAD_KHORASANI
Khorasan Turkic,khor1269,SOLTAN_ABAD_KHORASANI,Alt.TURKIC.SOLTAN_ABAD_KHORASANI
Taiap,taia1239,TAIAP,Gap.GAPUN.TAIAP
Taiap,taia1239,TAYAP,Gap.GAPUN.TAYAP
Kiowa,kiow1266,KIOWA,KT.KIOWA_TANOAN.KIOWA
Southern Tiwa,sout2961,TIWA_SOUTHERN,KT.KIOWA_TANOAN.TIWA_SOUTHERN
Taos Northern Tiwa,nort1550,TIWA_NORTHERN_PICURIS,KT.KIOWA_TANOAN.TIWA_NORTHERN_PICURIS
Taos Northern Tiwa,nort1550,TIWA_NORTHERN_TAOS,KT.KIOWA_TANOAN.TIWA_NORTHERN_TAOS
Towa,jeme1245,JEMEZ,KT.KIOWA_TANOAN.JEMEZ
Rio Grande Tewa,tewa1260,TEWA_ARIZONA,KT.KIOWA_TANOAN.TEWA_ARIZONA
Rio Grande Tewa,tewa1260,TEWA_SAN_JUAN_PUEBLO,KT.KIOWA_TANOAN.TEWA_SAN_JUAN_PUEBLO
Rio Grande Tewa,tewa1260,TEWA_SANTA_CLARA,KT.KIOWA_TANOAN.TEWA_SANTA_CLARA
Puquina,puqu1242,PUQUINA,Puq.PUQUINA.PUQUINA
Heritage Michif,mich1243,MICHIF,Alg.ALGONQUIAN.MICHIF
Mbugu,mbug1240,INNER_MBUGU_BUMBULI,AA.SOUTHERN_CUSHITIC.INNER_MBUGU_BUMBULI
Mbugu,mbug1240,NORMAL_MBUGU,AA.SOUTHERN_CUSHITIC.NORMAL_MBUGU
Northwestern Kolami,nort2699,NORTHWESTERN_KOLAMI,Dra.CENTRAL_DRAVIDIAN.NORTHWESTERN_KOLAMI
Duruwa,duru1236,PARJI,Dra.CENTRAL_DRAVIDIAN.PARJI
Brahui,brah1256,BRAHUI,Dra.NORTHERN_DRAVIDIAN.BRAHUI
Kumarbhag Paharia,kuma1274,KUMARBHAG_PAHARIA,Dra.NORTHERN_DRAVIDIAN.KUMARBHAG_PAHARIA
Sauria Paharia,saur1249,SAURIA_PAHARIA,Dra.NORTHERN_DRAVIDIAN.SAURIA_PAHARIA
Kurukh,kuru1301,KURUKH,Dra.NORTHERN_DRAVIDIAN.KURUKH
Kurukh,kuru1301,KURUX_NEPALI,Dra.NORTHERN_DRAVIDIAN.KURUX_NEPALI
Telugu,telu1262,TELUGU,Dra.SOUTH_CENTRAL_DRAVIDIAN.TELUGU
Telugu,telu1262,TELUGU_2,Dra.SOUTH_CENTRAL_DRAVIDIAN.TELUGU_2
Kui (India),kuii1252,KUI,Dra.SOUTH_CENTRAL_DRAVIDIAN.KUI
Kuvi,kuvi1243,KUVI,Dra.SOUTH_CENTRAL_DRAVIDIAN.KUVI
Manda (India),mand1413,MANDA_INDIA,Dra.SOUTH_CENTRAL_DRAVIDIAN.MANDA_INDIA
Pengo,peng1244,PENGO,Dra.SOUTH_CENTRAL_DRAVIDIAN.PENGO
Dandami Maria,dand1238,SOUTH_BASTAR_GONDI,Dra.SOUTH_CENTRAL_DRAVIDIAN.SOUTH_BASTAR_GONDI
Koya,koya1251,DORLI_GONDI,Dra.SOUTH_CENTRAL_DRAVIDIAN.DORLI_GONDI
Maria (India),mari1414,ABUJHMARIA,Dra.SOUTH_CENTRAL_DRAVIDIAN.ABUJHMARIA
Maria (India),mari1414,HILL_MARIA_GONDI,Dra.SOUTH_CENTRAL_DRAVIDIAN.HILL_MARIA_GONDI
Aheri Gondi,aher1237,SOUTH_EASTERN_GONDI,Dra.SOUTH_CENTRAL_DRAVIDIAN.SOUTH_EASTERN_GONDI
Adilabad Gondi,utno1237,SOUTHERN_GONDI_2,Dra.SOUTH_CENTRAL_DRAVIDIAN.SOUTHERN_GONDI_2
Adilabad Gondi,utno1237,ADILABAD_GONDI,Dra.SOUTH_CENTRAL_DRAVIDIAN.ADILABAD_GONDI
Adilabad Gondi,utno1237,SOUTHERN_GONDI,Dra.SOUTH_CENTRAL_DRAVIDIAN.SOUTHERN_GONDI
Aheri Gondi,aher1237,NORTH_BASTAR_GONDI,Dra.SOUTH_CENTRAL_DRAVIDIAN.NORTH_BASTAR_GONDI
Northern Gondi,nort2702,WESTERN_GONDI,Dra.SOUTH_CENTRAL_DRAVIDIAN.WESTERN_GONDI
Northern Gondi,nort2702,NORTHERN_GONDI,Dra.SOUTH_CENTRAL_DRAVIDIAN.NORTHERN_GONDI
Korra Koraga,korr1238,KORAGA_KORRA,Dra.SOUTHERN_DRAVIDIAN.KORAGA_KORRA
Tulu-Bohuai,tulu1259,TULU,Dra.SOUTHERN_DRAVIDIAN.TULU
Badaga,bada1257,BADAGA,Dra.SOUTHERN_DRAVIDIAN.BADAGA
Kannada,nucl1305,KANNADA,Dra.SOUTHERN_DRAVIDIAN.KANNADA
Ravula,ravu1237,RAVULA,Dra.SOUTHERN_DRAVIDIAN.RAVULA
Betta Kurumba,bett1235,BETTA_KURUMBA,Dra.SOUTHERN_DRAVIDIAN.BETTA_KURUMBA
Alu Kurumba,aluk1238,KURUMBA_ALU,Dra.SOUTHERN_DRAVIDIAN.KURUMBA_ALU
Toda,toda1252,TODA,Dra.SOUTHERN_DRAVIDIAN.TODA
Irula of the Nilgiri,irul1243,IRULA,Dra.SOUTHERN_DRAVIDIAN.IRULA
Old Tamil,oldt1248,OLD_TAMIL,Dra.SOUTHERN_DRAVIDIAN.OLD_TAMIL
Tamil,tami1289,TAMIL,Dra.SOUTHERN_DRAVIDIAN.TAMIL
Malayalam,mala1464,MALAYALAM,Dra.SOUTHERN_DRAVIDIAN.MALAYALAM
Paliyan,pali1274,PALIYAN,Dra.SOUTHERN_DRAVIDIAN.PALIYAN
Ullatan,ulla1237,ULLATAN,Dra.SOUTHERN_DRAVIDIAN.ULLATAN
Karirí-Xocó,kari1255,KARIRI,Kri.KARIRI.KARIRI
Illyrian,illy1234,ILLYRIAN,IE.ILLYRIAN.ILLYRIAN
Mogholi,mogh1245,MOGHOL,Alt.MONGOLIC.MOGHOL
Dagur,daur1238,TACHENG_DAGUR,Alt.MONGOLIC.TACHENG_DAGUR
Dagur,daur1238,DAUR,Alt.MONGOLIC.DAUR
East Yugur,east2337,SHIRA_YUGUR,Alt.MONGOLIC.SHIRA_YUGUR
Mongghul,huzh1238,MONGUOR,Alt.MONGOLIC.MONGUOR
Bonan,bona1250,BONAN,Alt.MONGOLIC.BONAN
Kangjia,kang1281,KANGJIA,Alt.MONGOLIC.KANGJIA
Dongxiang,dong1285,SANTA_MONGOLIAN,Alt.MONGOLIC.SANTA_MONGOLIAN
Khamnigan Mongol,kham1281,KHAMNIGAN_MONGOL,Alt.MONGOLIC.KHAMNIGAN_MONGOL
Oirad-Kalmyk-Darkhat,kalm1243,KALMYK,Alt.MONGOLIC.KALMYK
Mongolia Buriat,mong1330,BURIAT_MONGOLIA,Alt.MONGOLIC.BURIAT_MONGOLIA
Russia Buriat,russ1264,BURIAT_RUSSIA,Alt.MONGOLIC.BURIAT_RUSSIA
Peripheral Mongolian,peri1253,KALAQIN,Alt.MONGOLIC.KALAQIN
Halh Mongolian,halh1238,MONGOLIAN,Alt.MONGOLIC.MONGOLIAN
Oroch,oroc1248,OROCHI,Alt.TUNGUSIC.OROCHI
Udihe,udih1248,UDEHE,Alt.TUNGUSIC.UDEHE
Nanai,nana1257,HEZHE,Alt.TUNGUSIC.HEZHE
Nanai,nana1257,NANAI_CHINA,Alt.TUNGUSIC.NANAI_CHINA
Nanai,nana1257,NAYKHIN_NANAI,Alt.TUNGUSIC.NAYKHIN_NANAI
Nanai,nana1257,NANAI,Alt.TUNGUSIC.NANAI
Orok,orok1265,UILTA,Alt.TUNGUSIC.UILTA
Ulch,ulch1241,ULCHA,Alt.TUNGUSIC.ULCHA
Jurchen,jurc1239,JURCHEN,Alt.TUNGUSIC.JURCHEN
Xibe,xibe1242,SIBE_MANCHU,Alt.TUNGUSIC.SIBE_MANCHU
Xibe,xibe1242,XIBE,Alt.TUNGUSIC.XIBE
Manchu,manc1252,AIHUI_MANCHU,Alt.TUNGUSIC.AIHUI_MANCHU
Manchu,manc1252,MANCHU_2,Alt.TUNGUSIC.MANCHU_2
Manchu,manc1252,MANCHU,Alt.TUNGUSIC.MANCHU
Manchu,manc1252,MANCHU_3,Alt.TUNGUSIC.MANCHU_3
Even,even1260,EWEN,Alt.TUNGUSIC.EWEN
Even,even1260,EVEN,Alt.TUNGUSIC.EVEN
Evenki,even1259,KUR_URMI,Alt.TUNGUSIC.KUR_URMI
Evenki,even1259,EWENKI_2,Alt.TUNGUSIC.EWENKI_2
Negidal,negi1245,NEGIDAL,Alt.TUNGUSIC.NEGIDAL
Negidal,negi1245,NEGIDAL_VERCHOVSKI,Alt.TUNGUSIC.NEGIDAL_VERCHOVSKI
Oroqen,oroq1238,OROQEN,Alt.TUNGUSIC.OROQEN
Evenki,even1259,SOLON,Alt.TUNGUSIC.SOLON
Evenki,even1259,EWENKI_1,Alt.TUNGUSIC.EWENKI_1
Evenki,even1259,EVENKI_POLIGUS_LITERARY,Alt.TUNGUSIC.EVENKI_POLIGUS_LITERARY
Etruscan,etru1241,ETRUSCAN,Etr.ETRUSCAN.ETRUSCAN
West Itelmen,itel1242,N_ITELMEN,CK.SOUTHERN_CHUKOTKO_KAMCHATKAN.N_ITELMEN
West Itelmen,itel1242,S_ITELMEN,CK.SOUTHERN_CHUKOTKO_KAMCHATKAN.S_ITELMEN
Alutor,alut1245,ALUTOR,CK.NORTHERN_CHUKOTKO_KAMCHATKAN.ALUTOR
Chukchi,chuk1273,CHUKCHEE,CK.NORTHERN_CHUKOTKO_KAMCHATKAN.CHUKCHEE
Koryak,kory1246,KORYAK,CK.NORTHERN_CHUKOTKO_KAMCHATKAN.KORYAK
Welsh,wels1247,WELSH,IE.CELTIC.WELSH
Breton,bret1244,BRETON,IE.CELTIC.BRETON
Cornish,corn1251,CORNISH,IE.CELTIC.CORNISH
Scottish Gaelic,scot1245,GAELIC_SCOTTISH,IE.CELTIC.GAELIC_SCOTTISH
Manx,manx1243,MANX,IE.CELTIC.MANX
,,IRISH_GAELIC,IE.CELTIC.IRISH_GAELIC
Early Irish,oldi1245,OLD_IRISH,IE.CELTIC.OLD_IRISH
Gheg Albanian,gheg1238,ALBANIAN_GHEG,IE.ALBANIAN.ALBANIAN_GHEG
Northern Tosk Albanian,tosk1239,ALBANIAN,IE.ALBANIAN.ALBANIAN
Northern Tosk Albanian,tosk1239,ALBANIAN_TOSK,IE.ALBANIAN.ALBANIAN_TOSK
Latin,lati1261,LATIN,IE.ROMANCE.LATIN
Aromanian,arom1237,VLACH,IE.ROMANCE.VLACH
Aromanian,arom1237,TURIA_AROMANIAN,IE.ROMANCE.TURIA_AROMANIAN
Megleno-Romanian,megl1237,ROMANIAN_MEGLENO,IE.ROMANCE.ROMANIAN_MEGLENO
Romanian,roma1327,ROMANIAN,IE.ROMANCE.ROMANIAN
Romanian,roma1327,ROMANIAN_2,IE.ROMANCE.ROMANIAN_2
Corsican,cors1241,CORSICAN,IE.ROMANCE.CORSICAN
Campidanese Sardinian,camp1261,SARDINIAN_CAMPIDANESE,IE.ROMANCE.SARDINIAN_CAMPIDANESE
,,SARDINIAN,IE.ROMANCE.SARDINIAN
Logudorese Sardinian,logu1236,SARDINIAN_LOGUDARESE,IE.ROMANCE.SARDINIAN_LOGUDARESE
Dalmatian,dalm1243,DALMATIAN,IE.ROMANCE.DALMATIAN
Sicilian,sici1248,SICILIAN_UnnamedInSource,IE.ROMANCE.SICILIAN_UnnamedInSource
Italian,ital1282,ITALIAN_GROSSETO_TUSCAN,IE.ROMANCE.ITALIAN_GROSSETO_TUSCAN
Continental Southern Italian,neap1235,NEAPOLITAN_CALABRESE,IE.ROMANCE.NEAPOLITAN_CALABRESE
Italian,ital1282,ITALIAN,IE.ROMANCE.ITALIAN
Aragonese,arag1245,ARAGONESE,IE.ROMANCE.ARAGONESE
Catalan,stan1289,VALENCIAN,IE.ROMANCE.VALENCIAN
Catalan,stan1289,BALEAR_CATALAN,IE.ROMANCE.BALEAR_CATALAN
Catalan,stan1289,CATALAN,IE.ROMANCE.CATALAN
Catalan,stan1289,CATALAN_2,IE.ROMANCE.CATALAN_2
Occitan,occi1239,GASCON,IE.ROMANCE.GASCON
Occitan,occi1239,LANGUEDOCIEN,IE.ROMANCE.LANGUEDOCIEN
Occitan,occi1239,OCCITAN_ARANESE,IE.ROMANCE.OCCITAN_ARANESE
Galician,gali1258,GALICIAN,IE.ROMANCE.GALICIAN
Portuguese,port1283,PORTUGUESE,IE.ROMANCE.PORTUGUESE
Asturian-Leonese-Cantabrian,astu1245,ASTURIAN,IE.ROMANCE.ASTURIAN
Spanish,stan1288,SPANISH,IE.ROMANCE.SPANISH
Ladino,ladi1251,JUDEO_ESPAGNOL,IE.ROMANCE.JUDEO_ESPAGNOL
Emiliano,emil1241,EMILIANO_FERRARESE,IE.ROMANCE.EMILIANO_FERRARESE
Romagnol,roma1328,ROMAGNOL_RAVENNATE,IE.ROMANCE.ROMAGNOL_RAVENNATE
Emiliano,emil1241,EMILIANO_CARPIGIANO,IE.ROMANCE.EMILIANO_CARPIGIANO
Emiliano,emil1241,EMILIANO_REGGIANO,IE.ROMANCE.EMILIANO_REGGIANO
Ligurian,ligu1248,LIGURIAN_RAPALLO,IE.ROMANCE.LIGURIAN_RAPALLO
Ligurian,ligu1248,LIGURIAN_STELLA,IE.ROMANCE.LIGURIAN_STELLA
Ligurian,ligu1248,LIGURIAN_GENOESE,IE.ROMANCE.LIGURIAN_GENOESE
Piemontese,piem1238,PIEMONTESE_VERCELLESE,IE.ROMANCE.PIEMONTESE_VERCELLESE
Lombard,lomb1257,LOMBARD_PLESIO,IE.ROMANCE.LOMBARD_PLESIO
Lombard,lomb1257,LOMBARD_BERGAMO,IE.ROMANCE.LOMBARD_BERGAMO
Piemontese,piem1238,PIEMONTESE_BARBANIA,IE.ROMANCE.PIEMONTESE_BARBANIA
Piemontese,piem1238,PIEMONTESE_CARMAGNOLA,IE.ROMANCE.PIEMONTESE_CARMAGNOLA
Piemontese,piem1238,PIEMONTESE_LANZO_TORINESE,IE.ROMANCE.PIEMONTESE_LANZO_TORINESE
Friulian,friu1240,FRIULIAN,IE.ROMANCE.FRIULIAN
Ladin,ladi1250,NONES,IE.ROMANCE.NONES
Ladin,ladi1250,NONES_FASSANO,IE.ROMANCE.NONES_FASSANO
Ladin,ladi1250,NONES_GARDENESE,IE.ROMANCE.NONES_GARDENESE
Arpitan,fran1260,ARPITAN,IE.ROMANCE.ARPITAN
French,stan1290,FRENCH,IE.ROMANCE.FRENCH
Romansh,roma1326,ROMANSH_SURSILVAN,IE.ROMANCE.ROMANSH_SURSILVAN
Romansh,roma1326,ROMANSH_VALLADER,IE.ROMANCE.ROMANSH_VALLADER
Romansh,roma1326,ROMANSH_GRISHUN,IE.ROMANCE.ROMANSH_GRISHUN
Romansh,roma1326,ROMANSH_SURMIRAN,IE.ROMANCE.ROMANSH_SURMIRAN
Old Prussian,prus1238,OLD_PRUSSIAN,IE.BALTIC.OLD_PRUSSIAN
Standard Latvian,stan1325,LATVIAN,IE.BALTIC.LATVIAN
Lithuanian,lith1251,LITHUANIAN,IE.BALTIC.LITHUANIAN
Slovenian,slov1268,SLOVENIAN,IE.SLAVIC.SLOVENIAN
Bosnian Standard,bosn1245,BOSNIAN,IE.SLAVIC.BOSNIAN
Croatian Standard,croa1245,CROATIAN,IE.SLAVIC.CROATIAN
Serbian-Croatian-Bosnian,sout1528,SERBOCROATIAN,IE.SLAVIC.SERBOCROATIAN
Church Slavic,chur1257,OLD_CHURCH_SLAVONIC,IE.SLAVIC.OLD_CHURCH_SLAVONIC
Bulgarian,bulg1262,BULGARIAN,IE.SLAVIC.BULGARIAN
Macedonian,mace1250,MACEDONIAN,IE.SLAVIC.MACEDONIAN
Macedonian,mace1250,NASHTA,IE.SLAVIC.NASHTA
Ukrainian,ukra1253,UKRAINIAN,IE.SLAVIC.UKRAINIAN
Belarusian,bela1254,BELARUSIAN,IE.SLAVIC.BELARUSIAN
Russian,russ1263,NINILCHIK_RUSSIAN,IE.SLAVIC.NINILCHIK_RUSSIAN
Russian,russ1263,RUSSIAN,IE.SLAVIC.RUSSIAN
Slovak,slov1269,SLOVAK,IE.SLAVIC.SLOVAK
Czech,czec1258,CZECH,IE.SLAVIC.CZECH
Kashubian,kash1274,KASHUBIAN,IE.SLAVIC.KASHUBIAN
Polish,poli1260,POLISH,IE.SLAVIC.POLISH
Upper Sorbian,uppe1395,UPPER_SORBIAN,IE.SLAVIC.UPPER_SORBIAN
Lower Sorbian,lowe1385,LOWER_SORBIAN,IE.SLAVIC.LOWER_SORBIAN
Lower Sorbian,lowe1385,LOWER_SORBIAN_2,IE.SLAVIC.LOWER_SORBIAN_2
Ionic-Attic Ancient Greek,anci1242,GREEK_ANCIENT,IE.GREEK.GREEK_ANCIENT
Modern Greek,mode1248,GREEK,IE.GREEK.GREEK
Hittite,hitt1242,HITTITE,IE.ANATOLIAN.HITTITE
Palaic,pala1331,PALAIC,IE.ANATOLIAN.PALAIC
Tokharian A,tokh1242,TOCHARIAN_A,IE.TOCHARIAN.TOCHARIAN_A
,,COMMON_TOCHARIAN,IE.TOCHARIAN.COMMON_TOCHARIAN
Tokharian B,tokh1243,TOCHARIAN_B,IE.TOCHARIAN.TOCHARIAN_B
Gothic,goth1244,GOTHIC,IE.GERMANIC.GOTHIC
Danish,dani1285,DANISH,IE.GERMANIC.DANISH
Swedish,swed1254,JAMTLANDIC,IE.GERMANIC.JAMTLANDIC
Swedish,swed1254,SWEDISH,IE.GERMANIC.SWEDISH
Old Norse,oldn1244,OLD_NORSE,IE.GERMANIC.OLD_NORSE
Faroese,faro1244,FAROESE,IE.GERMANIC.FAROESE
Icelandic,icel1247,ICELANDIC,IE.GERMANIC.ICELANDIC
Norwegian,norw1258,NORWEGIAN_NYNORSK_TOTEN,IE.GERMANIC.NORWEGIAN_NYNORSK_TOTEN
Norwegian,norw1258,NORWEGIAN_BOKMAAL,IE.GERMANIC.NORWEGIAN_BOKMAAL
Norwegian,norw1258,NORWEGIAN_RIKSMAL,IE.GERMANIC.NORWEGIAN_RIKSMAL
Norwegian,norw1258,GJESTAL_NORWEGIAN,IE.GERMANIC.GJESTAL_NORWEGIAN
Norwegian,norw1258,SANDNES_NORWEGIAN,IE.GERMANIC.SANDNES_NORWEGIAN
Old English (ca. 450-1100),olde1238,OLD_ENGLISH,IE.GERMANIC.OLD_ENGLISH
English,stan1293,ENGLISH,IE.GERMANIC.ENGLISH
Scots,scot1243,SCOTS,IE.GERMANIC.SCOTS
Western Frisian,west2354,FRISIAN_WESTERN,IE.GERMANIC.FRISIAN_WESTERN
Northern Frisian,nort2626,NORTH_FRISIAN_AMRUM,IE.GERMANIC.NORTH_FRISIAN_AMRUM
Old Frisian,oldf1241,OLD_FRISIAN,IE.GERMANIC.OLD_FRISIAN
Old Saxon,olds1250,OLD_SAXON,IE.GERMANIC.OLD_SAXON
Plautdietsch,plau1238,PLAUTDIETSCH,IE.GERMANIC.PLAUTDIETSCH
German Northern Low Saxon,nort2628,EASTERN_FRISIAN,IE.GERMANIC.EASTERN_FRISIAN
Stellingwerfs,stel1238,STELLINGWERFS,IE.GERMANIC.STELLINGWERFS
Eastern Low German,nort2627,NORTHERN_LOW_SAXON,IE.GERMANIC.NORTHERN_LOW_SAXON
,,OLD_LOW_FRANCONIAN,IE.GERMANIC.OLD_LOW_FRANCONIAN
Old High German (ca. 750-1050),oldh1241,OLD_HIGH_GERMAN,IE.GERMANIC.OLD_HIGH_GERMAN
Eastern Yiddish,east2295,YIDDISH_EASTERN,IE.GERMANIC.YIDDISH_EASTERN
Western Yiddish,west2361,YIDDISH_WESTERN,IE.GERMANIC.YIDDISH_WESTERN
Cimbrian,cimb1238,CIMBRIAN,IE.GERMANIC.CIMBRIAN
Central Alemannic,swis1247,ALSATIAN,IE.GERMANIC.ALSATIAN
Central Alemannic,swis1247,BERNESE_GERMAN,IE.GERMANIC.BERNESE_GERMAN
Swabian,swab1242,SWABIAN,IE.GERMANIC.SWABIAN
Limburgan,limb1263,LIMBURGISH,IE.GERMANIC.LIMBURGISH
Moselle Franconian,luxe1241,LUXEMBOURGISH,IE.GERMANIC.LUXEMBOURGISH
Central East Middle German,uppe1400,SAXON_UPPER,IE.GERMANIC.SAXON_UPPER
German,stan1295,STANDARD_GERMAN,IE.GERMANIC.STANDARD_GERMAN
Afrikaans,afri1274,AFRIKAANS,IE.GERMANIC.AFRIKAANS
Dutch,dutc1256,DUTCH,IE.GERMANIC.DUTCH
Dutch,dutc1256,BRABANTIC,IE.GERMANIC.BRABANTIC
Zeeuws,zeeu1238,ZEEUWS,IE.GERMANIC.ZEEUWS
Western Flemish,vlaa1240,FRANS_VLAAMS,IE.GERMANIC.FRANS_VLAAMS
Western Flemish,vlaa1240,WESTVLAAMS,IE.GERMANIC.WESTVLAAMS
Classical-Middle Armenian,clas1249,ARMENIAN_CLASSICAL,IE.ARMENIAN.ARMENIAN_CLASSICAL
Eastern Armenian,nucl1235,EASTERN_ARMENIAN,IE.ARMENIAN.EASTERN_ARMENIAN
Western Armenian,homs1234,WESTERN_ARMENIAN,IE.ARMENIAN.WESTERN_ARMENIAN
Old Persian (ca. 600-400 B.C.),oldp1254,OLD_PERSIAN,IE.IRANIAN.OLD_PERSIAN
Judeo-Tat,jude1256,JUDEO_TAT,IE.IRANIAN.JUDEO_TAT
Judeo-Tat,jude1256,JUDEO_TAT_2,IE.IRANIAN.JUDEO_TAT_2
Western Farsi,west2369,PERSIAN,IE.IRANIAN.PERSIAN
Dari,dari1249,EASTERN_FARSI,IE.IRANIAN.EASTERN_FARSI
Tajik,taji1245,TAJIK,IE.IRANIAN.TAJIK
Eastern Balochi,east2304,BALOCHI_EASTERN,IE.IRANIAN.BALOCHI_EASTERN
Western Balochi,west2368,BALOCHI_WESTERN,IE.IRANIAN.BALOCHI_WESTERN
Gurani,gura1251,GURANI,IE.IRANIAN.GURANI
Kirmanjki,kirm1248,KIRMANJKI,IE.IRANIAN.KIRMANJKI
Central Kurdish,cent1972,KURDISH_CENTRAL,IE.IRANIAN.KURDISH_CENTRAL
Northern Kurdish,nort2641,KURDISH_KURMANJI,IE.IRANIAN.KURDISH_KURMANJI
Khunsaric,khun1255,MEYMAI,IE.IRANIAN.MEYMAI
Natanzic,nata1252,NATANZI,IE.IRANIAN.NATANZI
North-Central Talysh,taly1247,TALYSH,IE.IRANIAN.TALYSH
Vafsi,vafs1240,VAFSI,IE.IRANIAN.VAFSI
Gilaki,gila1241,GILAKI,IE.IRANIAN.GILAKI
Shahmirzadi,shah1253,SHAHMIRZADI,IE.IRANIAN.SHAHMIRZADI
Sorkhei-Aftari,sork1239,SORKHEI,IE.IRANIAN.SORKHEI
Sangisari,sang1315,SANGISARI,IE.IRANIAN.SANGISARI
Lasgerdi,lasg1238,LASGERDI,IE.IRANIAN.LASGERDI
Semnani-Biyabuneki,semn1249,SEMNANI,IE.IRANIAN.SEMNANI
Yagnobi,yagn1238,YAGHNOBI,IE.IRANIAN.YAGHNOBI
Avestan,aves1237,AVESTAN,IE.IRANIAN.AVESTAN
Avestan,aves1237,AVESTAN_2,IE.IRANIAN.AVESTAN_2
Iron Ossetian,iron1242,DIGOR_OSSETIAN,IE.IRANIAN.DIGOR_OSSETIAN
Iron Ossetian,iron1242,IRON_OSSETIAN,IE.IRANIAN.IRON_OSSETIAN
Sarikoli,sari1246,SARIKOLI,IE.IRANIAN.SARIKOLI
Shughni,shug1248,SHUGHNI,IE.IRANIAN.SHUGHNI
Munji,munj1244,MUNJANI,IE.IRANIAN.MUNJANI
Yidgha,yidg1240,YIDGHA,IE.IRANIAN.YIDGHA
Wakhi,wakh1245,ISHKOMAN_WAKHI,IE.IRANIAN.ISHKOMAN_WAKHI
Wakhi,wakh1245,YASIN_WAKHI,IE.IRANIAN.YASIN_WAKHI
Wakhi,wakh1245,CHAPURSAN_WAKHI,IE.IRANIAN.CHAPURSAN_WAKHI
Wakhi,wakh1245,CENTRAL_GOJAL_WAKHI,IE.IRANIAN.CENTRAL_GOJAL_WAKHI
Wakhi,wakh1245,SHIMSAL_WAKHI,IE.IRANIAN.SHIMSAL_WAKHI
Ormuri,ormu1247,ORMURI,IE.IRANIAN.ORMURI
Parachi,para1299,PARACHI,IE.IRANIAN.PARACHI
Waneci,wane1241,WANECI,IE.IRANIAN.WANECI
Southern Pashto,sout2649,KANDAHAR_PASHTO,IE.IRANIAN.KANDAHAR_PASHTO
Southern Pashto,sout2649,PISHIN_PASHTO,IE.IRANIAN.PISHIN_PASHTO
Southern Pashto,sout2649,QUETTA_PASHTO,IE.IRANIAN.QUETTA_PASHTO
Southern Pashto,sout2649,CHAMAN_PASHTO,IE.IRANIAN.CHAMAN_PASHTO
Southern Pashto,sout2649,PASHIN_KAKARI_PASHTO,IE.IRANIAN.PASHIN_KAKARI_PASHTO
Northern Pashto,nort2646,NINGRAHAR_PASHTO,IE.IRANIAN.NINGRAHAR_PASHTO
Northern Pashto,nort2646,HANGU_PASHTO,IE.IRANIAN.HANGU_PASHTO
Northern Pashto,nort2646,SHINWARI_PASHTO,IE.IRANIAN.SHINWARI_PASHTO
Northern Pashto,nort2646,PARACHINAR_PASHTO,IE.IRANIAN.PARACHINAR_PASHTO
Northern Pashto,nort2646,ZAKHA_KHEL_AFRIDI_PASHTO,IE.IRANIAN.ZAKHA_KHEL_AFRIDI_PASHTO
Northern Pashto,nort2646,THAL_PASHTO,IE.IRANIAN.THAL_PASHTO
Northern Pashto,nort2646,JAMRUD_AFRIDI_PASHTO,IE.IRANIAN.JAMRUD_AFRIDI_PASHTO
Northern Pashto,nort2646,TIRAH_AFRIDI_PASHTO,IE.IRANIAN.TIRAH_AFRIDI_PASHTO
Central Pashto,cent1973,LAKKI_MARWAT_PASHTO,IE.IRANIAN.LAKKI_MARWAT_PASHTO
Central Pashto,cent1973,KARAK_PASHTO,IE.IRANIAN.KARAK_PASHTO
Central Pashto,cent1973,BANNU_PASHTO,IE.IRANIAN.BANNU_PASHTO
Central Pashto,cent1973,WANA_PASHTO,IE.IRANIAN.WANA_PASHTO
Central Pashto,cent1973,MIRAN_SHAH_PASHTO,IE.IRANIAN.MIRAN_SHAH_PASHTO
Northern Pashto,nort2646,BAR_PASHTO,IE.IRANIAN.BAR_PASHTO
Northern Pashto,nort2646,MALLAGORI_PASHTO,IE.IRANIAN.MALLAGORI_PASHTO
Northern Pashto,nort2646,MOHMAND_PASHTO,IE.IRANIAN.MOHMAND_PASHTO
Northern Pashto,nort2646,MARDAN_PASHTO,IE.IRANIAN.MARDAN_PASHTO
Northern Pashto,nort2646,DIR_PASHTO,IE.IRANIAN.DIR_PASHTO
Northern Pashto,nort2646,BAJAUR_PASHTO,IE.IRANIAN.BAJAUR_PASHTO
Northern Pashto,nort2646,MINGORA_PASHTO,IE.IRANIAN.MINGORA_PASHTO
Northern Pashto,nort2646,MADYAN_PASHTO,IE.IRANIAN.MADYAN_PASHTO
Northern Pashto,nort2646,OGHI_PASHTO,IE.IRANIAN.OGHI_PASHTO
Northern Pashto,nort2646,BAFFA_PASHTO,IE.IRANIAN.BAFFA_PASHTO
Northern Pashto,nort2646,BATAGRAM_PASHTO,IE.IRANIAN.BATAGRAM_PASHTO
Northern Pashto,nort2646,SWABI_PASHTO,IE.IRANIAN.SWABI_PASHTO
Northern Pashto,nort2646,CHERAT_PASHTO,IE.IRANIAN.CHERAT_PASHTO
Northern Pashto,nort2646,JALLOZAI_PASHTO,IE.IRANIAN.JALLOZAI_PASHTO
Northern Pashto,nort2646,PESHAWAR_PASHTO,IE.IRANIAN.PESHAWAR_PASHTO
Northern Pashto,nort2646,NORTHERN_PASHTO,IE.IRANIAN.NORTHERN_PASHTO
Northern Pashto,nort2646,CHARSADDA_PASHTO,IE.IRANIAN.CHARSADDA_PASHTO
Katë,kati1270,EASTERN_KATIVIRI,IE.NURISTANI.EASTERN_KATIVIRI
Kamviri,kamv1242,SHEKHANI,IE.NURISTANI.SHEKHANI
Dhivehi,dhiv1236,MALDIVIAN,IE.INDIC.MALDIVIAN
Sinhala,sinh1246,SINHALA,IE.INDIC.SINHALA
Veddah,vedd1240,VEDDA,IE.INDIC.VEDDA
Sanskrit,sans1269,SANSKRIT,IE.INDIC.SANSKRIT
Odia,oriy1255,ORIYA,IE.INDIC.ORIYA
Assamese,assa1263,ASSAMESE,IE.INDIC.ASSAMESE
Rajbanshi,rajb1243,RAJBANSHI,IE.INDIC.RAJBANSHI
Bengali,beng1280,BENGALI,IE.INDIC.BENGALI
Chakma,chak1266,CHAKMA_UnnamedInSource,IE.INDIC.CHAKMA_UnnamedInSource
Kumaoni,kuma1273,KUMAUNI,IE.INDIC.KUMAUNI
Nepali,nepa1254,NEPALI,IE.INDIC.NEPALI
Jaunsari,jaun1243,JAUNSARI,IE.INDIC.JAUNSARI
Mahasu Pahari,maha1287,PAHARI_MAHASU,IE.INDIC.PAHARI_MAHASU
Mandeali,mand1409,MANDEALI,IE.INDIC.MANDEALI
Pangwali,pang1282,PANGWALI,IE.INDIC.PANGWALI
Bhadrawahi,bhad1241,BHADRAWAHI,IE.INDIC.BHADRAWAHI
Churahi,chur1258,CHURAHI,IE.INDIC.CHURAHI
Bhattiyali,bhat1263,BHATTIYALI,IE.INDIC.BHATTIYALI
Chambeali,cham1307,CHAMBEALI,IE.INDIC.CHAMBEALI
Pali,pali1273,PALI,IE.INDIC.PALI
Maithili,mait1250,MAITHILI,IE.INDIC.MAITHILI
Sadri,sadr1248,SADRI,IE.INDIC.SADRI
Bhojpuri,bhoj1244,BHOIPURI,IE.INDIC.BHOIPURI
Bhojpuri,bhoj1244,BHOJPURI,IE.INDIC.BHOJPURI
Darai,dara1250,DARAI,IE.INDIC.DARAI
Kochariya-East Danuwar,koch1253,DANUWAR,IE.INDIC.DANUWAR
Darai,dara1250,DARAI_2,IE.INDIC.DARAI_2
Rana Tharu,rana1246,RANA,IE.INDIC.RANA
Chitwania Tharu,chit1274,CHITWAN,IE.INDIC.CHITWAN
Kochila Tharu,koch1247,MORANG,IE.INDIC.MORANG
Dangaura Tharu,dang1260,DANG,IE.INDIC.DANG
Konkan Marathi,konk1267,KONKANI,IE.INDIC.KONKANI
Marathi,mara1378,MARATHI,IE.INDIC.MARATHI
Domari,doma1258,DOMARI,IE.INDIC.DOMARI
Domari,doma1258,NAWAR_ZUTT,IE.INDIC.NAWAR_ZUTT
Domaaki,doma1260,DOMAAKI,IE.INDIC.DOMAAKI
Balkan Romani,balk1252,GREEK_ROMANY,IE.INDIC.GREEK_ROMANY
Balkan Romani,balk1252,SOFIA_ERLI_ROMANI,IE.INDIC.SOFIA_ERLI_ROMANI
Balkan Romani,balk1252,BUGURDZI_ROMANI,IE.INDIC.BUGURDZI_ROMANI
Vlax Romani,vlax1238,GURBET_ROMANI,IE.INDIC.GURBET_ROMANI
Vlax Romani,vlax1238,MACEDONIAN_DZAMBAZI_ROMANIAN,IE.INDIC.MACEDONIAN_DZAMBAZI_ROMANIAN
Vlax Romani,vlax1238,LOVARA_ROMANI,IE.INDIC.LOVARA_ROMANI
Vlax Romani,vlax1238,VLAX_ROMANI,IE.INDIC.VLAX_ROMANI
Balkan Romani,balk1252,SEPECIDES_ROMANI,IE.INDIC.SEPECIDES_ROMANI
Balkan Romani,balk1252,CRIMEAN_ROMANI,IE.INDIC.CRIMEAN_ROMANI
Balkan Romani,balk1252,URSARI_ROMANI,IE.INDIC.URSARI_ROMANI
Balkan Romani,balk1252,KOSOVO_ARLI_ROMANI,IE.INDIC.KOSOVO_ARLI_ROMANI
Balkan Romani,balk1252,MACEDONIAN_ARLI_ROMANI,IE.INDIC.MACEDONIAN_ARLI_ROMANI
Vlax Romani,vlax1238,BANATISKI_GURBET_ROMANI,IE.INDIC.BANATISKI_GURBET_ROMANI
Vlax Romani,vlax1238,SREMSKI_GURBET_ROMANI,IE.INDIC.SREMSKI_GURBET_ROMANI
Central Romani,carp1235,EAST_SLOVAK_ROMANI,IE.INDIC.EAST_SLOVAK_ROMANI
Kalo Finnish Romani,kalo1256,FINNISH_ROMANI,IE.INDIC.FINNISH_ROMANI
Sinte-Manus Romani,sint1235,DOLENJSKI_ROMANI,IE.INDIC.DOLENJSKI_ROMANI
Sinte-Manus Romani,sint1235,SINTI_ROMANI,IE.INDIC.SINTI_ROMANI
Central Romani,carp1235,GURVARI_ROMANI,IE.INDIC.GURVARI_ROMANI
Central Romani,carp1235,HUNGARIAN_VEND_ROMANI,IE.INDIC.HUNGARIAN_VEND_ROMANI
Central Romani,carp1235,ROMUNGRO_ROMANI,IE.INDIC.ROMUNGRO_ROMANI
Central Romani,carp1235,SELICE_ROMANI,IE.INDIC.SELICE_ROMANI
Central Romani,carp1235,BURGENLAND_ROMANI,IE.INDIC.BURGENLAND_ROMANI
Welsh Romani,wels1246,WELSH_ROMANI,IE.INDIC.WELSH_ROMANI
Baltic Romani,balt1257,LATVIAN_ROMANI,IE.INDIC.LATVIAN_ROMANI
Baltic Romani,balt1257,LITHUANIAN_ROMANI,IE.INDIC.LITHUANIAN_ROMANI
Baltic Romani,balt1257,NORTH_RUSSIAN_ROMANI,IE.INDIC.NORTH_RUSSIAN_ROMANI
Bundeli,bund1253,BUNDELI,IE.INDIC.BUNDELI
Haryanvi,hary1238,HARYANVI,IE.INDIC.HARYANVI
Hindi,hind1269,HINDI,IE.INDIC.HINDI
Urdu,urdu1245,URDU,IE.INDIC.URDU
Vaagri Booli,vaag1238,VAAGRI_BOLI,IE.INDIC.VAAGRI_BOLI
Gujarati,guja1252,GUJARATI,IE.INDIC.GUJARATI
Saurashtra,saur1248,SAURASHTRA,IE.INDIC.SAURASHTRA
Hadothi,hado1235,HADOTI,IE.INDIC.HADOTI
Lambadi,lamb1269,LAMANI,IE.INDIC.LAMANI
Marwari (India),marw1260,MARWARI,IE.INDIC.MARWARI
Gujari,guja1253,AGRA_GUJARI,IE.INDIC.AGRA_GUJARI
Gujari,guja1253,KAGHAN_GUJARI,IE.INDIC.KAGHAN_GUJARI
Gujari,guja1253,MENDHAR_GUJARI,IE.INDIC.MENDHAR_GUJARI
Gujari,guja1253,CENTRAL_AZAD_KASHMIR_GUJARI,IE.INDIC.CENTRAL_AZAD_KASHMIR_GUJARI
Gujari,guja1253,SOUTHERN_HAZARA_GUJARI,IE.INDIC.SOUTHERN_HAZARA_GUJARI
Gujari,guja1253,SOUTHERN_AZAD_KASHMIR_GUJARI,IE.INDIC.SOUTHERN_AZAD_KASHMIR_GUJARI
Gujari,guja1253,NORTHERN_AZAD_KASHMIR_GUJARI,IE.INDIC.NORTHERN_AZAD_KASHMIR_GUJARI
Gujari,guja1253,GILGIT_GUJARI,IE.INDIC.GILGIT_GUJARI
Gujari,guja1253,SETTLED_SWAT_GUJARI,IE.INDIC.SETTLED_SWAT_GUJARI
Gujari,guja1253,TRANSHUMANT_SWAT_GUJARI,IE.INDIC.TRANSHUMANT_SWAT_GUJARI
Gujari,guja1253,CHITRAL_GUJARI,IE.INDIC.CHITRAL_GUJARI
Gujari,guja1253,DIR_GUJARI,IE.INDIC.DIR_GUJARI
Gujari,guja1253,KUNAR_GUJARI,IE.INDIC.KUNAR_GUJARI
Eastern Panjabi,panj1256,PUNJABI_MAJHI,IE.INDIC.PUNJABI_MAJHI
Sansi,sans1271,SANSI,IE.INDIC.SANSI
Pahari Potwari,paha1251,PAHARI_POTWARI,IE.INDIC.PAHARI_POTWARI
Western Panjabi,west2386,WESTERN_PANJABI_SHAHPUR,IE.INDIC.WESTERN_PANJABI_SHAHPUR
Saraiki,sera1259,SERAIKI,IE.INDIC.SERAIKI
Southern Hindko,sout2668,TALAGANG_HINDKO,IE.INDIC.TALAGANG_HINDKO
Southern Hindko,sout2668,ATTOCK_CITY_HINDKO,IE.INDIC.ATTOCK_CITY_HINDKO
Southern Hindko,sout2668,ATTOCK,IE.INDIC.ATTOCK
Northern Hindko,nort2662,JAMMUN,IE.INDIC.JAMMUN
Southern Hindko,sout2668,PAKHA_GOLAM_HINDKO,IE.INDIC.PAKHA_GOLAM_HINDKO
Southern Hindko,sout2668,WAD_PAGGA_HINDKO,IE.INDIC.WAD_PAGGA_HINDKO
Southern Hindko,sout2668,KOHAT_CITY_HINDKO,IE.INDIC.KOHAT_CITY_HINDKO
Northern Hindko,nort2662,BALAKOT_HINDKO,IE.INDIC.BALAKOT_HINDKO
Northern Hindko,nort2662,SHERPUR_HINDKO,IE.INDIC.SHERPUR_HINDKO
Northern Hindko,nort2662,SINGO_DI_GARHI_HINDKO,IE.INDIC.SINGO_DI_GARHI_HINDKO
Southern Hindko,sout2668,PESHAWAR_CITY_HINDKO,IE.INDIC.PESHAWAR_CITY_HINDKO
Northern Hindko,nort2662,MANSEHRA_HINDKO,IE.INDIC.MANSEHRA_HINDKO
Kashmiri,kash1277,KASHMIRI,IE.INDIC.KASHMIRI
Dameli,dame1241,DAMELI,IE.INDIC.DAMELI
Dameli,dame1241,DAMELI_2,IE.INDIC.DAMELI_2
Gawar-Bati,gawa1247,GAWAR_BATI,IE.INDIC.GAWAR_BATI
Chitral Kalasha,kala1372,ZUGUNUK_KALASHA,IE.INDIC.ZUGUNUK_KALASHA
Chitral Kalasha,kala1372,GURU_KALASHA,IE.INDIC.GURU_KALASHA
Chitral Kalasha,kala1372,KRAKAL_KALASHA,IE.INDIC.KRAKAL_KALASHA
Khowar,khow1242,CHATORKHAND_KHOWAR,IE.INDIC.CHATORKHAND_KHOWAR
Khowar,khow1242,GARAM_CHISHMA_KHOWAR,IE.INDIC.GARAM_CHISHMA_KHOWAR
Khowar,khow1242,KESU_KHOWAR,IE.INDIC.KESU_KHOWAR
Khowar,khow1242,ODIR_KHOWAR,IE.INDIC.ODIR_KHOWAR
Khowar,khow1242,USHU_KHOWAR,IE.INDIC.USHU_KHOWAR
Khowar,khow1242,PARGAM_NISAR_KHOWAR,IE.INDIC.PARGAM_NISAR_KHOWAR
Indus Kohistani,indu1241,INDUS_KOHISTANI,IE.INDIC.INDUS_KOHISTANI
Indus Kohistani,indu1241,KOHISTANI_INDUS,IE.INDIC.KOHISTANI_INDUS
Gawri,kala1373,KALAMI,IE.INDIC.KALAMI
Torwali,torw1241,TORWALI,IE.INDIC.TORWALI
Sauji,savi1242,SAVI,IE.INDIC.SAVI
Kalkoti,kalk1245,KALKOTI,IE.INDIC.KALKOTI
Palula,phal1254,PURIGAL_PHALURA,IE.INDIC.PURIGAL_PHALURA
Palula,phal1254,BIORI_PHALURA,IE.INDIC.BIORI_PHALURA
Palula,phal1254,ASHRET_PHALURA,IE.INDIC.ASHRET_PHALURA
Ushojo,usho1238,USHOJO,IE.INDIC.USHOJO
Shina,shin1264,SHINA_2,IE.INDIC.SHINA_2
Shina,shin1264,SHINA_GURESI,IE.INDIC.SHINA_GURESI
Shina,shin1264,SHINA_KOHISTANI,IE.INDIC.SHINA_KOHISTANI
Shina,shin1264,BUNJI_SHINA,IE.INDIC.BUNJI_SHINA
Shina,shin1264,GOHARABAD_SHINA,IE.INDIC.GOHARABAD_SHINA
Shina,shin1264,SAZIN_SHINA,IE.INDIC.SAZIN_SHINA
Shina,shin1264,TANGIR_SHINA,IE.INDIC.TANGIR_SHINA
Shina,shin1264,HARBAN_SHINA,IE.INDIC.HARBAN_SHINA
Shina,shin1264,DAREL_SHINA,IE.INDIC.DAREL_SHINA
Shina,shin1264,JELIL_CHILAS_SHINA,IE.INDIC.JELIL_CHILAS_SHINA
Shina,shin1264,KHINAR_CHILAS_SHINA,IE.INDIC.KHINAR_CHILAS_SHINA
Shina,shin1264,PALAS_SHINA,IE.INDIC.PALAS_SHINA
Shina,shin1264,JALKOT_SHINA,IE.INDIC.JALKOT_SHINA
Shina,shin1264,KOLAI_SHINA,IE.INDIC.KOLAI_SHINA
Shina,shin1264,GILGIT_SHINA,IE.INDIC.GILGIT_SHINA
Shina,shin1264,CHALT_SHINA,IE.INDIC.CHALT_SHINA
Shina,shin1264,NAGAR_SHINA,IE.INDIC.NAGAR_SHINA
Shina,shin1264,HUNZA_SHINA,IE.INDIC.HUNZA_SHINA
Shina,shin1264,BAGROT_SHINA,IE.INDIC.BAGROT_SHINA
Shina,shin1264,HARAMOSH_SHINA,IE.INDIC.HARAMOSH_SHINA
Shina,shin1264,PUNIAL_SHINA,IE.INDIC.PUNIAL_SHINA
Shina,shin1264,GUPIS_SHINA,IE.INDIC.GUPIS_SHINA
Shina,shin1264,RONDU_SHINA,IE.INDIC.RONDU_SHINA
Shina,shin1264,SATPARA_SHINA,IE.INDIC.SATPARA_SHINA
Brokskat,brok1247,BROKSKAT,IE.INDIC.BROKSKAT
Brokskat,brok1247,BROK_SKAD,IE.INDIC.BROK_SKAD
Shina,shin1264,GULTARI_SHINA,IE.INDIC.GULTARI_SHINA
Shina,shin1264,KACHURA_SHINA,IE.INDIC.KACHURA_SHINA
Shina,shin1264,KHARMANG_SHINA,IE.INDIC.KHARMANG_SHINA
Shina,shin1264,ASTOR_SHINA,IE.INDIC.ASTOR_SHINA
Shina,shin1264,DASHKIN_SHINA,IE.INDIC.DASHKIN_SHINA
Karankawa,kara1289,KARANKAWA,Kak.KARANKAWA.KARANKAWA
Koyra Chiini Songhay,koyr1240,KOYRA_CHIINI,Son.SONGHAY.KOYRA_CHIINI
Tadaksahak,tada1238,TADAKSAHAK,Son.SONGHAY.TADAKSAHAK
Korandje,kora1291,KORANDJE,Son.SONGHAY.KORANDJE
Tasawaq,tasa1240,TASAWAQ,Son.SONGHAY.TASAWAQ
Koyraboro Senni Songhai,koyr1242,KOROBORO_SENNI,Son.SONGHAY.KOROBORO_SENNI
Humburi Senni Songhay,humb1243,TONDI_SONGWAY_KIINI,Son.SONGHAY.TONDI_SONGWAY_KIINI
Dendi (Benin),dend1243,DENDI,Son.SONGHAY.DENDI
Zarma-Kaado,zarm1239,DJENNE_CHIINI,Son.SONGHAY.DJENNE_CHIINI
Zarma-Kaado,zarm1239,ZARMA,Son.SONGHAY.ZARMA
Shabo,shab1252,SHABO,Sha.SHABO.SHABO
Northern Gumuz,gumu1244,GUMUZ,Gum.GUMUZ.GUMUZ
Northern Gumuz,gumu1244,DISOHA,Gum.GUMUZ.DISOHA
Northern Gumuz,gumu1244,SESE,Gum.GUMUZ.SESE
Gwama,kwam1249,GWAMA,Kom.KOMAN.GWAMA
Gwama,kwam1249,NORTHERN_KOMA,Kom.KOMAN.NORTHERN_KOMA
Opo,opuu1239,LANGA,Kom.KOMAN.LANGA
Komo (Sudan-Ethiopia),komo1258,SOUTHERN_KOMA,Kom.KOMAN.SOUTHERN_KOMA
Uduk,uduk1239,UDUK,Kom.KOMAN.UDUK
Komo (Sudan-Ethiopia),komo1258,CENTRAL_KOMA,Kom.KOMAN.CENTRAL_KOMA
Komo (Sudan-Ethiopia),komo1258,KOMA,Kom.KOMAN.KOMA
Ongota,bira1253,BIRAYLE,AA.BIRAYLE.BIRAYLE
Ongota,bira1253,ONGOTA,AA.BIRAYLE.ONGOTA
Dime,dime1235,DIME,AA.SOUTH_OMOTIC.DIME
Aari,aari1239,ARI,AA.SOUTH_OMOTIC.ARI
Hamer-Banna,hame1242,BANNA,AA.SOUTH_OMOTIC.BANNA
Bambassi,bamb1262,NORTHERN_MAO,AA.NORTH_OMOTIC.NORTHERN_MAO
Ganza,ganz1246,GANZA,AA.NORTH_OMOTIC.GANZA
Hozo,hozo1236,HOZO,AA.NORTH_OMOTIC.HOZO
Seze,seze1235,SEZE,AA.NORTH_OMOTIC.SEZE
Dizin,dizi1235,MAJI,AA.DIZOID.MAJI
Nayi,nayi1243,NAO,AA.DIZOID.NAO
Sheko,shek1245,SHEKO,AA.DIZOID.SHEKO
Yemsa,yems1235,JANJERO,AA.NORTH_OMOTIC.JANJERO
Boro (Ethiopia),boro1277,SHINASSHA,AA.NORTH_OMOTIC.SHINASSHA
Boro (Ethiopia),boro1277,SHINASSHA_2,AA.NORTH_OMOTIC.SHINASSHA_2
Anfillo,anfi1235,SOUTHERN_MAO,AA.NORTH_OMOTIC.SOUTHERN_MAO
Shekkacho,shek1244,MOCHA_2,AA.NORTH_OMOTIC.MOCHA_2
Shekkacho,shek1244,MOCHA,AA.NORTH_OMOTIC.MOCHA
Kafa,kafa1242,KEFA,AA.NORTH_OMOTIC.KEFA
Kafa,kafa1242,KEFA_2,AA.NORTH_OMOTIC.KEFA_2
Bench,benc1235,BENCHO,AA.NORTH_OMOTIC.BENCHO
Bench,benc1235,SHE,AA.NORTH_OMOTIC.SHE
Chara,char1269,CHARA,AA.NORTH_OMOTIC.CHARA
Koorete,koor1239,GIDICHO,AA.NORTH_OMOTIC.GIDICHO
Koorete,koor1239,KOYRA,AA.NORTH_OMOTIC.KOYRA
Kachama-Ganjule-Haro,kach1284,KACHAMA,AA.NORTH_OMOTIC.KACHAMA
Zayse-Zergulla,zays1235,ZERGULLA,AA.NORTH_OMOTIC.ZERGULLA
Zayse-Zergulla,zays1235,ZAYSE,AA.NORTH_OMOTIC.ZAYSE
Basketo,bask1236,BASKETO,AA.NORTH_OMOTIC.BASKETO
Male (Ethiopia),male1284,MALE_ETHIOPIA,AA.NORTH_OMOTIC.MALE_ETHIOPIA
Dorze,dorz1235,DORZE,AA.NORTH_OMOTIC.DORZE
Oyda,oyda1235,OYDA,AA.NORTH_OMOTIC.OYDA
Wolaytta,wola1242,WOLAYTTA,AA.NORTH_OMOTIC.WOLAYTTA
Wolaytta,wola1242,WELAMO,AA.NORTH_OMOTIC.WELAMO
Gamo,gamo1243,DACHE,AA.NORTH_OMOTIC.DACHE
Dawro,dawr1236,KULLO,AA.NORTH_OMOTIC.KULLO
Kujarge,kuja1239,KUJARKE,Kuj.KUJARGE.KUJARKE
Aasax,aasa1238,AASAX,AA.SOUTHERN_CUSHITIC.AASAX
Kw'adza,kwad1248,KWADZA,AA.SOUTHERN_CUSHITIC.KWADZA
Burunge,buru1320,BURUNGE,AA.SOUTHERN_CUSHITIC.BURUNGE
Alagwa,alag1248,ALAGWA,AA.SOUTHERN_CUSHITIC.ALAGWA
Iraqw,iraq1241,IRAQW,AA.SOUTHERN_CUSHITIC.IRAQW
Iraqw,iraq1241,IRAQW_2,AA.SOUTHERN_CUSHITIC.IRAQW_2
Beja,beja1238,BEJA,AA.BEJA.BEJA
Beja,beja1238,BEJA_2,AA.BEJA.BEJA_2
Awngi,awng1244,AWNGI_2,AA.CENTRAL_CUSHITIC.AWNGI_2
Awngi,awng1244,AWNGI,AA.CENTRAL_CUSHITIC.AWNGI
Qimant,qima1242,KEMANT,AA.CENTRAL_CUSHITIC.KEMANT
Qimant,qima1242,KEMANT_2,AA.CENTRAL_CUSHITIC.KEMANT_2
Bilin,bili1260,BILIN,AA.CENTRAL_CUSHITIC.BILIN
Bilin,bili1260,BILIN_2,AA.CENTRAL_CUSHITIC.BILIN_2
Xamtanga,xamt1239,XAMTANGA,AA.CENTRAL_CUSHITIC.XAMTANGA
Xamtanga,xamt1239,XAMTANGA_2,AA.CENTRAL_CUSHITIC.XAMTANGA_2
Dahalo,daha1245,DAHALO,AA.DAHALO.DAHALO
Dahalo,daha1245,DAHALO_2,AA.DAHALO.DAHALO_2
Burji,burj1242,BURJI,AA.LOWLAND_EAST_CUSHITIC.BURJI
Burji,burj1242,BURJI_2,AA.LOWLAND_EAST_CUSHITIC.BURJI_2
Sidamo,sida1246,SIDAMO,AA.HIGHLAND_EAST_CUSHITIC.SIDAMO
Sidamo,sida1246,SIDAMO_2,AA.HIGHLAND_EAST_CUSHITIC.SIDAMO_2
Gedeo,gede1246,GEDEO,AA.HIGHLAND_EAST_CUSHITIC.GEDEO
Gedeo,gede1246,GEDEO_2,AA.HIGHLAND_EAST_CUSHITIC.GEDEO_2
Kambaata,kamb1316,KAMBAATA,AA.HIGHLAND_EAST_CUSHITIC.KAMBAATA
Kambaata,kamb1316,KAMBAATA_2,AA.HIGHLAND_EAST_CUSHITIC.KAMBAATA_2
Hadiyya,hadi1240,HADIYYA,AA.HIGHLAND_EAST_CUSHITIC.HADIYYA
Libido,libi1250,LIBIDO,AA.HIGHLAND_EAST_CUSHITIC.LIBIDO
Hadiyya,hadi1240,HADIYYA_2,AA.HIGHLAND_EAST_CUSHITIC.HADIYYA_2
Boon,boon1242,BOON,AA.LOWLAND_EAST_CUSHITIC.BOON
Saho,saho1246,SAHO_2,AA.LOWLAND_EAST_CUSHITIC.SAHO_2
Saho,saho1246,SAHO,AA.LOWLAND_EAST_CUSHITIC.SAHO
Afar,afar1241,AFAR,AA.LOWLAND_EAST_CUSHITIC.AFAR
Afar,afar1241,AFAR_2,AA.LOWLAND_EAST_CUSHITIC.AFAR_2
Yaaku,yaak1241,MOGOGODO,AA.LOWLAND_EAST_CUSHITIC.MOGOGODO
Bussa,buss1239,BUSSA,AA.LOWLAND_EAST_CUSHITIC.BUSSA
Bussa,buss1239,BUSSA_2,AA.LOWLAND_EAST_CUSHITIC.BUSSA_2
Ale-Gawwada,gaww1239,GAWWADA,AA.LOWLAND_EAST_CUSHITIC.GAWWADA
Tsamai,tsam1247,TSAMAI,AA.LOWLAND_EAST_CUSHITIC.TSAMAI
Tsamai,tsam1247,TSAMAI_2,AA.LOWLAND_EAST_CUSHITIC.TSAMAI_2
Ale-Gawwada,gaww1239,GAWWADA_2,AA.LOWLAND_EAST_CUSHITIC.GAWWADA_2
Ale-Gawwada,gaww1239,GOBEZE,AA.LOWLAND_EAST_CUSHITIC.GOBEZE
Ale-Gawwada,gaww1239,WERIZE,AA.LOWLAND_EAST_CUSHITIC.WERIZE
Arbore,arbo1245,ARBORE,AA.LOWLAND_EAST_CUSHITIC.ARBORE
Arbore,arbo1245,ARBORE_2,AA.LOWLAND_EAST_CUSHITIC.ARBORE_2
El Molo,elmo1238,EL_MOLO,AA.LOWLAND_EAST_CUSHITIC.EL_MOLO
Daasanach,daas1238,DAASANACH_2,AA.LOWLAND_EAST_CUSHITIC.DAASANACH_2
Daasanach,daas1238,DAASANACH,AA.LOWLAND_EAST_CUSHITIC.DAASANACH
Baiso,bais1246,BAISO,AA.LOWLAND_EAST_CUSHITIC.BAISO
Baiso,bais1246,BAISO_2,AA.LOWLAND_EAST_CUSHITIC.BAISO_2
Maay,maay1238,MAAY,AA.LOWLAND_EAST_CUSHITIC.MAAY
Tunni,tunn1238,TUNNI,AA.LOWLAND_EAST_CUSHITIC.TUNNI
Rendille,rend1243,RENDILLE,AA.LOWLAND_EAST_CUSHITIC.RENDILLE
Rendille,rend1243,RENDILLE_2,AA.LOWLAND_EAST_CUSHITIC.RENDILLE_2
Somali,soma1255,SOMALI,AA.LOWLAND_EAST_CUSHITIC.SOMALI
Somali,soma1255,SOMALI_2,AA.LOWLAND_EAST_CUSHITIC.SOMALI_2
Konso,kons1243,KOMSO_2,AA.LOWLAND_EAST_CUSHITIC.KOMSO_2
Konso,kons1243,KOMSO,AA.LOWLAND_EAST_CUSHITIC.KOMSO
Dirasha,dira1242,GIDOLE,AA.LOWLAND_EAST_CUSHITIC.GIDOLE
Dirasha,dira1242,GIDOLE_2,AA.LOWLAND_EAST_CUSHITIC.GIDOLE_2
West Central Oromo,west2721,W_OROMO,AA.LOWLAND_EAST_CUSHITIC.W_OROMO
West Central Oromo,west2721,MECHA_OROMO,AA.LOWLAND_EAST_CUSHITIC.MECHA_OROMO
Eastern Oromo,east2652,EASTERN_OROMO,AA.LOWLAND_EAST_CUSHITIC.EASTERN_OROMO
Eastern Oromo,east2652,EASTERN_OROMO_2,AA.LOWLAND_EAST_CUSHITIC.EASTERN_OROMO_2
Borana-Arsi-Guji Oromo,bora1271,BORANA_OROMO_2,AA.LOWLAND_EAST_CUSHITIC.BORANA_OROMO_2
Borana-Arsi-Guji Oromo,bora1271,BORANA_OROMO,AA.LOWLAND_EAST_CUSHITIC.BORANA_OROMO
Orma,orma1241,ORMA,AA.LOWLAND_EAST_CUSHITIC.ORMA
Kera,kera1255,KERA,AA.EAST_CHADIC.KERA
Gabri,gabr1253,GABRI,AA.EAST_CHADIC.GABRI
Somrai,somr1248,SOMRAI,AA.EAST_CHADIC.SOMRAI
Tumak,tuma1260,TUMAK,AA.EAST_CHADIC.TUMAK
Mukulu,muku1242,MOKILKO,AA.EAST_CHADIC.MOKILKO
Ubi,ubii1238,UBI,AA.EAST_CHADIC.UBI
Saba,saba1276,SABA,AA.EAST_CHADIC.SABA
Sokoro,soko1263,SOKORO,AA.EAST_CHADIC.SOKORO
Barain,bare1279,BAREIN,AA.EAST_CHADIC.BAREIN
Kajakse,kaja1254,KAJAKSE,AA.EAST_CHADIC.KAJAKSE
Mubi,mubi1246,MUBI,AA.EAST_CHADIC.MUBI
Bidiyo,bidi1241,BIDIYA,AA.EAST_CHADIC.BIDIYA
Dangaleat,dang1274,DANGALEAT,AA.EAST_CHADIC.DANGALEAT
Migaama,miga1249,MIGAMA,AA.EAST_CHADIC.MIGAMA
Mabire,mabi1242,MABIRE,AA.EAST_CHADIC.MABIRE
Birgit,birg1239,BIRGIT,AA.EAST_CHADIC.BIRGIT
Mogum,mogu1251,MOGUM,AA.EAST_CHADIC.MOGUM
Mesme,mesm1239,MESME,AA.MASA.MESME
Herde,herd1236,HERDE,AA.MASA.HERDE
Peve,peve1243,PEVE_LAME,AA.MASA.PEVE_LAME
Peve,peve1243,PEVE_PALA,AA.MASA.PEVE_PALA
Marba,marb1239,MARBA,AA.MASA.MARBA
Musey,muse1242,MUSEY,AA.MASA.MUSEY
Masana,masa1322,MASANA_POGO,AA.MASA.MASANA_POGO
Masana,masa1322,MASANA,AA.MASA.MASANA
Ngizim,ngiz1242,NGIZIM,AA.WEST_CHADIC.NGIZIM
Bade,bade1248,BADE,AA.WEST_CHADIC.BADE
Teshenawa,tesh1239,TESHENAWA,AA.WEST_CHADIC.TESHENAWA
Boghom,bogh1241,BOGHOM,AA.WEST_CHADIC.BOGHOM
Guruntum-Mbaaru,guru1271,GURUNTUM_MBAARU,AA.WEST_CHADIC.GURUNTUM_MBAARU
Jimi (Nigeria),jimi1255,JIMI,AA.WEST_CHADIC.JIMI
Dass,dass1243,DASS_DWAT,AA.WEST_CHADIC.DASS_DWAT
,,DYARIM,AA.WEST_CHADIC.DYARIM
Saya,saya1246,SAYA,AA.WEST_CHADIC.SAYA
Gyaazi,nucl1692,GEJI,AA.WEST_CHADIC.GEJI
Buli (Bauchi State),buli1260,POLCI_BULI,AA.WEST_CHADIC.POLCI_BULI
Zul,zull1239,POLCI_ZUL,AA.WEST_CHADIC.POLCI_ZUL
,,POLCI,AA.WEST_CHADIC.POLCI
Diri,diri1259,DIRI,AA.WEST_CHADIC.DIRI
Zumbun,zumb1240,ZUMBUN,AA.WEST_CHADIC.ZUMBUN
Siri,siri1278,SIRI,AA.WEST_CHADIC.SIRI
Ciwogai,ciwo1236,CIWOGAI,AA.WEST_CHADIC.CIWOGAI
Pa'a,paaa1242,PAANCI,AA.WEST_CHADIC.PAANCI
Mburku,mbur1239,MBURKU,AA.WEST_CHADIC.MBURKU
Miya,miya1266,MIYA,AA.WEST_CHADIC.MIYA
Kariya,kari1316,KARIYA,AA.WEST_CHADIC.KARIYA
Warji-Gala,warj1253,WARJI,AA.WEST_CHADIC.WARJI
Hausa,haus1257,HAUSA_3,AA.WEST_CHADIC.HAUSA_3
Hausa,haus1257,KANO,AA.WEST_CHADIC.KANO
Hausa,haus1257,HAUSA_2,AA.WEST_CHADIC.HAUSA_2
Hausa,haus1257,HAUSA,AA.WEST_CHADIC.HAUSA
Gwandara,gwan1268,GWAGWA,AA.WEST_CHADIC.GWAGWA
Gwandara,gwan1268,KARSHI,AA.WEST_CHADIC.KARSHI
Gwandara,gwan1268,ARABISHI,AA.WEST_CHADIC.ARABISHI
Gwandara,gwan1268,GITATA,AA.WEST_CHADIC.GITATA
Gwandara,gwan1268,GARAKU,AA.WEST_CHADIC.GARAKU
Gwandara,gwan1268,NIMBIA,AA.WEST_CHADIC.NIMBIA
Fyer,fyer1241,FYER,AA.WEST_CHADIC.FYER
Tambas,tamb1267,TAMBAS,AA.WEST_CHADIC.TAMBAS
Ron,ronn1241,RON_DAFFO_BUTURA,AA.WEST_CHADIC.RON_DAFFO_BUTURA
Ron,ronn1241,RON_BOKKOS,AA.WEST_CHADIC.RON_BOKKOS
Ron,ronn1241,RON_MANGAR,AA.WEST_CHADIC.RON_MANGAR
Ron,ronn1241,RON_MONGUNA,AA.WEST_CHADIC.RON_MONGUNA
Sya,shaa1247,SHA,AA.WEST_CHADIC.SHA
Kulere,kule1247,KULERE,AA.WEST_CHADIC.KULERE
Duhwa,duhw1236,DUHWA,AA.WEST_CHADIC.DUHWA
Mindat,mund1334,MUNDAT,AA.WEST_CHADIC.MUNDAT
Yiwom,yiwo1237,YIWOM,AA.WEST_CHADIC.YIWOM
Goemai,goem1240,GOEMAI,AA.WEST_CHADIC.GOEMAI
Montol,mont1280,MONTOL,AA.WEST_CHADIC.MONTOL
Pan,kofy1242,KOFYAR,AA.WEST_CHADIC.KOFYAR
Miship,mish1244,MISHIP,AA.WEST_CHADIC.MISHIP
Mwaghavul,mwag1236,MUPUN,AA.WEST_CHADIC.MUPUN
Mwaghavul,mwag1236,MWAGHAVUL,AA.WEST_CHADIC.MWAGHAVUL
Ngas,ngas1240,ANGAS,AA.WEST_CHADIC.ANGAS
Dera (Nigeria),dera1248,DERA,AA.WEST_CHADIC.DERA
Pero,pero1241,PERO,AA.WEST_CHADIC.PERO
Pero,pero1241,PERO_2,AA.WEST_CHADIC.PERO_2
Tangale,nucl1696,TANGALE,AA.WEST_CHADIC.TANGALE
Kwaami,kwaa1269,KWAAMI,AA.WEST_CHADIC.KWAAMI
Karekare,kare1348,KAREKARE,AA.WEST_CHADIC.KAREKARE
Gera,gera1246,GERA,AA.WEST_CHADIC.GERA
Gera,gera1246,GERA_2,AA.WEST_CHADIC.GERA_2
Geruma,geru1240,GERUMA,AA.WEST_CHADIC.GERUMA
Galambu,gala1264,GALAMBU,AA.WEST_CHADIC.GALAMBU
Giiwo,giiw1236,KIRFI,AA.WEST_CHADIC.KIRFI
Ngamo,ngam1282,NGAMO,AA.WEST_CHADIC.NGAMO
Bole,nucl1695,BOLE,AA.WEST_CHADIC.BOLE
Beele,beel1236,BEELE,AA.WEST_CHADIC.BEELE
Bole,nucl1695,BOLE_2,AA.WEST_CHADIC.BOLE_2
Cuvok,cuvo1236,CUVOK,AA.BIU_MANDARA.CUVOK
Mafa,mafa1239,MAFA,AA.BIU_MANDARA.MAFA
Tera,tera1251,TERA_PIDLIMDI,AA.BIU_MANDARA.TERA_PIDLIMDI
Tera,tera1251,TERA,AA.BIU_MANDARA.TERA
Boga,boga1251,BOGA,AA.BIU_MANDARA.BOGA
Hwana,hwan1240,HWANA,AA.BIU_MANDARA.HWANA
Ga'anda,gaan1243,GAANDA,AA.BIU_MANDARA.GAANDA
Ga'anda,gaan1243,GAANDA_GABIN,AA.BIU_MANDARA.GAANDA_GABIN
Sukur,suku1272,SUKUR,AA.BIU_MANDARA.SUKUR
Daba,nucl1683,DABA,AA.BIU_MANDARA.DABA
Zizilivakan,zizi1238,ZIZILIVAKAN,AA.BIU_MANDARA.ZIZILIVAKAN
Sharwa,shar1249,SHARWA,AA.BIU_MANDARA.SHARWA
Tsuvan,tsuv1243,TSUVAN,AA.BIU_MANDARA.TSUVAN
Gudu,gudu1250,GUDU,AA.BIU_MANDARA.GUDU
Jimi (Cameroon),jimi1254,JIMI_CAMEROON,AA.BIU_MANDARA.JIMI_CAMEROON
Fali,fali1285,FALI_MUCHELLA,AA.BIU_MANDARA.FALI_MUCHELLA
Fali,fali1285,FALI_BAGIRA,AA.BIU_MANDARA.FALI_BAGIRA
Gude,gude1246,GUDE,AA.BIU_MANDARA.GUDE
Holma,holm1250,HOLMA,AA.BIU_MANDARA.HOLMA
Nzanyi,nzan1240,NZANYI,AA.BIU_MANDARA.NZANYI
Bata,bata1314,BATA_ZUMU,AA.BIU_MANDARA.BATA_ZUMU
Bata,bata1314,BATA_MALABU,AA.BIU_MANDARA.BATA_MALABU
Bacama,baca1246,BACAMA,AA.BIU_MANDARA.BACAMA
Bacama,baca1246,BACAMA_MULYEN,AA.BIU_MANDARA.BACAMA_MULYEN
Mbuko,mbuk1243,MBUKO,AA.BIU_MANDARA.MBUKO
Vame,vame1236,VAME,AA.BIU_MANDARA.VAME
Jina,jina1244,JINA,AA.BIU_MANDARA.JINA
Gidar,gida1247,GIDAR,AA.BIU_MANDARA.GIDAR
Lagwan,lagw1237,LAGWAN,AA.BIU_MANDARA.LAGWAN
Mser,mser1242,MSER,AA.BIU_MANDARA.MSER
Buduma,budu1265,BUDUMA,AA.BIU_MANDARA.BUDUMA
Mpade,mpad1242,MAKARY_KOTOKO,AA.BIU_MANDARA.MAKARY_KOTOKO
Afade,afad1236,AFADE,AA.BIU_MANDARA.AFADE
Malgbe,malg1250,MALGBE,AA.BIU_MANDARA.MALGBE
Mbara (Chad),mbar1260,MBARA,AA.BIU_MANDARA.MBARA
Musgu,musg1254,MUSGU_D_PLUS_RD,AA.BIU_MANDARA.MUSGU_D_PLUS_RD
Musgu,musg1254,MUNJUK,AA.BIU_MANDARA.MUNJUK
Musgu,musg1254,MUSGU_K,AA.BIU_MANDARA.MUSGU_K
Musgu,musg1254,MUSGU_R,AA.BIU_MANDARA.MUSGU_R
Musgu,musg1254,MUSGU_B,AA.BIU_MANDARA.MUSGU_B
Musgu,musg1254,MUSGU_O,AA.BIU_MANDARA.MUSGU_O
Putai,puta1243,PUTAI,AA.BIU_MANDARA.PUTAI
Bura-Pabir,bura1292,BURA,AA.BIU_MANDARA.BURA
Cibak,ciba1236,CIBAK,AA.BIU_MANDARA.CIBAK
Nggwahyi,nggw1242,NGGWAHYI,AA.BIU_MANDARA.NGGWAHYI
Marghi Central,marg1265,MARGI,AA.BIU_MANDARA.MARGI
Marghi South,marg1266,HILDI,AA.BIU_MANDARA.HILDI
Marghi South,marg1266,WAMDIU,AA.BIU_MANDARA.WAMDIU
Huba,huba1236,HUBA,AA.BIU_MANDARA.HUBA
Huba,huba1236,KILBA,AA.BIU_MANDARA.KILBA
Parkwa,park1239,PODOKO,AA.BIU_MANDARA.PODOKO
Glavda,glav1244,GLAVDA,AA.BIU_MANDARA.GLAVDA
Wandala,wand1278,WANDALA,AA.BIU_MANDARA.WANDALA
Dghwede,dghw1239,DGHWEDE,AA.BIU_MANDARA.DGHWEDE
Cineni,cine1238,CINENI,AA.BIU_MANDARA.CINENI
Guduf-Gava,gudu1252,GAVA,AA.BIU_MANDARA.GAVA
Mofu-Gudur,mofu1248,MOFU_GUDUR,AA.BIU_MANDARA.MOFU_GUDUR
Zulgo-Gemzek,zulg1242,ZULGO,AA.BIU_MANDARA.ZULGO
Mada (Cameroon),mada1293,MADA_CAMEROON,AA.BIU_MANDARA.MADA_CAMEROON
Wuzlam,wuzl1236,WUZLAM,AA.BIU_MANDARA.WUZLAM
Moloko,molo1266,MOLOKO,AA.BIU_MANDARA.MOLOKO
Muyang,muya1243,MUYANG,AA.BIU_MANDARA.MUYANG
Lamang,lama1288,LAMANG_HITKALANCHI,AA.BIU_MANDARA.LAMANG_HITKALANCHI
Hdi,hdii1240,HDI,AA.BIU_MANDARA.HDI
Vemgo-Mabas,vemg1240,VEMGO_MABAS,AA.BIU_MANDARA.VEMGO_MABAS
Psikye,psik1239,PSIKYE,AA.BIU_MANDARA.PSIKYE
Bana,bana1305,BANA,AA.BIU_MANDARA.BANA
Kamwe,kamw1239,FALI_GILI,AA.BIU_MANDARA.FALI_GILI
Kamwe,kamw1239,FALI_KIRIYA,AA.BIU_MANDARA.FALI_KIRIYA
Kamwe,kamw1239,KAMALE,AA.BIU_MANDARA.KAMALE
Kamwe,kamw1239,BAZZA,AA.BIU_MANDARA.BAZZA
Kamwe,kamw1239,NKAFA,AA.BIU_MANDARA.NKAFA
Kamwe,kamw1239,FUTU,AA.BIU_MANDARA.FUTU
Kamwe,kamw1239,GHYE,AA.BIU_MANDARA.GHYE
,,LATE_EGYPTIAN,AA.EGYPTIAN_COPTIC.LATE_EGYPTIAN
Coptic,copt1239,COPTIC,AA.EGYPTIAN_COPTIC.COPTIC
,,MIDDLE_EGYPTIAN,AA.EGYPTIAN_COPTIC.MIDDLE_EGYPTIAN
Ghadames,ghad1239,GHADAMES,AA.BERBER.GHADAMES
Ghadames,ghad1239,GHADAMES_2,AA.BERBER.GHADAMES_2
Zenaga,zena1248,ZENAGA,AA.BERBER.ZENAGA
Zenaga,zena1248,ZENAGA_2,AA.BERBER.ZENAGA_2
Tetserret,tets1235,TETSERRET,AA.BERBER.TETSERRET
Tahaggart Tamahaq,taha1241,TAMAHAQ_TAHAGGART_2,AA.BERBER.TAMAHAQ_TAHAGGART_2
Tahaggart Tamahaq,taha1241,TAMAHAQ_TAHAGGART,AA.BERBER.TAMAHAQ_TAHAGGART
Tamasheq,tama1365,TAMASHEQ,AA.BERBER.TAMASHEQ
Tayart Tamajeq,taya1257,TAMAJEQ_TAYART_AIR,AA.BERBER.TAMAJEQ_TAYART_AIR
Awjilah,awji1241,AWJILAH,AA.BERBER.AWJILAH
Sawknah-Fogaha,sawk1238,FOQAHA,AA.BERBER.FOQAHA
Siwi,siwi1239,SIWI,AA.BERBER.SIWI
Siwi,siwi1239,SIWA_BERBER,AA.BERBER.SIWA_BERBER
Nafusi,nafu1238,JEBEL_NEFUSA,AA.BERBER.JEBEL_NEFUSA
Nafusi,nafu1238,NAFUSI,AA.BERBER.NAFUSI
Tarifiyt-Beni-Iznasen-Eastern Middle Atlas Berber,tari1263,BENI_SNOUS_WESTERN_ALGERIAN_BERBER,AA.BERBER.BENI_SNOUS_WESTERN_ALGERIAN_BERBER
Tarifiyt-Beni-Iznasen-Eastern Middle Atlas Berber,tari1263,TARIFIT_GUELAIA,AA.BERBER.TARIFIT_GUELAIA
Tarifiyt-Beni-Iznasen-Eastern Middle Atlas Berber,tari1263,TARIFIT_BENI_IZNASSEN,AA.BERBER.TARIFIT_BENI_IZNASSEN
Tumzabt,tumz1238,TUMZABT,AA.BERBER.TUMZABT
Ouargli,taga1278,OUARGLA_BERBER,AA.BERBER.OUARGLA_BERBER
Ouargli,taga1278,WARGLA,AA.BERBER.WARGLA
Kabyle,kaby1243,KABYLE,AA.BERBER.KABYLE
Kabyle,kaby1243,KABYLE_GREATER_KABYLIA_AT_MANGELLAT,AA.BERBER.KABYLE_GREATER_KABYLIA_AT_MANGELLAT
Central Moroccan Berber,cent2194,FIGUIG,AA.BERBER.FIGUIG
Ghomara,ghom1257,GHOMARA,AA.BERBER.GHOMARA
Senhaja De Srair,senh1238,SENHAYI,AA.BERBER.SENHAYI
Senhaja De Srair,senh1238,SENHAJA_DE_SRAIR,AA.BERBER.SENHAJA_DE_SRAIR
Central Moroccan Berber,cent2194,TAMAZIGHT_CENTRAL_ATLAS_AYT_IZDEG,AA.BERBER.TAMAZIGHT_CENTRAL_ATLAS_AYT_IZDEG
Central Moroccan Berber,cent2194,TAMAZIGHT_CENTRAL_ATLAS_AYT_NDHIR,AA.BERBER.TAMAZIGHT_CENTRAL_ATLAS_AYT_NDHIR
Central Moroccan Berber,cent2194,AYT_SEGHROUCHEN,AA.BERBER.AYT_SEGHROUCHEN
Central Moroccan Berber,cent2194,TAMAZIGHT_CENTRAL_ATLAS_NTIFA,AA.BERBER.TAMAZIGHT_CENTRAL_ATLAS_NTIFA
Tachelhit,tach1250,TASHELHIT_IDA_USEMLAL,AA.BERBER.TASHELHIT_IDA_USEMLAL
Akkadian,akka1240,AKKADIAN,AA.SEMITIC.AKKADIAN
Akkadian,akka1240,AKKADIAN_2,AA.SEMITIC.AKKADIAN_2
Geez,geez1241,ETHIOPIC,AA.SEMITIC.ETHIOPIC
Geez,geez1241,GEEZ_3,AA.SEMITIC.GEEZ_3
Geez,geez1241,GEEZ,AA.SEMITIC.GEEZ
Tigrinya,tigr1271,TIGRIGNA,AA.SEMITIC.TIGRIGNA
Tigrinya,tigr1271,TIGRINYA_2,AA.SEMITIC.TIGRINYA_2
Tigrinya,tigr1271,TIGRINYA,AA.SEMITIC.TIGRINYA
Tigre,tigr1270,TIGRE,AA.SEMITIC.TIGRE
Tigre,tigr1270,TIGRE_2,AA.SEMITIC.TIGRE_2
Geez,geez1241,GEEZ_2,AA.SEMITIC.GEEZ_2
Argobba,argo1244,ARGOBBA,AA.SEMITIC.ARGOBBA
Amharic,amha1245,AMHARIC_2,AA.SEMITIC.AMHARIC_2
Amharic,amha1245,AMHARIC,AA.SEMITIC.AMHARIC
Amharic,amha1245,AMHARIC_3,AA.SEMITIC.AMHARIC_3
Harari,hara1271,HARARI,AA.SEMITIC.HARARI
Harari,hara1271,HARARI_2,AA.SEMITIC.HARARI_2
Zay,zayy1238,ZWAY,AA.SEMITIC.ZWAY
Silt'e,silt1240,SILTE,AA.SEMITIC.SILTE
Wolane,wola1253,WALANI_SILTE,AA.SEMITIC.WALANI_SILTE
Gafat,gafa1240,GAFAT,AA.SEMITIC.GAFAT
Kistane,kist1241,SODDO,AA.SEMITIC.SODDO
Mesqan,mesq1240,MESQAN,AA.SEMITIC.MESQAN
Sebat Bet Gurage,seba1251,CHAHA,AA.SEMITIC.CHAHA
Sebat Bet Gurage,seba1251,GETO,AA.SEMITIC.GETO
Inoric,inor1238,INNEMOR,AA.SEMITIC.INNEMOR
Mesmes,mesm1243,MESMES_2,AA.SEMITIC.MESMES_2
Mesmes,mesm1243,MESMES,AA.SEMITIC.MESMES
Hobyót,hoby1242,HOBYOT,AA.SEMITIC.HOBYOT
Harsusi,hars1241,HARSUSI,AA.SEMITIC.HARSUSI
Mehri,mehr1241,MEHRI,AA.SEMITIC.MEHRI
Mehri,mehr1241,MEHRI_2,AA.SEMITIC.MEHRI_2
Soqotri,soqo1240,SOQOTRI,AA.SEMITIC.SOQOTRI
Soqotri,soqo1240,SOQOTRI_2,AA.SEMITIC.SOQOTRI_2
Jibbali,sheh1240,SAURI,AA.SEMITIC.SAURI
Jibbali,sheh1240,SHEHRI,AA.SEMITIC.SHEHRI
Ugaritic,ugar1238,UGARITIC,AA.SEMITIC.UGARITIC
Phoenician,phoe1239,PHOENICIAN,AA.SEMITIC.PHOENICIAN
Ancient Hebrew,anci1244,BIBLICAL_HEBREW,AA.SEMITIC.BIBLICAL_HEBREW
Modern Hebrew,hebr1245,HEBREW,AA.SEMITIC.HEBREW
,,ARAMAIC_ANCIENT,AA.SEMITIC.ARAMAIC_ANCIENT
Western Neo-Aramaic,west2763,CHRISTIAN_PALESTINIAN,AA.SEMITIC.CHRISTIAN_PALESTINIAN
Western Neo-Aramaic,west2763,MALULA,AA.SEMITIC.MALULA
Western Neo-Aramaic,west2763,WESTERN_NEO_ARAMAIC,AA.SEMITIC.WESTERN_NEO_ARAMAIC
Classical Syriac,clas1252,CLASSICAL_SYRIAC,AA.SEMITIC.CLASSICAL_SYRIAC
Classical Syriac,clas1252,SYRIAC,AA.SEMITIC.SYRIAC
Classical Syriac,clas1252,SYRIAC_2,AA.SEMITIC.SYRIAC_2
Neo-Mandaic,nucl1706,MODERN_MANDAIC,AA.SEMITIC.MODERN_MANDAIC
Classical Mandaic,clas1253,CLASSICAL_MANDAIC,AA.SEMITIC.CLASSICAL_MANDAIC
Neo-Mandaic,nucl1706,NEO_MANDAIC_KHORRAMSHAHR,AA.SEMITIC.NEO_MANDAIC_KHORRAMSHAHR
Mlahsô,mlah1239,MLAHSO,AA.SEMITIC.MLAHSO
Turoyo,turo1239,TUROYO,AA.SEMITIC.TUROYO
Hertevin,hert1241,HERTEVIN,AA.SEMITIC.HERTEVIN
Jewish Babylonian Aramaic (ca. 200-1200 CE),jewi1240,ACHAEMENID_ARAMAIC,AA.SEMITIC.ACHAEMENID_ARAMAIC
,,ASSYRIAN_NEO_ARAMAIC,AA.SEMITIC.ASSYRIAN_NEO_ARAMAIC
Assyrian Neo-Aramaic,assy1241,JILU,AA.SEMITIC.JILU
Lishán Didán,lish1246,LISHAN_DIDAN,AA.SEMITIC.LISHAN_DIDAN
Assyrian Neo-Aramaic,assy1241,URMI,AA.SEMITIC.URMI
Assyrian Neo-Aramaic,assy1241,AMEDYA_ARAMAIC,AA.SEMITIC.AMEDYA_ARAMAIC
Chaldean Neo-Aramaic,chal1275,ARAMAIC,AA.SEMITIC.ARAMAIC
Sabaic,saba1279,SABEAN,AA.SEMITIC.SABEAN
Standard Arabic,stan1318,ARABIC_QURANIC,AA.SEMITIC.ARABIC_QURANIC
Standard Arabic,stan1318,STANDARD_ARABIC,AA.SEMITIC.STANDARD_ARABIC
Standard Arabic,stan1318,CLASSICAL_ARABIC,AA.SEMITIC.CLASSICAL_ARABIC
Gilit Mesopotamian Arabic,meso1252,IRAQ_MUSLIM_BAGHDAD_ARABIC,AA.SEMITIC.IRAQ_MUSLIM_BAGHDAD_ARABIC
Gilit Mesopotamian Arabic,meso1252,SOUKHNE_SYRIAN_ARABIC,AA.SEMITIC.SOUKHNE_SYRIAN_ARABIC
Sanaani Arabic,sana1295,YEMEN_SANAANI_ARABIC,AA.SEMITIC.YEMEN_SANAANI_ARABIC
,,OGADEN_ARABIC,AA.SEMITIC.OGADEN_ARABIC
Gulf Arabic,gulf1241,ARABIC_GULF_SPOKEN,AA.SEMITIC.ARABIC_GULF_SPOKEN
Gulf Arabic,gulf1241,KUWAITI_ARABIC,AA.SEMITIC.KUWAITI_ARABIC
Egyptian Arabic,egyp1253,CAIRO_ARABIC,AA.SEMITIC.CAIRO_ARABIC
Sudanese Arabic,suda1236,ARABIC_SUDANESE_SPOKEN,AA.SEMITIC.ARABIC_SUDANESE_SPOKEN
Chadian Arabic,chad1249,NIGERIAN_ARABIC,AA.SEMITIC.NIGERIAN_ARABIC
Sudanese Arabic,suda1236,SUDANESE_ARABIC,AA.SEMITIC.SUDANESE_ARABIC
South Levantine Arabic,sout3123,PALESTINIAN_ARABIC,AA.SEMITIC.PALESTINIAN_ARABIC
Levantine Arabic,nort3139,DAMASCUS_ARABIC,AA.SEMITIC.DAMASCUS_ARABIC
Levantine Arabic,nort3139,ARABIC_NORTH_LEVANTINE_SPOKEN,AA.SEMITIC.ARABIC_NORTH_LEVANTINE_SPOKEN
Levantine Arabic,nort3139,SYRIAN_ARABIC,AA.SEMITIC.SYRIAN_ARABIC
Cypriot Arabic,cypr1248,ARABIC_CYPRIOT_SPOKEN,AA.SEMITIC.ARABIC_CYPRIOT_SPOKEN
Levantine Arabic,nort3139,SAN_ANDRES_ARABIC_3,AA.SEMITIC.SAN_ANDRES_ARABIC_3
Levantine Arabic,nort3139,SAN_ANDRES_ARABIC_2,AA.SEMITIC.SAN_ANDRES_ARABIC_2
Levantine Arabic,nort3139,SAN_ANDRES_ARABIC_1,AA.SEMITIC.SAN_ANDRES_ARABIC_1
Libyan Arabic,liby1240,ARABIC_LIBYAN_SPOKEN,AA.SEMITIC.ARABIC_LIBYAN_SPOKEN
Maltese,malt1254,MALTESE,AA.SEMITIC.MALTESE
Maltese,malt1254,MALTESE_ARABIC,AA.SEMITIC.MALTESE_ARABIC
Tunisian Arabic,tuni1259,TUNISIAN_ARABIC_MAGHRIB,AA.SEMITIC.TUNISIAN_ARABIC_MAGHRIB
Algerian Arabic,alge1239,DELLYS,AA.SEMITIC.DELLYS
Libyan Arabic,liby1240,TRIPOLI_JEWISH_ARABIC,AA.SEMITIC.TRIPOLI_JEWISH_ARABIC
Moroccan Arabic,moro1292,MOROCCAN_ARABIC,AA.SEMITIC.MOROCCAN_ARABIC
Moroccan Arabic,moro1292,MOROCCAN_ARABIC_2,AA.SEMITIC.MOROCCAN_ARABIC_2
Kunama,kuna1268,ILIT,Knm.KUNAMA.ILIT
Kunama,kuna1268,KUNAMA,Knm.KUNAMA.KUNAMA
Nara,nara1262,NARA,ESu.NARA.NARA
Logorik,logo1261,LOGORIK,ESu.DAJU.LOGORIK
Shatt,shat1244,SHATT,ESu.DAJU.SHATT
Njalgulgule,njal1239,NYALGULGULE,ESu.DAJU.NYALGULGULE
Dar Sila Daju,dars1235,SILA,ESu.DAJU.SILA
Dar Fur Daju,darf1239,NYALA,ESu.DAJU.NYALA
Defaka,defa1248,DEFAKA,Ijo.IJOID.DEFAKA
Southeast Ijo,sout2774,AKAHA,Ijo.IJOID.AKAHA
Southeast Ijo,sout2774,NEMBE,Ijo.IJOID.NEMBE
Nkoroo,nkor1239,NKORO,Ijo.IJOID.NKORO
Ibani,iban1261,IBANI,Ijo.IJOID.IBANI
Kalabari,kala1381,KALABARI,Ijo.IJOID.KALABARI
Kirike,kiri1254,OKRIKA,Ijo.IJOID.OKRIKA
Okodia,okod1238,AKITA,Ijo.IJOID.AKITA
Biseni,bise1238,BISENI,Ijo.IJOID.BISENI
Oruma,orum1241,ORUMA,Ijo.IJOID.ORUMA
Izon,izon1238,BUMO,Ijo.IJOID.BUMO
Izon,izon1238,OPOROMO,Ijo.IJOID.OPOROMO
Izon,izon1238,EAST_OLODIAMA,Ijo.IJOID.EAST_OLODIAMA
Izon,izon1238,BASAN,Ijo.IJOID.BASAN
Izon,izon1238,IDUWINI,Ijo.IJOID.IDUWINI
Izon,izon1238,OGULAGHA,Ijo.IJOID.OGULAGHA
Izon,izon1238,GBARANMATU,Ijo.IJOID.GBARANMATU
Izon,izon1238,AROGBO,Ijo.IJOID.AROGBO
Izon,izon1238,FURUPAGHA,Ijo.IJOID.FURUPAGHA
Izon,izon1238,APOI,Ijo.IJOID.APOI
Izon,izon1238,OYAKIRI,Ijo.IJOID.OYAKIRI
Izon,izon1238,IKIBIRI,Ijo.IJOID.IKIBIRI
Izon,izon1238,EAST_TARAKIRI,Ijo.IJOID.EAST_TARAKIRI
Izon,izon1238,OGBOIN,Ijo.IJOID.OGBOIN
Izon,izon1238,IZON,Ijo.IJOID.IZON
Izon,izon1238,GBARAIN,Ijo.IJOID.GBARAIN
Izon,izon1238,KOLOKUMA,Ijo.IJOID.KOLOKUMA
Izon,izon1238,EKPETIAMA,Ijo.IJOID.EKPETIAMA
Izon,izon1238,WEST_TARAKIRI,Ijo.IJOID.WEST_TARAKIRI
Izon,izon1238,KABOU,Ijo.IJOID.KABOU
Izon,izon1238,KUNBO,Ijo.IJOID.KUNBO
Izon,izon1238,MEIN,Ijo.IJOID.MEIN
Izon,izon1238,OGBE_IJO,Ijo.IJOID.OGBE_IJO
Izon,izon1238,OPEREMO,Ijo.IJOID.OPEREMO
Kibet,kibe1241,KIBET,Mab.MABAN.KIBET
Runga,rung1258,RUNGA,Mab.MABAN.RUNGA
Maba (Chad),maba1277,MABA_CHAD,Mab.MABAN.MABA_CHAD
Masalit,nucl1440,MASALIT,Mab.MABAN.MASALIT
Keiga,keig1242,KEIGA,Kad.KADUGLI.KEIGA
Tulishi,tuli1249,KAMDANG,Kad.KADUGLI.KAMDANG
Tulishi,tuli1249,TULISHI,Kad.KADUGLI.TULISHI
Krongo,kron1241,KRONGO,Kad.KADUGLI.KRONGO
Krongo,kron1241,FAMA,Kad.KADUGLI.FAMA
Tumtum,tumt1243,KURONDI,Kad.KADUGLI.KURONDI
Kanga,kang1288,CHIRORO,Kad.KADUGLI.CHIRORO
Kanga,kang1288,KANGA,Kad.KADUGLI.KANGA
Katcha-Kadugli-Miri,katc1249,KATCHA,Kad.KADUGLI.KATCHA
Katcha-Kadugli-Miri,katc1249,MIRI,Kad.KADUGLI.MIRI
Katcha-Kadugli-Miri,katc1249,KADUGLI_2,Kad.KADUGLI.KADUGLI_2
Aja (South Sudan),ajas1235,AJA,CSu.KRESH.AJA
Kresh-Woro,gbay1288,GBAYA,CSu.KRESH.GBAYA
Lombi,lomb1254,LOMBI,CSu.MANGBETU.LOMBI
Asoa,asoa1238,ASOA,CSu.MANGBETU.ASOA
Mangbetu,mang1394,MANGBETU,CSu.MANGBETU.MANGBETU
Mangbetu,mang1394,MANGBETU_2,CSu.MANGBETU.MANGBETU_2
Birri,birr1240,BIRRI_C_AFRICAN_REP,CSu.BONGO_BAGIRMI.BIRRI_C_AFRICAN_REP
Mangbutu,mang1396,MANGBUTU,CSu.MANGBUTU_EFE.MANGBUTU
Mamvu,mamv1243,MAMVU,CSu.MANGBUTU_EFE.MAMVU
Lese,lese1243,BALESE,CSu.MANGBUTU_EFE.BALESE
Mvuba,mvub1239,MVUBA,CSu.MANGBUTU_EFE.MVUBA
Ngiti,ngit1239,NGITI,CSu.LENDU.NGITI
Lendu,lend1245,LENDU,CSu.LENDU.LENDU
Lendu,lend1245,LENDU_DJADHA,CSu.LENDU.LENDU_DJADHA
Lendu,lend1245,LENDU_TADHA,CSu.LENDU.LENDU_TADHA
Lendu,lend1245,LENDU_NJAWDHA,CSu.LENDU.LENDU_NJAWDHA
Lendu,lend1245,LENDU_PIDHA,CSu.LENDU.LENDU_PIDHA
Lendu,lend1245,LENDU_DDRADHA,CSu.LENDU.LENDU_DDRADHA
Olu'bo,olub1238,LULUBA,CSu.MORU_MAADI.LULUBA
Ma'di,madi1260,PANDIKERI,CSu.MORU_MAADI.PANDIKERI
Ma'di,madi1260,LOKAI,CSu.MORU_MAADI.LOKAI
Ma'di,madi1260,MAADI,CSu.MORU_MAADI.MAADI
Avokaya,avok1242,OJIGA,CSu.MORU_MAADI.OJIGA
Avokaya,avok1242,OJILA,CSu.MORU_MAADI.OJILA
Logo,logo1259,LOGO,CSu.MORU_MAADI.LOGO
Keliko,keli1248,KELIKO,CSu.MORU_MAADI.KELIKO
Lugbara,lugb1240,LUGBARA,CSu.MORU_MAADI.LUGBARA
Moru,moru1253,ANDRI,CSu.MORU_MAADI.ANDRI
Moru,moru1253,BALIMBA,CSu.MORU_MAADI.BALIMBA
Moru,moru1253,AGI,CSu.MORU_MAADI.AGI
Moru,moru1253,WADI,CSu.MORU_MAADI.WADI
Moru,moru1253,KEDIRU,CSu.MORU_MAADI.KEDIRU
Moru,moru1253,LAKAMADI,CSu.MORU_MAADI.LAKAMADI
Moru,moru1253,MIZA,CSu.MORU_MAADI.MIZA
Sinyar,siny1243,SINYAR,CSu.BONGO_BAGIRMI.SINYAR
Sinyar,siny1243,FORMONA,CSu.BONGO_BAGIRMI.FORMONA
Bongo,bong1285,BONGO,CSu.BONGO_BAGIRMI.BONGO
Baka (South Sudan),baka1274,BAKA_SUDAN,CSu.BONGO_BAGIRMI.BAKA_SUDAN
Jur Modo,jurm1239,MODO,CSu.BONGO_BAGIRMI.MODO
Yulu-Binga,yulu1243,YULU,CSu.BONGO_BAGIRMI.YULU
Lutos,luto1241,NDOKA,CSu.BONGO_BAGIRMI.NDOKA
Gula (Central African Republic),gula1266,GULA_SARA,CSu.BONGO_BAGIRMI.GULA_SARA
Gélé (Dar Fongoro),fong1243,FONGORO,CSu.BONGO_BAGIRMI.FONGORO
Gula (Central African Republic),gula1266,GULA_MERE,CSu.BONGO_BAGIRMI.GULA_MERE
Kara (Central African Republic),kara1482,KARA,CSu.BONGO_BAGIRMI.KARA
Gula (Central African Republic),gula1266,GULA_ZURA,CSu.BONGO_BAGIRMI.GULA_ZURA
Bagirmi,bagi1246,BAGIRMI,CSu.BONGO_BAGIRMI.BAGIRMI
Kenga,keng1240,KENGA,CSu.BONGO_BAGIRMI.KENGA
Naba,naba1253,NABA_KUKA,CSu.BONGO_BAGIRMI.NABA_KUKA
Furu,furu1242,FURU,CSu.BONGO_BAGIRMI.FURU
Sara Kaba Deme,sara1322,KABA_DEME_SARA,CSu.BONGO_BAGIRMI.KABA_DEME_SARA
Sara Kaba Náà,sara1321,NA_CHAD,CSu.BONGO_BAGIRMI.NA_CHAD
Ngambay,ngam1268,NGAMBAY,CSu.BONGO_BAGIRMI.NGAMBAY
Kaba,kaba1281,KABBA,CSu.BONGO_BAGIRMI.KABBA
Mbay,mbay1241,MBAY,CSu.BONGO_BAGIRMI.MBAY
Nangnda,bedj1245,BEJOND,CSu.BONGO_BAGIRMI.BEJOND
Gor,gorr1238,GOR,CSu.BONGO_BAGIRMI.GOR
Horo,horo1247,HORO,CSu.BONGO_BAGIRMI.HORO
Gulay,gula1268,GULAY,CSu.BONGO_BAGIRMI.GULAY
Sar,sarr1246,SAR_CHAD,CSu.BONGO_BAGIRMI.SAR_CHAD
Hadza,hadz1240,HADZA,Had.HADZA.HADZA
Sandawe,sand1273,SANDAWE,Sad.SANDAWE.SANDAWE
Kwadi,kwad1244,KWADI,KK.KHOE_KWADI.KWADI
Korana,kora1292,KORANA,KK.KHOE_KWADI.KORANA
Nama (Namibia),nama1264,KHOEKHOEGOWAB,KK.KHOE_KWADI.KHOEKHOEGOWAB
Nama (Namibia),nama1264,NAMA,KK.KHOE_KWADI.NAMA
Nama (Namibia),nama1264,NAMA_2,KK.KHOE_KWADI.NAMA_2
Northern Tshwa,tsoa1238,MASARWA_TATI,KK.KHOE_KWADI.MASARWA_TATI
Kxoe,kxoe1243,KHWE,KK.KHOE_KWADI.KHWE
Kxoe,kxoe1243,KXOE,KK.KHOE_KWADI.KXOE
Naro,naro1249,NARO,KK.KHOE_KWADI.NARO
Naro,naro1249,NARON,KK.KHOE_KWADI.NARON
/Gwi,gwii1239,GWI,KK.KHOE_KWADI.GWI
//Gana,gana1274,GXANA,KK.KHOE_KWADI.GXANA
Amkoe,hoaa1235,HOAN,Kxa.KXA.HOAN
North-Central Ju,kung1261,KUNG,Kxa.KXA.KUNG
North-Central Ju,kung1261,KUNG_EKOKA,Kxa.KXA.KUNG_EKOKA
South-Eastern Ju,juho1239,JUHOAN,Kxa.KXA.JUHOAN
South-Eastern Ju,juho1239,KAUEN,Kxa.KXA.KAUEN
N||ng,nngg1234,NU,Tu.TU.NU
/Xam,xamm1241,KAM_KA_KE,Tu.TU.KAM_KA_KE
//Xegwi,xegw1238,BATWA,Tu.TU.BATWA
N||ng,nngg1234,NG_KE,Tu.TU.NG_KE
Lower-Nosop,lowe1407,AUNI,Tu.TU.AUNI
East Taa,huaa1248,NU_EN,Tu.TU.NU_EN
East Taa,huaa1248,MASARWA_KAKIA,Tu.TU.MASARWA_KAKIA
East Taa,huaa1248,XOON_MASARWA,Tu.TU.XOON_MASARWA
East Taa,huaa1248,XOON,Tu.TU.XOON
East Taa,huaa1248,XOON_NUEN,Tu.TU.XOON_NUEN
Pawaia,pawa1255,PAWAIA,Teb.PAWAIAN.PAWAIA
Jarawa (India),jara1245,JARAWA,SAn.SOUTH_ANDAMANESE.JARAWA
Önge,onge1236,ONGE,SAn.SOUTH_ANDAMANESE.ONGE
Bankan Tey Dogon,bank1259,WALO_KUMBE,Dog.DOGON.WALO_KUMBE
Bunoge Dogon,buno1241,BUNOGE,Dog.DOGON.BUNOGE
Ampari Dogon,ampa1238,AMPARI_PA,Dog.DOGON.AMPARI_PA
Mombo Dogon,momb1254,NYAMBEENGGE_2,Dog.DOGON.NYAMBEENGGE_2
Mombo Dogon,momb1254,NYAMBEENGGE_1,Dog.DOGON.NYAMBEENGGE_1
Dogul Dom Dogon,dogu1235,DOGON_DOGUL_DOM,Dog.DOGON.DOGON_DOGUL_DOM
Najamba-Kindige,bond1248,DOGON_BONDUM_DOM,Dog.DOGON.DOGON_BONDUM_DOM
Tebul Ure Dogon,tebu1239,TEBUL_URE,Dog.DOGON.TEBUL_URE
Ana Tinga Dogon,anat1248,ANA_TINGA,Dog.DOGON.ANA_TINGA
Yanda Dom Dogon,yand1257,YANDA,Dog.DOGON.YANDA
Toro So Dogon,toro1252,DOGON,Dog.DOGON.DOGON
Donno So Dogon,donn1239,DOGON_DONNO_SO,Dog.DOGON.DOGON_DONNO_SO
Tengou-Togo Dogon,tene1248,DOGON_TENE_KAN,Dog.DOGON.DOGON_TENE_KAN
Tomo Kan Dogon,tomo1243,DOGON_TOMO_KAN,Dog.DOGON.DOGON_TOMO_KAN
Jamsay Dogon,jams1239,DOGON_JAMSAY,Dog.DOGON.DOGON_JAMSAY
Toro Tegu Dogon,toro1253,DOGON_TORO_TEGU_NEMGUENE,Dog.DOGON.DOGON_TORO_TEGU_NEMGUENE
Toro Tegu Dogon,toro1253,DOGON_TORO_TEGU_IWRA,Dog.DOGON.DOGON_TORO_TEGU_IWRA
Toro Tegu Dogon,toro1253,DOGON_TORO_TEGU_PIRINGUA,Dog.DOGON.DOGON_TORO_TEGU_PIRINGUA
Gban,gagu1242,GAGU,Man.EASTERN_MANDE.GAGU
Beng,beng1286,BENG,Man.EASTERN_MANDE.BENG
Mwan,mwan1250,MWAN,Man.EASTERN_MANDE.MWAN
Wan,wann1242,WAN,Man.EASTERN_MANDE.WAN
Wan,wann1242,WAN_2,Man.EASTERN_MANDE.WAN_2
Mann,mann1248,MANN,Man.EASTERN_MANDE.MANN
Guro,guro1248,GURO,Man.EASTERN_MANDE.GURO
Yaouré,yaou1238,YAURE,Man.EASTERN_MANDE.YAURE
Nuclear Dan,nucl1770,YAKOUBA,Man.EASTERN_MANDE.YAKOUBA
Toura (Côte d'Ivoire),tour1242,TOURA,Man.EASTERN_MANDE.TOURA
Bissa,biss1248,BISA,Man.EASTERN_MANDE.BISA
Matya Samo,maty1235,SAMO_MATYA,Man.EASTERN_MANDE.SAMO_MATYA
Kyenga,kyen1242,KYENGA,Man.EASTERN_MANDE.KYENGA
Shanga,shan1282,SHANGA,Man.EASTERN_MANDE.SHANGA
Boko (Benin),boko1266,BOKO,Man.EASTERN_MANDE.BOKO
Busa,busa1253,ILLO_BUSA,Man.EASTERN_MANDE.ILLO_BUSA
Bokobaru,boko1267,BOKOBARU,Man.EASTERN_MANDE.BOKOBARU
Busa,busa1253,BUSA_NIGERIA,Man.EASTERN_MANDE.BUSA_NIGERIA
Soninke,soni1259,SONINKE,Man.WESTERN_MANDE.SONINKE
Hainyaxo Bozo,hain1253,BOZO_HAINYAHO,Man.WESTERN_MANDE.BOZO_HAINYAHO
Jenaama Bozo,jena1242,BOZO_JENAAMA,Man.WESTERN_MANDE.BOZO_JENAAMA
Jenaama Bozo,jena1242,SOROGAMA,Man.WESTERN_MANDE.SOROGAMA
Tiéyaxo Bozo,tiey1235,BOZO_TIEYAHO,Man.WESTERN_MANDE.BOZO_TIEYAHO
Tiéyaxo Bozo,tiey1235,TIEYAXO,Man.WESTERN_MANDE.TIEYAXO
,,SOUTHERN_BOBO_MADARE,Man.WESTERN_MANDE.SOUTHERN_BOBO_MADARE
Jowulu,jowu1238,JO,Man.WESTERN_MANDE.JO
Seeku,seek1238,SEEKU,Man.WESTERN_MANDE.SEEKU
Bankagooma,bank1258,BANKA,Man.WESTERN_MANDE.BANKA
Duungooma,duun1242,DUUNGOMA,Man.WESTERN_MANDE.DUUNGOMA
Dzùùngoo,dzuu1241,DZUUN,Man.WESTERN_MANDE.DZUUN
Liberia Kpelle,libe1247,KPELLE,Man.WESTERN_MANDE.KPELLE
Guinea Kpelle,guin1254,KPELLE_GUINEA,Man.WESTERN_MANDE.KPELLE_GUINEA
Liberia Kpelle,libe1247,LIBERIAN_KPELLE,Man.WESTERN_MANDE.LIBERIAN_KPELLE
Loma (Liberia),loma1260,LOMA_LIBERIA,Man.WESTERN_MANDE.LOMA_LIBERIA
Bandi,band1352,BANDI,Man.WESTERN_MANDE.BANDI
Loko,loko1255,LOKO,Man.WESTERN_MANDE.LOKO
Mende (Sierra Leone),mend1266,MENDE,Man.WESTERN_MANDE.MENDE
Susu,susu1250,SUSU,Man.WESTERN_MANDE.SUSU
Yalunka,yalu1240,YALUNKA,Man.WESTERN_MANDE.YALUNKA
Jeli,jeri1242,JERI_KUO,Man.WESTERN_MANDE.JERI_KUO
Ligbi,ligb1244,LIGBI,Man.WESTERN_MANDE.LIGBI
Kono (Sierra Leone),kono1268,KONO,Man.WESTERN_MANDE.KONO
Vai,vaii1241,VAI,Man.WESTERN_MANDE.VAI
Kuranko,kura1250,KURANKO,Man.WESTERN_MANDE.KURANKO
Lele (Guinea),lele1266,LELE_GUINEA,Man.WESTERN_MANDE.LELE_GUINEA
Mandinka,mand1436,MANDINKA,Man.WESTERN_MANDE.MANDINKA
Kita Maninkakan,kita1249,MANINKAKAN_KITA,Man.WESTERN_MANDE.MANINKAKAN_KITA
Western Maninkakan,west2500,MALINKE,Man.WESTERN_MANDE.MALINKE
Xaasongaxango,xaas1235,XAASONGAXANGO,Man.WESTERN_MANDE.XAASONGAXANGO
Bambara,bamb1269,BAMBARA,Man.WESTERN_MANDE.BAMBARA
Eastern Maninkakan,east2426,MANINKAKAN_EASTERN,Man.WESTERN_MANDE.MANINKAKAN_EASTERN
Dyula,dyul1238,JULA_DE_KONG,Man.WESTERN_MANDE.JULA_DE_KONG
Bolon,bolo1266,BOLON,Man.WESTERN_MANDE.BOLON
Marka,mark1256,MARKA,Man.WESTERN_MANDE.MARKA
Dyula,dyul1238,JULA_VEHICULAIRE,Man.WESTERN_MANDE.JULA_VEHICULAIRE
Wojenaka,woje1238,TUDUGUKAKAN,Man.WESTERN_MANDE.TUDUGUKAKAN
Wojenaka,woje1238,NOWOLOKAKAN,Man.WESTERN_MANDE.NOWOLOKAKAN
Wojenaka,woje1238,VANDUGUKAKAN,Man.WESTERN_MANDE.VANDUGUKAKAN
Wojenaka,woje1238,FOLOKAKAN,Man.WESTERN_MANDE.FOLOKAKAN
Wojenaka,woje1238,GBELEBANKAKAN,Man.WESTERN_MANDE.GBELEBANKAKAN
Wojenaka,woje1238,BODUGUKAKAN,Man.WESTERN_MANDE.BODUGUKAKAN
Wojenaka,woje1238,WOJENEKAKAN,Man.WESTERN_MANDE.WOJENEKAKAN
Wojenaka,woje1238,SIENKOKAKAN,Man.WESTERN_MANDE.SIENKOKAKAN
Mahou,maho1249,BARALAKAKAN,Man.WESTERN_MANDE.BARALAKAKAN
Mahou,maho1249,FINANGAKAN,Man.WESTERN_MANDE.FINANGAKAN
Mahou,maho1249,TENENGAKAN,Man.WESTERN_MANDE.TENENGAKAN
Mahou,maho1249,KOROKAKAN,Man.WESTERN_MANDE.KOROKAKAN
Mahou,maho1249,MAUKAKAN,Man.WESTERN_MANDE.MAUKAKAN
Worodougou,woro1256,KARANJANKAN,Man.WESTERN_MANDE.KARANJANKAN
Worodougou,woro1256,KANIKAKAN,Man.WESTERN_MANDE.KANIKAKAN
Worodougou,woro1256,WORODUGUKAKAN,Man.WESTERN_MANDE.WORODUGUKAKAN
Koyaga,koya1253,SIAKAKAN,Man.WESTERN_MANDE.SIAKAKAN
Koyaga,koya1253,KOYAGAKAN,Man.WESTERN_MANDE.KOYAGAKAN
Koyaga,koya1253,SAGAKAKAN,Man.WESTERN_MANDE.SAGAKAKAN
Koro (Côte d'Ivoire),koro1306,KOROKAN,Man.WESTERN_MANDE.KOROKAN
Koyaga,koya1253,NIGBIKAN,Man.WESTERN_MANDE.NIGBIKAN
East Limba,east2387,EAST_LIMBA,NC.SOUTHERN_ATLANTIC.EAST_LIMBA
Mansoanka,mans1259,MANSOANKA,NC.SOUTHERN_ATLANTIC.MANSOANKA
Gola,gola1255,GOLA,NC.SOUTHERN_ATLANTIC.GOLA
Landoma,land1256,LANDOMA,NC.SOUTHERN_ATLANTIC.LANDOMA
Baga Sitemu,baga1272,BAGA_SITEMU,NC.SOUTHERN_ATLANTIC.BAGA_SITEMU
Timne,timn1235,THEMNE,NC.SOUTHERN_ATLANTIC.THEMNE
Baga Manduri,baga1270,BAGA_MADURI,NC.SOUTHERN_ATLANTIC.BAGA_MADURI
Southern Kisi,sout2778,KISI,NC.SOUTHERN_ATLANTIC.KISI
Northern Kissi,nort2765,KISSI,NC.SOUTHERN_ATLANTIC.KISSI
Sherbro,sher1258,SHERBRO,NC.SOUTHERN_ATLANTIC.SHERBRO
Bullom So,bull1247,MMANI,NC.SOUTHERN_ATLANTIC.MMANI
Krim,krim1238,KRIM,NC.SOUTHERN_ATLANTIC.KRIM
Nalu,nalu1240,NALU,NC.NORTHERN_ATLANTIC.NALU
Kanyaki-Kagbaaga-Kajoko Bidyogo,bidy1244,BIJOGO,NC.BIJAGO.BIJOGO
Kugere-Kuxinge,bayo1255,BAYOT,NC.NORTHERN_ATLANTIC.BAYOT
Balanta-Kentohe,bala1301,BALANTA,NC.NORTHERN_ATLANTIC.BALANTA
Balanta-Ganja,bala1302,BALANTA_GANJA,NC.NORTHERN_ATLANTIC.BALANTA_GANJA
Mankanya,mank1251,MANKANYA,NC.NORTHERN_ATLANTIC.MANKANYA
Papel,pape1239,PAPEL,NC.NORTHERN_ATLANTIC.PAPEL
Mandjak,mand1419,MANJACA_CHURO,NC.NORTHERN_ATLANTIC.MANJACA_CHURO
Mandjak,mand1419,MANJACA_COSTA_DE_BAIXO,NC.NORTHERN_ATLANTIC.MANJACA_COSTA_DE_BAIXO
Jola-Fonyi,jola1263,DIOLA,NC.NORTHERN_ATLANTIC.DIOLA
Jola-Fonyi,jola1263,JOLA,NC.NORTHERN_ATLANTIC.JOLA
Keerak,kera1248,KERAK,NC.NORTHERN_ATLANTIC.KERAK
Karon,karo1294,KARON,NC.NORTHERN_ATLANTIC.KARON
Biafada,biaf1240,BIAFADA,NC.NORTHERN_ATLANTIC.BIAFADA
Jaad-Badyara,bady1239,PAJADE,NC.NORTHERN_ATLANTIC.PAJADE
Bainouk-Gunyaamolo-Gutobor,bain1261,BAINOUK_GUNYAAMOLO,NC.NORTHERN_ATLANTIC.BAINOUK_GUNYAAMOLO
Kasanga,kasa1248,KASANGA,NC.NORTHERN_ATLANTIC.KASANGA
Kobiana,kobi1241,KOBIANA,NC.NORTHERN_ATLANTIC.KOBIANA
Wolof,nucl1347,WOLOF,NC.NORTHERN_ATLANTIC.WOLOF
Gambian Wolof,gamb1252,WOLOF_GAMBIAN,NC.NORTHERN_ATLANTIC.WOLOF_GAMBIAN
Ndut,ndut1239,NDUT_FALOR,NC.NORTHERN_ATLANTIC.NDUT_FALOR
Palor,palo1243,PALOR_2,NC.NORTHERN_ATLANTIC.PALOR_2
Saafi-Saafi,saaf1238,SAFEN,NC.NORTHERN_ATLANTIC.SAFEN
Lehar,leha1242,LEHAR,NC.NORTHERN_ATLANTIC.LEHAR
Noon,noon1242,NON,NC.NORTHERN_ATLANTIC.NON
Wamey,wame1240,WAMEY,NC.NORTHERN_ATLANTIC.WAMEY
Sereer,sere1260,SERER_SINE,NC.NORTHERN_ATLANTIC.SERER_SINE
Pulaar,pula1263,FULA,NC.NORTHERN_ATLANTIC.FULA
Adamawa Fulfulde,adam1253,FULFULDE_ADAMAWA,NC.NORTHERN_ATLANTIC.FULFULDE_ADAMAWA
Hausa States Fulfulde,nige1253,FULFULDE,NC.NORTHERN_ATLANTIC.FULFULDE
Maasina Fulfulde,maas1239,FULFULDE_MAASINA,NC.NORTHERN_ATLANTIC.FULFULDE_MAASINA
Pular,pula1262,PULAR,NC.NORTHERN_ATLANTIC.PULAR
Ngombe-Bangandu,bang1347,BANGANDU,NC.GBAYA_MANZA_NGBAKA.BANGANDU
Southwest Gbaya,sout2785,BIYANDA,NC.GBAYA_MANZA_NGBAKA.BIYANDA
Northwest Gbaya,nort2775,KARA_BODOE,NC.GBAYA_MANZA_NGBAKA.KARA_BODOE
Bokoto,boko1261,BOKOTO,NC.GBAYA_MANZA_NGBAKA.BOKOTO
Gbaya-Bozoum,gbay1286,GBAYA_BOZOUM,NC.GBAYA_MANZA_NGBAKA.GBAYA_BOZOUM
Gbaya-Bossangoa,gbay1287,GBEYA,NC.GBAYA_MANZA_NGBAKA.GBEYA
Bofi,bofi1238,BOFI,NC.GBAYA_MANZA_NGBAKA.BOFI
Gbaya-Mbodomo,gbay1281,GBAYA_MBODOMO,NC.GBAYA_MANZA_NGBAKA.GBAYA_MBODOMO
Ngbaka Minagende,ngba1285,NGBAKA,NC.GBAYA_MANZA_NGBAKA.NGBAKA
Ngbaka Ma'bo,ngba1284,NGBAKA_BOKANGA,NC.GBAYA_MANZA_NGBAKA.NGBAKA_BOKANGA
Manza,manz1243,MANZA,NC.GBAYA_MANZA_NGBAKA.MANZA
Ngbaka Manza,ngba1287,NGBAKA_MANZA,NC.GBAYA_MANZA_NGBAKA.NGBAKA_MANZA
Ali,alii1240,ALI,NC.UBANGI.ALI
Barambu,bara1361,BARAMBU,NC.UBANGI.BARAMBU
Pambia,pamb1243,PAMBIA,NC.UBANGI.PAMBIA
Nzakara,nzak1247,NZAKARA,NC.UBANGI.NZAKARA
Geme,geme1244,GEME,NC.UBANGI.GEME
Zande,zand1248,ZANDE,NC.UBANGI.ZANDE
Langbashe,lang1318,LANGBASI,NC.UBANGI.LANGBASI
South Central Banda,sout2787,NGBUGU,NC.UBANGI.NGBUGU
West Central Banda,west2458,GBI,NC.UBANGI.GBI
Mbandja,mban1263,MBANZA,NC.UBANGI.MBANZA
Banda-Yangere,band1348,BANDA_YANGERE,NC.UBANGI.BANDA_YANGERE
Banda-Bambari,band1344,LINDA,NC.UBANGI.LINDA
Banda-Ndélé,band1345,BANDA_NDELE_NGAO,NC.UBANGI.BANDA_NDELE_NGAO
Gobu,gobu1238,GABU,NC.UBANGI.GABU
Mono (Democratic Republic of Congo),mono1270,MONO_CONGO,NC.UBANGI.MONO_CONGO
Southern Ngbandi,sout2784,NGBANDI,NC.UBANGI.NGBANDI
Yakoma,yako1252,YAKOMA,NC.UBANGI.YAKOMA
Sango,sang1328,SANGO,NC.UBANGI.SANGO
Feroge,fero1244,FEROGE,NC.UBANGI.FEROGE
Mangayat,mang1387,MANGAYAT,NC.UBANGI.MANGAYAT
Indri,indr1247,INDRI,NC.UBANGI.INDRI
Togoyo,togo1252,TOGOYO,NC.UBANGI.TOGOYO
Bai,baii1251,BAI,NC.UBANGI.BAI
Belanda Viri,bela1255,BELANDA_VIRI,NC.UBANGI.BELANDA_VIRI
Ndogo,ndog1248,NDOGO,NC.UBANGI.NDOGO
Tagbu,tagb1255,TAGBU,NC.UBANGI.TAGBU
Ma (Democratic Republic of Congo),made1252,MA,NC.UBANGI.MA
Dongo,dong1290,DONGO,NC.UBANGI.DONGO
Ndunga,ndun1249,NDUNGA,NC.UBANGI.NDUNGA
Mündü,mund1326,MONDO,NC.UBANGI.MONDO
Bangba,bang1345,BANGBA,NC.UBANGI.BANGBA
Mayogo,mayo1261,MAYOGO,NC.UBANGI.MAYOGO
Limassa,lima1246,LIMASSA,NC.UBANGI.LIMASSA
Baka (Cameroon),baka1272,BAKA_2,NC.UBANGI.BAKA_2
Monzombo,monz1249,MONZOMBO,NC.UBANGI.MONZOMBO
Kpala,kpal1241,NGBAKA_KPALA,NC.UBANGI.NGBAKA_KPALA
Gbanziri-Boraka,gban1258,GBANZILI,NC.UBANGI.GBANZILI
Ngbaka Ma'bo,ngba1284,NGBAKA_MABO,NC.UBANGI.NGBAKA_MABO
Gilima,gili1241,NGBAKA_GILIMA,NC.UBANGI.NGBAKA_GILIMA
Ngbaka Ma'bo,ngba1284,NGBAKA_PENDI,NC.UBANGI.NGBAKA_PENDI
Samba Leko,samb1305,SAMBA_LEKO,NC.ADAMAWA.SAMBA_LEKO
Nyong,nyon1241,NYONG,NC.ADAMAWA.NYONG
Wom (Nigeria),womn1235,WOM_AFRICA,NC.ADAMAWA.WOM_AFRICA
Longto,long1387,LONGTO,NC.ADAMAWA.LONGTO
Peere,peer1241,PEERE,NC.ADAMAWA.PEERE
Doyayo,doya1240,DOOHWAAYAAYO,NC.ADAMAWA.DOOHWAAYAAYO
Mom Jango,momj1237,MOMI,NC.ADAMAWA.MOMI
Kumba,kumb1238,KUMBA,NC.ADAMAWA.KUMBA
Pangseng,pang1286,PANGSENG,NC.ADAMAWA.PANGSENG
Rang,rang1269,RANG,NC.ADAMAWA.RANG
Kpasam,kpas1242,KPASHAM,NC.ADAMAWA.KPASHAM
Bali (Nigeria),bali1245,BALI_NIGERIA,NC.ADAMAWA.BALI_NIGERIA
Yotti,yott1234,YOTI,NC.ADAMAWA.YOTI
Teme,teme1252,TEME,NC.ADAMAWA.TEME
Waka,waka1275,WAKA,NC.ADAMAWA.WAKA
Yendang,yend1241,YANDANG,NC.ADAMAWA.YANDANG
Bon Gula,bong1282,BON_GULA,NC.ADAMAWA.BON_GULA
Gula Iro,gula1265,GULA_IRO,NC.ADAMAWA.GULA_IRO
Bua,buaa1245,BUA,NC.ADAMAWA.BUA
Niellim,niel1243,LUA_NIELLIM,NC.ADAMAWA.LUA_NIELLIM
Tunia,tuni1251,TUNIA,NC.ADAMAWA.TUNIA
Koke,koke1240,KOKE,NC.ADAMAWA.KOKE
Noy,noyy1238,NOY,NC.ADAMAWA.NOY
Goundo,goun1238,GOUNDO,NC.ADAMAWA.GOUNDO
Besme,besm1235,BESME,NC.ADAMAWA.BESME
Kim,kimm1246,KIM,NC.ADAMAWA.KIM
Day,dayy1236,DAY,NC.ADAMAWA.DAY
Dama (Cameroon),dama1267,DAMA,NC.ADAMAWA.DAMA
Ndai,ndai1238,GALKE,NC.ADAMAWA.GALKE
Mambai,mamb1294,MAMBAI,NC.ADAMAWA.MAMBAI
Tupuri,tupu1244,TUPURI,NC.ADAMAWA.TUPURI
Mundang,mund1325,MUNDANG,NC.ADAMAWA.MUNDANG
Pam (Cameroon),pamm1242,PAM,NC.ADAMAWA.PAM
To,tooo1238,TO,NC.ADAMAWA.TO
Mbum,mbum1254,MBUM,NC.ADAMAWA.MBUM
Kuo,kuoo1238,KO,NC.ADAMAWA.KO
Nzakambay,nzak1246,NJAK_MBAI,NC.ADAMAWA.NJAK_MBAI
Nzakambay,nzak1246,NGOUMI,NC.ADAMAWA.NGOUMI
Kare (Central African Republic),kare1338,KALI,NC.ADAMAWA.KALI
Karang,kara1478,KARANG,NC.ADAMAWA.KARANG
Karang,kara1478,NDOK_MBALI,NC.ADAMAWA.NDOK_MBALI
Nafanan,nafa1258,NAFAARA,NC.GUR.NAFAARA
Tagwana Senoufo,tagw1240,SENOUFO_TAGWANA,NC.GUR.SENOUFO_TAGWANA
Senari,ceba1235,SENUFO_CEBAARA,NC.GUR.SENUFO_CEBAARA
Mamara Senoufo,mama1271,MAMARA_SENOUFO,NC.GUR.MAMARA_SENOUFO
Sìcìté Sénoufo,sici1249,SENUFO_SICITE,NC.GUR.SENUFO_SICITE
Supyire Senoufo,supy1237,SENOUFO_SUPYIRE,NC.GUR.SENOUFO_SUPYIRE
Bouna Kulango,boun1243,KULANGO_BOUNA,NC.GUR.KULANGO_BOUNA
Téén,teen1242,LORHON,NC.GUR.LORHON
Viemo,viem1243,VIEMO,NC.GUR.VIEMO
Tiefo-Daramandugu,tief1242,CEFO,NC.GUR.CEFO
Natioro,nati1243,NATIORO,NC.GUR.NATIORO
Samue,wara1292,WARA,NC.GUR.WARA
Longuda,long1389,LONGUDA,NC.ADAMAWA.LONGUDA
Burak,bura1271,BURAK,NC.ADAMAWA.BURAK
Waja,waja1259,WAJA,NC.ADAMAWA.WAJA
Awak,awak1250,AWAK,NC.ADAMAWA.AWAK
Dadiya,dadi1249,DADIYA,NC.ADAMAWA.DADIYA
Baatonum,baat1238,BAATONUM,NC.GUR.BAATONUM
Turka,turk1306,TURKA,NC.GUR.TURKA
Pana (Burkina Faso),pana1295,PANA,NC.GUR.PANA
Kasem,kase1253,KASEM,NC.GUR.KASEM
Kabiyé,kabi1261,KABIYE,NC.GUR.KABIYE
Lama (Togo),lama1275,LAMA,NC.GUR.LAMA
Vagla,vagl1239,VAGALA,NC.GUR.VAGALA
Paasaal,paas1238,PAASAAL,NC.GUR.PAASAAL
Tumulung Sisaala,tumu1242,SISAALA_TUMULUNG,NC.GUR.SISAALA_TUMULUNG
Western Sisaala,west2465,SISAALA_WESTERN,NC.GUR.SISAALA_WESTERN
Koromfé,koro1298,KOROMFE,NC.GUR.KOROMFE
Southern Bobo Madaré,sout2840,BOMU_BOBO,NC.GUR.BOMU_BOBO
Buamu,buam1238,BWAMU,NC.GUR.BWAMU
Buli (Ghana),buli1254,BULI_GHANA,NC.GUR.BULI_GHANA
Konni,konn1242,KONNI,NC.GUR.KONNI
Biali,bial1238,BIALI,NC.GUR.BIALI
Waama,waam1244,WAAMA,NC.GUR.WAAMA
Nateni,nate1242,NATENI,NC.GUR.NATENI
Ditammari,dita1238,DITAMMARI,NC.GUR.DITAMMARI
Mbelime,mbel1240,MBELIME,NC.GUR.MBELIME
Nawdm,nawd1238,NAWDM,NC.GUR.NAWDM
Yom,yomm1242,YOM,NC.GUR.YOM
Akaselem,akas1242,AKASELEM,NC.GUR.AKASELEM
Ntcham,ntch1242,BASSARI,NC.GUR.BASSARI
Gourmanchéma,gour1243,GOURMANCHEMA,NC.GUR.GOURMANCHEMA
Moba,moba1244,MOBA,NC.GUR.MOBA
Konkomba,konk1269,KONKOMBA_2,NC.GUR.KONKOMBA_2
Konkomba,konk1269,KONKOMBA,NC.GUR.KONKOMBA
Ngangam,ngan1299,NGANGAM,NC.GUR.NGANGAM
Notre,notr1240,NOTRE,NC.GUR.NOTRE
Kusaal,kusa1250,KUSAL,NC.GUR.KUSAL
Hanga,hang1258,HANGA,NC.GUR.HANGA
Kamara,kama1357,KAMARA,NC.GUR.KAMARA
Dagbani,dagb1246,DAGBANI,NC.GUR.DAGBANI
Mampruli,mamp1244,MAMPRULI,NC.GUR.MAMPRULI
Mossi,moss1236,MOORE,NC.GUR.MOORE
Farefare,fare1241,FRAFRA,NC.GUR.FRAFRA
Farefare,fare1241,NINKARE,NC.GUR.NINKARE
Safaliba,safa1243,SAFALIBA,NC.GUR.SAFALIBA
Southern Birifor,sout2790,BIRIFOR_SOUTHERN,NC.GUR.BIRIFOR_SOUTHERN
Central Dagaare,sout2789,DAGAARE,NC.GUR.DAGAARE
Wali (Ghana),wali1263,WALI,NC.GUR.WALI
Ega,egaa1242,EGA,NC.KWA.EGA
Adangme,adan1247,DANGME,NC.KWA.DANGME
Ga,gaaa1244,GA,NC.KWA.GA
Ikpana,logb1245,IKPANA,NC.KWA.IKPANA
Adele,adel1244,ADELE,NC.KWA.ADELE
Anii,anii1245,ANII,NC.KWA.ANII
Sekpele,sekp1241,LIKPE,NC.KWA.LIKPE
Selee,sele1249,SELE,NC.KWA.SELE
Siwu,siwu1238,AKPAFU,NC.KWA.AKPAFU
Lelemi,lele1264,BUEM_LELEMI,NC.KWA.BUEM_LELEMI
Siwu,siwu1238,SIWU,NC.KWA.SIWU
Fon,fonn1241,FONGBE,NC.KWA.FONGBE
,,EWE_ADANGBE,NC.KWA.EWE_ADANGBE
Gen,genn1243,GEN,NC.KWA.GEN
Akebu,akeb1238,AKEBU,NC.KWA.AKEBU
Animere,anim1239,ANIMERE,NC.KWA.ANIMERE
Avatime,avat1244,SIDEME,NC.KWA.SIDEME
Tafi,tafi1243,TEGBO,NC.KWA.TEGBO
Nyangbo,nyan1302,TUTRUGBU,NC.KWA.TUTRUGBU
Ikposo,ikpo1238,IKPOSO,NC.KWA.IKPOSO
Igo,igoo1238,AHLO,NC.KWA.AHLO
Tuwuli,tuwu1238,TUWULI,NC.KWA.TUWULI
Abé,abee1242,ABE,NC.KWA.ABE
Adioukrou,adio1239,ADIOUKROU,NC.KWA.ADIOUKROU
Avikam,avik1243,AVIKAM,NC.KWA.AVIKAM
Attié,atti1239,ATTIE,NC.KWA.ATTIE
Abron,abro1238,ABRON,NC.KWA.ABRON
Akan,akan1250,TWI_ASANTE,NC.KWA.TWI_ASANTE
Akan,akan1250,TWI_FANTE,NC.KWA.TWI_FANTE
Ahanta,ahan1243,AHANTE,NC.KWA.AHANTE
Nzima,nzim1238,NZEMA,NC.KWA.NZEMA
Anufo,anuf1239,ANUFO,NC.KWA.ANUFO
Baoulé,baou1238,BAULE,NC.KWA.BAULE
Anyin,anyi1245,ANYI,NC.KWA.ANYI
Awutu,awut1241,EFUTU,NC.KWA.EFUTU
Larteh,lart1238,LARTEH,NC.KWA.LARTEH
Gua,guaa1238,HILL_GUANG,NC.KWA.HILL_GUANG
Nkonya,nkon1248,NKAMI,NC.KWA.NKAMI
Dompo,domp1238,DOMPO,NC.KWA.DOMPO
Gonja,gonj1241,GONJA,NC.KWA.GONJA
Nawuri,nawu1242,NAWURI,NC.KWA.NAWURI
Gikyode,giky1238,GECHODE,NC.KWA.GECHODE
Ginyanga,giny1241,GENYANGA,NC.KWA.GENYANGA
Krache,krac1238,KRACHI,NC.KWA.KRACHI
Chumburung,chum1261,NCHUMURU,NC.KWA.NCHUMURU
Tchumbuli,tchu1241,TCHUMBULI,NC.KWA.TCHUMBULI
Mbre,mbre1244,MBRE,NC.MBRE.MBRE
South Fali,sout2782,FALI,NC.ADAMAWA.FALI
Klao,klao1243,KLAO,NC.KRU.KLAO
Bassa,nucl1418,BASSA,NC.KRU.BASSA
Dewoin,dewo1238,DEWOIN,NC.KRU.DEWOIN
Tepo Krumen,tepo1239,KRUMAN,NC.KRU.KRUMAN
Wobe-Wè Northern,weno1238,WOBE,NC.KRU.WOBE
Glio-Oubi,glio1241,GLIO_OUBI,NC.KRU.GLIO_OUBI
Wè Southern,weso1238,WE_SOUTHERN,NC.KRU.WE_SOUTHERN
Kuwaa,kuwa1247,KUWAA,NC.KRU.KUWAA
Bakwé,bakw1243,BAKWE,NC.KRU.BAKWE
Neyo,neyo1238,NEYO,NC.KRU.NEYO
Lakota Dida,lako1244,DIDA_LAKOTA,NC.KRU.DIDA_LAKOTA
Yocoboué Dida,yoco1235,DIDA_YOCOBOUE,NC.KRU.DIDA_YOCOBOUE
Guiberoua Béte,guib1246,BETE_GUIBEROUA,NC.KRU.BETE_GUIBEROUA
Daloa Bété,dalo1238,BETE_DALOA,NC.KRU.BETE_DALOA
Godié,godi1239,GODIE,NC.KRU.GODIE
Ekpeye,ekpe1253,EKPEYE,NC.IGBOID.EKPEYE
Ogbah,ogba1241,OGBA,NC.IGBOID.OGBA
Ukwuani-Aboh-Ndoni,ukwu1241,UKAWANI_ABOH_NDONI,NC.IGBOID.UKAWANI_ABOH_NDONI
Izi,izii1239,IZI,NC.IGBOID.IZI
Igbo,nucl1417,ECHIE,NC.IGBOID.ECHIE
Igbo,nucl1417,IGBO_ONITSHA,NC.IGBOID.IGBO_ONITSHA
Àhàn,ahan1244,AHAN,NC.DEFOID.AHAN
Ayere,ayer1245,AYERE,NC.DEFOID.AYERE
Arigidi,arig1246,ARIGIDI,NC.DEFOID.ARIGIDI
Igala,igal1242,IGALA,NC.DEFOID.IGALA
Yoruba,yoru1245,OKA,NC.DEFOID.OKA
Yoruba,yoru1245,YORUBA,NC.DEFOID.YORUBA
Ukaan,ukaa1243,UKAAN,NC.UKAAN.UKAAN
Ukaan,ukaa1243,IKAKUMO,NC.UKAAN.IKAKUMO
Ukaan,ukaa1243,IKAAN,NC.UKAAN.IKAAN
Ukaan,ukaa1243,IYINNO,NC.UKAAN.IYINNO
Ukaan,ukaa1243,ISHEU,NC.UKAAN.ISHEU
Ukaan,ukaa1243,IIGAU,NC.UKAAN.IIGAU
Akpes,akpe1248,AKUNNU,NC.AKPES.AKUNNU
Epie,epie1238,EPIE,NC.EDOID.EPIE
Egene,enge1239,ENGENNI,NC.EDOID.ENGENNI
Egene,enge1239,EGENE,NC.EDOID.EGENE
Degema,dege1246,DEGEMA_2,NC.EDOID.DEGEMA_2
Degema,dege1246,DEGEMA,NC.EDOID.DEGEMA
Okpe (Southwestern Edo),okpe1250,OKPE,NC.EDOID.OKPE
Urhobo,urho1239,URHOBO,NC.EDOID.URHOBO
Uvbie,uvbi1238,UVBIE,NC.EDOID.UVBIE
Urhobo,urho1239,URHOBO_2,NC.EDOID.URHOBO_2
Isoko,isok1239,ISOKO,NC.EDOID.ISOKO
Eruwa,eruw1238,ERUWA,NC.EDOID.ERUWA
Okpamheri,okpa1238,IBILO,NC.EDOID.IBILO
Okpamheri,okpa1238,OKPAMHERI,NC.EDOID.OKPAMHERI
Uhami,uham1238,UHAMI,NC.EDOID.UHAMI
Ehueun,ehue1238,EHUEUN,NC.EDOID.EHUEUN
Ukue,ukue1238,UKUE,NC.EDOID.UKUE
Emai-Iuleha-Ora,emai1241,AOMA,NC.EDOID.AOMA
Emai-Iuleha-Ora,emai1241,EMAI,NC.EDOID.EMAI
Bini,bini1246,EDO,NC.EDOID.EDO
Bini,bini1246,EDO_2,NC.EDOID.EDO_2
Ghotuo,ghot1243,GHOTUO,NC.EDOID.GHOTUO
Yekhee,yekh1238,AVBIANWU,NC.EDOID.AVBIANWU
Yekhee,yekh1238,AUCHI,NC.EDOID.AUCHI
Uneme,unem1238,UNEME,NC.EDOID.UNEME
Oko-Eni-Osayen,okoe1238,OKO_OSANYE_ENI,NC.OKO.OKO_OSANYE_ENI
Igede,iged1239,IGEDE,NC.IDOMOID.IGEDE
Idoma,idom1241,IDOMA,NC.IDOMOID.IDOMA
Yala,yala1263,YALA,NC.IDOMOID.YALA
Abua,abua1244,ABUA,NC.CROSS_RIVER.ABUA
Ogbronuagum,ogbr1243,OGBRONUAGUM,NC.CROSS_RIVER.OGBRONUAGUM
Cross River Mbembe,cros1244,MBEMBE,NC.CROSS_RIVER.MBEMBE
Kohumono,kohu1244,KOHUMONO,NC.CROSS_RIVER.KOHUMONO
Baan,baan1241,BAN_OGOI,NC.CROSS_RIVER.BAN_OGOI
Eleme,elem1253,ELEME,NC.CROSS_RIVER.ELEME
Eleme,elem1253,ELEME_2,NC.CROSS_RIVER.ELEME_2
Gokana,goka1239,GOKANA,NC.CROSS_RIVER.GOKANA
Khana,khan1278,KANA,NC.CROSS_RIVER.KANA
Tee,teee1242,TEE,NC.CROSS_RIVER.TEE
Obolo,obol1243,OBOLO,NC.CROSS_RIVER.OBOLO
Iko,ikoo1245,IKO,NC.CROSS_RIVER.IKO
Ibino,ibin1241,IBINO,NC.CROSS_RIVER.IBINO
Ibuoro,ibuo1242,IBUORO,NC.CROSS_RIVER.IBUORO
Itu Mbon Uzo,itum1245,ITUMBUSO,NC.CROSS_RIVER.ITUMBUSO
Efai,efai1241,EFAI,NC.CROSS_RIVER.EFAI
Ekit,ekit1246,EKIT,NC.CROSS_RIVER.EKIT
Etebi,eteb1238,ETEBI,NC.CROSS_RIVER.ETEBI
Anaang,anaa1238,ANAANG,NC.CROSS_RIVER.ANAANG
Ukwa,ukwa1238,UKWA,NC.CROSS_RIVER.UKWA
Ibibio,ibib1240,IBIBIO_2,NC.CROSS_RIVER.IBIBIO_2
Efik,efik1245,EFIK,NC.CROSS_RIVER.EFIK
Ibibio,ibib1240,IBIBIO_1,NC.CROSS_RIVER.IBIBIO_1
Usaghade,usag1244,USAKADE,NC.CROSS_RIVER.USAKADE
Ilue,ilue1241,ILUE,NC.CROSS_RIVER.ILUE
Okobo,okob1241,OKOBO,NC.CROSS_RIVER.OKOBO
Oro,oroo1241,ORO,NC.CROSS_RIVER.ORO
Ebughu,ebug1241,EBUGHU,NC.CROSS_RIVER.EBUGHU
Enwan (Akwa Ibom State),enwa1245,ENWANG,NC.CROSS_RIVER.ENWANG
Uda,udaa1238,UDA,NC.CROSS_RIVER.UDA
Reshe,resh1242,RESHE,NC.KAINJI.RESHE
Laru (Nigeria),laru1238,LARU_NIGERIA,NC.KAINJI.LARU_NIGERIA
Lopa,lopa1238,LOPA,NC.KAINJI.LOPA
C'lela,clel1238,LELA,NC.KAINJI.LELA
Hun-Saare,huns1239,DUKA,NC.KAINJI.DUKA
Ut-Main,kagf1238,FAKAI_A,NC.KAINJI.FAKAI_A
Gwamhi-Wuri,gwam1244,GWAMHI_WURI,NC.KAINJI.GWAMHI_WURI
Ut-Main,kagf1238,ROR,NC.KAINJI.ROR
Pongu,pong1250,PONGU,NC.KAINJI.PONGU
Pongu,pong1250,PONGU_2,NC.KAINJI.PONGU_2
Bauchi,bauc1238,MADAKA,NC.KAINJI.MADAKA
Rogo,rogo1238,ROGO,NC.KAINJI.ROGO
Eastern Acipa,east2403,SEGEMUK,NC.KAINJI.SEGEMUK
Shama-Sambuga,sham1278,SHAMA,NC.KAINJI.SHAMA
Yara,cind1241,CINDA_1,NC.KAINJI.CINDA_1
Yara,cind1241,CINDA_2,NC.KAINJI.CINDA_2
Yara,cind1241,CINDA_5,NC.KAINJI.CINDA_5
Yara,cind1241,REGI,NC.KAINJI.REGI
Yara,cind1241,KUKI,NC.KAINJI.KUKI
Cicipu,cici1237,CICIPU,NC.KAINJI.CICIPU
Western-Kambari-Cishingini,cish1238,CISHINGINI,NC.KAINJI.CISHINGINI
Salka-Tsishingini,tsis1238,SALKA,NC.KAINJI.SALKA
Tsuvadi,tsuv1239,TSUVADI,NC.KAINJI.TSUVADI
Basa (Nigeria),basa1282,RUBASA,NC.KAINJI.RUBASA
Amo,amoo1242,AMO,NC.KAINJI.AMO
Gamo-Ningi,gamo1241,GAMO_NINGI,NC.KAINJI.GAMO_NINGI
Kudu-Camo,kudu1241,KUDU_CAMO,NC.KAINJI.KUDU_CAMO
Lere,lere1241,LERE_TAKAYA,NC.KAINJI.LERE_TAKAYA
Lere,lere1241,LERE_GANA,NC.KAINJI.LERE_GANA
Lere,lere1241,LERE_SI,NC.KAINJI.LERE_SI
Sheni-Ziriya,shen1251,SHENI,NC.KAINJI.SHENI
Ziriya,ziri1239,ZIRIYA,NC.KAINJI.ZIRIYA
Gyem,gyem1238,GYEM,NC.KAINJI.GYEM
Shau,shau1238,SHAU,NC.KAINJI.SHAU
Izora,izor1238,IZORA,NC.KAINJI.IZORA
Sanga (Nigeria),sang1329,SANGA,NC.KAINJI.SANGA
Janji,janj1240,JANJI,NC.KAINJI.JANJI
Jere,jere1244,JERE,NC.KAINJI.JERE
Iguta,igut1238,IGUTA,NC.KAINJI.IGUTA
Gade,gade1242,GADE,NC.NUPOID.GADE
Ebira,ebir1243,IGBIRRA,NC.NUPOID.IGBIRRA
Gbari,gbar1246,GBARI,NC.NUPOID.GBARI
Nupe-Nupe-Tako,nupe1254,NUPE,NC.NUPOID.NUPE
Kutep,kute1248,KUTEB,NC.PLATOID.KUTEB
Kpan,kpan1246,KPAN,NC.PLATOID.KPAN
Jiba,jiba1237,JIBA,NC.JUKUNOID.JIBA
Jibu,jibu1239,JIBU,NC.PLATOID.JIBU
Jukun Takum,juku1254,JUKUN_TAKUM,NC.PLATOID.JUKUN_TAKUM
Hõne,hone1235,HONE,NC.JUKUNOID.HONE
Wapan,wapa1235,WAPAN,NC.JUKUNOID.WAPAN
Wãpha,waph1238,WAPHA,NC.JUKUNOID.WAPHA
Kadara,kada1284,KADARA,NC.PLATOID.KADARA
Ikulu,ikul1238,KULU,NC.PLATOID.KULU
,,KWANKA,NC.PLATOID.KWANKA
Sur,surr1238,TAPSHIN,NC.PLATOID.TAPSHIN
Yangkam,yang1290,YANGKAM,NC.PLATOID.YANGKAM
Pye,peee1238,PE,NC.PLATOID.PE
Tarok,taro1263,TAROK,NC.PLATOID.TAROK
Bo-Rukul,boru1244,RUKUL,NC.PLATOID.RUKUL
Fyam,fyam1238,FYEM,NC.PLATOID.FYEM
Horom,horo1245,HOROM,NC.PLATOID.HOROM
Shall-Zwall,shal1242,SHALL,NC.PLATOID.SHALL
Eten,eten1239,ITEN,NC.PLATOID.ITEN
Berom,bero1242,BEROM_F,NC.PLATOID.BEROM_F
Berom,bero1242,TAHOSS,NC.PLATOID.TAHOSS
Berom,bero1242,BEROM_R,NC.PLATOID.BEROM_R
Ndunic,ahwa1235,NDUN,NC.PLATOID.NDUN
Ndunic,ahwa1235,SHAKARA,NC.PLATOID.SHAKARA
Cara,cara1270,CARA,NC.PLATOID.CARA
Tyap,tyap1238,TYAP,NC.PLATOID.TYAP
Izere,izer1241,IZERE,NC.PLATOID.IZERE
Ganang,gana1270,GANANG,NC.PLATOID.GANANG
Cen,cenn1238,CEN,NC.PLATOID.CEN
Firan,fira1238,FIRAN,NC.PLATOID.FIRAN
Ajiri,eloy1241,ELOYI,NC.PLATOID.ELOYI
Akye,akee1238,AKE,NC.PLATOID.AKE
Eggon,eggo1239,EGGON,NC.PLATOID.EGGON
Rjili,tanj1247,JIJILI,NC.PLATOID.JIJILI
Lijili,liji1238,JILI,NC.PLATOID.JILI
Hasha,hash1238,HASHA,NC.PLATOID.HASHA
Toro,toro1249,TORO,NC.PLATOID.TORO
Arum,alum1246,TESU,NC.PLATOID.TESU
Kyoli,cori1240,CORI,NC.PLATOID.CORI
Hyam,hyam1245,HYAM,NC.PLATOID.HYAM
Begbere-Ejar,begb1241,BEGBERE_EJAR,NC.PLATOID.BEGBERE_EJAR
Nyankpa,yesk1239,NYANKPA,NC.PLATOID.NYANKPA
Dũya,idun1241,IDU,NC.PLATOID.IDU
Ashe,ashe1269,ITOO,NC.PLATOID.ITOO
,,GWARA,NC.PLATOID.GWARA
Ayu,ayuu1242,AYU,NC.PLATOID.AYU
Ninzo,ninz1246,SAMBE,NC.PLATOID.SAMBE
Che,chee1238,CE,NC.PLATOID.CE
Kanufi,kanu1277,ANIB,NC.PLATOID.ANIB
Kaningdon-Nindem,kani1277,NINKYOP,NC.PLATOID.NINKYOP
Bu,buuu1244,BU_NIGERIA,NC.PLATOID.BU_NIGERIA
Ningye,ning1271,NINGYE,NC.PLATOID.NINGYE
Ningye,ning1271,NINKA,NC.PLATOID.NINKA
Numana,numa1252,NUNKU,NC.PLATOID.NUNKU
Mada (Nigeria),mada1282,MADA,NC.PLATOID.MADA
Mada (Nigeria),mada1282,NDEYWAN,NC.PLATOID.NDEYWAN
Mada (Nigeria),mada1282,NCEKPE,NC.PLATOID.NCEKPE
Mada (Nigeria),mada1282,KEJA,NC.PLATOID.KEJA
Mada (Nigeria),mada1282,GBUGYAR,NC.PLATOID.GBUGYAR
Mada (Nigeria),mada1282,RIJA,NC.PLATOID.RIJA
Mada (Nigeria),mada1282,NJIGBAN,NC.PLATOID.NJIGBAN
Mada (Nigeria),mada1282,RINZE,NC.PLATOID.RINZE
Mada (Nigeria),mada1282,NCO,NC.PLATOID.NCO
Dong,dong1293,DONG,NC.BANTOID.DONG
Sama Mum,samb1311,SAMBA_DAGA,NC.BANTOID.SAMBA_DAGA
Tikar,tika1246,TIKAR_AKUEN,NC.BANTOID.TIKAR_AKUEN
Tikar,tika1246,TWUMWU,NC.BANTOID.TWUMWU
Nizaa,suga1248,NIZAA,NC.BANTOID.NIZAA
Kwanja,kwan1276,KONJA_NDUNG,NC.BANTOID.KONJA_NDUNG
Kwanja,kwan1276,KONJA_SUNDANI,NC.BANTOID.KONJA_SUNDANI
Western Mambila,nige1255,MAMBILA,NC.BANTOID.MAMBILA
Donga Mambila,came1252,MAMBILA_ATTA,NC.BANTOID.MAMBILA_ATTA
Somyev,somy1238,SOMYEV,NC.BANTOID.SOMYEV
Wawa,wawa1246,WAWA,NC.BANTOID.WAWA
Vute,vute1244,VUTE_MBANJO,NC.BANTOID.VUTE_MBANJO
Vute,vute1244,VUTE_YOKO,NC.BANTOID.VUTE_YOKO
Bekwarra,bekw1241,BEKWARRA,NC.CROSS_RIVER.BEKWARRA
Bokyi,boky1238,BOKI,NC.CROSS_RIVER.BOKI
Buru-Angwe,buru1299,BURU,NC.BANTOID.BURU
Bitare,bita1251,NJWANDE,NC.BANTOID.NJWANDE
Batu,batu1255,BATU_ANWE,NC.BANTOID.BATU_ANWE
Batu,batu1255,AFI_AMANDA,NC.BANTOID.AFI_AMANDA
Batu,batu1255,KAMINO,NC.BANTOID.KAMINO
Esimbi,esim1238,ESIMBI,NC.BANTOID.ESIMBI
Ipulo-Olulu,ipul1238,IPULO,NC.BANTOID.IPULO
Tiv,tivv1240,TIV_1,NC.BANTOID.TIV_1
Tiv,tivv1240,TIV_2,NC.BANTOID.TIV_2
Mbe,mbee1249,MBE,NC.BANTOID.MBE
Ndoe,ndoe1238,BALEP,NC.BANTOID.BALEP
Ndoe,ndoe1238,EKPARABONG,NC.BANTOID.EKPARABONG
Ekajuk,ekaj1238,EKAJUK,NC.BANTOID.EKAJUK
Nnam,nnam1238,NNAM,NC.BANTOID.NNAM
Efutop,efut1242,EFUTOP,NC.BANTOID.EFUTOP
Nde-Nsele-Nta,nden1250,NSELLE,NC.BANTOID.NSELLE
Nde-Nsele-Nta,nden1250,NTA,NC.BANTOID.NTA
Nde-Nsele-Nta,nden1250,NDE,NC.BANTOID.NDE
Nkem-Nkum,nkem1242,NKIM,NC.BANTOID.NKIM
Nkem-Nkum,nkem1242,NKUMM,NC.BANTOID.NKUMM
Ejagham,ejag1239,EJAGHAM,NC.BANTOID.EJAGHAM
Ejagham,ejag1239,BENDEGHE,NC.BANTOID.BENDEGHE
Ejagham,ejag1239,EKOI,NC.BANTOID.EKOI
Ejagham,ejag1239,KEAKA,NC.BANTOID.KEAKA
Ejagham,ejag1239,OBANG,NC.BANTOID.OBANG
Kenyang,keny1279,KENYANG_KITWII,NC.BANTOID.KENYANG_KITWII
Kenyang,keny1279,BAS_KENYANG,NC.BANTOID.BAS_KENYANG
Kenyang,keny1279,CENTRAL_KENYANG,NC.BANTOID.CENTRAL_KENYANG
Kenyang,keny1279,HAUT_KENYANG,NC.BANTOID.HAUT_KENYANG
Kendem,kend1252,KENDEM,NC.BANTOID.KENDEM
Denya,deny1238,DENYA_TAKAMANDA,NC.BANTOID.DENYA_TAKAMANDA
Denya,deny1238,DENYA_BITIEKU,NC.BANTOID.DENYA_BITIEKU
Denya,deny1238,DENYA_BAJWO,NC.BANTOID.DENYA_BAJWO
Denya,deny1238,DENYA_BASHO,NC.BANTOID.DENYA_BASHO
Ajumbu,mbuu1238,MBU,NC.BANTOID.MBU
Mungbam,abar1238,MISSONG,NC.BANTOID.MISSONG
Mungbam,abar1238,ABAR,NC.BANTOID.ABAR
Fang (Cameroon),fang1248,FANG,NC.BANTOID.FANG
Koshin,kosh1246,KOSHIN,NC.BANTOID.KOSHIN
Mundabli-Mufu,mund1328,MUNDABLI,NC.BANTOID.MUNDABLI
Mundabli-Mufu,mund1328,BU,NC.BANTOID.BU
Kemezung,keme1240,KEMEZUNG,NC.BANTOID.KEMEZUNG
Mashi (Nigeria),mash1269,MASHI_NIGERIA,NC.BANTOID.MASHI_NIGERIA
Naki,naki1238,NAKI,NC.BANTOID.NAKI
Nsari,nsar1238,NSARI,NC.BANTOID.NSARI
Noone,noon1243,NONI,NC.BANTOID.NONI
,,CUNG,NC.BANTOID.CUNG
Ncane-Mungong,ncan1245,MUNGONG,NC.BANTOID.MUNGONG
Ncane-Mungong,ncan1245,NCANE,NC.BANTOID.NCANE
Menchum,befa1241,MODELE,NC.BANTOID.MODELE
Ambele,ambe1247,AMBELE,NC.BANTOID.AMBELE
Ambele,ambe1247,AMBELE_2,NC.BANTOID.AMBELE_2
Manta,mant1267,AMASI,NC.BANTOID.AMASI
Ndemli,ndem1249,NDEMLI,NC.BANTOID.NDEMLI
Lamnso',lamn1239,LAMNSOQ,NC.BANTOID.LAMNSOQ
Wushi,wush1238,WUSHI,NC.BANTOID.WUSHI
Vengo,veng1238,BABUNGO,NC.BANTOID.BABUNGO
Kenswei Nsei,kens1251,KENSWEINSEI,NC.BANTOID.KENSWEINSEI
Aghem,aghe1239,AGHEM_ISU,NC.BANTOID.AGHEM_ISU
Aghem,aghe1239,AGHEM_WEH,NC.BANTOID.AGHEM_WEH
Laimbue,laim1240,BU_CAMEROON,NC.BANTOID.BU_CAMEROON
Aghem,aghe1239,AGHEM_WUM,NC.BANTOID.AGHEM_WUM
Mmen,mmen1238,MMEN,NC.BANTOID.MMEN
,,BUM_A_CAMEROON,NC.BANTOID.BUM_A_CAMEROON
Kom (Cameroon),komc1235,KOM,NC.BANTOID.KOM
Kom (Cameroon),komc1235,KOM_MBIZINAKU,NC.BANTOID.KOM_MBIZINAKU
Babanki,baba1266,BABANKI,NC.BANTOID.BABANKI
Oku,okuu1243,KUO,NC.BANTOID.KUO
Mundani,mund1327,MUNDANI,NC.BANTOID.MUNDANI
Ngombale,ngom1271,NGOMBALE,NC.BANTOID.NGOMBALE
Ngomba,ngom1272,NGOMBA,NC.BANTOID.NGOMBA
Yemba,yemb1246,YEMBA_2,NC.BANTOID.YEMBA_2
Yemba,yemb1246,YEMBA_1,NC.BANTOID.YEMBA_1
Yemba,yemb1246,BAMILEKE,NC.BANTOID.BAMILEKE
Medumba,medu1238,MEDUMBA,NC.BANTOID.MEDUMBA
Fe'fe',fefe1239,FEFE_1,NC.BANTOID.FEFE_1
Fe'fe',fefe1239,FEFE_2,NC.BANTOID.FEFE_2
Nda'nda',ndan1241,NDANDA_SUD,NC.BANTOID.NDANDA_SUD
Ghomálá',ghom1247,GHOMALA_1,NC.BANTOID.GHOMALA_1
Ghomálá',ghom1247,GHOMALA_2,NC.BANTOID.GHOMALA_2
Bambili-Bambui,bamb1266,BAMBILI,NC.BANTOID.BAMBILI
Bafut,bafu1246,BAFUT,NC.BANTOID.BAFUT
Pinyin,piny1238,PINYIN,NC.BANTOID.PINYIN
Awing,awin1248,AWING,NC.BANTOID.AWING
Ngemba,ngem1255,MANKON,NC.BANTOID.MANKON
Baba,baba1264,BABA,NC.BANTOID.BABA
Mungaka,mung1266,MUNGAKA,NC.BANTOID.MUNGAKA
Bamenyam,bame1260,BAMENYAM,NC.BANTOID.BAMENYAM
Bamun,bamu1253,SHUPAMEM,NC.BANTOID.SHUPAMEM
Yamba,yamb1251,YAMBA,NC.BANTOID.YAMBA
Dzodinka,dzod1238,DZODINKA,NC.BANTOID.DZODINKA
Limbum,limb1268,LIMBUM,NC.BANTOID.LIMBUM
Ndaktup,ndak1242,NDE_BUKWOK,NC.BANTOID.NDE_BUKWOK
Ndaktup,ndak1242,NDE_YULANA,NC.BANTOID.NDE_YULANA
Ndaktup,ndak1242,DE_WUNGTSE,NC.BANTOID.DE_WUNGTSE
Southern Mfumte,mfum1238,MFUMTE,NC.BANTOID.MFUMTE
Labir,labi1245,LABIR,NC.BANTOID.LABIR
Bankal,bank1257,BANKALA,NC.BANTOID.BANKALA
Bada (Nigeria),bada1258,BADA,NC.BANTOID.BADA
Duguri,dugu1249,DUGURI,NC.BANTOID.DUGURI
Kulung (Nigeria),kulu1255,KULUNG_NIGERIA,NC.BANTOID.KULUNG_NIGERIA
Bile,bile1244,BILE,NC.BANTOID.BILE
Mbula-Bwazza,mbul1260,MBULA_NIGERIA,NC.BANTOID.MBULA_NIGERIA
Mbula-Bwazza,mbul1260,ZAAMBO,NC.BANTOID.ZAAMBO
Tuki,tuki1240,A61_NGORO_ASOM,NC.BANTOID.A61_NGORO_ASOM
Tuki,tuki1240,TUKI,NC.BANTOID.TUKI
Tuki,tuki1240,TUKI_2,NC.BANTOID.TUKI_2
Yambeta,yamb1252,YAMBETA,NC.BANTOID.YAMBETA
Tuotomb,tuot1238,BONEK,NC.BANTOID.BONEK
Tunen,tune1261,ALINGA,NC.BANTOID.ALINGA
Tunen,tune1261,TUNEN,NC.BANTOID.TUNEN
Nomaande,noma1260,MANDI_CAMEROON,NC.BANTOID.MANDI_CAMEROON
Nyokon,nyok1243,NYOKON,NC.BANTOID.NYOKON
Nugunu (Cameroon),nugu1242,A60_GUNU,NC.BANTOID.A60_GUNU
Nugunu (Cameroon),nugu1242,NUGUNU,NC.BANTOID.NUGUNU
Mbule,mbul1262,MBULE,NC.BANTOID.MBULE
Nubaca,nuba1241,NUBACA,NC.BANTOID.NUBACA
Nuasue,yang1293,KALONG,NC.BANTOID.KALONG
Nuasue,yang1293,A62_KALONGE,NC.BANTOID.A62_KALONGE
Elip,elip1238,LIBIE,NC.BANTOID.LIBIE
Mmaala,mmaa1238,A60_MMAALA,NC.BANTOID.A60_MMAALA
Mmaala,mmaa1238,MMALA,NC.BANTOID.MMALA
Bube,bube1242,BUBE,NC.BANTOID.BUBE
Myene,myen1241,MYENE,NC.BANTOID.MYENE
Myene,myen1241,MPONGWE,NC.BANTOID.MPONGWE
Myene,myen1241,B11c_GALWA_2,NC.BANTOID.B11c_GALWA_2
Myene,myen1241,B11c_GALWA_1,NC.BANTOID.B11c_GALWA_1
Pinji,pinj1243,PINZI,NC.BANTOID.PINZI
Pinji,pinj1243,XEPINZIPINZI,NC.BANTOID.XEPINZIPINZI
Kande,kand1300,OKANDE,NC.BANTOID.OKANDE
Simba,simb1254,XEHIMBA,NC.BANTOID.XEHIMBA
Bubi,bubi1250,POVE,NC.BANTOID.POVE
Tsogo,tsog1243,TSOGO,NC.BANTOID.TSOGO
Tsogo,tsog1243,XETSOXO,NC.BANTOID.XETSOXO
Bubi,bubi1250,XEBIA,NC.BANTOID.XEBIA
Bubi,bubi1250,XEBOBE,NC.BANTOID.XEBOBE
Batanga,bata1285,BATANGA,NC.BANTOID.BATANGA
Duala,dual1243,DUALA,NC.BANTOID.DUALA
Mokpwe,mokp1239,BAKUERI,NC.BANTOID.BAKUERI
Oroko,orok1266,OROKO,NC.BANTOID.OROKO
Oroko,orok1266,BATANGA_BALUNDU,NC.BANTOID.BATANGA_BALUNDU
Oroko,orok1266,KUNDU,NC.BANTOID.KUNDU
Mbangwe,mban1268,MBANGWE,NC.BANTOID.MBANGWE
Ngom,ngom1270,NGOM_KELE,NC.BANTOID.NGOM_KELE
Sake,sake1247,SAKE_1,NC.BANTOID.SAKE_1
Sake,sake1247,SAKE_2,NC.BANTOID.SAKE_2
Ndasa,ndas1238,NDASA_2,NC.BANTOID.NDASA_2
Ndasa,ndas1238,NDASA_1,NC.BANTOID.NDASA_1
Wumbvu,wumb1242,WUMBVU,NC.BANTOID.WUMBVU
Wumbvu,wumb1242,WUMBVU_2,NC.BANTOID.WUMBVU_2
Mahongwe,maho1248,MAHONGWE,NC.BANTOID.MAHONGWE
Mahongwe,maho1248,MAHONGWE_SAMA,NC.BANTOID.MAHONGWE_SAMA
Kota (Gabon),kota1274,KOTA,NC.BANTOID.KOTA
Kota (Gabon),kota1274,B25_KOTA_2,NC.BANTOID.B25_KOTA_2
Kota (Gabon),kota1274,KOTA_MANDUNGWE,NC.BANTOID.KOTA_MANDUNGWE
Kota (Gabon),kota1274,KOTA_MEKAMBO,NC.BANTOID.KOTA_MEKAMBO
Seki,seki1238,SEKIYANI,NC.BANTOID.SEKIYANI
Kwasio,kwas1243,BUJEBA,NC.BANTOID.BUJEBA
,,POL,NC.BANTOID.POL
Kako,kako1242,KAKO_BATOURI,NC.BANTOID.KAKO_BATOURI
Kako,kako1242,KAKO_2,NC.BANTOID.KAKO_2
Kako,kako1242,KAKO,NC.BANTOID.KAKO
Pol,pomo1271,KWESO_NGULO,NC.BANTOID.KWESO_NGULO
Pol,pomo1271,POMO,NC.BANTOID.POMO
Pol,pomo1271,KWESO,NC.BANTOID.KWESO
Kol (Cameroon),kolc1235,KOL,NC.BANTOID.KOL
Koonzime,koon1245,KOONZIME,NC.BANTOID.KOONZIME
Koonzime,koon1245,KOOZIME,NC.BANTOID.KOOZIME
Bomwali,bomw1238,BOMWALI,NC.BANTOID.BOMWALI
Bomwali,bomw1238,BOMWALI_2,NC.BANTOID.BOMWALI_2
Mpiemo,mpie1238,MPYEMO_1,NC.BANTOID.MPYEMO_1
Mpiemo,mpie1238,MPYEMO_2,NC.BANTOID.MPYEMO_2
Bekwil,bekw1242,KWEL,NC.BANTOID.KWEL
Bekwil,bekw1242,BEKWIL,NC.BANTOID.BEKWIL
Bekwil,bekw1242,KWELE_HAKOKU,NC.BANTOID.KWELE_HAKOKU
Bankon,bank1256,BANKON,NC.BANTOID.BANKON
Bakoko,bako1249,BAKOKO,NC.BANTOID.BAKOKO
Basa (Cameroon),basa1284,BASAA,NC.BANTOID.BASAA
Bum,bumm1238,BUM_B_CAMEROON,NC.BANTOID.BUM_B_CAMEROON
Fang (Equatorial Guinea),fang1246,FANG_GABON,NC.BANTOID.FANG_GABON
Bulu (Cameroon),bulu1251,BULU,NC.BANTOID.BULU
Eton-Mengisa,eton1253,ETON_CAMEROON,NC.BANTOID.ETON_CAMEROON
Fang (Equatorial Guinea),fang1246,FANG_MEKE,NC.BANTOID.FANG_MEKE
Fang (Equatorial Guinea),fang1246,FANG_SOUANKE,NC.BANTOID.FANG_SOUANKE
Fang (Equatorial Guinea),fang1246,FANG_NTUMU,NC.BANTOID.FANG_NTUMU
Eton-Mengisa,eton1253,ETON,NC.BANTOID.ETON
Ewondo,ewon1239,A72a_EWONDO,NC.BANTOID.A72a_EWONDO
Ewondo,ewon1239,EWONDO_2,NC.BANTOID.EWONDO_2
Ewondo,ewon1239,EWONDO,NC.BANTOID.EWONDO
Ewondo,ewon1239,EWONDO_4,NC.BANTOID.EWONDO_4
Ewondo,ewon1239,EWONDO_3,NC.BANTOID.EWONDO_3
Tibea,tibe1274,A54_BAFIA_NJANTI,NC.BANTOID.A54_BAFIA_NJANTI
Tibea,tibe1274,TIBEA,NC.BANTOID.TIBEA
Lefa,lefa1242,A51_BAFIA_TUMI_TINGON,NC.BANTOID.A51_BAFIA_TUMI_TINGON
Lefa,lefa1242,LEFA,NC.BANTOID.LEFA
Bafia,bafi1243,A53_BAFIA_RIKPA,NC.BANTOID.A53_BAFIA_RIKPA
Bafia,bafi1243,BAFIA,NC.BANTOID.BAFIA
Bafia,bafi1243,BAFIA_ROPE,NC.BANTOID.BAFIA_ROPE
Lefa,lefa1242,A51_BAFIA_MAJA,NC.BANTOID.A51_BAFIA_MAJA
Lefa,lefa1242,A51_BAFIA_ZAKAAN,NC.BANTOID.A51_BAFIA_ZAKAAN
Nkongho,nkon1247,NKONGHO,NC.BANTOID.NKONGHO
Bafaw-Balong,bafa1247,BAFAW,NC.BANTOID.BAFAW
Mbo (Cameroon),mboc1235,NLE_MBO,NC.BANTOID.NLE_MBO
Mbo (Cameroon),mboc1235,NLA_MBO,NC.BANTOID.NLA_MBO
Mbo (Cameroon),mboc1235,EHO_MBO,NC.BANTOID.EHO_MBO
Bassossi,bass1260,MIENGE,NC.BANTOID.MIENGE
Akoose,akoo1248,ELUNG,NC.BANTOID.ELUNG
Akoose,akoo1248,BAKOSSI,NC.BANTOID.BAKOSSI
Akoose,akoo1248,NNINONG,NC.BANTOID.NNINONG
Bakaka,baka1273,MANEHAS,NC.BANTOID.MANEHAS
Bakaka,baka1273,BABONG,NC.BANTOID.BABONG
Bakaka,baka1273,BALONDO,NC.BANTOID.BALONDO
Bakaka,baka1273,BANEKA,NC.BANTOID.BANEKA
Bakaka,baka1273,BAKAKA,NC.BANTOID.BAKAKA
Nyali,nyal1250,NYALI,NC.BANTOID.NYALI
Nyali,nyal1250,NYALI_2,NC.BANTOID.NYALI_2
Lengola,leng1258,LENGOLA_2,NC.BANTOID.LENGOLA_2
Lengola,leng1258,LENGOLA,NC.BANTOID.LENGOLA
Bodo (Central African Republic),bodo1272,BODO,NC.BANTOID.BODO
Bodo (Central African Republic),bodo1272,C301_BODO_1,NC.BANTOID.C301_BODO_1
Komo (Democratic Republic of Congo),komo1260,KOMO,NC.BANTOID.KOMO
Komo (Democratic Republic of Congo),komo1260,KOMO_2,NC.BANTOID.KOMO_2
Bera,bera1259,BIRA,NC.BANTOID.BIRA
Bera,bera1259,BIRA_MIALA_BUNIA,NC.BANTOID.BIRA_MIALA_BUNIA
Bera,bera1259,BIRA_SEDZABO,NC.BANTOID.BIRA_SEDZABO
Liko,lika1243,LILIKO,NC.BANTOID.LILIKO
Ngelima,ngel1238,NGELIMA,NC.BANTOID.NGELIMA
Ngelima,ngel1238,C45_LEBEO,NC.BANTOID.C45_LEBEO
Ngelima,ngel1238,NGELEMA_1,NC.BANTOID.NGELEMA_1
Ngelima,ngel1238,NGELEMA_2,NC.BANTOID.NGELEMA_2
Bwa,bwaa1238,BOA_BUTA,NC.BANTOID.BOA_BUTA
Bwa,bwaa1238,BOA_BABANDA,NC.BANTOID.BOA_BABANDA
Bwa,bwaa1238,BOA_ABAMAKE,NC.BANTOID.BOA_ABAMAKE
Bwa,bwaa1238,BENGE_BATI,NC.BANTOID.BENGE_BATI
Pagibete,pagi1243,PAGIBETE,NC.BANTOID.PAGIBETE
Zimba,zimb1251,ZIMBA,NC.BANTOID.ZIMBA
Enya-Kisangani,enya1247,D14_ENYA,NC.BANTOID.D14_ENYA
Enya-Kisangani,enya1247,ENYA,NC.BANTOID.ENYA
Zimba,zimb1251,KWANGE,NC.BANTOID.KWANGE
Enya-Kisangani,enya1247,ENYA_KIBOMBO,NC.BANTOID.ENYA_KIBOMBO
Enya-Kisangani,enya1247,ENYA_MANDA,NC.BANTOID.ENYA_MANDA
Nyanga,nyan1304,NYANGA,NC.BANTOID.NYANGA
Mituku,mitu1240,MITUKU,NC.BANTOID.MITUKU
Lega-Mwenga,lega1250,LEGA_MWENGA,NC.BANTOID.LEGA_MWENGA
Lega-Shabunda,lega1249,LEGA_SHABUNDA,NC.BANTOID.LEGA_SHABUNDA
Lega-Shabunda,lega1249,LEGA,NC.BANTOID.LEGA
Lega-Shabunda,lega1249,LEGA_SHABUNDA_2,NC.BANTOID.LEGA_SHABUNDA_2
Songoora,song1300,GENGELE,NC.BANTOID.GENGELE
Songoora,song1300,SONGOLA_KASENGA,NC.BANTOID.SONGOLA_KASENGA
Songoora,song1300,SONGOLA_ULINDI,NC.BANTOID.SONGOLA_ULINDI
Buyu,buyu1239,D55_BUYU,NC.BANTOID.D55_BUYU
Holoholo,holo1240,D28_HOLOHOLO,NC.BANTOID.D28_HOLOHOLO
Holoholo,holo1240,HOLOHOLO,NC.BANTOID.HOLOHOLO
Holoholo,holo1240,TUMBWE,NC.BANTOID.TUMBWE
Holoholo,holo1240,LUMBWE,NC.BANTOID.LUMBWE
Nyanja,nyan1308,NGONI_MALAWI,NC.BANTOID.NGONI_MALAWI
Nyanja,nyan1308,CEWA,NC.BANTOID.CEWA
Nyanja,nyan1308,NYANJA_2,NC.BANTOID.NYANJA_2
Nyanja,nyan1308,NYANJA_NYASA,NC.BANTOID.NYANJA_NYASA
Nyanja,nyan1308,NYANJA,NC.BANTOID.NYANJA
Chikunda,kund1255,KUNDA,NC.BANTOID.KUNDA
Nyungwe,nyun1248,NYUNGWE,NC.BANTOID.NYUNGWE
Sena,nucl1396,SENA,NC.BANTOID.SENA
Sena,nucl1396,SENA_2,NC.BANTOID.SENA_2
Kalanga,kala1384,KALANGA,NC.BANTOID.KALANGA
Kalanga,kala1384,KALANGA_2,NC.BANTOID.KALANGA_2
Ndau,ndau1241,SHONA_NDAU,NC.BANTOID.SHONA_NDAU
Manyika,many1258,SHONA_MANYIKA,NC.BANTOID.SHONA_MANYIKA
Shona,shon1251,SHONA_2,NC.BANTOID.SHONA_2
Shona,shon1251,SHONA,NC.BANTOID.SHONA
Shona,shon1251,KOREKORE,NC.BANTOID.KOREKORE
Shona,shon1251,SHONA_KARANGA,NC.BANTOID.SHONA_KARANGA
Gitonga,gito1238,TONGA_AFRICA,NC.BANTOID.TONGA_AFRICA
Venda,vend1245,VENDA_2,NC.BANTOID.VENDA_2
Venda,vend1245,VENDA,NC.BANTOID.VENDA
Tswana,tswa1253,TSWANA_2,NC.BANTOID.TSWANA_2
Kgalagadi,kgal1244,QHALAXARZI,NC.BANTOID.QHALAXARZI
Tswana,tswa1253,TSWANA,NC.BANTOID.TSWANA
Pedi,pedi1238,NORTHERN_SOTHO,NC.BANTOID.NORTHERN_SOTHO
Pedi,pedi1238,SOTHO_NORTHERN,NC.BANTOID.SOTHO_NORTHERN
Southern Sotho,sout2807,SOTHO_SUD,NC.BANTOID.SOTHO_SUD
Southern Sotho,sout2807,SOTHO_SOUTHERN,NC.BANTOID.SOTHO_SOUTHERN
Lozi,lozi1239,SILOZI,NC.BANTOID.SILOZI
Lozi,lozi1239,LOZI_2,NC.BANTOID.LOZI_2
Koti,koti1238,KOTI,NC.BANTOID.KOTI
Chuwabu,chuw1238,CHUWABU,NC.BANTOID.CHUWABU
Mozambique Lomwe,lomw1241,CHILOMWE,NC.BANTOID.CHILOMWE
Mozambique Lomwe,lomw1241,LOMWE,NC.BANTOID.LOMWE
Makhuwa,makh1264,MAKWA_NAMPULA,NC.BANTOID.MAKWA_NAMPULA
Makhuwa,makh1264,MAKWA_MALEMA,NC.BANTOID.MAKWA_MALEMA
Makhuwa,makh1264,MAKWA_ALUA,NC.BANTOID.MAKWA_ALUA
Makhuwa,makh1264,MAKWA_ILE,NC.BANTOID.MAKWA_ILE
Tswa,tswa1255,TSHWA,NC.BANTOID.TSHWA
Ronga,rong1268,RONGA,NC.BANTOID.RONGA
Tsonga,tson1249,TSONGA,NC.BANTOID.TSONGA
Zimbabwean Ndebele,nort2795,S44_NDEBELE_ZIMBABWE,NC.BANTOID.S44_NDEBELE_ZIMBABWE
Swati,swat1243,S43_SWATI,NC.BANTOID.S43_SWATI
Swati,swat1243,SWAZI,NC.BANTOID.SWAZI
Swati,swat1243,SWATI,NC.BANTOID.SWATI
Swati,swat1243,PHUTI,NC.BANTOID.PHUTI
Zimbabwean Ndebele,nort2795,NORTHERN_NDEBELE,NC.BANTOID.NORTHERN_NDEBELE
Zimbabwean Ndebele,nort2795,ZIMBABWE_NDEBELE,NC.BANTOID.ZIMBABWE_NDEBELE
Zimbabwean Ndebele,nort2795,SOUTHERN_NDEBELE,NC.BANTOID.SOUTHERN_NDEBELE
Swati,swat1243,HLUBI,NC.BANTOID.HLUBI
Xhosa,xhos1239,MPONDO,NC.BANTOID.MPONDO
Xhosa,xhos1239,MPONDOMISE,NC.BANTOID.MPONDOMISE
Xhosa,xhos1239,XHOSA_2,NC.BANTOID.XHOSA_2
Xhosa,xhos1239,THEMBU,NC.BANTOID.THEMBU
Xhosa,xhos1239,XHOSA,NC.BANTOID.XHOSA
Xhosa,xhos1239,S41_XHOSA,NC.BANTOID.S41_XHOSA
Zulu,zulu1248,NGONI_2,NC.BANTOID.NGONI_2
Zulu,zulu1248,ZULU,NC.BANTOID.ZULU
Zulu,zulu1248,ZULU_NKANDLA,NC.BANTOID.ZULU_NKANDLA
Zulu,zulu1248,ZULU_2,NC.BANTOID.ZULU_2
Subiya,subi1246,MBALANGWE,NC.BANTOID.MBALANGWE
Soli,soli1239,M62_SOLI,NC.BANTOID.M62_SOLI
Lenje,lenj1248,LENJE,NC.BANTOID.LENJE
Ila,ilaa1246,ILA,NC.BANTOID.ILA
Tonga (Zambia),tong1318,M64_TONGA_2,NC.BANTOID.M64_TONGA_2
Tonga (Zambia),tong1318,M64_TONGA_1,NC.BANTOID.M64_TONGA_1
Bwile,bwil1245,BWILE,NC.BANTOID.BWILE
Nsenga,nsen1242,NSENGA,NC.BANTOID.NSENGA
Nsenga,nsen1242,SENGA_CHIPATA,NC.BANTOID.SENGA_CHIPATA
Nsenga,nsen1242,SENGA_CHAMA,NC.BANTOID.SENGA_CHAMA
Tumbuka,tumb1250,TUMBUKA_MALAWI,NC.BANTOID.TUMBUKA_MALAWI
Tumbuka,tumb1250,TUMBUKA_ZAMBIE,NC.BANTOID.TUMBUKA_ZAMBIE
Lamba,lamb1271,LAMBA_2,NC.BANTOID.LAMBA_2
Lamba,lamb1271,LAMBA,NC.BANTOID.LAMBA
Lala-Bisa,lala1264,M52_LALA,NC.BANTOID.M52_LALA
Taabwa,taab1238,KITABWA,NC.BANTOID.KITABWA
Taabwa,taab1238,TAABWA_RDC_2,NC.BANTOID.TAABWA_RDC_2
Taabwa,taab1238,TAABWA_RDC_1,NC.BANTOID.TAABWA_RDC_1
Bemba (Zambia),bemb1257,M40TEMBA,NC.BANTOID.M40TEMBA
Aushi,aush1241,AUSHI,NC.BANTOID.AUSHI
Bemba (Zambia),bemb1257,BEMBA,NC.BANTOID.BEMBA
Taabwa,taab1238,TAABWA_ZAMBIE,NC.BANTOID.TAABWA_ZAMBIE
Taabwa,taab1238,NGUMBO_TAABWA,NC.BANTOID.NGUMBO_TAABWA
Bemba (Zambia),bemb1257,BEMBA_1,NC.BANTOID.BEMBA_1
Bemba (Zambia),bemb1257,BEMBA_2,NC.BANTOID.BEMBA_2
Mambwe-Lungu,mamb1296,MAMBWE,NC.BANTOID.MAMBWE
Lambya,lamb1272,LAMBYA,NC.BANTOID.LAMBYA
Nyiha (Tanzania),nyih1240,NYIHA_TANZANIA,NC.BANTOID.NYIHA_TANZANIA
Ndali,ndal1241,SUKWA,NC.BANTOID.SUKWA
Nyakyusa-Ngonde,nyak1260,NYAKYUSA,NC.BANTOID.NYAKYUSA
Nyakyusa-Ngonde,nyak1260,NKHONDE,NC.BANTOID.NKHONDE
Nyakyusa-Ngonde,nyak1260,NYAKYUSA_1,NC.BANTOID.NYAKYUSA_1
Nyakyusa-Ngonde,nyak1260,NYAKYUSA_2,NC.BANTOID.NYAKYUSA_2
Nilamba,nila1242,NILAMBA,NC.BANTOID.NILAMBA
Mbugwe,mbug1242,MBUGWE,NC.BANTOID.MBUGWE
Langi,lang1320,VALANGI,NC.BANTOID.VALANGI
Ndendeule,nden1249,NDENDEULE,NC.BANTOID.NDENDEULE
Matengo,mate1258,KIMATENGO,NC.BANTOID.KIMATENGO
Mpoto,mpot1240,MPOTO,NC.BANTOID.MPOTO
Makonde,mako1251,MAKONDE,NC.BANTOID.MAKONDE
Mwera (Chimwera),mwer1248,MWERA,NC.BANTOID.MWERA
Yao,yaoo1241,CIYAWO,NC.BANTOID.CIYAWO
Yao,yaoo1241,YAO_1,NC.BANTOID.YAO_1
Yao,yaoo1241,YAO_2,NC.BANTOID.YAO_2
Bende,bend1258,BENDE,NC.BANTOID.BENDE
Sumbwa,sumb1240,F23_SUMBWA_YEKE,NC.BANTOID.F23_SUMBWA_YEKE
Sumbwa,sumb1240,SUMBWA,NC.BANTOID.SUMBWA
Nyamwezi,nyam1276,KINYAMWEZI,NC.BANTOID.KINYAMWEZI
Sukuma,suku1261,F21_SUKUMA,NC.BANTOID.F21_SUKUMA
Sukuma,suku1261,KESUKUMA,NC.BANTOID.KESUKUMA
Nyamwezi,nyam1276,NYAMWEZI,NC.BANTOID.NYAMWEZI
Gusii,gusi1247,GUSII,NC.BANTOID.GUSII
Kwaya,kway1241,KWAYA_2,NC.BANTOID.KWAYA_2
Jita,jita1239,JITA,NC.BANTOID.JITA
Kara (Tanzania),kara1481,REGI_TANZANIA,NC.BANTOID.REGI_TANZANIA
Jita,jita1239,JITA_2,NC.BANTOID.JITA_2
Logooli,logo1258,LOGOLI,NC.BANTOID.LOGOLI
Idakho-Isukha-Tiriki,idak1243,ISUKHA,NC.BANTOID.ISUKHA
Bukusu,buku1249,J31c_BUKUSU,NC.BANTOID.J31c_BUKUSU
Masaaba,masa1299,MASABA,NC.BANTOID.MASABA
Saamia,saam1283,SAMIA,NC.BANTOID.SAMIA
Marama,mara1392,J321_MARAMA,NC.BANTOID.J321_MARAMA
Kisa,kisa1263,J321_KISA,NC.BANTOID.J321_KISA
East Nyala,east2409,NYALA_KENYA,NC.BANTOID.NYALA_KENYA
Konzo,konz1239,LHUKONZO,NC.BANTOID.LHUKONZO
Nande,nand1264,NANDE_SWAGA,NC.BANTOID.NANDE_SWAGA
Nande,nand1264,J42_NANDE,NC.BANTOID.J42_NANDE
Nande,nand1264,NANDE,NC.BANTOID.NANDE
Nande,nand1264,NANDE_SHU,NC.BANTOID.NANDE_SHU
Hunde,hund1239,HUNDE,NC.BANTOID.HUNDE
Hunde,hund1239,HUNDE_2,NC.BANTOID.HUNDE_2
Havu,havu1238,J52_HAVU_2,NC.BANTOID.J52_HAVU_2
Fuliiru,fuli1240,FULIRU,NC.BANTOID.FULIRU
Joba,joba1238,VIRA,NC.BANTOID.VIRA
Tembo (Kitembo),temb1270,J531_TEMBO_2,NC.BANTOID.J531_TEMBO_2
Shi,shii1238,MASHI_DRC,NC.BANTOID.MASHI_DRC
Shi,shii1238,SHI,NC.BANTOID.SHI
Shi,shii1238,J53_SHI_2,NC.BANTOID.J53_SHI_2
Vinza,vinz1238,VINZA_2,NC.BANTOID.VINZA_2
Rundi,rund1242,J62_RUNDI,NC.BANTOID.J62_RUNDI
Ha,haaa1252,HA,NC.BANTOID.HA
Rundi,rund1242,KIRUNDI,NC.BANTOID.KIRUNDI
Kinyarwanda,kiny1244,KINYARWANDA,NC.BANTOID.KINYARWANDA
Kinyarwanda,kiny1244,RWANDA,NC.BANTOID.RWANDA
Kinyarwanda,kiny1244,RWANDA_KIGOYI,NC.BANTOID.RWANDA_KIGOYI
Kinyarwanda,kiny1244,RWANDA_RERA,NC.BANTOID.RWANDA_RERA
Kinyarwanda,kiny1244,RWANDA_TWA_KINIGI,NC.BANTOID.RWANDA_TWA_KINIGI
Gwere,gwer1238,GWERE,NC.BANTOID.GWERE
Gwere,gwer1238,GWERE_2,NC.BANTOID.GWERE_2
Soga,soga1242,SOGA_2,NC.BANTOID.SOGA_2
Ganda,gand1255,J15_GANDA,NC.BANTOID.J15_GANDA
Ganda,gand1255,LUGANDA,NC.BANTOID.LUGANDA
Zinza,zinz1238,ZINZA_2,NC.BANTOID.ZINZA_2
Kerewe,kere1283,KIKEREWE,NC.BANTOID.KIKEREWE
Kerewe,kere1283,J24_KEREBE,NC.BANTOID.J24_KEREBE
Haya,haya1250,HAYA_2,NC.BANTOID.HAYA_2
Haya,haya1250,HAYA,NC.BANTOID.HAYA
Haya,haya1250,ZIBA,NC.BANTOID.ZIBA
Talinga-Bwisi,tali1258,TALINGA,NC.BANTOID.TALINGA
Nyoro,nyor1246,RUNYORO_RUTOORO,NC.BANTOID.RUNYORO_RUTOORO
Tooro,toor1238,RUTOORO,NC.BANTOID.RUTOORO
Nyankole,nyan1307,HIMA_RDC,NC.BANTOID.HIMA_RDC
Chiga,chig1238,NKORE_KIGA,NC.BANTOID.NKORE_KIGA
Nyankole,nyan1307,RUNYANKORE_RUKIGA,NC.BANTOID.RUNYANKORE_RUKIGA
Nyankole,nyan1307,RUNYANKORE,NC.BANTOID.RUNYANKORE
Nyankole,nyan1307,J13_NKORE_HIMA,NC.BANTOID.J13_NKORE_HIMA
Tanzanian Ngoni,tanz1241,CHINGONI,NC.BANTOID.CHINGONI
,,NGONI,NC.BANTOID.NGONI
Kinga,nucl1379,G65_KINGA,NC.BANTOID.G65_KINGA
Hehe,hehe1240,HEHE,NC.BANTOID.HEHE
Pangwa,pang1287,PANGWA,NC.BANTOID.PANGWA
Dhaiso,dhai1238,DHAISO,NC.BANTOID.DHAISO
Kamba (Kenya),kamb1297,KAMBA_KENYA,NC.BANTOID.KAMBA_KENYA
Kamba (Kenya),kamb1297,KAMBA_KENYA_2,NC.BANTOID.KAMBA_KENYA_2
Tharaka,thar1283,THARAKA,NC.BANTOID.THARAKA
Kikuyu,kiku1240,GIKUYU,NC.BANTOID.GIKUYU
Kikuyu,kiku1240,GIKUYU_2,NC.BANTOID.GIKUYU_2
Gweno,gwen1239,GWENO,NC.BANTOID.GWENO
Machame,mach1266,MACHAME,NC.BANTOID.MACHAME
Taita,tait1250,DAWIDA,NC.BANTOID.DAWIDA
Sagalla,saga1262,SAGHALA,NC.BANTOID.SAGHALA
Taita,tait1250,TAITA,NC.BANTOID.TAITA
Asu (Tanzania),asut1235,PARE,NC.BANTOID.PARE
Asu (Tanzania),asut1235,PARE_TANZANIA,NC.BANTOID.PARE_TANZANIA
Asu (Tanzania),asut1235,PARE_SUD,NC.BANTOID.PARE_SUD
Asu (Tanzania),asut1235,PARE_2,NC.BANTOID.PARE_2
Taveta,tave1240,TAVETA,NC.BANTOID.TAVETA
Kagulu,kagu1239,KAGULU,NC.BANTOID.KAGULU
Kagulu,kagu1239,KAGURU,NC.BANTOID.KAGURU
Gogo,gogo1263,GOGO,NC.BANTOID.GOGO
Bondei,bond1247,BONDEI,NC.BANTOID.BONDEI
Shambala,sham1280,SHAMBALA,NC.BANTOID.SHAMBALA
Ngulu,ngul1246,NGULU,NC.BANTOID.NGULU
Zigula-Mushungulu,zigu1244,ZIGULA,NC.BANTOID.ZIGULA
Luguru,lugu1238,LUGURU,NC.BANTOID.LUGURU
Doe,doee1238,DOE,NC.BANTOID.DOE
Doe,doee1238,DOE_2,NC.BANTOID.DOE_2
Kwere,kwer1261,NGHWELE,NC.BANTOID.NGHWELE
Kwere,kwer1261,NGHWELE_2,NC.BANTOID.NGHWELE_2
Kami (Tanzania),kami1256,KAMI,NC.BANTOID.KAMI
Kutu,kutu1263,KUTU,NC.BANTOID.KUTU
Zaramo,zara1247,ZALAMO,NC.BANTOID.ZALAMO
Ilwana,ilwa1237,ELWANA,NC.BANTOID.ELWANA
Ilwana,ilwa1237,ILWANA,NC.BANTOID.ILWANA
Mwani,mwan1247,SWAHILI_MWANI,NC.BANTOID.SWAHILI_MWANI
Mwani,mwan1247,MWANI_MOZAMBIQUE,NC.BANTOID.MWANI_MOZAMBIQUE
Mwani,mwan1247,MWANI,NC.BANTOID.MWANI
Swahili,swah1253,SWAHILI_PATE,NC.BANTOID.SWAHILI_PATE
Swahili,swah1253,SWAHILI_TIKUU,NC.BANTOID.SWAHILI_TIKUU
Swahili,swah1253,MWINI,NC.BANTOID.MWINI
Swahili,swah1253,MWINI_2,NC.BANTOID.MWINI_2
Swahili,swah1253,TIKUU_PATE,NC.BANTOID.TIKUU_PATE
Swahili,swah1253,TIKUU,NC.BANTOID.TIKUU
Swahili,swah1253,SWAHILI_MVITA,NC.BANTOID.SWAHILI_MVITA
Swahili,swah1253,SWAHILI_CHIRAZI,NC.BANTOID.SWAHILI_CHIRAZI
Swahili,swah1253,SWAHILI_VUMBA,NC.BANTOID.SWAHILI_VUMBA
Swahili,swah1253,SWAHILI_MAKUNDUCHI,NC.BANTOID.SWAHILI_MAKUNDUCHI
Swahili,swah1253,SWAHILI_PEMBA,NC.BANTOID.SWAHILI_PEMBA
Swahili,swah1253,SWAHILI,NC.BANTOID.SWAHILI
Swahili,swah1253,SWAHILI_2,NC.BANTOID.SWAHILI_2
Swahili,swah1253,SWAHILI_SUD,NC.BANTOID.SWAHILI_SUD
Swahili,swah1253,HADIMU,NC.BANTOID.HADIMU
Swahili,swah1253,PEMBA,NC.BANTOID.PEMBA
Swahili,swah1253,VUMBA,NC.BANTOID.VUMBA
Ngazidja Comorian,ngaz1238,G44a_NGAZIDJA,NC.BANTOID.G44a_NGAZIDJA
Maore Comorian,maor1244,MAORE,NC.BANTOID.MAORE
Ndzwani Comorian,ndzw1235,NZWANI,NC.BANTOID.NZWANI
Maore Comorian,maor1244,SHIMAORE,NC.BANTOID.SHIMAORE
Pokomo,poko1261,LOWER_POKOMO,NC.BANTOID.LOWER_POKOMO
Pokomo,poko1261,UPPER_POKOMO,NC.BANTOID.UPPER_POKOMO
Pokomo,poko1261,BUU,NC.BANTOID.BUU
Digo,digo1243,DIGO,NC.BANTOID.DIGO
Segeju,sege1246,CAGA_KILEMA,NC.BANTOID.CAGA_KILEMA
Segeju,sege1246,CAGA_KIWOSO,NC.BANTOID.CAGA_KIWOSO
Segeju,sege1246,SEGEJU,NC.BANTOID.SEGEJU
Digo,digo1243,DIGO_1,NC.BANTOID.DIGO_1
Digo,digo1243,DIGO_2,NC.BANTOID.DIGO_2
Giryama,giry1241,CHWAKA,NC.BANTOID.CHWAKA
Duruma,duru1249,DURUMA,NC.BANTOID.DURUMA
Giryama,giry1241,RABAI,NC.BANTOID.RABAI
Chonyi-Dzihana-Kauma,chon1287,CHONYI,NC.BANTOID.CHONYI
Giryama,giry1241,GIRYAMA,NC.BANTOID.GIRYAMA
Giryama,giry1241,GIRYAMA_3,NC.BANTOID.GIRYAMA_3
Giryama,giry1241,GIRYAMA_4,NC.BANTOID.GIRYAMA_4
Giryama,giry1241,GIRYAMA_2,NC.BANTOID.GIRYAMA_2
Giryama,giry1241,CONI,NC.BANTOID.CONI
Giryama,giry1241,RABAI_2,NC.BANTOID.RABAI_2
Kimbundu,kimb1241,MBUNDU,NC.BANTOID.MBUNDU
Holu,holu1245,HOLU,NC.BANTOID.HOLU
Holu,holu1245,KIHOLU,NC.BANTOID.KIHOLU
Kwese,kwes1244,KWESE,NC.BANTOID.KWESE
Kwese,kwes1244,KWEZO,NC.BANTOID.KWEZO
Phende,phen1239,PENDE,NC.BANTOID.PENDE
Mbala,mbal1257,H41_MBALA_1,NC.BANTOID.H41_MBALA_1
Mbala,mbal1257,MBALA_3,NC.BANTOID.MBALA_3
Mbala,mbal1257,MBALA_2,NC.BANTOID.MBALA_2
Mbala,mbal1257,MBALA,NC.BANTOID.MBALA
Mbala,mbal1257,MBALA_4,NC.BANTOID.MBALA_4
Mbala,mbal1257,MBALA_5,NC.BANTOID.MBALA_5
Sonde,sond1250,SONDE_FESHI,NC.BANTOID.SONDE_FESHI
Sonde,sond1250,SONDE_KYAANZA,NC.BANTOID.SONDE_KYAANZA
Sonde,sond1250,SONDE_GISOONDI,NC.BANTOID.SONDE_GISOONDI
Sonde,sond1250,SONDE_KILUWA,NC.BANTOID.SONDE_KILUWA
Chokwe,chok1245,K11_CIOKWE,NC.BANTOID.K11_CIOKWE
Chokwe,chok1245,CHOKWE,NC.BANTOID.CHOKWE
Luvale,luva1239,LUVALE,NC.BANTOID.LUVALE
Luvale,luva1239,K14_LWENA_1,NC.BANTOID.K14_LWENA_1
Luvale,luva1239,K14_LWENA_2,NC.BANTOID.K14_LWENA_2
Nyemba,nyem1238,NGANGELA,NC.BANTOID.NGANGELA
Mbunda,mbun1249,K15_MBUNDA_1,NC.BANTOID.K15_MBUNDA_1
Mbunda,mbun1249,K15_MBUNDA_GANGELA,NC.BANTOID.K15_MBUNDA_GANGELA
Mbunda,mbun1249,K15_MBUNDA_2,NC.BANTOID.K15_MBUNDA_2
Mbunda,mbun1249,MBUNDA,NC.BANTOID.MBUNDA
Salampasu,sala1268,L51_SALAMPASU,NC.BANTOID.L51_SALAMPASU
Lunda,lund1266,LUNDA,NC.BANTOID.LUNDA
Lunda,lund1266,LUNDA_1,NC.BANTOID.LUNDA_1
Lunda,lund1266,LUNDA_2,NC.BANTOID.LUNDA_2
Ruund,ruun1238,RUUND,NC.BANTOID.RUUND
Kete,kete1252,L21_KETE_KATAMB,NC.BANTOID.L21_KETE_KATAMB
Kete,kete1252,L21_KETE_IPILA,NC.BANTOID.L21_KETE_IPILA
Kete,kete1252,KETE,NC.BANTOID.KETE
Umbundu,umbu1257,UMBUNDU,NC.BANTOID.UMBUNDU
Umbundu,umbu1257,UMBUNDU_2,NC.BANTOID.UMBUNDU_2
Kwangali,kwan1273,KWANGALI,NC.BANTOID.KWANGALI
Kwangali,kwan1273,KWANGALI_2,NC.BANTOID.KWANGALI_2
Diriku-Shambyu,diri1252,DCIRIKU,NC.BANTOID.DCIRIKU
Diriku-Shambyu,diri1252,DIRIKU,NC.BANTOID.DIRIKU
Zemba,zemb1238,B312_HIMBA,NC.BANTOID.B312_HIMBA
Herero,here1253,HERERO,NC.BANTOID.HERERO
Herero,here1253,HERERO_2,NC.BANTOID.HERERO_2
Nkhumbi,nkhu1238,NKHUMBI,NC.BANTOID.NKHUMBI
Kuanyama,kuan1247,KWANYAMA_2,NC.BANTOID.KWANYAMA_2
Kuanyama,kuan1247,KWANYAMA,NC.BANTOID.KWANYAMA
Central Wambo,mbal1255,MBALANHU,NC.BANTOID.MBALANHU
Ndonga,ndon1254,NDONGA_2,NC.BANTOID.NDONGA_2
Ndonga,ndon1254,NDONGA,NC.BANTOID.NDONGA
Nkoya,nkoy1244,L62_NKOYA,NC.BANTOID.L62_NKOYA
Nkoya,nkoy1244,NKOYA,NC.BANTOID.NKOYA
Nkoya,nkoy1244,NKOYA_2,NC.BANTOID.NKOYA_2
Songe,song1303,KISONGE,NC.BANTOID.KISONGE
Songe,song1303,SONGYE,NC.BANTOID.SONGYE
Songe,song1303,L22_MBAGANI,NC.BANTOID.L22_MBAGANI
Lwalu,lwal1238,L221_LWALWA_1,NC.BANTOID.L221_LWALWA_1
Lwalu,lwal1238,L221_LWALWA_2,NC.BANTOID.L221_LWALWA_2
Luba-Katanga,luba1250,L33_LUBA_SHABA,NC.BANTOID.L33_LUBA_SHABA
Luba-Katanga,luba1250,KILUBA,NC.BANTOID.KILUBA
Sanga (Democratic Republic of Congo),sang1331,L35_SANGA,NC.BANTOID.L35_SANGA
Kaonde,kaon1241,KAONDE,NC.BANTOID.KAONDE
Kaonde,kaon1241,KAONDE_2,NC.BANTOID.KAONDE_2
Kanyok,kany1247,L32_KANYOK_2,NC.BANTOID.L32_KANYOK_2
Kanyok,kany1247,KANYOK,NC.BANTOID.KANYOK
Kanyok,kany1247,L32_KANYOK_1,NC.BANTOID.L32_KANYOK_1
Luba-Lulua,luba1249,LUBA,NC.BANTOID.LUBA
Luba-Lulua,luba1249,L31a_LUBA_KASAYI,NC.BANTOID.L31a_LUBA_KASAYI
Bangubangu,bang1350,KEBWE,NC.BANTOID.KEBWE
Hemba-Yazi,hemb1242,HEMBA_BWINYANYEMBA,NC.BANTOID.HEMBA_BWINYANYEMBA
Hemba-Yazi,hemb1242,HEMBA_MAMBWE,NC.BANTOID.HEMBA_MAMBWE
Bangubangu,bang1350,D27_BANGUBANGU_MUTINGWA,NC.BANTOID.D27_BANGUBANGU_MUTINGWA
Bangubangu,bang1350,BANGUBANGU_KABAMBARE,NC.BANTOID.BANGUBANGU_KABAMBARE
Bangubangu,bang1350,BANGUBANGU,NC.BANTOID.BANGUBANGU
Yeyi,yeyi1239,SHIYEYI,NC.BANTOID.SHIYEYI
Luyi,luya1241,MBUMI,NC.BANTOID.MBUMI
Luyi,luya1241,MBOWE,NC.BANTOID.MBOWE
Luyi,luya1241,KWANDI,NC.BANTOID.KWANDI
Luyi,luya1241,LUYANA_1,NC.BANTOID.LUYANA_1
Luyi,luya1241,LUYANA_2,NC.BANTOID.LUYANA_2
Luyi,luya1241,LUYI,NC.BANTOID.LUYI
Luyi,luya1241,KWANGA_1,NC.BANTOID.KWANGA_1
Luyi,luya1241,KWANGA_4,NC.BANTOID.KWANGA_4
Luyi,luya1241,KWANGA_2,NC.BANTOID.KWANGA_2
Luyi,luya1241,KWANGA_3,NC.BANTOID.KWANGA_3
Mashi (Zambia),mash1267,MASHI_ZAMBIA,NC.BANTOID.MASHI_ZAMBIA
Mbukushu,mbuk1240,MBUKUSHU,NC.BANTOID.MBUKUSHU
Simaa,sima1258,MULONGA_1,NC.BANTOID.MULONGA_1
Simaa,sima1258,MAKOMA,NC.BANTOID.MAKOMA
Simaa,sima1258,MULONGA_2,NC.BANTOID.MULONGA_2
Simaa,sima1258,MWENYI,NC.BANTOID.MWENYI
Simaa,sima1258,NYENGO,NC.BANTOID.NYENGO
Simaa,sima1258,LIUWA,NC.BANTOID.LIUWA
Simaa,sima1258,SIMAA_2,NC.BANTOID.SIMAA_2
Simaa,sima1258,SIMAA_3,NC.BANTOID.SIMAA_3
Simaa,sima1258,SIMAA_1,NC.BANTOID.SIMAA_1
Sangu (Gabon),sang1333,B42_SANGU_2,NC.BANTOID.B42_SANGU_2
Sangu (Gabon),sang1333,ISANGU,NC.BANTOID.ISANGU
Sangu (Gabon),sang1333,SANGU_1,NC.BANTOID.SANGU_1
Sira,sira1266,B41_SHIRA,NC.BANTOID.B41_SHIRA
Sira,sira1266,GISIRA,NC.BANTOID.GISIRA
Barama,bara1362,B414_VARAMA,NC.BANTOID.B414_VARAMA
Sira,sira1266,SHIRA_BWALI,NC.BANTOID.SHIRA_BWALI
Barama,bara1362,VARAMA,NC.BANTOID.VARAMA
Punu,punu1239,YIPUNU,NC.BANTOID.YIPUNU
Punu,punu1239,PUNU_2,NC.BANTOID.PUNU_2
Punu,punu1239,VUNGU,NC.BANTOID.VUNGU
Punu,punu1239,PUNU_1,NC.BANTOID.PUNU_1
Punu,punu1239,B431_VUNGU,NC.BANTOID.B431_VUNGU
Vili,vili1238,H12_VILI_MAYUMBA,NC.BANTOID.H12_VILI_MAYUMBA
Vili,vili1238,VILI,NC.BANTOID.VILI
Bwisi,bwis1242,IBONGO,NC.BANTOID.IBONGO
Bwisi,bwis1242,BWISI,NC.BANTOID.BWISI
Lumbu,lumb1249,LUMBU_1,NC.BANTOID.LUMBU_1
Lumbu,lumb1249,B44_LUMBU_YI_BANDA,NC.BANTOID.B44_LUMBU_YI_BANDA
Lumbu,lumb1249,LUMBU_2,NC.BANTOID.LUMBU_2
Lumbu,lumb1249,LUMBU_YI_TANDU,NC.BANTOID.LUMBU_YI_TANDU
Beembe,beem1239,BEEMBE,NC.BANTOID.BEEMBE
Beembe,beem1239,BEMBE,NC.BANTOID.BEMBE
Beembe,beem1239,BEMBE_2,NC.BANTOID.BEMBE_2
Beembe,beem1239,BEMBE_3,NC.BANTOID.BEMBE_3
Yaka-Pelende-Lonzo,yaka1269,YAKA,NC.BANTOID.YAKA
Suku,suku1259,SUKU,NC.BANTOID.SUKU
Yaka-Pelende-Lonzo,yaka1269,YAKA_SUD,NC.BANTOID.YAKA_SUD
Yaka-Pelende-Lonzo,yaka1269,YAKA_yaf,NC.BANTOID.YAKA_yaf
Yaka-Pelende-Lonzo,yaka1269,YAKA_2,NC.BANTOID.YAKA_2
Yaka-Pelende-Lonzo,yaka1269,YAKA_PELENDE,NC.BANTOID.YAKA_PELENDE
Hungan,hung1278,H42_HUNGANA_2,NC.BANTOID.H42_HUNGANA_2
Hungan,hung1278,H42_HUNGANA_3,NC.BANTOID.H42_HUNGANA_3
Hungan,hung1278,HUNGANA,NC.BANTOID.HUNGANA
Hungan,hung1278,H42_HUNGANA_1,NC.BANTOID.H42_HUNGANA_1
Hungan,hung1278,H42_HUNGANA_4,NC.BANTOID.H42_HUNGANA_4
Kunyi,kuny1238,KUNYI,NC.BANTOID.KUNYI
Laari,laar1238,LAADI,NC.BANTOID.LAADI
Laari,laar1238,HANGALA,NC.BANTOID.HANGALA
Laari,laar1238,LAADI_1,NC.BANTOID.LAADI_1
Laari,laar1238,LAADI_2,NC.BANTOID.LAADI_2
San Salvador Kongo,sans1272,KONGO_SAN_SALVADOR,NC.BANTOID.KONGO_SAN_SALVADOR
San Salvador Kongo,sans1272,KONGO_SAN_SALVADOR_2,NC.BANTOID.KONGO_SAN_SALVADOR_2
South-Central Koongo,koon1244,KONGO_MBOMA,NC.BANTOID.KONGO_MBOMA
South-Central Koongo,koon1244,KOONGO,NC.BANTOID.KOONGO
South-Central Koongo,koon1244,H166_KONGO_MANYANGA,NC.BANTOID.H166_KONGO_MANYANGA
South-Central Koongo,koon1244,ZOOMBO_2,NC.BANTOID.ZOOMBO_2
South-Central Koongo,koon1244,ZOOMBO_4,NC.BANTOID.ZOOMBO_4
South-Central Koongo,koon1244,ZOOMBO_1,NC.BANTOID.ZOOMBO_1
South-Central Koongo,koon1244,ZOOMBO_3,NC.BANTOID.ZOOMBO_3
Nzadi,nzad1234,NZADI_1,NC.BANTOID.NZADI_1
Nzadi,nzad1234,NZADI_2,NC.BANTOID.NZADI_2
Ding,ding1239,DZING_B,NC.BANTOID.DZING_B
Ding,ding1239,B86_DZING_BISEY,NC.BANTOID.B86_DZING_BISEY
Ding,ding1239,DZING_A,NC.BANTOID.DZING_A
Ding,ding1239,DZING_SEDZO,NC.BANTOID.DZING_SEDZO
Ding,ding1239,DING,NC.BANTOID.DING
Ding,ding1239,DZING_KAANTSA,NC.BANTOID.DZING_KAANTSA
Yansi,yans1239,TSAMBAAN_YANZ,NC.BANTOID.TSAMBAAN_YANZ
Yansi,yans1239,YANZ_KIBONGO,NC.BANTOID.YANZ_KIBONGO
Yansi,yans1239,MPUT_1,NC.BANTOID.MPUT_1
Yansi,yans1239,MPUT_2,NC.BANTOID.MPUT_2
Yansi,yans1239,MPUT_3,NC.BANTOID.MPUT_3
Yansi,yans1239,YANZ_2,NC.BANTOID.YANZ_2
Yansi,yans1239,YANZ_KUMAKUMA,NC.BANTOID.YANZ_KUMAKUMA
Yansi,yans1239,YANZ_1,NC.BANTOID.YANZ_1
Yansi,yans1239,YANZ_3,NC.BANTOID.YANZ_3
Yansi,yans1239,YANZ_KIYEY,NC.BANTOID.YANZ_KIYEY
Mfinu,mfin1238,MFINU_KIFULUNGA,NC.BANTOID.MFINU_KIFULUNGA
Mbuun,mpuo1241,MPUONO,NC.BANTOID.MPUONO
Mfinu,mfin1238,MFINU,NC.BANTOID.MFINU
Mbuun,mpuo1241,B87_MBUUN_LABAEMPI,NC.BANTOID.B87_MBUUN_LABAEMPI
Mbuun,mpuo1241,B87_MBUUN_MWILANBONG,NC.BANTOID.B87_MBUUN_MWILANBONG
Mbuun,mpuo1241,MBUUN,NC.BANTOID.MBUUN
Mbuun,mpuo1241,B871_MPIIN_2,NC.BANTOID.B871_MPIIN_2
Mbuun,mpuo1241,MPIIN_1,NC.BANTOID.MPIIN_1
Nsong-Mpiin,song1299,B85d_TSONG,NC.BANTOID.B85d_TSONG
Nsong-Mpiin,song1299,NSONGO,NC.BANTOID.NSONGO
Ngongo,ngon1267,NGONGO_1,NC.BANTOID.NGONGO_1
Ngongo,ngon1267,NGONGO_2,NC.BANTOID.NGONGO_2
Boma Yumu,boma1246,BOMA_NORD_PLATEAUX_CONGO,NC.BANTOID.BOMA_NORD_PLATEAUX_CONGO
Tiene,tien1242,TIENE_2,NC.BANTOID.TIENE_2
Boma Yumu,boma1246,BOMA_NORD_SAIO,NC.BANTOID.BOMA_NORD_SAIO
Tiene,tien1242,TIENE_3,NC.BANTOID.TIENE_3
Tiene,tien1242,TIENE,NC.BANTOID.TIENE
Tiene,tien1242,TIENE_1,NC.BANTOID.TIENE_1
Boma Yumu,boma1246,KEMPEE,NC.BANTOID.KEMPEE
Boma Yumu,boma1246,BOMA_NORD,NC.BANTOID.BOMA_NORD
Boma Yumu,boma1246,BOMA_NORD_EKEMWA,NC.BANTOID.BOMA_NORD_EKEMWA
Boma Yumu,boma1246,BOMA,NC.BANTOID.BOMA
Duma,duma1253,DUMA_2,NC.BANTOID.DUMA_2
Duma,duma1253,DUMA,NC.BANTOID.DUMA
Tsaangi,tsaa1242,TSAANGI,NC.BANTOID.TSAANGI
Njebi,njeb1242,NDJABI,NC.BANTOID.NDJABI
Njebi,njeb1242,NZEBI_1,NC.BANTOID.NZEBI_1
Njebi,njeb1242,NZEBI_2,NC.BANTOID.NZEBI_2
Teke-Laali,teke1277,LAALI_TEKE_1,NC.BANTOID.LAALI_TEKE_1
Yaka (Congo),yaka1274,IYAA,NC.BANTOID.IYAA
Teke-Laali,teke1277,LAALI_TEKE_2,NC.BANTOID.LAALI_TEKE_2
Kwa South,ibal1241,TEKE,NC.BANTOID.TEKE
Kwa South,ibal1241,TEKE_EST,NC.BANTOID.TEKE_EST
Kwa South,ibal1241,TEKE_NTYO_1,NC.BANTOID.TEKE_NTYO_1
Teke-Eboo-Nzikou,teke1278,TEGE_EWO,NC.BANTOID.TEGE_EWO
Kwa South,ibal1241,TEKE_NTYO_2,NC.BANTOID.TEKE_NTYO_2
Kwa South,ibal1241,SIENE,NC.BANTOID.SIENE
Ngungwel,ngun1272,NGUNGWEL,NC.BANTOID.NGUNGWEL
Kwa South,ibal1241,TEKE_NTYO_3,NC.BANTOID.TEKE_NTYO_3
Teke-Fuumu,teke1274,IWUM_WUUMBU_1,NC.BANTOID.IWUM_WUUMBU_1
Teke-Fuumu,teke1274,IWUM_WUUMBU_2,NC.BANTOID.IWUM_WUUMBU_2
Teke-Fuumu,teke1274,B78_IWUM_WUUMBU_SUD_TEKE,NC.BANTOID.B78_IWUM_WUUMBU_SUD_TEKE
Teke-Fuumu,teke1274,RUUMBU_KIMWAANSA,NC.BANTOID.RUUMBU_KIMWAANSA
Teke-Fuumu,teke1274,FUMU_1,NC.BANTOID.FUMU_1
Teke-Fuumu,teke1274,TEKE_KOMONO,NC.BANTOID.TEKE_KOMONO
Teke-Fuumu,teke1274,FUMU_2,NC.BANTOID.FUMU_2
Teke-Kukuya,teke1280,B77a_KUKUYA_1,NC.BANTOID.B77a_KUKUYA_1
Teke-Kukuya,teke1280,B77a_KUKUYA_2,NC.BANTOID.B77a_KUKUYA_2
Teke-Fuumu,teke1274,TEE_TEKE_KALE,NC.BANTOID.TEE_TEKE_KALE
Teke-Fuumu,teke1274,B70_TEKE_OMVULA,NC.BANTOID.B70_TEKE_OMVULA
Teke-Fuumu,teke1274,TEKE_BOUNDJI,NC.BANTOID.TEKE_BOUNDJI
Ndumu,ndum1239,NDUMU_2,NC.BANTOID.NDUMU_2
Ndumu,ndum1239,B63_NDUUMO_KUYA,NC.BANTOID.B63_NDUUMO_KUYA
Ndumu,ndum1239,NDUMU,NC.BANTOID.NDUMU
Kaningi,kani1279,KANINGI,NC.BANTOID.KANINGI
Ndumu,ndum1239,NDUUMO,NC.BANTOID.NDUUMO
Ngwii,ngul1247,NGWI_MATEKO_KINGOLI,NC.BANTOID.NGWI_MATEKO_KINGOLI
Mbere-Mbamba,mber1257,MBEDE,NC.BANTOID.MBEDE
Mbere-Mbamba,mber1257,MBEDE_2,NC.BANTOID.MBEDE_2
Ombamba-Congo,omba1241,MBAMBA_2,NC.BANTOID.MBAMBA_2
Ombamba-Congo,omba1241,OMBAMBA,NC.BANTOID.OMBAMBA
Ombamba-Congo,omba1241,MBAMBA_LIWEME,NC.BANTOID.MBAMBA_LIWEME
Ombamba-Congo,omba1241,MBAMBA_1,NC.BANTOID.MBAMBA_1
Ombamba-Congo,omba1241,MBAMBA_SIBITI,NC.BANTOID.MBAMBA_SIBITI
Mbere-Mbamba,mber1257,NKOMO_OLOLI,NC.BANTOID.NKOMO_OLOLI
Mbere-Mbamba,mber1257,OBAA,NC.BANTOID.OBAA
Mbere-Mbamba,mber1257,OYUOMI_TCHERRE,NC.BANTOID.OYUOMI_TCHERRE
Mbere-Mbamba,mber1257,OYUOMI_MBAMA,NC.BANTOID.OYUOMI_MBAMA
Mbere-Mbamba,mber1257,YABA_MBETI,NC.BANTOID.YABA_MBETI
Mbere-Mbamba,mber1257,OBELI,NC.BANTOID.OBELI
Mbere-Mbamba,mber1257,OYABI,NC.BANTOID.OYABI
Mbere-Mbamba,mber1257,NTSIAMI,NC.BANTOID.NTSIAMI
Mbere-Mbamba,mber1257,NDOUBA,NC.BANTOID.NDOUBA
Mbere-Mbamba,mber1257,NKOMO_KELLE,NC.BANTOID.NKOMO_KELLE
Akwa,akwa1248,AKWA,NC.BANTOID.AKWA
Koyo,koyo1242,C24_KOYO_ZWE,NC.BANTOID.C24_KOYO_ZWE
Koyo,koyo1242,KOYO_EHAMBE_MAKUA,NC.BANTOID.KOYO_EHAMBE_MAKUA
Mbosi,mbos1242,MBOSHI,NC.BANTOID.MBOSHI
Mbosi,mbos1242,MBOSHI_OLEE,NC.BANTOID.MBOSHI_OLEE
Mbosi,mbos1242,MBOSHI_BUNJI,NC.BANTOID.MBOSHI_BUNJI
Mbosi,mbos1242,MBOSHI_NGOLO,NC.BANTOID.MBOSHI_NGOLO
Bomitaba,bomi1238,ITANGA_BOMITABA,NC.BANTOID.ITANGA_BOMITABA
Dibole,dibo1245,BABOLE_DZEKE,NC.BANTOID.BABOLE_DZEKE
Dibole,dibo1245,BABOLE_IMPFONDO,NC.BANTOID.BABOLE_IMPFONDO
Dibole,dibo1245,MOUNDA_DIBOLE,NC.BANTOID.MOUNDA_DIBOLE
Dibole,dibo1245,DZEKE_DIBOLE,NC.BANTOID.DZEKE_DIBOLE
Dibole,dibo1245,KINAMI_DIBOLE,NC.BANTOID.KINAMI_DIBOLE
Dibole,dibo1245,BOTONGO_DIBOLE,NC.BANTOID.BOTONGO_DIBOLE
Dibole,dibo1245,EDZAMA_DIBOLE,NC.BANTOID.EDZAMA_DIBOLE
Ngundi,ngun1270,NGONDI,NC.BANTOID.NGONDI
Yaka (Central African Republic),yaka1272,YAKA_axk,NC.BANTOID.YAKA_axk
Mbati,mbat1248,ISONGO,NC.BANTOID.ISONGO
Pande,pand1264,BOGONGO,NC.BANTOID.BOGONGO
Pande,pand1264,PANDE,NC.BANTOID.PANDE
Ngando (Central African Republic),ngan1304,C10_GANDO,NC.BANTOID.C10_GANDO
Bongili,bong1284,BONGILI_2,NC.BANTOID.BONGILI_2
Bongili,bong1284,BONGILI_1,NC.BANTOID.BONGILI_1
Bomitaba,bomi1238,BAMBOMBA_EPENA,NC.BANTOID.BAMBOMBA_EPENA
Bomitaba,bomi1238,LEKE,NC.BANTOID.LEKE
Bomitaba,bomi1238,BOLEKE_BOMITABA,NC.BANTOID.BOLEKE_BOMITABA
Bomitaba,bomi1238,EPENA_BOMITABA,NC.BANTOID.EPENA_BOMITABA
Bomitaba,bomi1238,BOSSELA_BOMITABA,NC.BANTOID.BOSSELA_BOMITABA
Bomitaba,bomi1238,IBOLO_BAMBOMBA_BOMITABA,NC.BANTOID.IBOLO_BAMBOMBA_BOMITABA
Bomitaba,bomi1238,KOUNDOUMOU_BAMBOMBA_BOMITABA,NC.BANTOID.KOUNDOUMOU_BAMBOMBA_BOMITABA
Bomitaba,bomi1238,MOKENGUI_BOMITABA,NC.BANTOID.MOKENGUI_BOMITABA
Bomitaba,bomi1238,LIOUESSO_BOMITABA,NC.BANTOID.LIOUESSO_BOMITABA
Bomitaba,bomi1238,BOTALA_BOMITABA,NC.BANTOID.BOTALA_BOMITABA
Bomitaba,bomi1238,KANIO_BOMITABA,NC.BANTOID.KANIO_BOMITABA
Bomitaba,bomi1238,BONDEKO_BOMITABA,NC.BANTOID.BONDEKO_BOMITABA
Bomitaba,bomi1238,BENE_BOMITABA,NC.BANTOID.BENE_BOMITABA
Bomitaba,bomi1238,MATOKO_BOMITABA,NC.BANTOID.MATOKO_BOMITABA
Bomitaba,bomi1238,MBANZA_BOMITABA,NC.BANTOID.MBANZA_BOMITABA
Bomitaba,bomi1238,MBOUA_BOMITABA,NC.BANTOID.MBOUA_BOMITABA
Bomitaba,bomi1238,TOUKOULAKA_BOMITABA,NC.BANTOID.TOUKOULAKA_BOMITABA
Mbesa,mbes1238,MBESA,NC.BANTOID.MBESA
So (Democratic Republic of Congo),sode1235,ESO_YALEMBA,NC.BANTOID.ESO_YALEMBA
Kele-Foma,kele1255,LOKELE_ISANGI,NC.BANTOID.LOKELE_ISANGI
Kele-Foma,kele1255,LOKELE_YAWEMBE,NC.BANTOID.LOKELE_YAWEMBE
Kele-Foma,kele1255,LOKELE_YEPOLOMA,NC.BANTOID.LOKELE_YEPOLOMA
Kele-Foma,kele1255,LOKELE_YALEMBA,NC.BANTOID.LOKELE_YALEMBA
Lusengo,luse1252,ELEKU_BONGINDA,NC.BANTOID.ELEKU_BONGINDA
Lusengo,luse1252,ELEKU_IBENGE,NC.BANTOID.ELEKU_IBENGE
Budza,budz1238,BUJA,NC.BANTOID.BUJA
Budza,budz1238,BUJA_BUMBA_YAMOLOTO,NC.BANTOID.BUJA_BUMBA_YAMOLOTO
Budza,budz1238,BUJA_MONOGO_BUMBA,NC.BANTOID.BUJA_MONOGO_BUMBA
Budza,budz1238,EGBUTA,NC.BANTOID.EGBUTA
Bomboma,bomb1262,BOMBOMA,NC.BANTOID.BOMBOMA
Bamwe,bamw1238,LIBOBI,NC.BANTOID.LIBOBI
Bamwe,bamw1238,LIFONGA,NC.BANTOID.LIFONGA
Ngombe (Democratic Republic of Congo),ngom1268,NGOMBE_LIKULA,NC.BANTOID.NGOMBE_LIKULA
Ngombe (Democratic Republic of Congo),ngom1268,NGOMBE,NC.BANTOID.NGOMBE
Ngombe (Democratic Republic of Congo),ngom1268,DOKO,NC.BANTOID.DOKO
Ngombe (Democratic Republic of Congo),ngom1268,LINGOMBE,NC.BANTOID.LINGOMBE
Lobala,loba1239,LOBALA_LILOKA,NC.BANTOID.LOBALA_LILOKA
Lobala,loba1239,LIKOKA,NC.BANTOID.LIKOKA
Lobala,loba1239,LOBALA,NC.BANTOID.LOBALA
Mabaale,maba1270,MABALE,NC.BANTOID.MABALE
Boloki,bolo1262,C36e_BOLOKI_NGIRI,NC.BANTOID.C36e_BOLOKI_NGIRI
Libinza,libi1244,LIBINZA,NC.BANTOID.LIBINZA
Nkutu,nkut1238,KUCU_WELA_ANKUTCU,NC.BANTOID.KUCU_WELA_ANKUTCU
Loi-Likila,balo1261,ZAMBA_2,NC.BANTOID.ZAMBA_2
Loi-Likila,balo1261,ZAMBA,NC.BANTOID.ZAMBA
Bobangi,bang1354,BOBANGI,NC.BANTOID.BOBANGI
Bobangi,bang1354,ZAMBA_BAMONGO,NC.BANTOID.ZAMBA_BAMONGO
Bobangi,bang1354,ZAMBA_3,NC.BANTOID.ZAMBA_3
Kinshasa Lingala,ling1263,C36d_LINGALA_2,NC.BANTOID.C36d_LINGALA_2
Bangala,bang1353,BANGALA,NC.BANTOID.BANGALA
Kinshasa Lingala,ling1263,LINGALA_2,NC.BANTOID.LINGALA_2
Kinshasa Lingala,ling1263,LINGALA,NC.BANTOID.LINGALA
Sengele,seng1278,SENGELE_MBELO,NC.BANTOID.SENGELE_MBELO
Ntomba,ntom1248,NTOMBA_INONGO,NC.BANTOID.NTOMBA_INONGO
Ntomba,ntom1248,LONTOMBA,NC.BANTOID.LONTOMBA
Ntomba,ntom1248,NTOMBA_NJALE,NC.BANTOID.NTOMBA_NJALE
Ntomba,ntom1248,NTOMBA,NC.BANTOID.NTOMBA
Ntomba,ntom1248,NTOMBA_DE_BIKORO,NC.BANTOID.NTOMBA_DE_BIKORO
Ntomba,ntom1248,NTOMBA_2,NC.BANTOID.NTOMBA_2
Bolia,boli1255,BOLIA_NSAO,NC.BANTOID.BOLIA_NSAO
Bolia,boli1255,BOLIA,NC.BANTOID.BOLIA
Bolia,boli1255,BOLIA_BANDUNDU,NC.BANTOID.BOLIA_BANDUNDU
Mbole,mbol1247,LAMBA_MBOLE_BALANGA,NC.BANTOID.LAMBA_MBOLE_BALANGA
Mbole,mbol1247,LANGA_MBOLE_BAMBULI,NC.BANTOID.LANGA_MBOLE_BAMBULI
Mongo,mong1338,MONGO_LOSAKANI_NTOMBA,NC.BANTOID.MONGO_LOSAKANI_NTOMBA
Mongo,mong1338,KONDA_TWELIA,NC.BANTOID.KONDA_TWELIA
Mongo,mong1338,MONGO_OPALA,NC.BANTOID.MONGO_OPALA
Mongo,mong1338,LOMONGO,NC.BANTOID.LOMONGO
Mongo,mong1338,MONGO,NC.BANTOID.MONGO
Dengese,deng1250,C81_DENGESE,NC.BANTOID.C81_DENGESE
Ombo,ombo1238,OMBO,NC.BANTOID.OMBO
Kusu,kusu1252,KUSU_MATAPA,NC.BANTOID.KUSU_MATAPA
Kusu,kusu1252,KUSU,NC.BANTOID.KUSU
Tetela,tete1250,TETELA_YYONDO,NC.BANTOID.TETELA_YYONDO
Tetela,tete1250,TETELA,NC.BANTOID.TETELA
Bushoong,bush1247,C80_MBINGI,NC.BANTOID.C80_MBINGI
Bushoong,bush1247,C80_SHUWA,NC.BANTOID.C80_SHUWA
Lele (Democratic Republic of Congo),lele1265,LWEL_KILORI_3,NC.BANTOID.LWEL_KILORI_3
Lele (Democratic Republic of Congo),lele1265,LWEL_KILORI,NC.BANTOID.LWEL_KILORI
Lele (Democratic Republic of Congo),lele1265,LWEL_KILORI_2,NC.BANTOID.LWEL_KILORI_2
Bushoong,bush1247,C831_ILEBO,NC.BANTOID.C831_ILEBO
Bushoong,bush1247,BUSHONG_1,NC.BANTOID.BUSHONG_1
Bushoong,bush1247,BUSHONG_2,NC.BANTOID.BUSHONG_2
Bushoong,bush1247,BUSHOONG,NC.BANTOID.BUSHOONG
Wongo,wong1247,WONGO_2,NC.BANTOID.WONGO_2
Wongo,wong1247,WONGO_1,NC.BANTOID.WONGO_1
Lele (Democratic Republic of Congo),lele1265,C84_LELE_LUHILEEL_3,NC.BANTOID.C84_LELE_LUHILEEL_3
Lele (Democratic Republic of Congo),lele1265,C84_LELE_LUHILEEL_2,NC.BANTOID.C84_LELE_LUHILEEL_2
Lele (Democratic Republic of Congo),lele1265,C84_LELE_LUHILEEL_4,NC.BANTOID.C84_LELE_LUHILEEL_4
Sakata,saka1287,SAKATA_KIBAI,NC.BANTOID.SAKATA_KIBAI
Sakata,saka1287,SAKATA_KUTU,NC.BANTOID.SAKATA_KUTU
Sakata,saka1287,SAKATA,NC.BANTOID.SAKATA
Sakata,saka1287,KESAA_SAKATA,NC.BANTOID.KESAA_SAKATA
Sakata,saka1287,SAKATA_KESHA,NC.BANTOID.SAKATA_KESHA
Sakata,saka1287,NDUMA,NC.BANTOID.NDUMA
Sakata,saka1287,SANY,NC.BANTOID.SANY
Sakata,saka1287,NDWAMA,NC.BANTOID.NDWAMA
Sakata,saka1287,MBOMFOLI,NC.BANTOID.MBOMFOLI
Sakata,saka1287,MAZOO,NC.BANTOID.MAZOO
Sakata,saka1287,NSEKSHAA,NC.BANTOID.NSEKSHAA
Sakata,saka1287,NTELERE,NC.BANTOID.NTELERE
Sakata,saka1287,NSEJIME,NC.BANTOID.NSEJIME
Sakata,saka1287,NSEJAU,NC.BANTOID.NSEJAU
Sakata,saka1287,NSEMOHBI,NC.BANTOID.NSEMOHBI
Sakata,saka1287,MBUMBUU,NC.BANTOID.MBUMBUU
Sakata,saka1287,MASHYOO,NC.BANTOID.MASHYOO
Sakata,saka1287,MBOMPIYA,NC.BANTOID.MBOMPIYA
Sakata,saka1287,NSONTENY,NC.BANTOID.NSONTENY
Sakata,saka1287,LEBAA,NC.BANTOID.LEBAA
Sakata,saka1287,MPE,NC.BANTOID.MPE
Sakata,saka1287,NSELEMBILI,NC.BANTOID.NSELEMBILI
Sakata,saka1287,KELAU,NC.BANTOID.KELAU
Sakata,saka1287,IBEE,NC.BANTOID.IBEE
